id,asset_id,document_type,supplier_name,purchase_order_number,invoice_number,invoice_amount,warranty_provider,warranty_expires_at,storage_bucket,storage_key,mime_type,byte_size,sha256_hex,malware_scan_status,uploaded_by,created_at,updated_at
35f9a750-3c27-45f1-aca7-ea5beaa49056,31cb68c4-04b9-459f-a319-f54f64093777,invoice,LabLine Scientific,PO-2023-0042,INV-2023-0553,26676.00,,,ast-private-docs,invoices/2023/AST-IT-PC-00408.pdf,application/pdf,252351,6305ddb7577d9af694014b27f95f64259d789bc12ce9b1ecd1297f614d76b933,clean,a88277d6-7193-4856-b318-4d7fb0af2f58,2023-12-18 00:00:00+00,2026-09-21 12:36:10.142818+00
20d6b5ea-c525-407c-ac1e-3936dfb003a1,7db9993a-c311-4055-9ee8-5ed5c9175837,invoice,Upper Egypt Office Works,PO-2024-0010,INV-2024-0499,23940.00,,,ast-private-docs,invoices/2024/AST-IT-PC-00384.pdf,application/pdf,311599,b4b9c40233c24f762dfa8e816026836a370f37577916a617e9ea9e728d2f712e,clean,a88277d6-7193-4856-b318-4d7fb0af2f58,2024-12-08 00:00:00+00,2026-09-21 12:36:10.142818+00
0e754377-5153-4059-82b0-89ba37d717ab,767d8649-57ab-4a11-82c7-39d328b1e970,invoice,PowerGuard Energy,PO-2025-0033,INV-2025-0553,21204.00,,,ast-private-docs,invoices/2025/AST-IT-PC-00264.pdf,application/pdf,136331,60daf1f4419bb524f0da4263defc892b9dc9170104bd938859b8a3a8b0e88ed3,clean,a88277d6-7193-4856-b318-4d7fb0af2f58,2025-08-29 00:00:00+00,2026-09-21 12:36:10.142818+00
aaf4726d-bfc2-4996-ac0b-f8041d99f301,0f96dd5e-bc40-479b-a4a8-935f141761fe,invoice,Upper Egypt Office Works,PO-2020-0023,INV-2020-0318,19380.00,,,ast-private-docs,invoices/2020/AST-IT-PC-00240.pdf,application/pdf,158134,56c6e5073b1a784be045ca6ebc99a9ed253a56a9cc2d4f231793f999e7d93cb7,clean,a88277d6-7193-4856-b318-4d7fb0af2f58,2020-12-28 00:00:00+00,2026-09-21 12:36:10.142818+00
ca5717bb-23da-4a42-ab76-ed911c3665de,902ff40c-5768-4b41-9986-00b4bd120b9e,invoice,LabLine Scientific,PO-2019-0014,INV-2019-0683,21204.00,,,ast-private-docs,invoices/2019/AST-IT-PC-00216.pdf,application/pdf,256073,41dd844372621739d13ddcf576d531bbf959f96ee86ee46336aab9a2407593dd,clean,a88277d6-7193-4856-b318-4d7fb0af2f58,2019-10-26 00:00:00+00,2026-09-21 12:36:10.142818+00
75061bec-f486-4780-bab6-fcfe58de5c17,be876a33-d7c0-4e02-8380-c51b35ca0220,invoice,Delta Computer Supplies,PO-2022-0002,INV-2022-0694,19380.00,,,ast-private-docs,invoices/2022/AST-IT-PC-00192.pdf,application/pdf,157490,ad5ffa0426064bfc75650c59f66339d5c564dd071528416e8d9e0baafe4d0c6b,clean,a88277d6-7193-4856-b318-4d7fb0af2f58,2022-03-05 00:00:00+00,2026-09-21 12:36:10.142818+00
b147d8af-0a5c-407f-831f-a9f85c633651,664b8874-680a-4a42-bcca-60369d3b4d1d,invoice,Nile Tech Systems,PO-2026-0035,INV-2026-0763,23940.00,,,ast-private-docs,invoices/2026/AST-IT-PC-00168.pdf,application/pdf,283864,9104f9c12641934fb618f23f2f857efc28c6634e6aac5c8fb16b6e0d137abf1d,clean,a88277d6-7193-4856-b318-4d7fb0af2f58,2026-02-28 00:00:00+00,2026-09-21 12:36:10.142818+00
66c4afb0-c2cc-47f5-9155-08fd2df5d361,e831ff11-fd59-4d48-b375-c4e0f4c5617a,invoice,Delta Computer Supplies,PO-2025-0014,INV-2025-0080,21204.00,,,ast-private-docs,invoices/2025/AST-IT-PC-00144.pdf,application/pdf,514774,fb2dfcddb3d635b765057358a625b40cd209ad1a9ef77970d3287cb04ac80956,clean,a88277d6-7193-4856-b318-4d7fb0af2f58,2025-10-16 00:00:00+00,2026-09-21 12:36:10.142818+00
b89cc58d-3816-4d1b-9f60-5f9fa74e4470,e202e999-36c0-49e9-b8c4-b6bc1f7e4ec0,invoice,PowerGuard Energy,PO-2020-0002,INV-2020-0472,24852.00,,,ast-private-docs,invoices/2020/AST-IT-PC-00096.pdf,application/pdf,368156,383508a5dac6286fa756495563e2ddf0486a48d00a9cb974223bc4ea58010361,clean,a88277d6-7193-4856-b318-4d7fb0af2f58,2020-09-06 00:00:00+00,2026-09-21 12:36:10.142818+00
af537d2d-e01c-4656-bcf1-16f4c6e3ae34,561b6196-43a5-4372-8f1d-d4a03781a5a2,invoice,LabLine Scientific,PO-2020-0001,INV-2020-0628,22116.00,,,ast-private-docs,invoices/2020/AST-IT-PC-00048.pdf,application/pdf,241228,61987161070b74445649f160a5e685d4378b3ef27957e79fe4a423ce4cce272d,clean,a88277d6-7193-4856-b318-4d7fb0af2f58,2020-07-06 00:00:00+00,2026-09-21 12:36:10.142818+00
62c9ba4f-77fd-4c5a-a622-c0448eb0b9b4,8d80a20f-fff3-4b6e-b62c-e0e4380099f0,invoice,LabLine Scientific,PO-2023-0026,INV-2023-0749,20292.00,,,ast-private-docs,invoices/2023/AST-IT-PC-00409.pdf,application/pdf,165981,e90f7c1c1ede6baf0488aa5dd82e998f2274501a3e579baac1b6d91196166452,clean,a88277d6-7193-4856-b318-4d7fb0af2f58,2023-11-25 00:00:00+00,2026-09-21 12:36:10.142818+00
573a8165-bb19-4620-9ead-69cc1d98a741,eb7f1eea-5650-44c2-8ffa-c20c9becfef2,invoice,Delta Computer Supplies,PO-2025-0010,INV-2025-0389,21204.00,,,ast-private-docs,invoices/2025/AST-IT-PC-00385.pdf,application/pdf,388166,7fa9c3514cc327c5af6100cf78b9d3483ed4f5e26fc8621bd475a89a41c055b4,clean,a88277d6-7193-4856-b318-4d7fb0af2f58,2025-05-01 00:00:00+00,2026-09-21 12:36:10.142818+00
9541cd63-e87d-4036-867e-e26442b63fa6,c65f7887-6a1a-4831-9988-958b9904ccb5,invoice,PowerGuard Energy,PO-2021-0049,INV-2021-0190,23940.00,,,ast-private-docs,invoices/2021/AST-IT-PC-00313.pdf,application/pdf,283723,df970357a02c8384a2c9d0f34eaedf8c9b7efabb663c3a316ddf9ca872a8c1f3,clean,a88277d6-7193-4856-b318-4d7fb0af2f58,2021-06-21 00:00:00+00,2026-09-21 12:36:10.142818+00
8ab4ac61-1fc7-4407-9d04-63e8e5b1e24a,6abcea14-9916-49c8-8c5f-9d530057e78e,invoice,Upper Egypt Office Works,PO-2023-0058,INV-2023-0161,20292.00,,,ast-private-docs,invoices/2023/AST-IT-PC-00289.pdf,application/pdf,427787,479c1fef3e174077fa7822a2a40f0f2187f05e9c2c979452c5711bd603ecfb8d,clean,a88277d6-7193-4856-b318-4d7fb0af2f58,2023-11-16 00:00:00+00,2026-09-21 12:36:10.142818+00
28acef5d-789c-4939-b721-5007c33a96bc,8f165b3a-d1cc-4a8e-817d-8e846fdaad52,invoice,Upper Egypt Office Works,PO-2025-0004,INV-2025-0473,24852.00,,,ast-private-docs,invoices/2025/AST-IT-PC-00265.pdf,application/pdf,288334,8faf508cd11817fc5105cc239b7157d4ef4a71b6fd20348775fe7eddfe67fe2e,clean,a88277d6-7193-4856-b318-4d7fb0af2f58,2025-02-07 00:00:00+00,2026-09-21 12:36:10.142818+00
f7b707c9-d977-42de-afd7-42e0d84cba88,2d1c76b0-0687-4ae5-89f0-c1602947204e,invoice,CoolAir Engineering,PO-2021-0013,INV-2021-0816,22116.00,,,ast-private-docs,invoices/2021/AST-IT-PC-00241.pdf,application/pdf,314108,a7941a175b30f51764a8b06359b4689ecf08a875311ef149e0d156a88a131177,clean,a88277d6-7193-4856-b318-4d7fb0af2f58,2021-05-10 00:00:00+00,2026-09-21 12:36:10.142818+00
520fd527-491d-43b5-aad0-40337cff268c,3bccdcad-d3c7-4a4e-bf83-b90afbc63449,invoice,Nile Tech Systems,PO-2020-0012,INV-2020-0393,20292.00,,,ast-private-docs,invoices/2020/AST-IT-PC-00217.pdf,application/pdf,173844,51b6b4853fec5472edca24c440996cc4283de42ff4789ada3dcd555761ebd5bf,clean,a88277d6-7193-4856-b318-4d7fb0af2f58,2020-12-23 00:00:00+00,2026-09-21 12:36:10.142818+00
4845e586-36c3-493d-a3bd-5fdb5b2791f9,71f54917-6557-42c9-9b86-23fbed57dd77,invoice,Nile Tech Systems,PO-2023-0012,INV-2023-0274,21204.00,,,ast-private-docs,invoices/2023/AST-IT-PC-00193.pdf,application/pdf,287327,da49e27cd02d2ace0b35ba44654c148bb6b4f134ea4ce1da2f8e2413f3b35dff,clean,a88277d6-7193-4856-b318-4d7fb0af2f58,2023-09-16 00:00:00+00,2026-09-21 12:36:10.142818+00
e6eebdcd-e862-4b92-bda4-582492e516b1,7e1a72c9-0412-4452-8066-422c8804ca1e,invoice,CoolAir Engineering,PO-2022-0046,INV-2022-0615,22116.00,,,ast-private-docs,invoices/2022/AST-IT-PC-00169.pdf,application/pdf,458107,54ded56aa2fcb6a68c294080c10dc386c59de066445b35bacb315c9cb59cf19d,clean,a88277d6-7193-4856-b318-4d7fb0af2f58,2022-07-20 00:00:00+00,2026-09-21 12:36:10.142818+00
d346b9f0-82d3-4c24-a6de-64713b7e5e63,0f4c7a75-2d96-4616-b8bc-9f44e09bbaed,invoice,Nile Tech Systems,PO-2019-0024,INV-2019-0825,23940.00,,,ast-private-docs,invoices/2019/AST-IT-PC-00145.pdf,application/pdf,126878,7354be48823c196abc1df5bfa571e16e5857bb82e0c92ae24810679cdb89a654,clean,a88277d6-7193-4856-b318-4d7fb0af2f58,2019-11-09 00:00:00+00,2026-09-21 12:36:10.142818+00
298cbeca-3610-41f8-b4ca-a9f6e0978211,4320081c-3fba-4448-ba6f-8203202b5727,invoice,LabLine Scientific,PO-2024-0023,INV-2024-0879,25764.00,,,ast-private-docs,invoices/2024/AST-IT-PC-00121.pdf,application/pdf,406587,e2353f97029f2a84dc7254ca8cf9effac1ef3bf923a19f849d7367edf1157ba0,clean,a88277d6-7193-4856-b318-4d7fb0af2f58,2024-05-01 00:00:00+00,2026-09-21 12:36:10.142818+00
f0712790-d020-4825-a6b3-80c75775f356,b101094c-418f-4377-a230-d1b6020a074b,invoice,Upper Egypt Office Works,PO-2022-0031,INV-2022-0229,23940.00,,,ast-private-docs,invoices/2022/AST-IT-PC-00097.pdf,application/pdf,414353,6688bdd40dcfacd0bad50143ff981fad9666c79e4217a7a6f13ff8d283efcdeb,clean,a88277d6-7193-4856-b318-4d7fb0af2f58,2022-10-25 00:00:00+00,2026-09-21 12:36:10.142818+00
7fc634fd-64fe-40ad-acc2-82a6f8f3f841,a1a32904-9882-4681-98af-9806952232f2,invoice,Upper Egypt Office Works,PO-2021-0033,INV-2021-0235,23940.00,,,ast-private-docs,invoices/2021/AST-IT-PC-00073.pdf,application/pdf,458404,5eeeb155c9baffc7b63f0d591a37c03a0b72832c67a5866071e6d985edb88855,clean,a88277d6-7193-4856-b318-4d7fb0af2f58,2021-04-13 00:00:00+00,2026-09-21 12:36:10.142818+00
d8a5fab3-b22e-4c36-9e47-5af5fcfd17ad,eeb669d0-65f9-44b2-adbb-070e72c28d31,invoice,CoolAir Engineering,PO-2021-0016,INV-2021-0778,23940.00,,,ast-private-docs,invoices/2021/AST-IT-PC-00049.pdf,application/pdf,134230,1741097e37c3952b6c24ceb21a1ed5598b18c8dbac072fce9abfe757f698113e,clean,a88277d6-7193-4856-b318-4d7fb0af2f58,2021-03-28 00:00:00+00,2026-09-21 12:36:10.142818+00
8f949437-9902-4a79-9384-2d68d4ffc126,a084f3fb-5e03-4411-8766-3b435a234963,invoice,Upper Egypt Office Works,PO-2024-0037,INV-2024-0523,24852.00,,,ast-private-docs,invoices/2024/AST-IT-PC-00025.pdf,application/pdf,515305,0d5920f49afc0175199f4a080d8d112801fcd3f5547bb9b6ca1d4f1fa369316a,clean,a88277d6-7193-4856-b318-4d7fb0af2f58,2024-09-02 00:00:00+00,2026-09-21 12:36:10.142818+00
d3215598-31bf-44d6-a1e8-3ccdea9aff7a,f119e457-5bd6-454a-8571-954ae1dabebe,invoice,PowerGuard Energy,PO-2023-0045,INV-2023-0236,19380.00,,,ast-private-docs,invoices/2023/AST-IT-PC-00410.pdf,application/pdf,446768,376983ce0f80d8db4ad89dfc3b5bb78a063298c1d3cadebbc78a962d67bac6ad,clean,a88277d6-7193-4856-b318-4d7fb0af2f58,2023-03-11 00:00:00+00,2026-09-21 12:36:10.142818+00
aed83861-0ac2-420b-b211-f3c40ae04c6e,662ca9de-7142-4aa3-a70f-9dd08da5988e,invoice,Delta Computer Supplies,PO-2025-0042,INV-2025-0541,21204.00,,,ast-private-docs,invoices/2025/AST-IT-PC-00386.pdf,application/pdf,482441,827717cfa2fa92783506f185f90ee191d09fc5b150109b8f03963dc4ddb8981e,clean,a88277d6-7193-4856-b318-4d7fb0af2f58,2025-12-07 00:00:00+00,2026-09-21 12:36:10.142818+00
6619f6e3-8110-4671-8f86-ee0e36812ee8,20efad78-2835-4974-9408-2a257bb2d775,invoice,Delta Computer Supplies,PO-2022-0048,INV-2022-0756,20292.00,,,ast-private-docs,invoices/2022/AST-IT-PC-00362.pdf,application/pdf,178131,e69a0eed285e01e21555da994787e4cb022e1dc8094512a47286b79071cb8c7b,clean,a88277d6-7193-4856-b318-4d7fb0af2f58,2022-09-29 00:00:00+00,2026-09-21 12:36:10.142818+00
c44df62d-3772-44ad-b758-6851cae3cc96,9bacb1c9-e19c-438c-8fd6-ee6cbc6ff974,invoice,Delta Computer Supplies,PO-2023-0016,INV-2023-0541,19380.00,,,ast-private-docs,invoices/2023/AST-IT-PC-00338.pdf,application/pdf,199776,423abf9b6ad9b6f464c18892a6880150b77ba046967b94a1fd73d0f156b11838,clean,a88277d6-7193-4856-b318-4d7fb0af2f58,2023-02-14 00:00:00+00,2026-09-21 12:36:10.142818+00
90c54d25-9b2b-42e3-ac67-04f1d744bac6,8218ff11-2182-44fe-97fb-972bf96abc6a,invoice,Delta Computer Supplies,PO-2020-0048,INV-2020-0729,26676.00,,,ast-private-docs,invoices/2020/AST-IT-PC-00314.pdf,application/pdf,313255,57cda22dc55d15885cb30e3560adafda0ed2dfc9b716d3697310d0089401432d,clean,a88277d6-7193-4856-b318-4d7fb0af2f58,2020-06-02 00:00:00+00,2026-09-21 12:36:10.142818+00
9918398b-d6a6-4b52-8708-a6255a5b9910,d68a19fd-c928-40aa-ab25-abf7a730da4d,invoice,PowerGuard Energy,PO-2021-0026,INV-2021-0455,22116.00,,,ast-private-docs,invoices/2021/AST-IT-PC-00290.pdf,application/pdf,232406,160071db280646c68295d521a5bb4cf8c91602b29f82f749f6de746c67ba5bfb,clean,a88277d6-7193-4856-b318-4d7fb0af2f58,2021-06-13 00:00:00+00,2026-09-21 12:36:10.142818+00
90fd86a5-a3c0-4000-9d45-5fff56102cfd,a98f5bd9-7dda-4b45-9c3b-6e19a7e9727f,invoice,Delta Computer Supplies,PO-2026-0023,INV-2026-0697,25764.00,,,ast-private-docs,invoices/2026/AST-IT-PC-00266.pdf,application/pdf,444324,51cef9ae08f52a8ad2cce3ad7daf4a35aaad2f611f8b7083afcb5b509240ea3f,clean,a88277d6-7193-4856-b318-4d7fb0af2f58,2026-03-22 00:00:00+00,2026-09-21 12:36:10.142818+00
f5617232-0c80-44cc-8855-c92245daa7db,0a7c5b3a-78e2-4724-871a-63afc7e4a8c7,invoice,Nile Tech Systems,PO-2022-0020,INV-2022-0420,23028.00,,,ast-private-docs,invoices/2022/AST-IT-PC-00146.pdf,application/pdf,276879,09bf4cbf169213c6294cf44a1377f9ee5d14bc85a522ea65ae0a0a6fbe7e07a8,clean,a88277d6-7193-4856-b318-4d7fb0af2f58,2022-05-22 00:00:00+00,2026-09-21 12:36:10.142818+00
257fc731-d2b9-400b-968b-43936ad5cc9f,5a891d65-f24d-4ecd-8ec3-bacb20cebf3c,invoice,Upper Egypt Office Works,PO-2021-0046,INV-2021-0778,21204.00,,,ast-private-docs,invoices/2021/AST-IT-PC-00098.pdf,application/pdf,475031,70972d3219baf21931354870c927517e7f15297b2fa9105cdb73affc19cf712a,clean,a88277d6-7193-4856-b318-4d7fb0af2f58,2021-08-13 00:00:00+00,2026-09-21 12:36:10.142818+00
9f02690b-653c-451d-82f2-428b01c80936,705c5a2b-c805-4e10-a24e-21003aea575a,invoice,Upper Egypt Office Works,PO-2020-0051,INV-2020-0502,23940.00,,,ast-private-docs,invoices/2020/AST-IT-PC-00074.pdf,application/pdf,441404,42b15791f1a17429fb313f027b37ae3cb46f5781b63fc90efdb37a979adbd476,clean,a88277d6-7193-4856-b318-4d7fb0af2f58,2020-01-15 00:00:00+00,2026-09-21 12:36:10.142818+00
68d5fd04-4985-40f6-a25b-4d3aa740706f,758966bb-b2e9-424e-ab0b-e43c40d38a27,invoice,LabLine Scientific,PO-2024-0007,INV-2024-0653,19380.00,,,ast-private-docs,invoices/2024/AST-IT-PC-00050.pdf,application/pdf,304164,6c97376b7e272fb029219c83bf17347f7a5eb990e34ebdfc692d2a415f6cce9c,clean,a88277d6-7193-4856-b318-4d7fb0af2f58,2024-09-20 00:00:00+00,2026-09-21 12:36:10.142818+00
52b4bc85-f4fe-42d7-83ae-4ae31746a88b,4f23bdf5-5666-4522-8c7b-e7d426485139,invoice,PowerGuard Energy,PO-2023-0028,INV-2023-0255,23940.00,,,ast-private-docs,invoices/2023/AST-IT-PC-00026.pdf,application/pdf,474510,2846d75663b5cd94ec4d91c1daf68ce0d0dd9e50fd4b78d3964d9382b63f9961,clean,a88277d6-7193-4856-b318-4d7fb0af2f58,2023-10-09 00:00:00+00,2026-09-21 12:36:10.142818+00
75354b42-fba4-47be-a41f-be44f0fd03a4,28779917-20e7-4f6a-95be-2d2ba4e8ca04,invoice,LabLine Scientific,PO-2021-0021,INV-2021-0274,19380.00,,,ast-private-docs,invoices/2021/AST-IT-PC-00002.pdf,application/pdf,156616,5d16f4057a8332b6eeb23a8e33d4f3eadc2b5c906f18a89a3cc416d5cd512ac0,clean,a88277d6-7193-4856-b318-4d7fb0af2f58,2021-01-21 00:00:00+00,2026-09-21 12:36:10.142818+00
f8a614c1-3ca1-4ccb-a6ed-f8b630088c85,6ee3f64c-dbc6-43bd-9038-4e46f80f61e7,invoice,PowerGuard Energy,PO-2023-0019,INV-2023-0898,24852.00,,,ast-private-docs,invoices/2023/AST-IT-PC-00411.pdf,application/pdf,326875,e9f0be048b82abc4e095de8b3b5488840f54db091b480b6f17890846bf6673c3,clean,a88277d6-7193-4856-b318-4d7fb0af2f58,2023-08-16 00:00:00+00,2026-09-21 12:36:10.142818+00
fb5c4cfc-3f10-4652-b8f4-e36066ac1778,05ed6964-c513-46be-acb0-31ad366bf96f,invoice,LabLine Scientific,PO-2022-0009,INV-2022-0423,22116.00,,,ast-private-docs,invoices/2022/AST-IT-PC-00387.pdf,application/pdf,390253,0f6693369745d7c5bdf52bbf1fc2dfe2d4569f46aeeff92f476fcf74757c8625,clean,a88277d6-7193-4856-b318-4d7fb0af2f58,2022-03-15 00:00:00+00,2026-09-21 12:36:10.142818+00
68e18326-452b-499b-9f16-82d194ca3dec,b37a6175-04d5-462d-8b1b-a4b431b06968,invoice,Upper Egypt Office Works,PO-2022-0031,INV-2022-0494,21204.00,,,ast-private-docs,invoices/2022/AST-IT-PC-00363.pdf,application/pdf,487833,f3e68de1d678390c0b434aee50a07a054a807c7e660c55db88a206a8175142f8,clean,a88277d6-7193-4856-b318-4d7fb0af2f58,2022-06-14 00:00:00+00,2026-09-21 12:36:10.142818+00
9ebcb344-609c-4988-b728-f164e39236b6,0904bb12-7ee3-42c6-a227-ea8e25578af1,invoice,Upper Egypt Office Works,PO-2024-0049,INV-2024-0441,19380.00,,,ast-private-docs,invoices/2024/AST-IT-PC-00315.pdf,application/pdf,471219,141a5075a5170b5f6a58877ba306a3fdaddf52ba7e2c1e0a7b85713942ef65f4,clean,a88277d6-7193-4856-b318-4d7fb0af2f58,2024-06-05 00:00:00+00,2026-09-21 12:36:10.142818+00
df6e2a92-d808-484d-8612-8a81bd653292,b24849d9-bc6f-4bae-868b-f55f389756b7,invoice,CoolAir Engineering,PO-2023-0032,INV-2023-0683,21204.00,,,ast-private-docs,invoices/2023/AST-IT-PC-00291.pdf,application/pdf,427931,e4fe94f401415824e1141ee1be174a4f1dd15e9ce3e3f78bca9d4141ba274dd8,clean,a88277d6-7193-4856-b318-4d7fb0af2f58,2024-01-04 00:00:00+00,2026-09-21 12:36:10.142818+00
fe61f705-17b9-4fe8-ba60-6d87b9051102,2789c348-fa0b-4242-8789-eb9d461f7c3b,invoice,PowerGuard Energy,PO-2024-0018,INV-2024-0540,24852.00,,,ast-private-docs,invoices/2024/AST-IT-PC-00267.pdf,application/pdf,492165,cf01ad623666d0439c0fa3c5c4280660eb61f93fa50dbd8fa5a2ae48465949db,clean,a88277d6-7193-4856-b318-4d7fb0af2f58,2024-05-12 00:00:00+00,2026-09-21 12:36:10.142818+00
de406cf8-d6c0-4a4d-9950-d5db08b99b9d,f673a17d-c8b6-428b-8939-69282c6e5d8c,invoice,Nile Tech Systems,PO-2023-0042,INV-2023-0386,23028.00,,,ast-private-docs,invoices/2023/AST-IT-PC-00243.pdf,application/pdf,250006,fab1c91ca32d71402110792e8091f3fce60449610a3bb738fd89f784bcf75e61,clean,a88277d6-7193-4856-b318-4d7fb0af2f58,2023-01-27 00:00:00+00,2026-09-21 12:36:10.142818+00
c5f288b6-409e-4793-9133-a3bfa28e1477,dcb7221f-6af8-4e32-b60a-f83b5c6879e5,invoice,Upper Egypt Office Works,PO-2021-0052,INV-2021-0149,19380.00,,,ast-private-docs,invoices/2021/AST-IT-PC-00219.pdf,application/pdf,427637,be4e2761f5635e5504afb31d16e3a884ac6e8ef5b1c7d91d370ef50ba2caca49,clean,a88277d6-7193-4856-b318-4d7fb0af2f58,2021-03-07 00:00:00+00,2026-09-21 12:36:10.142818+00
8bebb098-6b11-43fb-9a65-5c415ce4680f,c5abff57-b36f-45b9-87a2-4217ccab877b,invoice,CoolAir Engineering,PO-2019-0011,INV-2019-0095,20292.00,,,ast-private-docs,invoices/2019/AST-IT-PC-00195.pdf,application/pdf,415920,27717a672865ac4d8cd7c41925c4b1143ecdacc73dc15d550d3f10a3f0dbcf49,clean,a88277d6-7193-4856-b318-4d7fb0af2f58,2019-10-09 00:00:00+00,2026-09-21 12:36:10.142818+00
b15aab4c-a3d7-4397-bc56-b03b082bf44c,ebe2d980-d775-4914-ae93-41bdbc59b29f,invoice,LabLine Scientific,PO-2022-0021,INV-2022-0259,24852.00,,,ast-private-docs,invoices/2022/AST-IT-PC-00147.pdf,application/pdf,504604,b782f9c63a9018565b1dfb7e1f68f1319383599d7855ea71700f0f1d50a7738c,clean,a88277d6-7193-4856-b318-4d7fb0af2f58,2022-05-13 00:00:00+00,2026-09-21 12:36:10.142818+00
229b43b3-f711-4d93-9380-b4d4ce06a644,bae09e3e-c23c-42af-acc4-9c817f7ae7b4,invoice,Nile Tech Systems,PO-2023-0018,INV-2023-0081,23028.00,,,ast-private-docs,invoices/2023/AST-IT-PC-00123.pdf,application/pdf,306192,a19ef1d7499d5a9ca9d39d8cdbe752e654023fa2a3787f8cdd5b9d15099b4a71,clean,a88277d6-7193-4856-b318-4d7fb0af2f58,2023-12-19 00:00:00+00,2026-09-21 12:36:10.142818+00
02b2ee91-ebd8-4379-93cb-06eed7cfe086,8ab8ac6d-3c1c-4f30-bf7e-ae7188b0849f,invoice,Upper Egypt Office Works,PO-2020-0032,INV-2020-0265,23940.00,,,ast-private-docs,invoices/2020/AST-IT-PC-00099.pdf,application/pdf,183488,00598d5bb423122242f10507c0eb28f07e5462ca7c38e0ce4fdabf7e90b8e4b6,clean,a88277d6-7193-4856-b318-4d7fb0af2f58,2020-12-11 00:00:00+00,2026-09-21 12:36:10.142818+00
18b79ca0-0fab-40f2-916d-afd9713f9fd7,92ce3f8a-bd0e-4821-b8bc-c63926a5c245,invoice,LabLine Scientific,PO-2024-0053,INV-2024-0082,26676.00,,,ast-private-docs,invoices/2024/AST-IT-PC-00075.pdf,application/pdf,336420,b15c5ae25010c2ed8cdc0ea741f27efbd1b13c2a5ebe1db6bd4acfe36434c3dd,clean,a88277d6-7193-4856-b318-4d7fb0af2f58,2024-12-25 00:00:00+00,2026-09-21 12:36:10.142818+00
b9dfbfae-89a3-4d6a-9ba6-02322687b9cc,2e7ab091-06ac-45f3-a62a-fccf51ef2adf,invoice,CoolAir Engineering,PO-2024-0015,INV-2024-0321,23028.00,,,ast-private-docs,invoices/2024/AST-IT-PC-00027.pdf,application/pdf,484263,c30200f12f7a7476a48583130114cce3d77d3bc4f9c75ba949d33d34be4ae72f,clean,a88277d6-7193-4856-b318-4d7fb0af2f58,2024-11-02 00:00:00+00,2026-09-21 12:36:10.142818+00
01a6b32d-cc7a-416d-b48b-ef606849c45f,cf43734a-c8c9-4f6d-8fc1-a40c8df9440c,invoice,CoolAir Engineering,PO-2024-0004,INV-2024-0832,20292.00,,,ast-private-docs,invoices/2024/AST-IT-PC-00003.pdf,application/pdf,368285,1ef5ea012488110d2048904650e95e52d942c270d867704c2cb6b1065c4f9245,clean,a88277d6-7193-4856-b318-4d7fb0af2f58,2024-12-31 00:00:00+00,2026-09-21 12:36:10.142818+00
bee8305d-819c-4de0-a32a-d63e400226db,3d90a462-fed8-47bf-a23e-2cdeb2156e0d,invoice,CoolAir Engineering,PO-2019-0037,INV-2019-0177,24852.00,,,ast-private-docs,invoices/2019/AST-IT-PC-00412.pdf,application/pdf,255869,ee2cf1785da82417c058513f349cb90c40f7dcc6a2784c02da0f2f7207bad177,clean,a88277d6-7193-4856-b318-4d7fb0af2f58,2020-01-02 00:00:00+00,2026-09-21 12:36:10.142818+00
5f18b083-60a6-4f8b-a186-03583895a32b,938cecdf-b574-44e1-a02a-d14cc7a7cca1,invoice,LabLine Scientific,PO-2022-0036,INV-2022-0583,22116.00,,,ast-private-docs,invoices/2022/AST-IT-PC-00364.pdf,application/pdf,419581,12a05b06a95041b096b9d724673fdd232e41531748bb039c61b0694a9a2c76ed,clean,a88277d6-7193-4856-b318-4d7fb0af2f58,2022-07-14 00:00:00+00,2026-09-21 12:36:10.142818+00
efebc2fd-a91b-4ea8-96dd-f6653345d233,00defa2d-8dd8-4c89-a8be-d8d1dcbadf62,invoice,Upper Egypt Office Works,PO-2020-0049,INV-2020-0556,25764.00,,,ast-private-docs,invoices/2020/AST-IT-PC-00340.pdf,application/pdf,492269,76a4dc692e6483c0df827719d0efe87d82aca350e5b3f648323222e1c16fa5dc,clean,a88277d6-7193-4856-b318-4d7fb0af2f58,2020-12-29 00:00:00+00,2026-09-21 12:36:10.142818+00
35e87110-ab2e-4920-9077-9941d42a71af,5f802b6a-a3a0-49b6-8f19-9937419476ca,invoice,Delta Computer Supplies,PO-2020-0011,INV-2020-0635,24852.00,,,ast-private-docs,invoices/2020/AST-IT-PC-00316.pdf,application/pdf,345341,4741ae1769f2fd2785eeaad9c9e301214fe4445a935deeb017bec5c59940a6be,clean,a88277d6-7193-4856-b318-4d7fb0af2f58,2020-03-03 00:00:00+00,2026-09-21 12:36:10.142818+00
6e1d3344-a37c-43a7-8c8b-a6988f9849b0,c53a84af-7d6a-4f56-afe7-b028c32f28ea,invoice,LabLine Scientific,PO-2021-0054,INV-2021-0613,21204.00,,,ast-private-docs,invoices/2021/AST-IT-PC-00292.pdf,application/pdf,507434,1f95dd689d2cfe4a745f89f6439d8b4f0a94f98e81754aee7043370af01253c6,clean,a88277d6-7193-4856-b318-4d7fb0af2f58,2021-02-17 00:00:00+00,2026-09-21 12:36:10.142818+00
cba6ba72-4597-4b55-b20d-ae71e50d52cd,467e9c3f-f4d6-4e94-8754-103c91accc9f,invoice,LabLine Scientific,PO-2020-0033,INV-2020-0213,26676.00,,,ast-private-docs,invoices/2020/AST-IT-PC-00268.pdf,application/pdf,398424,efe5ae6ddb1c3bfb011b3e5beb422d7e3121f66e40fd51f1e2cb5dce806f78aa,clean,a88277d6-7193-4856-b318-4d7fb0af2f58,2020-10-27 00:00:00+00,2026-09-21 12:36:10.142818+00
a6b7cd9b-7479-4451-8bb4-709ad19a9a9c,9ed52322-f33c-4619-893c-71eda69e8700,invoice,Nile Tech Systems,PO-2025-0041,INV-2025-0371,21204.00,,,ast-private-docs,invoices/2025/AST-IT-PC-00196.pdf,application/pdf,309987,ae34753c2775392ea596ea59300d7fc7c16babef2ba1f2fb883e5e019b1bffc9,clean,a88277d6-7193-4856-b318-4d7fb0af2f58,2026-01-06 00:00:00+00,2026-09-21 12:36:10.142818+00
63bce53b-1862-4b02-bee4-fb1aaaea0216,3ae86300-9fe1-4552-a316-34c040785fbb,invoice,PowerGuard Energy,PO-2024-0046,INV-2024-0891,20292.00,,,ast-private-docs,invoices/2024/AST-IT-PC-00172.pdf,application/pdf,352555,7881dba0acb5abf6e90e92f83d47a5f4f5345368b40feae6e85e7c2ddd7304da,clean,a88277d6-7193-4856-b318-4d7fb0af2f58,2024-08-11 00:00:00+00,2026-09-21 12:36:10.142818+00
767bd809-7429-427b-8297-06f0e6ca8d44,a6f7dee7-6d93-4ca9-b28b-dfbbbfd3e24b,invoice,LabLine Scientific,PO-2024-0010,INV-2024-0879,19380.00,,,ast-private-docs,invoices/2024/AST-IT-PC-00148.pdf,application/pdf,289870,7e01a410f7784450eb71391b2ebfaffaa9226ccdca7ade110381ac2767415cb7,clean,a88277d6-7193-4856-b318-4d7fb0af2f58,2024-02-10 00:00:00+00,2026-09-21 12:36:10.142818+00
43aa94d4-fac6-4053-a58b-f579092989c0,7731c589-5c32-4851-92e4-e210de77438b,invoice,PowerGuard Energy,PO-2021-0029,INV-2021-0707,19380.00,,,ast-private-docs,invoices/2021/AST-IT-PC-00124.pdf,application/pdf,482489,eee174fc952f22dc11f5f30a70ddb41c42691125090fafdf715f125704ab2181,clean,a88277d6-7193-4856-b318-4d7fb0af2f58,2021-03-09 00:00:00+00,2026-09-21 12:36:10.142818+00
45771828-ac3e-4f6a-81cb-e9c0e3dfae58,a7c85299-962a-4747-881b-c1a5317dac4f,invoice,Delta Computer Supplies,PO-2023-0021,INV-2023-0149,23028.00,,,ast-private-docs,invoices/2023/AST-IT-PC-00076.pdf,application/pdf,241814,8d4ae0280070128eee6a65dec4bd73738ae8253e375ba46e6a1594254bc83018,clean,a88277d6-7193-4856-b318-4d7fb0af2f58,2023-05-09 00:00:00+00,2026-09-21 12:36:10.142818+00
d71d9e68-4b77-4ba9-9fc8-fdc965b024fe,feae09a8-0423-4693-87bd-eef373cf5e66,invoice,PowerGuard Energy,PO-2021-0006,INV-2021-0829,23940.00,,,ast-private-docs,invoices/2021/AST-IT-PC-00052.pdf,application/pdf,429541,52e2840269a5fb89634fc14ba0df64815e05cbb0b3eabe5ac915c6c4d8c007b9,clean,a88277d6-7193-4856-b318-4d7fb0af2f58,2021-04-17 00:00:00+00,2026-09-21 12:36:10.142818+00
8d135a65-8600-4b36-8c35-d168b328a6d5,d1e816bd-892d-47e8-950e-be78e217a167,invoice,LabLine Scientific,PO-2024-0059,INV-2024-0060,23028.00,,,ast-private-docs,invoices/2024/AST-IT-PC-00028.pdf,application/pdf,428760,c29816af2aa90821eb3aaac1d523ca1e0a82aeadb1f536645212f9127aa4c050,clean,a88277d6-7193-4856-b318-4d7fb0af2f58,2024-04-04 00:00:00+00,2026-09-21 12:36:10.142818+00
ea5d7ce9-383c-4f80-9494-bae40bff7134,bc8a22a4-ebab-4318-a51c-5bb3bfc8c14d,invoice,Delta Computer Supplies,PO-2025-0020,INV-2025-0372,24852.00,,,ast-private-docs,invoices/2025/AST-IT-PC-00413.pdf,application/pdf,192867,e404389ffa7ceddf1bfdd88f8849a68b63c0d1b0d5aaa412e3e7cb75e7d30c87,clean,a88277d6-7193-4856-b318-4d7fb0af2f58,2025-09-15 00:00:00+00,2026-09-21 12:36:10.142818+00
b9e78680-645a-4381-ae68-6b09ee460c09,5b180a2d-fd86-434f-b41f-04e1069b019f,invoice,Delta Computer Supplies,PO-2022-0031,INV-2022-0257,22116.00,,,ast-private-docs,invoices/2022/AST-IT-PC-00389.pdf,application/pdf,465481,c500700b6ccb19c3610e5e253bbeafa9406614b2eb79f866347d8e3398feddec,clean,a88277d6-7193-4856-b318-4d7fb0af2f58,2022-05-31 00:00:00+00,2026-09-21 12:36:10.142818+00
f4e23008-4ca4-4e37-a091-4b9e50d5bdb2,acd3f6f5-1018-4ffe-90ad-61ad1b0b9104,invoice,LabLine Scientific,PO-2021-0057,INV-2021-0030,26676.00,,,ast-private-docs,invoices/2021/AST-IT-PC-00341.pdf,application/pdf,512093,66a705b8cdf50d00496a1e287c3ddfae6a4c49c2ca6157c70312c6c3edb02bbf,clean,a88277d6-7193-4856-b318-4d7fb0af2f58,2021-10-03 00:00:00+00,2026-09-21 12:36:10.142818+00
514965b8-106f-4fd3-9168-62cbbefcd4ba,ac75cc82-7428-4641-bea9-532ecb63c32c,invoice,PowerGuard Energy,PO-2019-0013,INV-2019-0148,20292.00,,,ast-private-docs,invoices/2019/AST-IT-PC-00317.pdf,application/pdf,487708,baaa5077bece67ff55db22550e2564a3b5d44c74ca12a407159af9971ce32809,clean,a88277d6-7193-4856-b318-4d7fb0af2f58,2019-09-13 00:00:00+00,2026-09-21 12:36:10.142818+00
74ebf8ec-8259-4e56-a4b9-0c7be7cfa836,5b4809a7-4f15-46fb-b133-afd4a28a73f9,invoice,PowerGuard Energy,PO-2023-0021,INV-2023-0472,24852.00,,,ast-private-docs,invoices/2023/AST-IT-PC-00293.pdf,application/pdf,448057,ed6ba61e7ce2381a006a58792027f271346514a1048bd48352d4e28e6889d863,clean,a88277d6-7193-4856-b318-4d7fb0af2f58,2023-11-19 00:00:00+00,2026-09-21 12:36:10.142818+00
f171b858-4af4-4a9b-bb51-5ee570883344,e3ca20a7-3a04-4b03-b11b-ebd573ac0b16,invoice,Upper Egypt Office Works,PO-2019-0029,INV-2019-0242,25764.00,,,ast-private-docs,invoices/2019/AST-IT-PC-00269.pdf,application/pdf,447246,f6cfaad7cd88fd4a6ae9bb53d6e9f3f91b44974b9f0f980e002790bb1eed5ff2,clean,a88277d6-7193-4856-b318-4d7fb0af2f58,2019-10-16 00:00:00+00,2026-09-21 12:36:10.142818+00
d5ace61d-3d92-4321-9124-55fa96f02b88,9892c8cd-4af3-4919-b0fd-35f0fc590402,invoice,LabLine Scientific,PO-2021-0018,INV-2021-0757,26676.00,,,ast-private-docs,invoices/2021/AST-IT-PC-00245.pdf,application/pdf,208994,19e61059ff8eebcd05f1f4b8095df701c7d5ebe36074f6b7b61e3bf6e1780638,clean,a88277d6-7193-4856-b318-4d7fb0af2f58,2021-09-17 00:00:00+00,2026-09-21 12:36:10.142818+00
1a7552b5-d60f-4ff5-8953-c2627feb38bb,7e17f67a-33f4-4f80-b984-1a3286ff1ea6,invoice,Upper Egypt Office Works,PO-2025-0015,INV-2025-0708,23028.00,,,ast-private-docs,invoices/2025/AST-IT-PC-00221.pdf,application/pdf,339002,af523bcf112f4c7aaafd002860ce6879831b5114c5b9632fef9e0d473efd344d,clean,a88277d6-7193-4856-b318-4d7fb0af2f58,2025-06-16 00:00:00+00,2026-09-21 12:36:10.142818+00
95b4ec14-8cbb-424e-ac0c-e28ae22e2967,e6f4bed8-af08-40f5-bbaf-7020b24c6ec8,invoice,CoolAir Engineering,PO-2023-0014,INV-2023-0417,21204.00,,,ast-private-docs,invoices/2023/AST-IT-PC-00197.pdf,application/pdf,481770,6d4fe04db0b6bea09f72d9998f374690039abf73970734d724cb3c9fd98a15ef,clean,a88277d6-7193-4856-b318-4d7fb0af2f58,2023-11-27 00:00:00+00,2026-09-21 12:36:10.142818+00
59a385a7-0d16-4bf7-9476-a98286c8b2b3,010c5824-b67f-49fd-b8d6-631b9108bc27,invoice,LabLine Scientific,PO-2021-0013,INV-2021-0714,20292.00,,,ast-private-docs,invoices/2021/AST-IT-PC-00149.pdf,application/pdf,258258,e92df7ac7ec065f215650a8bb5fd33b4dbb2ae99caa02cddbf18c1d2bc687715,clean,a88277d6-7193-4856-b318-4d7fb0af2f58,2021-12-10 00:00:00+00,2026-09-21 12:36:10.142818+00
c43510da-5253-4393-8def-ac03d6f50a23,ffccac1c-4cbe-4bc4-aa1c-2125a8f19c0f,invoice,PowerGuard Energy,PO-2023-0021,INV-2023-0176,22116.00,,,ast-private-docs,invoices/2023/AST-IT-PC-00101.pdf,application/pdf,143238,13e4c7da8dfa9ecd497c4394a01a3ab9cea4410537b188e15c6b95633626bcd1,clean,a88277d6-7193-4856-b318-4d7fb0af2f58,2023-12-12 00:00:00+00,2026-09-21 12:36:10.142818+00
39d978f7-e3ed-4cb5-8d1e-0dfb9eaec0e6,bfa86baa-0ad9-4f2a-aa92-8d30c1a896c0,invoice,PowerGuard Energy,PO-2025-0057,INV-2025-0793,23028.00,,,ast-private-docs,invoices/2025/AST-IT-PC-00077.pdf,application/pdf,502627,d424aef88a6b0c0c91bf3004a2b9dbbfe30ed5f50a45c48e4d06a314316125d5,clean,a88277d6-7193-4856-b318-4d7fb0af2f58,2025-03-14 00:00:00+00,2026-09-21 12:36:10.142818+00
bfb6877e-c8ec-4278-ac77-cf16c3ed9f33,b56623e1-e600-49ad-8df4-452662607678,invoice,Delta Computer Supplies,PO-2025-0032,INV-2025-0669,25764.00,,,ast-private-docs,invoices/2025/AST-IT-PC-00053.pdf,application/pdf,411951,2781d210b7daaf96a604a190dc6a88604f97541587543462a68e997f3522a753,clean,a88277d6-7193-4856-b318-4d7fb0af2f58,2025-12-29 00:00:00+00,2026-09-21 12:36:10.142818+00
7473d584-106f-402b-a6b0-ffc9fe8b270b,d665aa34-1dd4-4ce5-bdc8-35f114226aba,invoice,Delta Computer Supplies,PO-2022-0040,INV-2022-0899,20292.00,,,ast-private-docs,invoices/2022/AST-IT-PC-00005.pdf,application/pdf,231244,64a3edc0205c5aebd6cf871554837d351fdbb5af9eb588552e508bfd8369f282,clean,a88277d6-7193-4856-b318-4d7fb0af2f58,2022-11-22 00:00:00+00,2026-09-21 12:36:10.142818+00
fe7025fe-b819-4812-b19d-cce6145ab6fa,4b614724-1bd6-4d20-9a0d-9353a9280b10,invoice,Delta Computer Supplies,PO-2024-0047,INV-2024-0076,4810.80,,,ast-private-docs,invoices/2024/AST-IT-MONITOR-00390.pdf,application/pdf,128783,45cebd24411104db905b3396508db3a5af6f2de10131d74462621ccb8c5f7004,clean,a88277d6-7193-4856-b318-4d7fb0af2f58,2024-04-15 00:00:00+00,2026-09-21 12:36:10.142818+00
4b6744ad-07e4-4437-956c-323b48a19e45,258bc94f-7a74-43f1-ba2c-839d856b65a4,invoice,PowerGuard Energy,PO-2025-0003,INV-2025-0896,5905.20,,,ast-private-docs,invoices/2025/AST-IT-MONITOR-00366.pdf,application/pdf,458794,1c7af8e2c79bd1d15a454a1b4c91fb52355fdf454d6f5af50f1d6d242e51afb7,clean,a88277d6-7193-4856-b318-4d7fb0af2f58,2025-10-20 00:00:00+00,2026-09-21 12:36:10.142818+00
bd82bb8a-be87-4ad4-bdd4-1ea6bbaac6b1,add37b45-f343-40dc-b32d-301bb1f11b6a,invoice,PowerGuard Energy,PO-2023-0044,INV-2023-0073,4810.80,,,ast-private-docs,invoices/2023/AST-IT-MONITOR-00342.pdf,application/pdf,125070,046c42607a625a9ed4e7bc5671e1bf31bca105231394f58e79d3f8e912225fdf,clean,a88277d6-7193-4856-b318-4d7fb0af2f58,2023-09-14 00:00:00+00,2026-09-21 12:36:10.142818+00
2fbd2a95-e3a5-4c98-bb2b-b25eaa5919e9,19376259-e7c6-474d-a274-b4a7dd0aa995,invoice,Nile Tech Systems,PO-2021-0042,INV-2021-0104,4446.00,,,ast-private-docs,invoices/2021/AST-IT-MONITOR-00318.pdf,application/pdf,138834,4ac0d168a1d55b106794a173f02d89e768504dc72cf7828deeb70a109520e7aa,clean,a88277d6-7193-4856-b318-4d7fb0af2f58,2021-11-17 00:00:00+00,2026-09-21 12:36:10.142818+00
c8d84185-156c-43ff-b5bc-39ffac235e1d,4098a313-3526-4a48-b037-63d4b65f1bd8,invoice,Nile Tech Systems,PO-2024-0040,INV-2024-0782,5540.40,,,ast-private-docs,invoices/2024/AST-IT-MONITOR-00294.pdf,application/pdf,202597,ad581a3b3b2f37d5103b4f43ff65e2c400d820a7c2bbe4fa1c5a470fba6a24be,clean,a88277d6-7193-4856-b318-4d7fb0af2f58,2024-07-07 00:00:00+00,2026-09-21 12:36:10.142818+00
dd4f2c1f-ece0-4450-826b-1af43afef256,acc30ced-aad3-45a5-9adb-8b1b9e5928fd,invoice,CoolAir Engineering,PO-2021-0030,INV-2021-0272,5540.40,,,ast-private-docs,invoices/2021/AST-IT-MONITOR-00246.pdf,application/pdf,308482,6b1eae0833a205d4a3fca2582497f891ac411ebe037c8281c235b11558f7fe5d,clean,a88277d6-7193-4856-b318-4d7fb0af2f58,2021-06-13 00:00:00+00,2026-09-21 12:36:10.142818+00
0921e5fd-7b0a-4cd3-abac-a23219168623,dc0fc700-5aa9-4efc-9307-56f149b156a7,invoice,Nile Tech Systems,PO-2020-0053,INV-2020-0068,4810.80,,,ast-private-docs,invoices/2020/AST-IT-MONITOR-00222.pdf,application/pdf,329974,1f635f5542eb6ae6edfba62cb5c83af11eaa2c1bcbc2b2f55170d1249584c92e,clean,a88277d6-7193-4856-b318-4d7fb0af2f58,2020-11-14 00:00:00+00,2026-09-21 12:36:10.142818+00
80c93453-8a8a-4dd1-968f-35d1ad6954d9,ade45384-6902-4859-b141-c33368d487e4,invoice,PowerGuard Energy,PO-2025-0008,INV-2025-0717,5540.40,,,ast-private-docs,invoices/2025/AST-IT-MONITOR-00174.pdf,application/pdf,151996,aa5b551db0156d60035686437d281231ae6de4f9f6f2e23b40b712163766c8ea,clean,a88277d6-7193-4856-b318-4d7fb0af2f58,2025-05-17 00:00:00+00,2026-09-21 12:36:10.142818+00
f4405563-a4eb-4751-811b-d58a00bc662b,8b894a48-f7a5-48c0-b378-441c6254db45,invoice,PowerGuard Energy,PO-2024-0022,INV-2024-0718,5540.40,,,ast-private-docs,invoices/2024/AST-IT-MONITOR-00150.pdf,application/pdf,434951,b5ed846311ba5df1ab455c43e13921007fc33809e8c774e7b21481e6caa63c3f,clean,a88277d6-7193-4856-b318-4d7fb0af2f58,2024-09-29 00:00:00+00,2026-09-21 12:36:10.142818+00
d4db01c8-991a-413c-854b-c9bd0bb5675b,3ce9eaa4-4252-40cd-a354-288ba4a4d128,invoice,Nile Tech Systems,PO-2022-0005,INV-2022-0385,5905.20,,,ast-private-docs,invoices/2022/AST-IT-MONITOR-00126.pdf,application/pdf,237671,3abdf2052088bb374f8ebe2d85d4e062c55cf00034c29d25e1db9792700ce4a3,clean,a88277d6-7193-4856-b318-4d7fb0af2f58,2022-07-03 00:00:00+00,2026-09-21 12:36:10.142818+00
d1b012a0-5aef-402a-8858-ed03cc7ef9ca,6069757f-cd21-439d-8ac9-f9e3e7692ac4,invoice,Nile Tech Systems,PO-2025-0039,INV-2025-0722,4446.00,,,ast-private-docs,invoices/2025/AST-IT-MONITOR-00102.pdf,application/pdf,368438,76eb164db0533acfbbf334094702cb4748c35b654ca1c4750b1a474688b4197e,clean,a88277d6-7193-4856-b318-4d7fb0af2f58,2025-04-13 00:00:00+00,2026-09-21 12:36:10.142818+00
ded57729-9671-4d1c-a3e9-5b98ea8a5cbd,b67ba49d-5a99-43d3-a29d-4bcb36416da3,invoice,PowerGuard Energy,PO-2021-0039,INV-2021-0286,5540.40,,,ast-private-docs,invoices/2021/AST-IT-MONITOR-00078.pdf,application/pdf,155462,22437bdd1206cdee38707baa9c3f0592da3ba33e8e9cedf0502edb1cf400dbde,clean,a88277d6-7193-4856-b318-4d7fb0af2f58,2021-11-02 00:00:00+00,2026-09-21 12:36:10.142818+00
6ea856c9-2c32-49fa-8eb4-1af587359a0e,eb79ed9c-6c26-44a9-87c9-3fd848f081af,invoice,Delta Computer Supplies,PO-2022-0052,INV-2022-0591,5905.20,,,ast-private-docs,invoices/2022/AST-IT-MONITOR-00054.pdf,application/pdf,157351,fdcc47208d24f467c446a453a7e37cf6248f05e1c9f012e8c74c24bc74477809,clean,a88277d6-7193-4856-b318-4d7fb0af2f58,2022-01-16 00:00:00+00,2026-09-21 12:36:10.142818+00
304fd116-e56c-4866-a1ea-399e3424318e,bb567931-c2a0-435a-9c53-b9a5fd409f8a,invoice,Delta Computer Supplies,PO-2020-0015,INV-2020-0683,5540.40,,,ast-private-docs,invoices/2020/AST-IT-MONITOR-00030.pdf,application/pdf,245292,0b31c8673ec19694aa87732731c1dd9851b51752aab8c8e5bc60b37099bb1c3c,clean,a88277d6-7193-4856-b318-4d7fb0af2f58,2020-12-03 00:00:00+00,2026-09-21 12:36:10.142818+00
599bbd5a-2d49-4925-9444-2d663c4418fe,3ed7d4f8-3cf0-473e-b99c-41174bfcb033,invoice,Delta Computer Supplies,PO-2022-0025,INV-2022-0018,4446.00,,,ast-private-docs,invoices/2022/AST-IT-MONITOR-00006.pdf,application/pdf,358753,fa336abb3326be4834e88f3833412ecbf8cd8e34d3edceddc60af65a2e6ff872,clean,a88277d6-7193-4856-b318-4d7fb0af2f58,2022-01-28 00:00:00+00,2026-09-21 12:36:10.142818+00
65e72d58-701f-47b5-8f8f-740dbada080e,30a265bf-80e0-4b58-b2bc-109fb2ad3f0c,invoice,Upper Egypt Office Works,PO-2025-0030,INV-2025-0424,5540.40,,,ast-private-docs,invoices/2025/AST-IT-MONITOR-00415.pdf,application/pdf,409396,0386476b4e0b26ab2704301966e49901d7b76b96f41ed011d9f5a5102cde9b58,clean,a88277d6-7193-4856-b318-4d7fb0af2f58,2025-03-22 00:00:00+00,2026-09-21 12:36:10.142818+00
f994fabf-bb36-4502-9859-8cb2add068a3,b4e30e96-1933-41e2-9ffd-614c7b67316a,invoice,Delta Computer Supplies,PO-2020-0060,INV-2020-0322,5905.20,,,ast-private-docs,invoices/2020/AST-IT-MONITOR-00391.pdf,application/pdf,509933,f54375d0806350701f45d81fd4f0fb23c7408a9d499046e9664af3389bfd9f84,clean,a88277d6-7193-4856-b318-4d7fb0af2f58,2020-03-08 00:00:00+00,2026-09-21 12:36:10.142818+00
2f7e2d3b-2740-433d-88c4-4a970aadb18a,d255a2f3-289b-49ea-8952-48145ddd3b66,invoice,Upper Egypt Office Works,PO-2021-0047,INV-2021-0740,5540.40,,,ast-private-docs,invoices/2021/AST-IT-MONITOR-00367.pdf,application/pdf,457264,60f13294b1e5321bd21260933ba2a88fccc9fa91180d968873c4f132f069badd,clean,a88277d6-7193-4856-b318-4d7fb0af2f58,2021-11-09 00:00:00+00,2026-09-21 12:36:10.142818+00
c1a3a846-9bf8-4656-b7b4-d536b786f0d7,17a2734c-6aa6-48c0-84f5-1b0e160aec8e,invoice,LabLine Scientific,PO-2022-0010,INV-2022-0739,6270.00,,,ast-private-docs,invoices/2022/AST-IT-MONITOR-00343.pdf,application/pdf,229090,83efc3216316d7b3ab0c43304add45c2a7d62b4b053eee14baeca2a8459ec06d,clean,a88277d6-7193-4856-b318-4d7fb0af2f58,2022-04-15 00:00:00+00,2026-09-21 12:36:10.142818+00
54bc9982-c6d4-4546-b90e-6eba22c1b939,e51260f5-0015-4e26-88f9-5a64df4c33dc,invoice,Nile Tech Systems,PO-2025-0009,INV-2025-0438,6270.00,,,ast-private-docs,invoices/2025/AST-IT-MONITOR-00319.pdf,application/pdf,252461,3003cb8d7b621b5b5ac270f6cef6e720fa9284c0a6281741fb52420b62254681,clean,a88277d6-7193-4856-b318-4d7fb0af2f58,2025-07-09 00:00:00+00,2026-09-21 12:36:10.142818+00
0d35e0c2-7d73-4f79-9876-6a37838e09a5,4583c822-fe79-46d2-a2e8-d81a024ecca1,invoice,Upper Egypt Office Works,PO-2023-0058,INV-2023-0544,4810.80,,,ast-private-docs,invoices/2023/AST-IT-MONITOR-00295.pdf,application/pdf,430561,f79dcad5188bae167888f628c9abef59c9634f8ac37ac8ae5fb3e2b46a3e5040,clean,a88277d6-7193-4856-b318-4d7fb0af2f58,2023-03-06 00:00:00+00,2026-09-21 12:36:10.142818+00
c9480e43-d5c9-49cf-ac25-b758d9799476,fa0fde54-e0ec-48fd-b277-26f430e908a9,invoice,Nile Tech Systems,PO-2020-0001,INV-2020-0639,4446.00,,,ast-private-docs,invoices/2020/AST-IT-MONITOR-00271.pdf,application/pdf,504677,f22c810135ade94affc9778d216ad4224a5d96bdf2650f4d503b48c39ac54789,clean,a88277d6-7193-4856-b318-4d7fb0af2f58,2020-03-12 00:00:00+00,2026-09-21 12:36:10.142818+00
9180ea95-7c0c-414e-b5f5-8cc74e86cd04,a379b836-3bd9-412f-82dd-3bdeef2c9290,invoice,CoolAir Engineering,PO-2022-0050,INV-2022-0872,5175.60,,,ast-private-docs,invoices/2022/AST-IT-MONITOR-00247.pdf,application/pdf,331686,2040ad80e0384298950ffd6b89d265b5ba9846eefee7a09378507e08e1675318,clean,a88277d6-7193-4856-b318-4d7fb0af2f58,2022-11-03 00:00:00+00,2026-09-21 12:36:10.142818+00
28da3a0f-0943-4fb3-9767-304932e873ab,04c8e7dc-dd09-4c2c-8722-818f6d0e1661,invoice,PowerGuard Energy,PO-2025-0016,INV-2025-0129,5905.20,,,ast-private-docs,invoices/2025/AST-IT-MONITOR-00223.pdf,application/pdf,366479,15e46499546e640f6a1f1eacd71bea7926cef6abb00296e5bda01d25ce1a1a48,clean,a88277d6-7193-4856-b318-4d7fb0af2f58,2025-10-08 00:00:00+00,2026-09-21 12:36:10.142818+00
382086e8-d910-4569-a617-6858c5625818,354fdcb6-3bbd-41f9-8a81-9e4267b24248,invoice,LabLine Scientific,PO-2021-0013,INV-2021-0251,4810.80,,,ast-private-docs,invoices/2021/AST-IT-MONITOR-00199.pdf,application/pdf,268860,0e81a9813480585f5839128368b1f374608b33b527da7f850da8db010403559c,clean,a88277d6-7193-4856-b318-4d7fb0af2f58,2021-11-07 00:00:00+00,2026-09-21 12:36:10.142818+00
2fc7c327-0c9e-4664-8d37-9ab53bb582ce,0fc29b73-82f0-491f-b0b8-7e2eaa9010e4,invoice,Delta Computer Supplies,PO-2021-0033,INV-2021-0739,4810.80,,,ast-private-docs,invoices/2021/AST-IT-MONITOR-00127.pdf,application/pdf,286982,754fb8fa8825680187962dde9cb8730bf8c84f14b7ab8a56698f4e4924194639,clean,a88277d6-7193-4856-b318-4d7fb0af2f58,2021-10-14 00:00:00+00,2026-09-21 12:36:10.142818+00
ee62025b-ef35-4eab-98cd-7014dcd1d096,3ab59424-9410-4b42-b9e5-d78807291d63,invoice,CoolAir Engineering,PO-2025-0045,INV-2025-0037,4446.00,,,ast-private-docs,invoices/2025/AST-IT-MONITOR-00103.pdf,application/pdf,464476,eed0a1ed04dc1f4cdb2c12c366ab284bdf836ffdb38588be9a9abbc316d90ac8,clean,a88277d6-7193-4856-b318-4d7fb0af2f58,2025-07-25 00:00:00+00,2026-09-21 12:36:10.142818+00
60ec46bf-7615-4133-97c4-e81f6adf17dc,4c863df2-82ce-480f-817f-dc8d6a07af09,invoice,Nile Tech Systems,PO-2022-0057,INV-2022-0271,5905.20,,,ast-private-docs,invoices/2022/AST-IT-MONITOR-00055.pdf,application/pdf,249968,d74703c97b417921fbaad1c73c28bb766b6bfda025d7b9c7385e0e1784dd6f91,clean,a88277d6-7193-4856-b318-4d7fb0af2f58,2022-06-19 00:00:00+00,2026-09-21 12:36:10.142818+00
48af1fdc-0480-46cd-841b-3e9ac8ba9c4c,15b13eef-3186-47a2-8ae9-2a2bc925632b,invoice,Delta Computer Supplies,PO-2024-0050,INV-2024-0211,5175.60,,,ast-private-docs,invoices/2024/AST-IT-MONITOR-00031.pdf,application/pdf,478735,fdb939764f6c5bfaf9cdaaa68da08cb13853c99f7b6f0bd3cb22cffcfbde00e5,clean,a88277d6-7193-4856-b318-4d7fb0af2f58,2024-11-24 00:00:00+00,2026-09-21 12:36:10.142818+00
bee2321a-6f2b-4c56-afed-d128047f0d1a,cf054a8c-c5c7-4de9-95e1-26fdb049691f,invoice,CoolAir Engineering,PO-2019-0047,INV-2019-0359,6270.00,,,ast-private-docs,invoices/2019/AST-IT-MONITOR-00007.pdf,application/pdf,317580,aea675d9158e9426e95edc27630e4777f196f2e472906d7af2d906bd8b88ce94,clean,a88277d6-7193-4856-b318-4d7fb0af2f58,2019-09-18 00:00:00+00,2026-09-21 12:36:10.142818+00
e0cab825-22af-4056-ac44-9f0f73531f6d,06624745-a046-4355-82c3-608dd9eb74f9,invoice,Upper Egypt Office Works,PO-2022-0026,INV-2022-0217,5540.40,,,ast-private-docs,invoices/2022/AST-IT-MONITOR-00416.pdf,application/pdf,179384,27d6435b99a1f401858c2103ca1632a84cf7059a3de366f25f43460407012eb5,clean,a88277d6-7193-4856-b318-4d7fb0af2f58,2022-07-05 00:00:00+00,2026-09-21 12:36:10.142818+00
72315de8-b7bc-48f9-8b9e-b3a7c625dd4d,ee55ba20-d337-48fe-8bc9-b159b86e830e,invoice,Nile Tech Systems,PO-2023-0026,INV-2023-0237,4810.80,,,ast-private-docs,invoices/2023/AST-IT-MONITOR-00344.pdf,application/pdf,264638,b5393aaabc44bfc11bf0b03b13f9962a0aaeca1e9f0a90175f248f7e27900e1a,clean,a88277d6-7193-4856-b318-4d7fb0af2f58,2023-07-10 00:00:00+00,2026-09-21 12:36:10.142818+00
8c02ce46-df81-4219-bdaa-6107dfa6338e,f5ee5902-a563-412d-a2d0-cf4c114e2737,invoice,CoolAir Engineering,PO-2024-0020,INV-2024-0264,4810.80,,,ast-private-docs,invoices/2024/AST-IT-MONITOR-00296.pdf,application/pdf,518768,53d802cce25a6fbecf25e0bf643698eca42ad79c214d78d619abace0f284c58d,clean,a88277d6-7193-4856-b318-4d7fb0af2f58,2024-04-27 00:00:00+00,2026-09-21 12:36:10.142818+00
6d02e4d6-69e0-42c7-8c58-e60c8c800a5e,2fe14b92-c446-4660-a72a-61b6719cad31,invoice,PowerGuard Energy,PO-2020-0044,INV-2020-0851,5540.40,,,ast-private-docs,invoices/2020/AST-IT-MONITOR-00272.pdf,application/pdf,362054,da7d37703e4094addc82e8d80bf6dca99a6911962b71fbc853cf2a8d00f9dbe1,clean,a88277d6-7193-4856-b318-4d7fb0af2f58,2020-08-28 00:00:00+00,2026-09-21 12:36:10.142818+00
4eaf8df7-fcbd-4d07-9353-18aa8a3039c4,a5b79db8-1d3b-4a94-9623-2d3fb1999e87,invoice,Delta Computer Supplies,PO-2020-0040,INV-2020-0234,4446.00,,,ast-private-docs,invoices/2020/AST-IT-MONITOR-00248.pdf,application/pdf,251853,4ad7382b394f9f73822dede8ee5a9ccc6b7f8e2bbb4f56cc528e13157c2738be,clean,a88277d6-7193-4856-b318-4d7fb0af2f58,2020-05-24 00:00:00+00,2026-09-21 12:36:10.142818+00
18ef7e89-a394-4141-a88f-a93da4a67cc9,b31162f4-123e-45c1-ae96-363e37c60e3d,invoice,PowerGuard Energy,PO-2023-0037,INV-2023-0741,5175.60,,,ast-private-docs,invoices/2023/AST-IT-MONITOR-00224.pdf,application/pdf,339304,0538f6001d7a021f24fbc15f039df9a9b46b528a4a49a7706f6eb406942058f8,clean,a88277d6-7193-4856-b318-4d7fb0af2f58,2023-08-15 00:00:00+00,2026-09-21 12:36:10.142818+00
91a53060-c8c5-4693-84dd-ae04f09c98ae,78fee29f-1ab3-481f-a56e-48e8d3c88c9b,invoice,Upper Egypt Office Works,PO-2020-0057,INV-2020-0830,4810.80,,,ast-private-docs,invoices/2020/AST-IT-MONITOR-00200.pdf,application/pdf,399801,c1ed866323736bace4304c764377c9efa2814fad2206e36ed8be5913a61a7245,clean,a88277d6-7193-4856-b318-4d7fb0af2f58,2020-11-02 00:00:00+00,2026-09-21 12:36:10.142818+00
dd195142-e642-42e3-a9f3-cdd8602ac988,557ddf37-cad5-4934-9ab5-4a03168676b0,invoice,LabLine Scientific,PO-2023-0024,INV-2023-0863,5175.60,,,ast-private-docs,invoices/2023/AST-IT-MONITOR-00176.pdf,application/pdf,436212,619bfb889241276e41d383cee8f26d0d44ee5130c741aa6fc38bc2bc16ca619f,clean,a88277d6-7193-4856-b318-4d7fb0af2f58,2023-06-15 00:00:00+00,2026-09-21 12:36:10.142818+00
52bf5c62-fc7d-48a7-96be-dbf048bf2741,d14c21c8-70a3-4904-92b1-ad45b911977e,invoice,CoolAir Engineering,PO-2020-0038,INV-2020-0335,6270.00,,,ast-private-docs,invoices/2020/AST-IT-MONITOR-00152.pdf,application/pdf,470506,e2fc3c554cee4aba7587e5c788fbecfd0397e67e5915ca68dd3500fe6fb28d4d,clean,a88277d6-7193-4856-b318-4d7fb0af2f58,2020-03-18 00:00:00+00,2026-09-21 12:36:10.142818+00
1d786898-5420-44a5-9182-1d0f4648064f,c959dc42-2d2b-43c5-96a6-dda889bcc167,invoice,Nile Tech Systems,PO-2021-0046,INV-2021-0667,4810.80,,,ast-private-docs,invoices/2021/AST-IT-MONITOR-00128.pdf,application/pdf,245325,fb42bcf3e8dedb303c927df68f6d64d0985d1940a83996c6991b95a776ed4526,clean,a88277d6-7193-4856-b318-4d7fb0af2f58,2021-03-14 00:00:00+00,2026-09-21 12:36:10.142818+00
cfd239bd-a9b6-4dcd-adf1-5a97075e4d66,f14a2705-e72f-4f75-9267-c718ab043d5c,invoice,LabLine Scientific,PO-2023-0019,INV-2023-0719,4446.00,,,ast-private-docs,invoices/2023/AST-IT-MONITOR-00104.pdf,application/pdf,405963,67e104f1f31b1dbc4e072a326c8d9ec5b63c8f072a632865875bdf2e7477c8a9,clean,a88277d6-7193-4856-b318-4d7fb0af2f58,2023-06-20 00:00:00+00,2026-09-21 12:36:10.142818+00
950c23f7-dd8f-4df6-ba16-96f2168dc208,70bbe4d2-7c10-4be7-bf34-781164f9f6e8,invoice,PowerGuard Energy,PO-2021-0046,INV-2021-0147,4810.80,,,ast-private-docs,invoices/2021/AST-IT-MONITOR-00080.pdf,application/pdf,194727,865f11576d7946551a82689cb93f41108e6bad1850c0da6e8e6a731fee6d623e,clean,a88277d6-7193-4856-b318-4d7fb0af2f58,2021-08-16 00:00:00+00,2026-09-21 12:36:10.142818+00
8212073c-8d95-4b81-baaf-e04cfdd6eb92,c8b0db7a-6259-4630-8235-dec7c52f6f0a,invoice,PowerGuard Energy,PO-2024-0028,INV-2024-0115,4446.00,,,ast-private-docs,invoices/2024/AST-IT-MONITOR-00056.pdf,application/pdf,478867,9f05d978a25e90ca788e15c93f9ecc28e1f3c2df7118179f4f8c02f855604470,clean,a88277d6-7193-4856-b318-4d7fb0af2f58,2024-10-07 00:00:00+00,2026-09-21 12:36:10.142818+00
6a9cd389-1459-426b-8768-961656b86868,adf83cf1-86a1-4704-ae53-7954a12191ad,invoice,Delta Computer Supplies,PO-2025-0057,INV-2025-0891,5540.40,,,ast-private-docs,invoices/2025/AST-IT-MONITOR-00032.pdf,application/pdf,285948,c764067e67bae5258c203f62260911a9a67c8cf2e8b77c3da8ff4e14b76e6b4b,clean,a88277d6-7193-4856-b318-4d7fb0af2f58,2025-10-09 00:00:00+00,2026-09-21 12:36:10.142818+00
738431cc-973e-43d4-90c8-29423426a19a,0cd380da-7e0d-4741-9dca-9231f00f845e,invoice,Nile Tech Systems,PO-2024-0059,INV-2024-0104,5540.40,,,ast-private-docs,invoices/2024/AST-IT-MONITOR-00008.pdf,application/pdf,160196,ef7ed467a28d2275385fddb834bf173bab0694b27eae947433554b358a50d954,clean,a88277d6-7193-4856-b318-4d7fb0af2f58,2024-08-06 00:00:00+00,2026-09-21 12:36:10.142818+00
795d1e14-741f-4db7-a52b-0a2234cdb427,87b9834f-3c9b-446d-a2c7-acb1961a7c54,invoice,Upper Egypt Office Works,PO-2021-0020,INV-2021-0660,5175.60,,,ast-private-docs,invoices/2021/AST-IT-MONITOR-00417.pdf,application/pdf,340472,3ed5074eacaa318d8f6dea7ed31eb6c15bbab4d24411d9e36d3350ac68f8254a,clean,a88277d6-7193-4856-b318-4d7fb0af2f58,2021-04-29 00:00:00+00,2026-09-21 12:36:10.142818+00
0c5fd433-0b11-455e-acd9-2e4804907e84,522dd78e-ecfe-476b-8f6a-d003524ff49c,invoice,PowerGuard Energy,PO-2025-0027,INV-2025-0057,6270.00,,,ast-private-docs,invoices/2025/AST-IT-MONITOR-00369.pdf,application/pdf,332841,df16d1836e702b6b975fb1244ebe66074ba0a6a0eb33e076b3a904c3326290c2,clean,a88277d6-7193-4856-b318-4d7fb0af2f58,2025-08-13 00:00:00+00,2026-09-21 12:36:10.142818+00
acb26e39-ff8e-4a4b-b736-b921f5aa9c36,77d94d70-fb5a-495e-85b4-96ae4e89e840,invoice,LabLine Scientific,PO-2023-0058,INV-2023-0158,5175.60,,,ast-private-docs,invoices/2023/AST-IT-MONITOR-00345.pdf,application/pdf,324647,e43cdb22f0bd7f6b311d76ddcff1d819f17f3874320fdf4127d8f4137d63bee5,clean,a88277d6-7193-4856-b318-4d7fb0af2f58,2023-06-24 00:00:00+00,2026-09-21 12:36:10.142818+00
25265628-9771-4305-ab5c-57fbcb408155,e1b94a6d-4fbc-4df4-a56c-0c00a7c98a2f,invoice,LabLine Scientific,PO-2024-0039,INV-2024-0495,4446.00,,,ast-private-docs,invoices/2024/AST-IT-MONITOR-00321.pdf,application/pdf,459277,cecb87ca53b77a4b1b83756122bf604ccf1df148d2f28625370bb50361ff9f38,clean,a88277d6-7193-4856-b318-4d7fb0af2f58,2024-07-29 00:00:00+00,2026-09-21 12:36:10.142818+00
cc7361d6-f162-4637-b713-a67d6c3a3dd2,207d9595-f982-4e50-805c-5a1f17cb1a0c,invoice,LabLine Scientific,PO-2023-0056,INV-2023-0076,6270.00,,,ast-private-docs,invoices/2023/AST-IT-MONITOR-00297.pdf,application/pdf,437615,4c56beccbc2460bdf07b5f0a408c8f86dac960f59ed7ca74f1de7d4786bac3e5,clean,a88277d6-7193-4856-b318-4d7fb0af2f58,2023-06-16 00:00:00+00,2026-09-21 12:36:10.142818+00
574ac5b5-6490-4d4d-84fd-35e15df23bda,f1d526bd-6c8e-4843-991a-a72d9b467218,invoice,CoolAir Engineering,PO-2025-0015,INV-2025-0046,4810.80,,,ast-private-docs,invoices/2025/AST-IT-MONITOR-00273.pdf,application/pdf,132748,3b87cdf40f3ed8047ba6f18bf72d5c916225c992cd6166b053ae199d68ce3b83,clean,a88277d6-7193-4856-b318-4d7fb0af2f58,2025-08-08 00:00:00+00,2026-09-21 12:36:10.142818+00
665254d0-910f-47a1-8849-38c1e33aaea3,55411313-a3ad-41c9-a9ef-96390c3a9c17,invoice,Upper Egypt Office Works,PO-2024-0056,INV-2024-0636,5175.60,,,ast-private-docs,invoices/2024/AST-IT-MONITOR-00225.pdf,application/pdf,359316,d7682e9f6fd2330b1a76d729eafb430a975abd87dc6d1919a7c250b607acea5b,clean,a88277d6-7193-4856-b318-4d7fb0af2f58,2024-04-28 00:00:00+00,2026-09-21 12:36:10.142818+00
5e8438b3-8b53-4d51-b754-613aedc9cf57,50683c77-6921-4848-8436-c79df5d37707,invoice,PowerGuard Energy,PO-2021-0028,INV-2021-0127,6270.00,,,ast-private-docs,invoices/2021/AST-IT-MONITOR-00201.pdf,application/pdf,316325,4bcc9b6c6e9ae1a4cc806a9e474e6074a9d73ef205cb511637f03756791f3915,clean,a88277d6-7193-4856-b318-4d7fb0af2f58,2021-05-01 00:00:00+00,2026-09-21 12:36:10.142818+00
45e31e07-bca7-45e8-84c3-08e3376af41b,975c440e-0dd5-4765-8d8b-60c806ec6768,invoice,LabLine Scientific,PO-2022-0045,INV-2022-0234,4446.00,,,ast-private-docs,invoices/2022/AST-IT-MONITOR-00177.pdf,application/pdf,247222,2cf0c4f2e00b96f667d7293ea51ba0f15ce79e73688881dbb71bc2a3ce855bdf,clean,a88277d6-7193-4856-b318-4d7fb0af2f58,2022-10-05 00:00:00+00,2026-09-21 12:36:10.142818+00
ee13933d-070f-4ed7-bb90-db79b53e35a2,960e8af4-d574-4bf8-964b-3043938a0877,invoice,CoolAir Engineering,PO-2022-0004,INV-2022-0306,6270.00,,,ast-private-docs,invoices/2022/AST-IT-MONITOR-00153.pdf,application/pdf,413600,bc28abb7ff0c60a6b07a2a1f6747526fcd875aeef7b2acb4dbe19757b8c8937b,clean,a88277d6-7193-4856-b318-4d7fb0af2f58,2022-01-15 00:00:00+00,2026-09-21 12:36:10.142818+00
19d20f98-c3bd-4b46-a505-eb7a62920ce3,34773136-a9f4-4c28-b192-10768afd174c,invoice,CoolAir Engineering,PO-2021-0002,INV-2021-0715,4810.80,,,ast-private-docs,invoices/2021/AST-IT-MONITOR-00129.pdf,application/pdf,186065,0a13826dc9ff5edc1a1be9bdd9b0bf8adab8c7c18d1dad3873330bb32c74fc34,clean,a88277d6-7193-4856-b318-4d7fb0af2f58,2021-10-18 00:00:00+00,2026-09-21 12:36:10.142818+00
bf7949bc-8f2a-4358-b3d6-27b6c075a2e9,c0b8349c-e0a9-4f3f-837a-b9d2777f893d,invoice,LabLine Scientific,PO-2022-0046,INV-2022-0122,5175.60,,,ast-private-docs,invoices/2022/AST-IT-MONITOR-00105.pdf,application/pdf,475574,867a180e37a1f60efaf2b5cab1d939572ddec566075fe5d782f2ef7ae4e328c3,clean,a88277d6-7193-4856-b318-4d7fb0af2f58,2022-04-02 00:00:00+00,2026-09-21 12:36:10.142818+00
74a0e243-12f8-4dc1-af5f-191211d7cddb,92afb581-bd72-4fb9-94e1-bb09563e01f2,invoice,LabLine Scientific,PO-2021-0027,INV-2021-0598,5905.20,,,ast-private-docs,invoices/2021/AST-IT-MONITOR-00081.pdf,application/pdf,427640,fa25942548ebe58c9df712ee5189229a73e8d7e43b2858ca1f9a4312b07f974a,clean,a88277d6-7193-4856-b318-4d7fb0af2f58,2021-10-07 00:00:00+00,2026-09-21 12:36:10.142818+00
285e6a12-7596-4bbc-ba9b-ef30d6d192ad,faf94263-3003-43b6-8daf-84fdd8c41d87,invoice,LabLine Scientific,PO-2025-0020,INV-2025-0587,4810.80,,,ast-private-docs,invoices/2025/AST-IT-MONITOR-00057.pdf,application/pdf,424399,d792a5f9193bd59baaf3ad7fd730b32983b6351016c931516c7895c94a694a46,clean,a88277d6-7193-4856-b318-4d7fb0af2f58,2025-11-25 00:00:00+00,2026-09-21 12:36:10.142818+00
e7f37f88-e41e-4721-b74b-e87ea4f0f4e6,227534e4-4950-4fbb-8288-54788dd08861,invoice,Nile Tech Systems,PO-2025-0021,INV-2025-0252,4446.00,,,ast-private-docs,invoices/2025/AST-IT-MONITOR-00033.pdf,application/pdf,355756,b55596dd572d296d51c33f0f64ad4660718b681c9a1efb1c5ad48adb4b94ba79,clean,a88277d6-7193-4856-b318-4d7fb0af2f58,2025-02-17 00:00:00+00,2026-09-21 12:36:10.142818+00
5f60a486-9b50-475c-8e9a-4a3f5b22ae8b,e223b2f9-09d2-4edc-bc76-8163122571b6,invoice,Delta Computer Supplies,PO-2020-0018,INV-2020-0509,4810.80,,,ast-private-docs,invoices/2020/AST-IT-MONITOR-00009.pdf,application/pdf,398137,7eced162990188bee1944cb1e41a5838be8020596e05555d73cfb07364e8a2c1,clean,a88277d6-7193-4856-b318-4d7fb0af2f58,2020-01-20 00:00:00+00,2026-09-21 12:36:10.142818+00
388a0b2f-a578-47b3-8b87-1b49ebb78247,8c923525-b653-4851-a2f4-3fb498911b7d,invoice,PowerGuard Energy,PO-2023-0028,INV-2023-0380,28500.00,,,ast-private-docs,invoices/2023/AST-IT-LAPTOP-00418.pdf,application/pdf,219277,909e7dbd6155ce58cc669646d2358196ac01f8a549f09a4505215ee2c5cc60d1,clean,a88277d6-7193-4856-b318-4d7fb0af2f58,2023-04-10 00:00:00+00,2026-09-21 12:36:10.142818+00
82dccda8-44c1-4d84-b014-ba3f7204465f,094e9be1-4250-4720-8fd0-0413662d1900,invoice,Delta Computer Supplies,PO-2023-0009,INV-2023-0006,34428.00,,,ast-private-docs,invoices/2023/AST-IT-LAPTOP-00394.pdf,application/pdf,222677,5a0429e613d62d5ede2685467a61a30dc6cfecaaf977ed5dce7150bc3da65d8e,clean,a88277d6-7193-4856-b318-4d7fb0af2f58,2023-12-03 00:00:00+00,2026-09-21 12:36:10.142818+00
9f2ff115-b74e-4c50-b96f-6e94e2cf2e8f,f9cde054-6c1e-462f-84c1-3cd2a49e251a,invoice,Nile Tech Systems,PO-2023-0015,INV-2023-0091,32946.00,,,ast-private-docs,invoices/2023/AST-IT-LAPTOP-00370.pdf,application/pdf,399302,6da9ea7e9c5d02c2878dae306589073c17515755c98bea389ae72606e0a94d1e,clean,a88277d6-7193-4856-b318-4d7fb0af2f58,2023-04-02 00:00:00+00,2026-09-21 12:36:10.142818+00
0badb66c-dfb2-4a9a-93e0-01b3513f0b69,034a8b7f-433c-4cab-b207-1fc181783f0d,invoice,CoolAir Engineering,PO-2025-0003,INV-2025-0658,32946.00,,,ast-private-docs,invoices/2025/AST-IT-LAPTOP-00322.pdf,application/pdf,429955,556c3888b9eb6eb88c018557a8eab3d18af911bcd3b95e650907d39ff9ba114f,clean,a88277d6-7193-4856-b318-4d7fb0af2f58,2025-10-06 00:00:00+00,2026-09-21 12:36:10.142818+00
77ab5caa-c176-42e7-b127-6cd290d96ff2,c6d03084-f5a9-424a-b550-03cded5331ad,invoice,Delta Computer Supplies,PO-2020-0041,INV-2020-0139,38874.00,,,ast-private-docs,invoices/2020/AST-IT-LAPTOP-00298.pdf,application/pdf,217625,b458c6d618c7215c9b6324ecc1597cacb9aa25d65b7ed380730f41fe7c3a379f,clean,a88277d6-7193-4856-b318-4d7fb0af2f58,2020-07-14 00:00:00+00,2026-09-21 12:36:10.142818+00
d58cf529-5446-4dee-856d-2d2fd97187f6,35adb947-a42f-48dc-8aa1-88bb765de796,invoice,Upper Egypt Office Works,PO-2022-0032,INV-2022-0274,28500.00,,,ast-private-docs,invoices/2022/AST-IT-LAPTOP-00226.pdf,application/pdf,395521,1bc407ad0fbada090fe730d395db9762bb136761224cd29f1a9c554a94479f05,clean,a88277d6-7193-4856-b318-4d7fb0af2f58,2022-04-28 00:00:00+00,2026-09-21 12:36:10.142818+00
a747c07a-e964-4377-9530-4b9c50acf026,333c3235-57bd-41f1-933e-95f1ea8b288e,invoice,CoolAir Engineering,PO-2019-0051,INV-2019-0182,37392.00,,,ast-private-docs,invoices/2019/AST-IT-LAPTOP-00202.pdf,application/pdf,445125,9f674ed8a77bdfcbcd74dad4feedbadb2be782ffcb88f17242330fbe4a82d0d3,clean,a88277d6-7193-4856-b318-4d7fb0af2f58,2019-12-16 00:00:00+00,2026-09-21 12:36:10.142818+00
bd865537-e433-4f22-91fa-d9ecaf3e7ade,f99f741b-31d6-465b-b4c9-1521fe24372c,invoice,LabLine Scientific,PO-2025-0053,INV-2025-0815,32946.00,,,ast-private-docs,invoices/2025/AST-IT-LAPTOP-00178.pdf,application/pdf,292003,3e14b38ba2c900a595242955a27f55d07d2a52be2b786a430df3d3d9b4b5fda5,clean,a88277d6-7193-4856-b318-4d7fb0af2f58,2025-07-06 00:00:00+00,2026-09-21 12:36:10.142818+00
962ba38f-8145-42ad-848c-44d82c5a22f5,ff96bdb1-62cb-46af-af07-46dc3cf98d7f,invoice,Delta Computer Supplies,PO-2021-0040,INV-2021-0673,34428.00,,,ast-private-docs,invoices/2021/AST-IT-LAPTOP-00154.pdf,application/pdf,308917,56ea12005fa160a375d4d273d838bab920ce574b35d8cd37a40edc79454b7829,clean,a88277d6-7193-4856-b318-4d7fb0af2f58,2021-06-07 00:00:00+00,2026-09-21 12:36:10.142818+00
2f725765-485b-4525-a852-1783fce2d3c9,23d8e810-f123-417e-ac55-fb506dc961e4,invoice,LabLine Scientific,PO-2019-0036,INV-2019-0484,32946.00,,,ast-private-docs,invoices/2019/AST-IT-LAPTOP-00106.pdf,application/pdf,486642,05474d46003743d21ffc530f50c6d5866851bce41573b1c984f27cd1d1a909f8,clean,a88277d6-7193-4856-b318-4d7fb0af2f58,2019-10-18 00:00:00+00,2026-09-21 12:36:10.142818+00
aa93372d-71f0-438f-b37e-92f9e1a2122c,371c8f5b-7f2c-4e30-8326-cf20be57901e,invoice,CoolAir Engineering,PO-2021-0031,INV-2021-0613,32946.00,,,ast-private-docs,invoices/2021/AST-IT-LAPTOP-00034.pdf,application/pdf,195655,6cb9a38dc04a96162997f3305d14154d735c5de5c74567a33aaf5e8ed8d54198,clean,a88277d6-7193-4856-b318-4d7fb0af2f58,2021-11-01 00:00:00+00,2026-09-21 12:36:10.142818+00
b365586f-d42d-4f4e-b0ca-a5a140642755,1373f268-b4a1-4773-bd7d-0def0ca0662c,invoice,Upper Egypt Office Works,PO-2024-0005,INV-2024-0824,28500.00,,,ast-private-docs,invoices/2024/AST-IT-LAPTOP-00010.pdf,application/pdf,173112,857802f83c6670b20e9dce0af12132952d709641e84eb690a2df9fdffc72e3d8,clean,a88277d6-7193-4856-b318-4d7fb0af2f58,2024-12-17 00:00:00+00,2026-09-21 12:36:10.142818+00
f53a6ba3-c3ab-4359-8099-9fe6f786be8d,ced1fc40-c2f8-4143-8f8b-84292cdaace1,invoice,CoolAir Engineering,PO-2023-0033,INV-2023-0233,38874.00,,,ast-private-docs,invoices/2023/AST-IT-LAPTOP-00419.pdf,application/pdf,170040,fd1acc00076d6c6fba2ea377d5c8d0c6aff31466079eb8d639d987adf920ab62,clean,a88277d6-7193-4856-b318-4d7fb0af2f58,2023-01-19 00:00:00+00,2026-09-21 12:36:10.142818+00
28dc1514-a768-4d63-8277-ea36e3decdfc,c9447499-81c6-4239-9254-400f41a45ed8,invoice,PowerGuard Energy,PO-2022-0057,INV-2022-0850,38874.00,,,ast-private-docs,invoices/2022/AST-IT-LAPTOP-00395.pdf,application/pdf,410663,0cb50271a4ac7fdadab93a673319e3ad79b6e958eda90c2e74d13fc0f2f3ea17,clean,a88277d6-7193-4856-b318-4d7fb0af2f58,2022-11-13 00:00:00+00,2026-09-21 12:36:10.142818+00
381169bb-be07-4b2f-8b67-e03c05894391,ab5bc906-ecb3-4539-baae-74b24206906a,invoice,CoolAir Engineering,PO-2024-0032,INV-2024-0390,35910.00,,,ast-private-docs,invoices/2024/AST-IT-LAPTOP-00347.pdf,application/pdf,396041,9acfd8e938a02580106dfd95f7ce87fee28a4a6450ff1bc4c587443ad3d4a8c3,clean,a88277d6-7193-4856-b318-4d7fb0af2f58,2024-08-22 00:00:00+00,2026-09-21 12:36:10.142818+00
e68b38b6-cd08-4817-80eb-d3cd9e74d71b,15707320-cbb1-4984-a776-895049448c18,invoice,Delta Computer Supplies,PO-2023-0032,INV-2023-0798,28500.00,,,ast-private-docs,invoices/2023/AST-IT-LAPTOP-00323.pdf,application/pdf,425295,645429b6d8fe1344cf00e20a358ae4d53e74a3367c9b6fbd3dc51bb294c4511f,clean,a88277d6-7193-4856-b318-4d7fb0af2f58,2023-04-22 00:00:00+00,2026-09-21 12:36:10.142818+00
cb2c48d1-8e8e-47f7-b99c-c745fc3e9867,d71c37c1-f089-4ce6-924f-1bfd30fd360c,invoice,Delta Computer Supplies,PO-2021-0011,INV-2021-0573,37392.00,,,ast-private-docs,invoices/2021/AST-IT-LAPTOP-00275.pdf,application/pdf,180565,a3a6804398293f916e869d4bb3e6ae26ecf02217d35a0088d227f1f9e609beba,clean,a88277d6-7193-4856-b318-4d7fb0af2f58,2021-07-03 00:00:00+00,2026-09-21 12:36:10.142818+00
c593fff2-5d9f-4d4f-9a87-c23abf6ba05d,0d4c6f27-4d61-4ee8-9e95-199882ab6329,invoice,Upper Egypt Office Works,PO-2021-0037,INV-2021-0142,35910.00,,,ast-private-docs,invoices/2021/AST-IT-LAPTOP-00251.pdf,application/pdf,364975,7722ba5b110fa950d091916a9ee6050e874e48eec1ea7d2545c017496eb5178d,clean,a88277d6-7193-4856-b318-4d7fb0af2f58,2021-06-07 00:00:00+00,2026-09-21 12:36:10.142818+00
55a6d6e6-847d-4ef8-99cc-84e9c964c334,866bf58d-cff4-4719-b726-3357fb436e70,invoice,PowerGuard Energy,PO-2023-0031,INV-2023-0602,38874.00,,,ast-private-docs,invoices/2023/AST-IT-LAPTOP-00179.pdf,application/pdf,382483,74a188213dbb0bb779176a2a769b9430a813e839a211f17ab289db3dc35d4ad6,clean,a88277d6-7193-4856-b318-4d7fb0af2f58,2023-02-03 00:00:00+00,2026-09-21 12:36:10.142818+00
3d439409-bc93-4496-96cf-dfe049da197b,be235f20-06e4-4da9-b9da-d609b91c58ef,invoice,Upper Egypt Office Works,PO-2020-0032,INV-2020-0400,37392.00,,,ast-private-docs,invoices/2020/AST-IT-LAPTOP-00083.pdf,application/pdf,448909,9c73c16d436a8ff047d4e84814096134376396877987d11bc053ee496fbd1281,clean,a88277d6-7193-4856-b318-4d7fb0af2f58,2020-09-08 00:00:00+00,2026-09-21 12:36:10.142818+00
342561dc-0c13-423a-be4e-2c4ef6fa9fda,0d30e518-585c-4756-a7f3-19caeba33493,invoice,LabLine Scientific,PO-2023-0059,INV-2023-0845,28500.00,,,ast-private-docs,invoices/2023/AST-IT-LAPTOP-00059.pdf,application/pdf,392263,8a8134d781377b6a258c127fdf988494d9564ceb1c8036fc960338288d65ad47,clean,a88277d6-7193-4856-b318-4d7fb0af2f58,2023-09-06 00:00:00+00,2026-09-21 12:36:10.142818+00
63b4d271-8035-41d1-ad85-010cbe162ac4,531d06f2-dc97-4727-8bae-d4929105d722,invoice,Upper Egypt Office Works,PO-2025-0026,INV-2025-0807,28500.00,,,ast-private-docs,invoices/2025/AST-IT-LAPTOP-00035.pdf,application/pdf,385706,c4fc9230b1d55c8f96340a12f854766ee8d9698fc9b3f032be0a90083b4b5657,clean,a88277d6-7193-4856-b318-4d7fb0af2f58,2025-08-20 00:00:00+00,2026-09-21 12:36:10.142818+00
969441f4-72da-4ed4-8c72-76d75460b783,b69fd306-6b06-4c59-961a-d2a3cd1a97e8,invoice,CoolAir Engineering,PO-2022-0036,INV-2022-0560,34428.00,,,ast-private-docs,invoices/2022/AST-IT-LAPTOP-00011.pdf,application/pdf,203470,68ac96542ca6b7be11962841af84f825272023e4bc108b894bc20c303e80283d,clean,a88277d6-7193-4856-b318-4d7fb0af2f58,2022-09-13 00:00:00+00,2026-09-21 12:36:10.142818+00
af47166e-cacb-4851-9687-d1573a17e646,a40d399f-21db-4230-b466-1d994c0db768,invoice,Upper Egypt Office Works,PO-2019-0060,INV-2019-0110,4993.20,,,ast-private-docs,invoices/2019/AST-FURN-DESK-00420.pdf,application/pdf,378652,0c0cdba74fedd814baf4184cf73170b7ec6f841e5091e5f924d2451508ee0577,clean,a88277d6-7193-4856-b318-4d7fb0af2f58,2019-09-24 00:00:00+00,2026-09-21 12:36:10.142818+00
c46ddd45-0707-4d5c-91ee-e95867c4b4b3,62ef7d8e-1a3c-41d8-a044-9fefde078224,invoice,Upper Egypt Office Works,PO-2022-0018,INV-2022-0075,4696.80,,,ast-private-docs,invoices/2022/AST-FURN-DESK-00372.pdf,application/pdf,431348,8b53d623e05a8cf6800a232eeb42e926c4d04fcd28082a702b42f22d725688b2,clean,a88277d6-7193-4856-b318-4d7fb0af2f58,2022-07-30 00:00:00+00,2026-09-21 12:36:10.142818+00
6b1e8876-9df0-479a-98ee-32216774be1f,47b98c8a-75a2-4a6b-bdee-42b3794b60f2,invoice,Delta Computer Supplies,PO-2024-0031,INV-2024-0321,4400.40,,,ast-private-docs,invoices/2024/AST-FURN-DESK-00324.pdf,application/pdf,242801,871b404092ad9936995bae492bf73cbbf789b921da55d65066ccb629cb166769,clean,a88277d6-7193-4856-b318-4d7fb0af2f58,2024-07-05 00:00:00+00,2026-09-21 12:36:10.142818+00
aae2668f-f7dd-4d50-a3e3-74bc84bf9e84,e1bf7f4c-ce10-43d5-9f59-55740d26d991,invoice,Delta Computer Supplies,PO-2023-0023,INV-2023-0606,4400.40,,,ast-private-docs,invoices/2023/AST-FURN-DESK-00300.pdf,application/pdf,500162,f90897867ce2fdf060d31e8554ef764be2716696eda89196b6d49360590d0641,clean,a88277d6-7193-4856-b318-4d7fb0af2f58,2023-05-12 00:00:00+00,2026-09-21 12:36:10.142818+00
173023a0-7436-49e7-85ca-2be18e80f9e0,4ab023fe-56e3-4b29-8558-badc2ded9fa5,invoice,LabLine Scientific,PO-2024-0050,INV-2024-0641,5289.60,,,ast-private-docs,invoices/2024/AST-FURN-DESK-00276.pdf,application/pdf,214931,f1e85df2a37d8147fd038445cb5a850a7219628a085b6ee47c8c17f47ef3e586,clean,a88277d6-7193-4856-b318-4d7fb0af2f58,2024-03-14 00:00:00+00,2026-09-21 12:36:10.142818+00
303a4479-48a4-48d3-8117-bfafd03ecfb8,425c02ac-fc8e-4acd-82fa-ec04c7d1efe7,invoice,Delta Computer Supplies,PO-2022-0047,INV-2022-0380,4400.40,,,ast-private-docs,invoices/2022/AST-FURN-DESK-00252.pdf,application/pdf,208856,9470109b05383057c819d0a6e71d3cb949fca0d13cbff50d6dd17ddd837f44e7,clean,a88277d6-7193-4856-b318-4d7fb0af2f58,2022-01-31 00:00:00+00,2026-09-21 12:36:10.142818+00
beebcb5f-9288-47b6-8678-988bbe8bdcba,a5d788c6-fc55-45f7-932d-e22ecba6057b,invoice,LabLine Scientific,PO-2023-0054,INV-2023-0191,4696.80,,,ast-private-docs,invoices/2023/AST-FURN-DESK-00228.pdf,application/pdf,501973,d5bdca303d7cf9ab4561218f886296ff5a493a072a95c112ef282f54fe1dd8cd,clean,a88277d6-7193-4856-b318-4d7fb0af2f58,2024-01-14 00:00:00+00,2026-09-21 12:36:10.142818+00
7b947056-24cb-4d19-878c-89b1a41b3c87,0ae665b9-f018-405a-870f-327a23153262,invoice,CoolAir Engineering,PO-2022-0044,INV-2022-0846,4993.20,,,ast-private-docs,invoices/2022/AST-FURN-DESK-00204.pdf,application/pdf,234949,c83e8b361996531f3463cf3ec3b934604efc7551a6fdb28f14ee55dc0c6e1e7b,clean,a88277d6-7193-4856-b318-4d7fb0af2f58,2022-06-13 00:00:00+00,2026-09-21 12:36:10.142818+00
25c0bcd3-aeed-4339-ba6c-3480b951b69f,a5aceaf8-bc0a-44c4-ac3f-d64e1d271a80,invoice,CoolAir Engineering,PO-2025-0031,INV-2025-0879,4400.40,,,ast-private-docs,invoices/2025/AST-FURN-DESK-00180.pdf,application/pdf,152613,5b82e5781478966e8d65c885dd773a21bf03b6c9400b02b9713c1dedf03a4a16,clean,a88277d6-7193-4856-b318-4d7fb0af2f58,2025-11-04 00:00:00+00,2026-09-21 12:36:10.142818+00
1cd8152e-a67b-4ec1-940b-ed16ac64e498,93876c21-0c9e-49a9-a24a-11e0cd8433fa,invoice,Upper Egypt Office Works,PO-2024-0023,INV-2024-0224,5289.60,,,ast-private-docs,invoices/2024/AST-FURN-DESK-00156.pdf,application/pdf,495060,490b2b53e32064280fc71dcdd983d24b17c0e92448685a35e5431e13498b5e63,clean,a88277d6-7193-4856-b318-4d7fb0af2f58,2024-08-29 00:00:00+00,2026-09-21 12:36:10.142818+00
af7e55da-3a86-41c9-b9a9-4ef1bde8e8fa,86c0433f-8e2c-4945-88f5-eb61ecf775ce,invoice,PowerGuard Energy,PO-2023-0005,INV-2023-0854,5289.60,,,ast-private-docs,invoices/2023/AST-FURN-DESK-00132.pdf,application/pdf,430951,93068c794b1801035696c5bd624c712fb20d13ecbc8cd2d3d8eed089c0da8b64,clean,a88277d6-7193-4856-b318-4d7fb0af2f58,2023-10-12 00:00:00+00,2026-09-21 12:36:10.142818+00
c4eb3724-1e94-4abb-b85d-a639847cf312,922c2b56-f70b-43d9-962d-02990e718976,invoice,Delta Computer Supplies,PO-2025-0021,INV-2025-0865,4400.40,,,ast-private-docs,invoices/2025/AST-FURN-DESK-00108.pdf,application/pdf,150198,eb3c44fffa5e1aece68af1ffa035feb936f56ac51f58fc0b69efccc0abea216e,clean,a88277d6-7193-4856-b318-4d7fb0af2f58,2025-03-02 00:00:00+00,2026-09-21 12:36:10.142818+00
57ad6a89-37b4-4484-a1d0-efa6e531e858,4ac924ac-9b8a-423d-898b-6bdb5b1eecbe,invoice,Delta Computer Supplies,PO-2023-0039,INV-2023-0273,4696.80,,,ast-private-docs,invoices/2023/AST-FURN-DESK-00084.pdf,application/pdf,206749,ecd9bb2bf0be12267023134d334a823b54c7de0f60b54e3028ff74b1436c2a15,clean,a88277d6-7193-4856-b318-4d7fb0af2f58,2023-07-26 00:00:00+00,2026-09-21 12:36:10.142818+00
e34170f7-53a2-48f1-b4ac-439e4c15f9b6,a97d79b8-bf69-45bf-86ff-a5a488ddf88c,invoice,Delta Computer Supplies,PO-2020-0008,INV-2020-0077,4696.80,,,ast-private-docs,invoices/2020/AST-FURN-DESK-00060.pdf,application/pdf,440231,883bd5120c844ea971c58874d032bfa3bb4058fe283a5dc446e9a12ca5b29fd5,clean,a88277d6-7193-4856-b318-4d7fb0af2f58,2020-01-20 00:00:00+00,2026-09-21 12:36:10.142818+00
48fda483-5b24-45e3-851d-ae74601d872a,b9069e48-d8db-4a30-856f-59c0b9ec67c5,invoice,Delta Computer Supplies,PO-2025-0002,INV-2025-0469,4104.00,,,ast-private-docs,invoices/2025/AST-FURN-DESK-00012.pdf,application/pdf,459989,bffb37bf591941fab16f7a6488e92a1001034f738969d55bdec5a6f95394436a,clean,a88277d6-7193-4856-b318-4d7fb0af2f58,2025-03-19 00:00:00+00,2026-09-21 12:36:10.142818+00
71292b46-f76d-4d5d-b388-c3b51b2ceec0,5bf7bd29-a12f-4781-b9d0-bfd54f897868,invoice,CoolAir Engineering,PO-2021-0030,INV-2021-0177,4400.40,,,ast-private-docs,invoices/2021/AST-FURN-DESK-00397.pdf,application/pdf,500176,47ab36819a16223dad289bc0e7bb980f994ed71707d50d3a1929aaf91fd9370f,clean,a88277d6-7193-4856-b318-4d7fb0af2f58,2021-11-28 00:00:00+00,2026-09-21 12:36:10.142818+00
8d86d65f-026b-49c6-9d2f-d0318136d415,abb6c3a1-f251-46da-ba51-4b52d59fd74c,invoice,LabLine Scientific,PO-2023-0022,INV-2023-0477,4993.20,,,ast-private-docs,invoices/2023/AST-FURN-DESK-00373.pdf,application/pdf,178129,a7f6e9e754fbb959fb6562407839b162b1126007f3893d5dce3425b65e314f5a,clean,a88277d6-7193-4856-b318-4d7fb0af2f58,2023-06-07 00:00:00+00,2026-09-21 12:36:10.142818+00
4bc38a9e-36ab-4639-96e0-0d8f34fb09cd,33dfb0fb-19ec-4b7f-b464-f3f9812b39b7,invoice,CoolAir Engineering,PO-2021-0016,INV-2021-0103,4993.20,,,ast-private-docs,invoices/2021/AST-FURN-DESK-00349.pdf,application/pdf,509774,36e3d8df77664ceb60a7ca56eadecce93818fae627f18fd9baeadfb27684d2c0,clean,a88277d6-7193-4856-b318-4d7fb0af2f58,2021-05-24 00:00:00+00,2026-09-21 12:36:10.142818+00
be3e19cc-2694-4543-b052-64aebd851ff8,4c171fa3-11db-4b74-8748-5918e0c0ed3e,invoice,Nile Tech Systems,PO-2020-0055,INV-2020-0819,4400.40,,,ast-private-docs,invoices/2020/AST-FURN-DESK-00301.pdf,application/pdf,151908,82caa14c26bdf0a3f58339db14d60b1136657c52158b59a2f6da49160e88c8f3,clean,a88277d6-7193-4856-b318-4d7fb0af2f58,2020-11-25 00:00:00+00,2026-09-21 12:36:10.142818+00
70e839a1-dc36-40b2-9a15-5faa0f31ef3d,c637be88-832d-4bc8-8f0f-74fc8315daaf,invoice,Delta Computer Supplies,PO-2019-0010,INV-2019-0766,4696.80,,,ast-private-docs,invoices/2019/AST-FURN-DESK-00277.pdf,application/pdf,420047,133a088e29e72f217a4a029d79c9cbf85c402dfe442204a920c395dacc8953de,clean,a88277d6-7193-4856-b318-4d7fb0af2f58,2019-11-27 00:00:00+00,2026-09-21 12:36:10.142818+00
8655c738-d281-47c6-94ba-4807c4241ed6,77298c56-0546-402f-a366-edf9d1119649,invoice,LabLine Scientific,PO-2024-0025,INV-2024-0525,4400.40,,,ast-private-docs,invoices/2024/AST-FURN-DESK-00229.pdf,application/pdf,262294,cbf8c7235f95f93ac33a45593fe2d5bdd054fbe08482d5762ea85b40c2e143fd,clean,a88277d6-7193-4856-b318-4d7fb0af2f58,2024-01-29 00:00:00+00,2026-09-21 12:36:10.142818+00
ee3bb72c-1cda-4a58-969d-e20aca369c5e,b999618a-3839-43e4-b43e-9ed94a450cda,invoice,LabLine Scientific,PO-2024-0049,INV-2024-0443,4696.80,,,ast-private-docs,invoices/2024/AST-FURN-DESK-00205.pdf,application/pdf,189457,e5279bd39cd3da38250fee63adebe9db25268d3e7abebb3f748d5aec0e4617ab,clean,a88277d6-7193-4856-b318-4d7fb0af2f58,2024-05-30 00:00:00+00,2026-09-21 12:36:10.142818+00
d4eeecf9-0481-4be5-9710-d69274831547,5eed4c5e-144f-412a-89ad-04edeca9f995,invoice,Nile Tech Systems,PO-2022-0019,INV-2022-0022,4696.80,,,ast-private-docs,invoices/2022/AST-FURN-DESK-00181.pdf,application/pdf,159457,29a5daeaee548dff96dd21c1fda8bc82347022b92ed1fab71d7945540517c5b2,clean,a88277d6-7193-4856-b318-4d7fb0af2f58,2022-07-16 00:00:00+00,2026-09-21 12:36:10.142818+00
e578d715-fffe-49e4-b3d4-b36fd0429639,cfefaee4-e424-4c7a-957e-e76ccabe8504,invoice,CoolAir Engineering,PO-2022-0005,INV-2022-0312,4696.80,,,ast-private-docs,invoices/2022/AST-FURN-DESK-00133.pdf,application/pdf,141356,9d49b4bb6e6a82b9a084ef089bc1b868bef2b2b3bb92d6f3c792ee9e9a9f6229,clean,a88277d6-7193-4856-b318-4d7fb0af2f58,2022-03-02 00:00:00+00,2026-09-21 12:36:10.142818+00
0c82cc9b-a478-4e43-8db4-36d65e9aae14,9f4d7c57-ada0-4305-8d3f-125034f1ab1f,invoice,Delta Computer Supplies,PO-2025-0042,INV-2025-0119,4993.20,,,ast-private-docs,invoices/2025/AST-FURN-DESK-00109.pdf,application/pdf,143927,9d76e195401a263491bf08e9590cfa5c7084cf3ba416ec66bb095513d97357a0,clean,a88277d6-7193-4856-b318-4d7fb0af2f58,2025-09-07 00:00:00+00,2026-09-21 12:36:10.142818+00
a7ac28d7-ad53-4a05-9357-bfdee7d24393,31631b15-6a13-4bba-9b7c-f6f2c3677ffc,invoice,CoolAir Engineering,PO-2020-0005,INV-2020-0620,4696.80,,,ast-private-docs,invoices/2020/AST-FURN-DESK-00085.pdf,application/pdf,344748,ab4b925c902911de0f285ecc90e3da68c561f6d98030dd8d972725a2cb1e86ca,clean,a88277d6-7193-4856-b318-4d7fb0af2f58,2020-04-26 00:00:00+00,2026-09-21 12:36:10.142818+00
e5dcf19c-e099-4323-86ca-abd510d26383,5bca1677-8958-4130-99fc-234307930124,invoice,Delta Computer Supplies,PO-2024-0040,INV-2024-0148,4104.00,,,ast-private-docs,invoices/2024/AST-FURN-DESK-00061.pdf,application/pdf,482360,ec35bc2c901cd283c8c65311d0e769688fd0602252f7628579b9ea0a5c774148,clean,a88277d6-7193-4856-b318-4d7fb0af2f58,2024-12-01 00:00:00+00,2026-09-21 12:36:10.142818+00
ee6ad64d-9ed5-4c45-bfc4-8ecd76abb5b4,c43aa763-01ff-49c7-ae22-3fb3366e2668,invoice,Upper Egypt Office Works,PO-2021-0013,INV-2021-0513,4400.40,,,ast-private-docs,invoices/2021/AST-FURN-DESK-00037.pdf,application/pdf,123782,eb2a60cea1becd8da56b565ba05716b9d268419cce01dc74ea63cd5a5409cb80,clean,a88277d6-7193-4856-b318-4d7fb0af2f58,2021-10-11 00:00:00+00,2026-09-21 12:36:10.142818+00
bb729e4b-ea1d-4f0b-9eb5-f6db42159de8,80a9c3df-bb15-4fd7-8c87-326df788dfb5,invoice,Upper Egypt Office Works,PO-2024-0035,INV-2024-0021,4993.20,,,ast-private-docs,invoices/2024/AST-FURN-DESK-00013.pdf,application/pdf,407740,165bc7537f02ce4287243af49e8c8787a65dd3b06da60e7d8fe555f0433d5abf,clean,a88277d6-7193-4856-b318-4d7fb0af2f58,2024-02-13 00:00:00+00,2026-09-21 12:36:10.142818+00
b3f68a45-9cc7-448c-9a5b-51b3bccff8b8,b58f9d6d-c8c9-4699-bd97-a3c94ff9c340,invoice,Upper Egypt Office Works,PO-2021-0008,INV-2021-0581,3032.40,,,ast-private-docs,invoices/2021/AST-FURN-CHAIR-00398.pdf,application/pdf,415229,30e35fe2a3dca7d871cb95f9a73cd931b7f4d639215b868bc6c89e7554caa65c,clean,a88277d6-7193-4856-b318-4d7fb0af2f58,2021-01-30 00:00:00+00,2026-09-21 12:36:10.142818+00
4b9d7117-6c25-4f62-8a1a-879b2ceaf1dd,049ab4bb-2152-4230-9491-51e3308b7789,invoice,LabLine Scientific,PO-2025-0007,INV-2025-0533,3032.40,,,ast-private-docs,invoices/2025/AST-FURN-CHAIR-00374.pdf,application/pdf,364438,f32020a8144775db10cec420ce9692bd0849ca42c5010a5e1a4f17dc91db0417,clean,a88277d6-7193-4856-b318-4d7fb0af2f58,2025-07-07 00:00:00+00,2026-09-21 12:36:10.142818+00
02ddccf0-3b47-4e53-a0bd-40bbb976968c,54a6b2f8-ebff-4c03-b23e-4dde9713c835,invoice,Nile Tech Systems,PO-2025-0040,INV-2025-0140,2599.20,,,ast-private-docs,invoices/2025/AST-FURN-CHAIR-00302.pdf,application/pdf,432271,afa62debcd4c1a009c430ebff83f690d73a0f80dc6cccf386476d875ef0b945c,clean,a88277d6-7193-4856-b318-4d7fb0af2f58,2025-11-23 00:00:00+00,2026-09-21 12:36:10.142818+00
213f1ac1-87d7-4e1f-a415-58e3294e3976,5b8d0c64-483b-4314-99b9-b7b2bd631d03,invoice,Nile Tech Systems,PO-2025-0012,INV-2025-0588,2815.80,,,ast-private-docs,invoices/2025/AST-FURN-CHAIR-00254.pdf,application/pdf,448620,c8b8552fe46e5e6257faf953f5ba6ff720c9214ce3994ad53b8f8294e27fba34,clean,a88277d6-7193-4856-b318-4d7fb0af2f58,2025-12-28 00:00:00+00,2026-09-21 12:36:10.142818+00
a3934dbe-84f0-4513-a595-5c4348ca2f85,ec5aa83a-7dce-4464-9335-92d8a60b93f4,invoice,PowerGuard Energy,PO-2020-0009,INV-2020-0579,3032.40,,,ast-private-docs,invoices/2020/AST-FURN-CHAIR-00230.pdf,application/pdf,243402,c9198f914a7fa769e326b39d597b881abbe095d188ad173a0388726f1eec002b,clean,a88277d6-7193-4856-b318-4d7fb0af2f58,2020-04-26 00:00:00+00,2026-09-21 12:36:10.142818+00
8f737038-4003-4b71-be8c-f856d3eb98af,990ecb0c-2eaa-4c55-9c68-1e42588d4bf3,invoice,CoolAir Engineering,PO-2024-0035,INV-2024-0725,2815.80,,,ast-private-docs,invoices/2024/AST-FURN-CHAIR-00206.pdf,application/pdf,443671,7db56197bc69ea8f98a453d5f8ab82a4504193bf5fe3afcff152a9546167d145,clean,a88277d6-7193-4856-b318-4d7fb0af2f58,2024-06-10 00:00:00+00,2026-09-21 12:36:10.142818+00
55c70021-4326-4640-88f4-d44e52d5923f,043037c7-6faf-451a-ab41-2e2a417de211,invoice,Delta Computer Supplies,PO-2024-0022,INV-2024-0636,2815.80,,,ast-private-docs,invoices/2024/AST-FURN-CHAIR-00182.pdf,application/pdf,368181,b7b8e494e5f66034d7c889574aaefacf6648dcaae509f47a1c92e5137cbe4bac,clean,a88277d6-7193-4856-b318-4d7fb0af2f58,2024-08-19 00:00:00+00,2026-09-21 12:36:10.142818+00
9855bea2-66f1-4ad7-b531-caae523c0790,005c93a5-5ee4-4b23-80d6-8f3ff2953ac3,invoice,Delta Computer Supplies,PO-2024-0042,INV-2024-0025,2599.20,,,ast-private-docs,invoices/2024/AST-FURN-CHAIR-00158.pdf,application/pdf,242971,7c239257e5a5bfa829e45fc3e261c697aa40059210672531812230e4db59c2c8,clean,a88277d6-7193-4856-b318-4d7fb0af2f58,2024-04-27 00:00:00+00,2026-09-21 12:36:10.142818+00
c9368f67-6e2d-433d-b2e8-10c03e4a4858,ade793c8-ae98-4dde-aa2a-c7483decef92,invoice,CoolAir Engineering,PO-2023-0046,INV-2023-0896,2382.60,,,ast-private-docs,invoices/2023/AST-FURN-CHAIR-00134.pdf,application/pdf,292118,eda5aada51247408b5664d95aa2415dc4cc31571b1940b0d579b18724178faa3,clean,a88277d6-7193-4856-b318-4d7fb0af2f58,2023-12-03 00:00:00+00,2026-09-21 12:36:10.142818+00
95cc09c4-046b-4385-9e7b-871160a4d8f5,7271a00c-aaf2-46f7-8db2-61a619752ba0,invoice,Nile Tech Systems,PO-2021-0013,INV-2021-0412,2815.80,,,ast-private-docs,invoices/2021/AST-FURN-CHAIR-00110.pdf,application/pdf,433676,ab174df6b28950c755a78aae0d146cda1b1d0dcb32d7c2752494b94c1646d1d8,clean,a88277d6-7193-4856-b318-4d7fb0af2f58,2021-10-05 00:00:00+00,2026-09-21 12:36:10.142818+00
307a6d09-c815-4ebc-82a1-2e94fc724b26,5c97057c-9c92-49e2-906b-2354afdd7506,invoice,Upper Egypt Office Works,PO-2023-0021,INV-2023-0102,3032.40,,,ast-private-docs,invoices/2023/AST-FURN-CHAIR-00086.pdf,application/pdf,461724,46f9f3545253f20d999163b2b1d0cf33d2a9298d09db173a4c691aecf6f5769d,clean,a88277d6-7193-4856-b318-4d7fb0af2f58,2023-03-16 00:00:00+00,2026-09-21 12:36:10.142818+00
8d7aedee-b5f4-4109-a8f2-10bee556fec3,d63c515a-26b3-4b01-aa87-def4c27b824b,invoice,Delta Computer Supplies,PO-2022-0005,INV-2022-0626,2166.00,,,ast-private-docs,invoices/2022/AST-FURN-CHAIR-00038.pdf,application/pdf,287703,7679c8b38c338ca42766fd9e6b41a259b4a915d1d2b0aa13e5f07659ddb5cf01,clean,a88277d6-7193-4856-b318-4d7fb0af2f58,2022-08-18 00:00:00+00,2026-09-21 12:36:10.142818+00
6e1c5a15-7c2f-465a-833c-82d1862a0f77,dddd16cc-3436-4cfd-9091-27bdf56b6ea7,invoice,Delta Computer Supplies,PO-2023-0056,INV-2023-0165,3032.40,,,ast-private-docs,invoices/2023/AST-FURN-CHAIR-00014.pdf,application/pdf,226076,d077af447814bbf5ebf499c5ecfc0b89c6da9c5a5c90154750cf52f86e99b3b1,clean,a88277d6-7193-4856-b318-4d7fb0af2f58,2023-12-16 00:00:00+00,2026-09-21 12:36:10.142818+00
3425cd1c-bd75-4d1f-b291-b42c274532e2,7ba84913-dcd6-4c6f-a407-7cb6559ce9dc,invoice,LabLine Scientific,PO-2026-0030,INV-2026-0087,2382.60,,,ast-private-docs,invoices/2026/AST-FURN-CHAIR-00399.pdf,application/pdf,367288,611506c5267ff4a2697fb5ba5ec3b3f5c3430b7d742823dc4fabbc341641a4f0,clean,a88277d6-7193-4856-b318-4d7fb0af2f58,2026-03-13 00:00:00+00,2026-09-21 12:36:10.142818+00
f7df3c49-fc39-40ea-8cff-33f67c3a2227,7a9ad579-f1a4-4724-b29d-55a2939ae3ee,invoice,Upper Egypt Office Works,PO-2020-0010,INV-2020-0514,2382.60,,,ast-private-docs,invoices/2020/AST-FURN-CHAIR-00327.pdf,application/pdf,324660,630fee4ce1793993449c5f766126a5b64e7e7aee9be72973924df15ef4649020,clean,a88277d6-7193-4856-b318-4d7fb0af2f58,2020-11-21 00:00:00+00,2026-09-21 12:36:10.142818+00
77ffdbc9-13b0-4e2e-aa45-b8338545b5d4,554d6041-1b26-429f-b36b-9976bf27eaa4,invoice,Delta Computer Supplies,PO-2021-0058,INV-2021-0366,2166.00,,,ast-private-docs,invoices/2021/AST-FURN-CHAIR-00303.pdf,application/pdf,360739,9518fd1827bcf08565fec28063a34acc75c33a7886e8f501d64b8c02b85c0f0c,clean,a88277d6-7193-4856-b318-4d7fb0af2f58,2021-04-17 00:00:00+00,2026-09-21 12:36:10.142818+00
384de450-d143-4200-ad71-c5664a6da917,b98c8732-94a6-4e53-a0c3-7c4cdf9d7ee9,invoice,Nile Tech Systems,PO-2022-0009,INV-2022-0257,2166.00,,,ast-private-docs,invoices/2022/AST-FURN-CHAIR-00279.pdf,application/pdf,156742,fb55fc8b0aef8d496cd72bab14f717a5f40d6e1c58b976ef3c1106a1fece06be,clean,a88277d6-7193-4856-b318-4d7fb0af2f58,2022-05-10 00:00:00+00,2026-09-21 12:36:10.142818+00
f39a8184-abd9-4bc5-acc9-31aad381de7f,3960555e-67e5-4205-b407-297b45207d44,invoice,Nile Tech Systems,PO-2019-0020,INV-2019-0628,2382.60,,,ast-private-docs,invoices/2019/AST-FURN-CHAIR-00255.pdf,application/pdf,178957,b3248fb7b380fae74cd377ab141100928b7daeee2c7b4fb262eb197d89c7324b,clean,a88277d6-7193-4856-b318-4d7fb0af2f58,2019-10-28 00:00:00+00,2026-09-21 12:36:10.142818+00
b5942d4f-1c62-4213-8f67-ce99ddd0ad64,49bf0f85-0e34-42e9-9b20-de4087bc25a3,invoice,PowerGuard Energy,PO-2025-0051,INV-2025-0259,2815.80,,,ast-private-docs,invoices/2025/AST-FURN-CHAIR-00207.pdf,application/pdf,373555,f2f547d39ee5717a06e4b81f8ebd3d2681fb91645c3452bddcdecb263816b6f2,clean,a88277d6-7193-4856-b318-4d7fb0af2f58,2025-07-18 00:00:00+00,2026-09-21 12:36:10.142818+00
1e47d0c6-d5d7-4333-98e2-50d02bbde6ef,80d44a66-fecf-48d7-ae90-6be07f028ca1,invoice,CoolAir Engineering,PO-2023-0009,INV-2023-0138,2599.20,,,ast-private-docs,invoices/2023/AST-FURN-CHAIR-00183.pdf,application/pdf,475975,2b8b69cbadea33767b416c83d47a35d99796c6321508135f92e51be15200e63b,clean,a88277d6-7193-4856-b318-4d7fb0af2f58,2024-01-03 00:00:00+00,2026-09-21 12:36:10.142818+00
eb319728-33ce-45b1-8df4-322e920f8044,846ab98f-982f-4fad-84db-55c6284b5870,invoice,LabLine Scientific,PO-2020-0046,INV-2020-0177,2166.00,,,ast-private-docs,invoices/2020/AST-FURN-CHAIR-00135.pdf,application/pdf,236487,c627b1a34ab558bcedd887c0f42e945f2fcd4bbd108ee471dbcecd31cc5eb78c,clean,a88277d6-7193-4856-b318-4d7fb0af2f58,2020-11-15 00:00:00+00,2026-09-21 12:36:10.142818+00
f135a81d-edfe-4d03-825f-944fe8c81f95,70d5fcf0-e289-4971-be31-b8f2b2de3615,invoice,Upper Egypt Office Works,PO-2024-0059,INV-2024-0174,2815.80,,,ast-private-docs,invoices/2024/AST-FURN-CHAIR-00111.pdf,application/pdf,144570,716112f930b50434005dc709658c7e282fd7427c332259d664152da6ef155266,clean,a88277d6-7193-4856-b318-4d7fb0af2f58,2024-10-12 00:00:00+00,2026-09-21 12:36:10.142818+00
54f44559-8dc1-4fd9-97a9-3c63be4ffb49,48ad148e-78a6-4700-a3f7-ef329523d118,invoice,LabLine Scientific,PO-2023-0036,INV-2023-0840,3032.40,,,ast-private-docs,invoices/2023/AST-FURN-CHAIR-00087.pdf,application/pdf,328840,7433fe9205c72212cf1f89fb054c07e76261580a808b22f755d4aa5390599ef4,clean,a88277d6-7193-4856-b318-4d7fb0af2f58,2023-11-09 00:00:00+00,2026-09-21 12:36:10.142818+00
dd259007-b07a-4470-bb0a-0a8f9a764831,ee322d04-238c-4708-aa1b-29cbc0e95468,invoice,LabLine Scientific,PO-2021-0035,INV-2021-0622,2599.20,,,ast-private-docs,invoices/2021/AST-FURN-CHAIR-00063.pdf,application/pdf,437639,49139f5f6fb06a09427c93f0a2130d886056de99af3c20fbed5e2a2f17dca257,clean,a88277d6-7193-4856-b318-4d7fb0af2f58,2021-02-23 00:00:00+00,2026-09-21 12:36:10.142818+00
5013d3ae-91ab-4904-88fe-3638538f9b90,8c8afd0c-eb92-4fae-883e-a1e74b5c8fa7,invoice,LabLine Scientific,PO-2021-0047,INV-2021-0574,2382.60,,,ast-private-docs,invoices/2021/AST-FURN-CHAIR-00039.pdf,application/pdf,485556,2f50916e6013b477a206517aaf5cc9a78c245728e9e5e0a780e7af73f533157f,clean,a88277d6-7193-4856-b318-4d7fb0af2f58,2021-12-18 00:00:00+00,2026-09-21 12:36:10.142818+00
9f11bbd2-1f29-4949-bcad-08862f3f7d3f,05eb72ca-3e8d-4948-9a47-910a57414fd4,invoice,Delta Computer Supplies,PO-2024-0008,INV-2024-0279,2599.20,,,ast-private-docs,invoices/2024/AST-FURN-CHAIR-00015.pdf,application/pdf,131973,870bc5c87f1a1bf1b7ea5873f8291915f26070cd14070de3b6ba1a42ef18d7c9,clean,a88277d6-7193-4856-b318-4d7fb0af2f58,2024-10-25 00:00:00+00,2026-09-21 12:36:10.142818+00
4d34a158-f824-4ad9-ac6a-cdeec7eb326b,64f4347e-6b2e-4d45-9a0e-c53187592a66,invoice,Nile Tech Systems,PO-2024-0060,INV-2024-0028,3442.80,,,ast-private-docs,invoices/2024/AST-FURN-CAB-00400.pdf,application/pdf,406176,3ee9c3f3a3144bb652a0e6cd18729c2a8f1bd88121e8c27b6810d34528533563,clean,a88277d6-7193-4856-b318-4d7fb0af2f58,2024-11-23 00:00:00+00,2026-09-21 12:36:10.142818+00
64e5f4f9-eb96-4e71-9bdd-a314cb53bdcf,ef971187-e6e5-4001-9043-fa9e89232dc7,invoice,PowerGuard Energy,PO-2023-0060,INV-2023-0778,3442.80,,,ast-private-docs,invoices/2023/AST-FURN-CAB-00376.pdf,application/pdf,197231,8026845cd520b9f30a9b1a26ad8a41390a5c814a2029e0ae155335bd5f2f5ace,clean,a88277d6-7193-4856-b318-4d7fb0af2f58,2023-10-19 00:00:00+00,2026-09-21 12:36:10.142818+00
acfd320b-7bce-49e0-bf18-7a54249a7915,e39eb721-001d-47b0-88db-d7bf863f4a60,invoice,LabLine Scientific,PO-2023-0007,INV-2023-0561,3944.40,,,ast-private-docs,invoices/2023/AST-FURN-CAB-00328.pdf,application/pdf,511917,afe84f44535fafd8438eb04effdd378ed03715b9223ad6639f95a74f52b5756d,clean,a88277d6-7193-4856-b318-4d7fb0af2f58,2023-07-15 00:00:00+00,2026-09-21 12:36:10.142818+00
4f8b7e10-efe2-4c66-adc8-6dbb5fb53c65,ae86aa6d-3e87-4a2a-81ed-6e34d4e56636,invoice,LabLine Scientific,PO-2021-0001,INV-2021-0838,3944.40,,,ast-private-docs,invoices/2021/AST-FURN-CAB-00304.pdf,application/pdf,348883,d2cb6143f2abc8c4de139326d00e140fff698bbb46f5f458d6b343f906e939e2,clean,a88277d6-7193-4856-b318-4d7fb0af2f58,2022-01-09 00:00:00+00,2026-09-21 12:36:10.142818+00
d9cd72a2-0484-4106-9931-350e7c48bb34,bf853716-95ce-4780-b6f6-d421c3eb7e98,invoice,Delta Computer Supplies,PO-2021-0010,INV-2021-0072,3192.00,,,ast-private-docs,invoices/2021/AST-FURN-CAB-00280.pdf,application/pdf,422482,80b35fc4997192c31cdbd3bbdad25278d3723482ae5d8cf80813b4755ffcb446,clean,a88277d6-7193-4856-b318-4d7fb0af2f58,2021-09-20 00:00:00+00,2026-09-21 12:36:10.142818+00
7f026777-faa1-4bf3-9bfa-deef64b79058,3085cb48-55e4-4415-bdca-bc7f9d0b4535,invoice,Nile Tech Systems,PO-2023-0018,INV-2023-0633,3693.60,,,ast-private-docs,invoices/2023/AST-FURN-CAB-00208.pdf,application/pdf,296682,f547d56dcdfddbc644fc3c1a026d4fa5c151c75d4790e155a4d9e45969eba2b0,clean,a88277d6-7193-4856-b318-4d7fb0af2f58,2023-07-17 00:00:00+00,2026-09-21 12:36:10.142818+00
5131af77-01a1-49d2-8690-a57b681ed2be,7fe1bcfe-74c1-4691-bec0-496189b173ff,invoice,Upper Egypt Office Works,PO-2019-0002,INV-2019-0860,3192.00,,,ast-private-docs,invoices/2019/AST-FURN-CAB-00184.pdf,application/pdf,471597,efb5f1405cb97177dccaf079962caa3930b72740cb50e653a66a7cbe619d8071,clean,a88277d6-7193-4856-b318-4d7fb0af2f58,2019-12-06 00:00:00+00,2026-09-21 12:36:10.142818+00
4bdd8750-1704-470a-bbcc-d27186bdb61c,b24049e6-3200-4839-911c-962ef0c015c8,invoice,Delta Computer Supplies,PO-2022-0028,INV-2022-0245,3693.60,,,ast-private-docs,invoices/2022/AST-FURN-CAB-00160.pdf,application/pdf,344930,164f760ee8c7b447dfc1e175ef94d3d66cf589cd85ab27978b40a37ead9d8fc8,clean,a88277d6-7193-4856-b318-4d7fb0af2f58,2022-05-14 00:00:00+00,2026-09-21 12:36:10.142818+00
86c949e7-c803-46a2-8301-6b62abbdf24d,01475fef-d0d0-4491-9afd-308a228d3be5,invoice,CoolAir Engineering,PO-2023-0045,INV-2023-0762,3693.60,,,ast-private-docs,invoices/2023/AST-FURN-CAB-00136.pdf,application/pdf,139042,63f94d045b199ea602240e52247c6564af46b7e83afa735fae328d03f8749d1f,clean,a88277d6-7193-4856-b318-4d7fb0af2f58,2023-07-26 00:00:00+00,2026-09-21 12:36:10.142818+00
16de0a09-180f-48b9-9523-9a7e471bda6e,5b5c4ba3-0d50-43b1-8add-272e9671253d,invoice,LabLine Scientific,PO-2020-0055,INV-2020-0282,3192.00,,,ast-private-docs,invoices/2020/AST-FURN-CAB-00112.pdf,application/pdf,438122,81400e2890f2e8e23055093a36a9c5f08a3cf8d0348c700d02b39532dca9ae49,clean,a88277d6-7193-4856-b318-4d7fb0af2f58,2020-05-12 00:00:00+00,2026-09-21 12:36:10.142818+00
69bc2d51-b5f1-40b8-b77a-3eb817e8d8cb,681b7608-e7f4-4112-b55c-bcfd12e19951,invoice,PowerGuard Energy,PO-2022-0050,INV-2022-0890,3442.80,,,ast-private-docs,invoices/2022/AST-FURN-CAB-00088.pdf,application/pdf,186651,3fc02992541e057b4c94728ab68536b3f12fca6da6e7ff6ae8c2fb9ddb3c236d,clean,a88277d6-7193-4856-b318-4d7fb0af2f58,2022-06-27 00:00:00+00,2026-09-21 12:36:10.142818+00
1063a1a9-c376-407d-a5ee-16edcc68cb95,bc43fd12-e262-4b39-9dd8-e95fd913f691,invoice,Delta Computer Supplies,PO-2023-0014,INV-2023-0676,3693.60,,,ast-private-docs,invoices/2023/AST-FURN-CAB-00064.pdf,application/pdf,273943,cf3a84a13b6842fbe91f34bebee2f82ff7db0fca1e6eb306fe74605a7af2c33e,clean,a88277d6-7193-4856-b318-4d7fb0af2f58,2023-05-28 00:00:00+00,2026-09-21 12:36:10.142818+00
ffc43377-325b-46e8-9169-60657a815bdc,1dae4ff8-39e9-4c3b-97c7-1f6686b1b644,invoice,LabLine Scientific,PO-2022-0016,INV-2022-0129,3944.40,,,ast-private-docs,invoices/2022/AST-FURN-CAB-00040.pdf,application/pdf,311853,fa46333ce9afe1b844a9a8fe370e133a29922ba67e748d4bcbd6e333426f3770,clean,a88277d6-7193-4856-b318-4d7fb0af2f58,2022-03-28 00:00:00+00,2026-09-21 12:36:10.142818+00
0ef5d53a-fec4-4266-884c-7e3344d559e5,ef825d0e-252d-4533-a0f6-6e2c16149ea2,invoice,Upper Egypt Office Works,PO-2023-0029,INV-2023-0830,28728.00,,,ast-private-docs,invoices/2023/AST-FAC-AC-00401.pdf,application/pdf,368957,f5a6c929c29b7a6567c261c02dbc9c3802eb9259a60c809a5361d8354d80a5e1,clean,a88277d6-7193-4856-b318-4d7fb0af2f58,2023-07-18 00:00:00+00,2026-09-21 12:36:10.142818+00
01ffa2ff-c524-4648-83a7-c7230e0b2f2e,f7afe2cc-0cda-4958-889a-434d67d83d7c,invoice,LabLine Scientific,PO-2022-0017,INV-2022-0733,38304.00,,,ast-private-docs,invoices/2022/AST-FAC-AC-00377.pdf,application/pdf,153253,0222f510457db192d7765e2ac93743655dc5276c0766ebbbc26b44cca6e269c4,clean,a88277d6-7193-4856-b318-4d7fb0af2f58,2022-08-25 00:00:00+00,2026-09-21 12:36:10.142818+00
dbd6a4bf-34ca-44d3-b1c2-6425d03706fc,cd86ca79-4209-43fa-8dc0-ce6f23a485df,invoice,CoolAir Engineering,PO-2025-0022,INV-2025-0484,28728.00,,,ast-private-docs,invoices/2025/AST-FAC-AC-00353.pdf,application/pdf,173417,c4f35480112052d38aecd038907cfcbd4652d41936ba02160a9a6ef5fc62ec6c,clean,a88277d6-7193-4856-b318-4d7fb0af2f58,2025-09-11 00:00:00+00,2026-09-21 12:36:10.142818+00
78134f9a-d9f8-4c94-af90-abea026899a3,16b21293-b6a2-480f-a726-5a1c87cec645,invoice,Delta Computer Supplies,PO-2023-0002,INV-2023-0008,23940.00,,,ast-private-docs,invoices/2023/AST-FAC-AC-00305.pdf,application/pdf,164022,452dcd8452f28774cc4b9639edd0a6d779d9426cc62c05ec7607d41e607366a5,clean,a88277d6-7193-4856-b318-4d7fb0af2f58,2023-06-12 00:00:00+00,2026-09-21 12:36:10.142818+00
b9875f0a-45fc-475d-801c-0b64e5fe2c57,3e9a4522-5167-4379-91f6-60f4d5ad68a9,invoice,Delta Computer Supplies,PO-2022-0006,INV-2022-0484,38304.00,,,ast-private-docs,invoices/2022/AST-FAC-AC-00281.pdf,application/pdf,258602,3764ec516679114f7cb03d46348bd2206f19b16bb86ccb45646743f2a62e5948,clean,a88277d6-7193-4856-b318-4d7fb0af2f58,2022-07-24 00:00:00+00,2026-09-21 12:36:10.142818+00
dac23c82-ac65-4891-b737-0e4eea67581f,c0c4170c-358b-4feb-8bd4-65e3caea002f,invoice,Delta Computer Supplies,PO-2020-0005,INV-2020-0073,28728.00,,,ast-private-docs,invoices/2020/AST-FAC-AC-00257.pdf,application/pdf,333576,9f013fd34e76e5e5c1e52fef078e76a5a6558e153b5795a6499c688ff58b3acf,clean,a88277d6-7193-4856-b318-4d7fb0af2f58,2020-06-24 00:00:00+00,2026-09-21 12:36:10.142818+00
13c2ca63-284c-4dc9-8fc8-e1984f102998,8345b397-c894-4634-ad3e-981860ed4ff8,invoice,Delta Computer Supplies,PO-2019-0047,INV-2019-0121,33516.00,,,ast-private-docs,invoices/2019/AST-FAC-AC-00233.pdf,application/pdf,406820,2ae963bf4405a4017b83867b109e50cee1fa9f35aca343fe07ffdf8588b9f4a1,clean,a88277d6-7193-4856-b318-4d7fb0af2f58,2019-12-29 00:00:00+00,2026-09-21 12:36:10.142818+00
02c15cfe-a5c5-4176-b236-ac0a7a29af01,8c7db0db-6f83-4007-95db-8ac6eca67355,invoice,PowerGuard Energy,PO-2020-0043,INV-2020-0483,33516.00,,,ast-private-docs,invoices/2020/AST-FAC-AC-00209.pdf,application/pdf,500398,1a0781f104e15ff2f8e3c1e522a2e6e0e58f2b8baa78192f9ce75b3e18613075,clean,a88277d6-7193-4856-b318-4d7fb0af2f58,2020-04-28 00:00:00+00,2026-09-21 12:36:10.142818+00
403617a8-2d98-4119-a311-d8b63e5cfd38,3f9432fa-7e81-4556-9d2c-124f5477fa22,invoice,CoolAir Engineering,PO-2022-0020,INV-2022-0855,23940.00,,,ast-private-docs,invoices/2022/AST-FAC-AC-00161.pdf,application/pdf,244021,42ff3a2347646655d66d61d07c510f52a4ccf5861688ec13de454ba63c07d4f1,clean,a88277d6-7193-4856-b318-4d7fb0af2f58,2022-12-11 00:00:00+00,2026-09-21 12:36:10.142818+00
38850aca-27f7-4c0e-aa62-dd6b0e05dea0,ae1871af-27f8-46b0-92ab-c6008a2a30fc,invoice,Upper Egypt Office Works,PO-2025-0015,INV-2025-0038,38304.00,,,ast-private-docs,invoices/2025/AST-FAC-AC-00137.pdf,application/pdf,339246,30f9eebbf5fe8676c975e8bdac73d30c49be48b886d7a93eef4bee482336c71a,clean,a88277d6-7193-4856-b318-4d7fb0af2f58,2025-05-05 00:00:00+00,2026-09-21 12:36:10.142818+00
3cb6b62d-d5b9-404c-b4e6-1e21c96bdd93,152bd1ea-1a45-4b8f-8395-fb34927e301b,invoice,CoolAir Engineering,PO-2020-0046,INV-2020-0792,38304.00,,,ast-private-docs,invoices/2020/AST-FAC-AC-00113.pdf,application/pdf,209518,484b55e4c2596144845c3e2086a5ca195b04dadb6451d88f8f96ee7902a1f1b0,clean,a88277d6-7193-4856-b318-4d7fb0af2f58,2020-08-13 00:00:00+00,2026-09-21 12:36:10.142818+00
73c88c37-1c9e-4d40-a1a4-618ce3f71231,b31ceb27-7da5-4be2-9663-6e55fafd0ec1,invoice,Delta Computer Supplies,PO-2021-0013,INV-2021-0229,28728.00,,,ast-private-docs,invoices/2021/AST-FAC-AC-00089.pdf,application/pdf,443815,f45b8d3dd565e435ea1770c93044fb68fc86adc98a45a6f9f66545a7166dfc0a,clean,a88277d6-7193-4856-b318-4d7fb0af2f58,2021-01-26 00:00:00+00,2026-09-21 12:36:10.142818+00
6e2a5ed5-aac9-489c-9db1-e5c8e9ff3586,148003af-a85e-4d2b-8321-332aa956264e,invoice,CoolAir Engineering,PO-2024-0042,INV-2024-0616,23940.00,,,ast-private-docs,invoices/2024/AST-FAC-AC-00017.pdf,application/pdf,153008,02fb77e0e94c3d3b18d108b469ff0aca49c698ec33cf63eadbbf35c7d3d2e03b,clean,a88277d6-7193-4856-b318-4d7fb0af2f58,2024-11-13 00:00:00+00,2026-09-21 12:36:10.142818+00
ae5b15ff-74cc-43ec-8edf-12b26e706bf8,2e348b1b-ebc3-45cc-9e4c-b6e68da6846f,invoice,LabLine Scientific,PO-2020-0031,INV-2020-0308,8436.00,,,ast-private-docs,invoices/2020/AST-FAC-UPS-00378.pdf,application/pdf,515651,064b285162c6058e87080f73a85b58c277a2de45b32a402c416519c0af3c5553,clean,a88277d6-7193-4856-b318-4d7fb0af2f58,2020-02-17 00:00:00+00,2026-09-21 12:36:10.142818+00
9f8b13fd-d515-4af5-ba34-eb3422ce0c18,8d82556a-4880-422b-925a-842e8f303d08,invoice,LabLine Scientific,PO-2025-0028,INV-2025-0620,9519.00,,,ast-private-docs,invoices/2025/AST-FAC-UPS-00354.pdf,application/pdf,434801,d09059e47603fddcaa0072066d01c3713828d13216eb18121cb8cbfeb4ff91e7,clean,a88277d6-7193-4856-b318-4d7fb0af2f58,2025-06-11 00:00:00+00,2026-09-21 12:36:10.142818+00
ea59c59b-93af-4a0b-83c5-cf9830065756,88bab730-e065-4622-ae76-1cfd1f3662dd,invoice,Upper Egypt Office Works,PO-2020-0044,INV-2020-0542,8436.00,,,ast-private-docs,invoices/2020/AST-FAC-UPS-00330.pdf,application/pdf,435278,a052180378327dd7a5a697059a6ad72305a90f2f329853362d115757daf49e15,clean,a88277d6-7193-4856-b318-4d7fb0af2f58,2020-08-01 00:00:00+00,2026-09-21 12:36:10.142818+00
1fb2cd3d-c159-47cc-b7f9-f44ef0229efd,a4d012bc-5210-436e-b313-d524ce50eec4,invoice,Delta Computer Supplies,PO-2020-0016,INV-2020-0091,8436.00,,,ast-private-docs,invoices/2020/AST-FAC-UPS-00306.pdf,application/pdf,310226,08dbf2e51e2de1e797e331de3c227ea6c876cc69128c8893458338348d2c97a6,clean,a88277d6-7193-4856-b318-4d7fb0af2f58,2020-03-16 00:00:00+00,2026-09-21 12:36:10.142818+00
d063f5fc-28d7-4a28-8342-141a7204fa49,5f8c097d-479b-4729-8172-b86640868e2e,invoice,Nile Tech Systems,PO-2025-0023,INV-2025-0402,8436.00,,,ast-private-docs,invoices/2025/AST-FAC-UPS-00282.pdf,application/pdf,439088,81725b0018b3c075c7313387ea682ba0c964219b01268bb0c848d076782506ea,clean,a88277d6-7193-4856-b318-4d7fb0af2f58,2025-05-13 00:00:00+00,2026-09-21 12:36:10.142818+00
9fe9394e-0741-43a4-8b48-11b611de7392,39082336-9803-4031-95a8-c5eee23e98b6,invoice,Nile Tech Systems,PO-2023-0030,INV-2023-0891,11685.00,,,ast-private-docs,invoices/2023/AST-FAC-UPS-00258.pdf,application/pdf,321517,d2e9a5b5b3cd525f70eb6c860e8545a2662a40b8a192e0517fb6ab77f119b721,clean,a88277d6-7193-4856-b318-4d7fb0af2f58,2023-03-16 00:00:00+00,2026-09-21 12:36:10.142818+00
78e778a0-429e-4826-bb44-14f0e18e7cd6,1366efcf-9b11-4708-8821-07867e9c25c6,invoice,Delta Computer Supplies,PO-2023-0023,INV-2023-0829,12768.00,,,ast-private-docs,invoices/2023/AST-FAC-UPS-00210.pdf,application/pdf,243131,838eb70d0cd7641f384266373ee953020f6833d8fefd3466c8133d5228d56240,clean,a88277d6-7193-4856-b318-4d7fb0af2f58,2023-07-16 00:00:00+00,2026-09-21 12:36:10.142818+00
e781cf68-a96f-43b8-9973-bbafb3b1c238,3d82df37-eb31-4789-9182-1acf8c0a0d77,invoice,Nile Tech Systems,PO-2020-0046,INV-2020-0082,11685.00,,,ast-private-docs,invoices/2020/AST-FAC-UPS-00138.pdf,application/pdf,485743,525298a4c2529565b5c03bd9f4de96686f2445a1829680c957c6e848d373c11e,clean,a88277d6-7193-4856-b318-4d7fb0af2f58,2020-06-04 00:00:00+00,2026-09-21 12:36:10.142818+00
87b3df17-d1f2-4a8f-8393-4909a956c729,35d6700e-4f92-4e38-81dd-2df78f813e43,invoice,LabLine Scientific,PO-2023-0052,INV-2023-0636,8436.00,,,ast-private-docs,invoices/2023/AST-FAC-UPS-00114.pdf,application/pdf,226054,3a0c3067f162aa3503fc1635143a5d52319ccd5894e54c06d4a4e0622528a837,clean,a88277d6-7193-4856-b318-4d7fb0af2f58,2023-02-03 00:00:00+00,2026-09-21 12:36:10.142818+00
d274758b-61ff-47a2-97f7-8a5dbcf956bf,4b91b883-e1a1-4b8f-8e28-5d1a77c73478,invoice,CoolAir Engineering,PO-2020-0039,INV-2020-0734,12768.00,,,ast-private-docs,invoices/2020/AST-FAC-UPS-00090.pdf,application/pdf,300524,2e9e102af41407cb515fc28d6435b4454df92767dccfeef8e8cee862a80987d0,clean,a88277d6-7193-4856-b318-4d7fb0af2f58,2020-09-06 00:00:00+00,2026-09-21 12:36:10.142818+00
dad5984f-59d1-4fb9-92de-21b01eb51245,633bf4fc-958e-469f-be48-c49a8c2cd116,invoice,PowerGuard Energy,PO-2021-0037,INV-2021-0607,12768.00,,,ast-private-docs,invoices/2021/AST-FAC-UPS-00066.pdf,application/pdf,490406,e5a001fc058de73e86767099282e29ea3417399dd3d11334b80a5bb04b08b1c3,clean,a88277d6-7193-4856-b318-4d7fb0af2f58,2021-09-25 00:00:00+00,2026-09-21 12:36:10.142818+00
8647f3e1-e1f6-448d-a4fb-0e8ef6c7f30a,1f161153-09ea-4bea-9501-621fd6755072,invoice,PowerGuard Energy,PO-2022-0034,INV-2022-0576,8436.00,,,ast-private-docs,invoices/2022/AST-FAC-UPS-00042.pdf,application/pdf,398972,f6e2207ba565f57d9f953208f1f79c3fd1d51791e3c54c4277eb45ad370dbc19,clean,a88277d6-7193-4856-b318-4d7fb0af2f58,2022-11-04 00:00:00+00,2026-09-21 12:36:10.142818+00
ed0a581c-e856-4dd6-9385-ee960870208f,88b32d42-dcd3-42a3-b781-e29c49719c8c,invoice,Nile Tech Systems,PO-2023-0022,INV-2023-0451,12426.00,,,ast-private-docs,invoices/2023/AST-IT-PRINTER-00403.pdf,application/pdf,327188,51bff80a5083e45c41a90e8a3d7e4bc6cd339f4ea5cdfdcb75bdea8f141fb03b,clean,a88277d6-7193-4856-b318-4d7fb0af2f58,2023-03-21 00:00:00+00,2026-09-21 12:36:10.142818+00
da26a825-5110-4e05-8b68-362c9dafe97a,e5c2b61b-a977-4e3c-9312-2053fe84ac7e,invoice,CoolAir Engineering,PO-2022-0011,INV-2022-0844,12426.00,,,ast-private-docs,invoices/2022/AST-IT-PRINTER-00379.pdf,application/pdf,303910,0dd8e6ebf155ce9208c01277e05b8f98929f845d44f2b1f11beb9203d1d0ccfd,clean,a88277d6-7193-4856-b318-4d7fb0af2f58,2023-01-06 00:00:00+00,2026-09-21 12:36:10.142818+00
26b0e65c-7823-4d17-8822-f94448e9651e,6b5815e3-1f9c-4f33-aa53-1136a98be71d,invoice,Nile Tech Systems,PO-2019-0024,INV-2019-0066,13395.00,,,ast-private-docs,invoices/2019/AST-IT-PRINTER-00355.pdf,application/pdf,397008,32e7ff2f64a0933c97aed877fa5c0f244616e98b3b2e9e6304aee4e6f9d2ec94,clean,a88277d6-7193-4856-b318-4d7fb0af2f58,2019-11-17 00:00:00+00,2026-09-21 12:36:10.142818+00
055b370d-abe8-4270-83d4-0aecaccc55d5,e29c31f7-8d8e-4576-94c8-e5cdcf34f043,invoice,Upper Egypt Office Works,PO-2020-0003,INV-2020-0829,10488.00,,,ast-private-docs,invoices/2020/AST-IT-PRINTER-00331.pdf,application/pdf,202788,11f5d910976ae05a3fc20dbead9184b25059063d7b9bf8dba9ed1a9450da4e36,clean,a88277d6-7193-4856-b318-4d7fb0af2f58,2020-11-14 00:00:00+00,2026-09-21 12:36:10.142818+00
07909956-348d-453a-a427-1a9a39331272,28b38db8-79d2-4c6b-9367-59cddcddd78a,invoice,PowerGuard Energy,PO-2025-0001,INV-2025-0674,10488.00,,,ast-private-docs,invoices/2025/AST-IT-PRINTER-00307.pdf,application/pdf,378442,16033c80f53fe2114a4ff5de231368ceb3c1d2bc4bb6bf7b818f754a680cdc4e,clean,a88277d6-7193-4856-b318-4d7fb0af2f58,2025-03-25 00:00:00+00,2026-09-21 12:36:10.142818+00
b4624fd3-98d6-4f74-a027-857731481bb6,b2c3d66b-cd4d-4d43-a9c5-dc6d5d8ffcb0,invoice,Upper Egypt Office Works,PO-2024-0055,INV-2024-0831,10488.00,,,ast-private-docs,invoices/2024/AST-IT-PRINTER-00283.pdf,application/pdf,272149,d555c6e1ede50a226da156cfcda40f60e47d8c4e2627edb28d526fd2e5a22c81,clean,a88277d6-7193-4856-b318-4d7fb0af2f58,2024-12-27 00:00:00+00,2026-09-21 12:36:10.142818+00
9e70e64f-a196-4d9b-aa04-510993457f40,e35e601c-6f78-4408-ba55-dcbc531ccba7,invoice,PowerGuard Energy,PO-2023-0028,INV-2023-0362,12426.00,,,ast-private-docs,invoices/2023/AST-IT-PRINTER-00187.pdf,application/pdf,147549,c0cbbdc7383a810828c3ad820c9e0a50511395c282294053cbaae10e8fa0f289,clean,a88277d6-7193-4856-b318-4d7fb0af2f58,2023-06-30 00:00:00+00,2026-09-21 12:36:10.142818+00
317e6675-5a32-49b9-b49e-0781a6306272,5810bbf3-f562-4d77-bf97-38ff07955a20,invoice,Nile Tech Systems,PO-2021-0033,INV-2021-0697,14364.00,,,ast-private-docs,invoices/2021/AST-IT-PRINTER-00163.pdf,application/pdf,219397,304633ec50ec33d3e9fafbccd9652a917052a1d15e8468da950e7daab9952300,clean,a88277d6-7193-4856-b318-4d7fb0af2f58,2021-12-10 00:00:00+00,2026-09-21 12:36:10.142818+00
500ca97f-ab74-4210-ad0f-a417ebd85083,550154dc-5d4f-47b3-8703-91791bbf8896,invoice,PowerGuard Energy,PO-2024-0001,INV-2024-0565,12426.00,,,ast-private-docs,invoices/2024/AST-IT-PRINTER-00139.pdf,application/pdf,232601,8b1abb91a4da2153dee2496cc91d20ead7bfa5e2f2db0e982c6a702b45fb86d8,clean,a88277d6-7193-4856-b318-4d7fb0af2f58,2024-10-26 00:00:00+00,2026-09-21 12:36:10.142818+00
0f520726-9f56-452b-b8cb-6161bb53e8a0,f1454554-d325-4d7d-991d-befe1b8f2ea7,invoice,PowerGuard Energy,PO-2025-0031,INV-2025-0232,10488.00,,,ast-private-docs,invoices/2025/AST-IT-PRINTER-00115.pdf,application/pdf,415377,45a33479a30fe16dc26896174029fd1970174ed8e44aa4dd6c09d74df5b0ba9e,clean,a88277d6-7193-4856-b318-4d7fb0af2f58,2025-08-20 00:00:00+00,2026-09-21 12:36:10.142818+00
d66fb407-849f-4a54-99e1-57e109aea877,cf5ba2e7-6b94-4dbc-a003-1566cc9ec1d6,invoice,Nile Tech Systems,PO-2025-0045,INV-2025-0577,12426.00,,,ast-private-docs,invoices/2025/AST-IT-PRINTER-00043.pdf,application/pdf,346549,b1367e2bcdc854dcb113d9ece74099a67451324a516c21e31e372fad66361dd0,clean,a88277d6-7193-4856-b318-4d7fb0af2f58,2025-07-24 00:00:00+00,2026-09-21 12:36:10.142818+00
ab54abbc-b4ec-4438-8a1c-0484545ecda8,832c7574-047b-40be-beda-2beb93318b0b,invoice,LabLine Scientific,PO-2025-0010,INV-2025-0873,15618.00,,,ast-private-docs,invoices/2025/AST-IT-SWITCH-00404.pdf,application/pdf,195576,6327a9ed40f9c19d279c00951f5d7ca3b1a0f089d02d8119a5fb1380c0b9949b,clean,a88277d6-7193-4856-b318-4d7fb0af2f58,2025-11-01 00:00:00+00,2026-09-21 12:36:10.142818+00
d9da50d3-7ccc-4ad1-a46e-64e23b2d8b84,1cc709ca-b880-4b67-80ce-50f03f595673,invoice,Upper Egypt Office Works,PO-2023-0003,INV-2023-0409,11970.00,,,ast-private-docs,invoices/2023/AST-IT-SWITCH-00356.pdf,application/pdf,155049,14aeb72d4daa7fcf080fee83a72321c6b9148e065cc7538a6109f36bb61bd755,clean,a88277d6-7193-4856-b318-4d7fb0af2f58,2023-07-30 00:00:00+00,2026-09-21 12:36:10.142818+00
d8e50565-822a-4f60-a631-0a0c6ae97605,c280c1ba-cd7b-4693-84e1-812891f1a559,invoice,CoolAir Engineering,PO-2023-0060,INV-2023-0735,11970.00,,,ast-private-docs,invoices/2023/AST-IT-SWITCH-00332.pdf,application/pdf,232986,954710e3626ff29f8e2dc34fd8a3d910251d8fd1a6b25e27a4dda694bbfbe558,clean,a88277d6-7193-4856-b318-4d7fb0af2f58,2023-08-30 00:00:00+00,2026-09-21 12:36:10.142818+00
b7689326-8991-472f-8c94-86788acb4386,4f9d1a2d-6a7b-4392-a598-894acb28d19b,invoice,Delta Computer Supplies,PO-2022-0002,INV-2022-0196,13794.00,,,ast-private-docs,invoices/2022/AST-IT-SWITCH-00284.pdf,application/pdf,494497,9ed99641a64740f1aa32648dc4da71830f0a5822b15ae149967b9b2e891b7107,clean,a88277d6-7193-4856-b318-4d7fb0af2f58,2022-10-07 00:00:00+00,2026-09-21 12:36:10.142818+00
800c31cf-303d-40ee-99f6-23d96e91f722,5d5065e5-7989-4060-be8b-e06b5adafc3f,invoice,CoolAir Engineering,PO-2022-0003,INV-2022-0090,15618.00,,,ast-private-docs,invoices/2022/AST-IT-SWITCH-00260.pdf,application/pdf,426004,8805f43a4e494859d6c26a3566c670f3d1685ea9e4a505b69d30b4b45b2bc609,clean,a88277d6-7193-4856-b318-4d7fb0af2f58,2022-11-19 00:00:00+00,2026-09-21 12:36:10.142818+00
45f183bf-a0ae-4a51-9cbf-1ac1d2997588,c436bbce-52e1-4e34-9045-cf81fa01bd57,invoice,Nile Tech Systems,PO-2026-0008,INV-2026-0631,11970.00,,,ast-private-docs,invoices/2026/AST-IT-SWITCH-00236.pdf,application/pdf,218211,13c4fd5834ba6de84253238610e57849d0bdae9c692c5ade1763ec1c48f5b55c,clean,a88277d6-7193-4856-b318-4d7fb0af2f58,2026-02-11 00:00:00+00,2026-09-21 12:36:10.142818+00
5b4a8baa-3848-4342-b7c1-74eff33a7dd3,00467cc1-0ce5-4719-920d-17bb7fc50ded,invoice,LabLine Scientific,PO-2020-0039,INV-2020-0160,11970.00,,,ast-private-docs,invoices/2020/AST-IT-SWITCH-00212.pdf,application/pdf,464192,5ddbe04be2e47048b67a7bcaeb60fc729a6854bc1c95cc32a5310b6bffa1d7a6,clean,a88277d6-7193-4856-b318-4d7fb0af2f58,2020-05-03 00:00:00+00,2026-09-21 12:36:10.142818+00
a5423340-e00f-42c0-ace1-45e49fc20b6b,88aa52f8-d735-4d98-9d6d-abf71c2080af,invoice,Nile Tech Systems,PO-2019-0042,INV-2019-0314,15618.00,,,ast-private-docs,invoices/2019/AST-IT-SWITCH-00188.pdf,application/pdf,504378,d87752502e8a21353abfe394c3add12fee84a45d01179f76a8b6f772e3b79921,clean,a88277d6-7193-4856-b318-4d7fb0af2f58,2019-12-10 00:00:00+00,2026-09-21 12:36:10.142818+00
547eebd0-ca00-4010-86de-380218c40b39,7250124f-2dc4-4492-b322-56162422c764,invoice,Nile Tech Systems,PO-2025-0010,INV-2025-0720,17442.00,,,ast-private-docs,invoices/2025/AST-IT-SWITCH-00164.pdf,application/pdf,296190,2d2c1f5d940a1e0d9046e84c514507e24d36ec622a5c3779f5f676ff8a787b01,clean,a88277d6-7193-4856-b318-4d7fb0af2f58,2025-04-10 00:00:00+00,2026-09-21 12:36:10.142818+00
8f37a066-a7a1-4f86-ab12-1b9e53c4cac4,efb5ac45-3c44-4ec3-9ee3-52e15db58160,invoice,PowerGuard Energy,PO-2025-0060,INV-2025-0710,13794.00,,,ast-private-docs,invoices/2025/AST-IT-SWITCH-00140.pdf,application/pdf,238450,6ca349299750fb48c3c3396b149e4d4e24a11291e23ffeb7336479c6baee633c,clean,a88277d6-7193-4856-b318-4d7fb0af2f58,2025-12-29 00:00:00+00,2026-09-21 12:36:10.142818+00
c9403285-b932-4cea-a379-42243a43f949,62cfaba8-7d2a-48b9-ae1f-ba04b998cd16,invoice,Delta Computer Supplies,PO-2019-0034,INV-2019-0801,15618.00,,,ast-private-docs,invoices/2019/AST-IT-SWITCH-00116.pdf,application/pdf,396719,34179ee69c576ff5632f6a54a09cd0a7e288b27dc65c858d6fea8fafba4cd1cc,clean,a88277d6-7193-4856-b318-4d7fb0af2f58,2019-11-21 00:00:00+00,2026-09-21 12:36:10.142818+00
a920a145-b8f1-44aa-979d-0ee7a1ed6fd7,559c20fe-2de3-400c-a520-08dc16f99239,invoice,CoolAir Engineering,PO-2021-0053,INV-2021-0292,17442.00,,,ast-private-docs,invoices/2021/AST-IT-SWITCH-00092.pdf,application/pdf,129064,251b92292f9ef4c5e546a580220e1bf07f634246bf1b596eac8771cf9a050c4d,clean,a88277d6-7193-4856-b318-4d7fb0af2f58,2021-12-07 00:00:00+00,2026-09-21 12:36:10.142818+00
2082ed1d-8eaa-4b67-aeb7-bc470c27210e,714404dd-0ea9-4606-8617-a537135a8c97,invoice,Delta Computer Supplies,PO-2022-0022,INV-2022-0484,13794.00,,,ast-private-docs,invoices/2022/AST-IT-SWITCH-00068.pdf,application/pdf,425403,e8c68a4b27eb56774a97aa49513a60a81019c5be695950cd5f8459058b6aca7d,clean,a88277d6-7193-4856-b318-4d7fb0af2f58,2022-02-12 00:00:00+00,2026-09-21 12:36:10.142818+00
f8f6c75a-fccc-48f8-b35b-e7bb79d60312,3dbc67c6-5c4d-429b-b3c0-77fe16988f3e,invoice,Nile Tech Systems,PO-2024-0013,INV-2024-0490,17442.00,,,ast-private-docs,invoices/2024/AST-IT-SWITCH-00044.pdf,application/pdf,289397,3ab8eb9ccff51d3312befad7a2a610bd4bb811c35e2a77ee23def42cff298968,clean,a88277d6-7193-4856-b318-4d7fb0af2f58,2024-01-19 00:00:00+00,2026-09-21 12:36:10.142818+00
e123687d-4469-4a3b-96db-f42e519314c5,2a528e66-b617-4e91-a3d2-ec0f6796529d,invoice,Delta Computer Supplies,PO-2019-0009,INV-2019-0378,21318.00,,,ast-private-docs,invoices/2019/AST-IT-PROJ-00405.pdf,application/pdf,415459,28373d219aed52ea67a9f87ca0acc403298cd09ec6c8aeec0037be6b25745db3,clean,a88277d6-7193-4856-b318-4d7fb0af2f58,2019-09-14 00:00:00+00,2026-09-21 12:36:10.142818+00
7f50b066-27d6-4960-bc6a-8e7e9158099a,82c25a93-995b-40cd-ba33-04e2f4ae556e,invoice,Nile Tech Systems,PO-2022-0055,INV-2022-0219,18924.00,,,ast-private-docs,invoices/2022/AST-IT-PROJ-00357.pdf,application/pdf,148950,b9d10cdf18f4994d1a664bbc11b636410a20799177410f0b2f3890e6cade381f,clean,a88277d6-7193-4856-b318-4d7fb0af2f58,2022-05-15 00:00:00+00,2026-09-21 12:36:10.142818+00
0d2f823c-8f64-4dd2-bd94-c3a561264138,f03b2ffe-314e-43ee-ab40-699977bc2253,invoice,PowerGuard Energy,PO-2020-0037,INV-2020-0207,18924.00,,,ast-private-docs,invoices/2020/AST-IT-PROJ-00309.pdf,application/pdf,262915,d671feb3551f637ff42ace3a9b83e5878379f11bd34b68ef573f0f6c9783cfe9,clean,a88277d6-7193-4856-b318-4d7fb0af2f58,2020-04-07 00:00:00+00,2026-09-21 12:36:10.142818+00
917ca0c0-591e-452d-9a9d-f5a2d1b192e9,890675af-b0d5-4ab7-aada-2cc496ebede6,invoice,CoolAir Engineering,PO-2020-0050,INV-2020-0038,21318.00,,,ast-private-docs,invoices/2020/AST-IT-PROJ-00285.pdf,application/pdf,220752,c2de9c75b5af7915720c3b6ec05827e3f3a3a0b8962d9bfe78d5a8cc0175fea3,clean,a88277d6-7193-4856-b318-4d7fb0af2f58,2020-01-16 00:00:00+00,2026-09-21 12:36:10.142818+00
9aca0255-e474-48f7-b7e2-80119027dedf,027bcbe3-1df7-4e1b-8002-9f246d505d52,invoice,PowerGuard Energy,PO-2025-0019,INV-2025-0097,18924.00,,,ast-private-docs,invoices/2025/AST-IT-PROJ-00261.pdf,application/pdf,481679,901e9ea46d755ded2382d7ca285b0b46be09e7af1aa8eba87f2788f93104a00d,clean,a88277d6-7193-4856-b318-4d7fb0af2f58,2025-10-08 00:00:00+00,2026-09-21 12:36:10.142818+00
5ca72087-4286-4694-8dbd-e1ea4fd7db1e,11dd7026-107f-4ab0-94ef-c7dd46e8b02d,invoice,Upper Egypt Office Works,PO-2023-0029,INV-2023-0748,16530.00,,,ast-private-docs,invoices/2023/AST-IT-PROJ-00237.pdf,application/pdf,183936,45b3262642fefac3fb998615ba3d70c3f640bdaaf67b6924bd33bd3df890c255,clean,a88277d6-7193-4856-b318-4d7fb0af2f58,2023-04-12 00:00:00+00,2026-09-21 12:36:10.142818+00
a69ad17f-dd5d-4af2-8cc2-88878bb1eaa1,03f5850e-92bd-4a5a-b8a7-dec25e1eab57,invoice,Delta Computer Supplies,PO-2024-0058,INV-2024-0311,21318.00,,,ast-private-docs,invoices/2024/AST-IT-PROJ-00213.pdf,application/pdf,290856,d03df871a0f08dc6521e9f5f289d96a945c5de9d18f5229c3f286620c56e1e9c,clean,a88277d6-7193-4856-b318-4d7fb0af2f58,2024-11-22 00:00:00+00,2026-09-21 12:36:10.142818+00
45a4ee51-6d8c-4ffd-a97e-54abb56b5d12,d08e3369-1186-4b80-ad3e-83a134b80b87,invoice,CoolAir Engineering,PO-2022-0041,INV-2022-0302,21318.00,,,ast-private-docs,invoices/2022/AST-IT-PROJ-00189.pdf,application/pdf,333685,c3aa477c008fca6ab4c91dcc6f164382b3939fcfcce49970ba65bf11d6b37c7b,clean,a88277d6-7193-4856-b318-4d7fb0af2f58,2022-09-14 00:00:00+00,2026-09-21 12:36:10.142818+00
a6d15dc3-6379-4ae8-b9dc-815fea694de7,228c0a54-08b1-4b59-8dc8-c7747ec40b3e,invoice,CoolAir Engineering,PO-2023-0007,INV-2023-0367,18924.00,,,ast-private-docs,invoices/2023/AST-IT-PROJ-00165.pdf,application/pdf,391243,67aab0cba54fcfa2caef14f778bff971e006cb2817616c1c9fc07f7a955dad9a,clean,a88277d6-7193-4856-b318-4d7fb0af2f58,2023-07-28 00:00:00+00,2026-09-21 12:36:10.142818+00
154337fa-3a1b-41dc-9b61-890b7d688893,08d95983-0bee-4182-af3d-4fa2d1c35d03,invoice,CoolAir Engineering,PO-2023-0047,INV-2023-0097,21318.00,,,ast-private-docs,invoices/2023/AST-IT-PROJ-00141.pdf,application/pdf,442014,8a4d3b3d2f49f9a6f07360b7333f0a6aaa779881aa5862d658143f76801e410c,clean,a88277d6-7193-4856-b318-4d7fb0af2f58,2023-12-27 00:00:00+00,2026-09-21 12:36:10.142818+00
c8bc6b32-9649-4633-beee-d18af1c66d9f,ad70c26e-da27-4579-9127-074cce3c7399,invoice,PowerGuard Energy,PO-2023-0039,INV-2023-0862,16530.00,,,ast-private-docs,invoices/2023/AST-IT-PROJ-00093.pdf,application/pdf,344926,85c759f684cf0581a9a66aa82d6851b68af0af2824b67d89f962ae2b8306f21b,clean,a88277d6-7193-4856-b318-4d7fb0af2f58,2023-05-14 00:00:00+00,2026-09-21 12:36:10.142818+00
dc7d5146-3a69-495a-9b24-2dd0f99a12ad,9cd6b15d-724e-43d3-9850-a44b811353ba,invoice,CoolAir Engineering,PO-2026-0032,INV-2026-0485,16530.00,,,ast-private-docs,invoices/2026/AST-IT-PROJ-00069.pdf,application/pdf,496075,d510735b676fdcde16cdb862afbcc00ddb94c8b6f48a687b673d4a5257b0cdee,clean,a88277d6-7193-4856-b318-4d7fb0af2f58,2026-02-19 00:00:00+00,2026-09-21 12:36:10.142818+00
b3f6bf08-8084-42a1-87c0-139789432114,070d78f4-1bc0-43c0-aaec-fcb4a90ed8a5,invoice,CoolAir Engineering,PO-2021-0041,INV-2021-0798,18924.00,,,ast-private-docs,invoices/2021/AST-IT-PROJ-00045.pdf,application/pdf,448935,5c3739fd7f690d1c533e69c6cf026b05fb1b9fe45064491d7bc30d3e2350a226,clean,a88277d6-7193-4856-b318-4d7fb0af2f58,2021-05-12 00:00:00+00,2026-09-21 12:36:10.142818+00
ec6a85d6-f4ba-4194-a075-7bc39adc7bfe,532e2a01-97ae-42aa-969f-6eff4f5b9ab5,invoice,CoolAir Engineering,PO-2020-0038,INV-2020-0307,16530.00,,,ast-private-docs,invoices/2020/AST-IT-PROJ-00021.pdf,application/pdf,193645,46c3ad77ffce14af5ab0a79245b2868680ea1a28f2e7af2206b0acffd803d026,clean,a88277d6-7193-4856-b318-4d7fb0af2f58,2020-01-25 00:00:00+00,2026-09-21 12:36:10.142818+00
fb6db60d-f162-44b1-af22-f2aa9bc382ab,00222747-db35-4e0a-86df-e34d11f449b3,invoice,Delta Computer Supplies,PO-2022-0028,INV-2022-0295,70680.00,,,ast-private-docs,invoices/2022/AST-LAB-OSC-00406.pdf,application/pdf,250033,63099b7ee07cd53274266ade1587b5341fcf592c2401bfeb148dfe5f384961ff,clean,a88277d6-7193-4856-b318-4d7fb0af2f58,2022-06-06 00:00:00+00,2026-09-21 12:36:10.142818+00
f90474a6-4dd4-44c8-a618-b0974ef5f6f3,1e33351a-317b-41ce-8c95-23d0ba4fb3bb,invoice,CoolAir Engineering,PO-2025-0021,INV-2025-0195,81510.00,,,ast-private-docs,invoices/2025/AST-LAB-OSC-00382.pdf,application/pdf,475413,96c670b28512eb3c6d4ac6830d402370f9cf85bdd9e466d194949604fda43940,clean,a88277d6-7193-4856-b318-4d7fb0af2f58,2025-03-24 00:00:00+00,2026-09-21 12:36:10.142818+00
e53db0f1-7ee6-4995-9e3c-081696a65d36,a8fec32f-4bde-47d0-aa4e-8c058ce61ec8,invoice,Nile Tech Systems,PO-2024-0054,INV-2024-0449,92340.00,,,ast-private-docs,invoices/2024/AST-LAB-OSC-00358.pdf,application/pdf,275416,5935682aa756178779baa357fc49ce7c693538fa3adae9b4f3a887d57592cf32,clean,a88277d6-7193-4856-b318-4d7fb0af2f58,2024-11-16 00:00:00+00,2026-09-21 12:36:10.142818+00
13871de0-9692-4dbf-9184-a83d15650f61,34875e76-b807-41d4-8133-023d994186f5,invoice,PowerGuard Energy,PO-2023-0047,INV-2023-0194,70680.00,,,ast-private-docs,invoices/2023/AST-LAB-OSC-00334.pdf,application/pdf,137344,99edf572a2ef740f60532dc3c600893d2d017b4a904d77f18a108acde2a34b76,clean,a88277d6-7193-4856-b318-4d7fb0af2f58,2023-07-28 00:00:00+00,2026-09-21 12:36:10.142818+00
0f14c6d7-1871-41d0-8a19-e02d0723e686,67797a5f-d034-4d25-bfcd-aa7b31367225,invoice,PowerGuard Energy,PO-2020-0003,INV-2020-0816,92340.00,,,ast-private-docs,invoices/2020/AST-LAB-OSC-00310.pdf,application/pdf,470443,c204ac106462f66f2e88254e19fddccf0f39d1cfdf77ccddc9625f781085e7e5,clean,a88277d6-7193-4856-b318-4d7fb0af2f58,2020-07-10 00:00:00+00,2026-09-21 12:36:10.142818+00
50ca398f-be37-4a50-b2a5-88d628e4efb8,84680d23-d8b1-45bd-ba2d-92acc232d29f,invoice,Nile Tech Systems,PO-2023-0028,INV-2023-0785,92340.00,,,ast-private-docs,invoices/2023/AST-LAB-OSC-00286.pdf,application/pdf,262241,db6d8ad2959216197051c8d94501d72215750afab7457d614864a6a3481e2556,clean,a88277d6-7193-4856-b318-4d7fb0af2f58,2023-04-03 00:00:00+00,2026-09-21 12:36:10.142818+00
b6006f96-14d2-46eb-a76a-1750a2dc6578,cde48c12-3a09-4ca8-a061-50fc175bfb86,invoice,Delta Computer Supplies,PO-2022-0045,INV-2022-0408,70680.00,,,ast-private-docs,invoices/2022/AST-LAB-OSC-00262.pdf,application/pdf,257144,0c15446f05accbd938d18fb8152bf038fd7c598a379d864e86fc8903cb8f8748,clean,a88277d6-7193-4856-b318-4d7fb0af2f58,2022-01-17 00:00:00+00,2026-09-21 12:36:10.142818+00
1f3ce82e-156d-4b18-b3a5-0dadf4cdf472,0bd6559f-9592-40f3-8c97-fde0cb50e6b4,invoice,CoolAir Engineering,PO-2021-0059,INV-2021-0741,103170.00,,,ast-private-docs,invoices/2021/AST-LAB-OSC-00238.pdf,application/pdf,439263,4ccee231a7127e10c850486dbd466e8acb99bba6b58f4740efd5f620f22b4db4,clean,a88277d6-7193-4856-b318-4d7fb0af2f58,2021-03-15 00:00:00+00,2026-09-21 12:36:10.142818+00
0187b272-b3a8-4051-bbad-01ae1fabcc28,03d0f3b4-1d04-4940-994b-2a431fd5dd7b,invoice,Delta Computer Supplies,PO-2024-0033,INV-2024-0247,92340.00,,,ast-private-docs,invoices/2024/AST-LAB-OSC-00214.pdf,application/pdf,432769,191ecfcfd89fcf49db69a7ba85f208e5e78bf365f99d8c36de90297d8bfa9902,clean,a88277d6-7193-4856-b318-4d7fb0af2f58,2024-01-18 00:00:00+00,2026-09-21 12:36:10.142818+00
854086e5-5568-4e52-a19e-931a5be8f291,edbb1f34-97db-4120-88ea-23d452ef52c5,invoice,Delta Computer Supplies,PO-2021-0021,INV-2021-0880,92340.00,,,ast-private-docs,invoices/2021/AST-LAB-OSC-00190.pdf,application/pdf,493869,067ba2189527d3e8fb541f044809b21a708093cbf69b327b18dcb63b6ef39623,clean,a88277d6-7193-4856-b318-4d7fb0af2f58,2021-08-02 00:00:00+00,2026-09-21 12:36:10.142818+00
b613cee4-7435-4b4a-b2cd-33c82af73fbb,a3985487-ac7c-4e99-944f-0072c21a653a,invoice,PowerGuard Energy,PO-2023-0035,INV-2023-0127,103170.00,,,ast-private-docs,invoices/2023/AST-LAB-OSC-00142.pdf,application/pdf,392582,985d29c22d51889d93fbe8dcd547820c9746412e270a6089e54bd91208409b17,clean,a88277d6-7193-4856-b318-4d7fb0af2f58,2023-11-01 00:00:00+00,2026-09-21 12:36:10.142818+00
7fd8e562-57a8-48e8-a958-2eac2224eac5,a91c1213-d486-49c1-a3de-e25a79c1d1ef,invoice,Upper Egypt Office Works,PO-2019-0042,INV-2019-0553,92340.00,,,ast-private-docs,invoices/2019/AST-LAB-OSC-00118.pdf,application/pdf,330658,7835f357ac16cd8855a08e93d5402734661d264ad546f3d627b93c6a144c2b4a,clean,a88277d6-7193-4856-b318-4d7fb0af2f58,2019-10-29 00:00:00+00,2026-09-21 12:36:10.142818+00
b1450824-d856-4b0f-8fde-6a84515b552b,05e4cda7-5c0e-42e9-ad92-ce1ccf7dfdd7,invoice,CoolAir Engineering,PO-2020-0010,INV-2020-0319,92340.00,,,ast-private-docs,invoices/2020/AST-LAB-OSC-00094.pdf,application/pdf,451669,645473b01c778ca539e344b86ce9b28fba2ee2f1e6d0eba0be2feacd82001de2,clean,a88277d6-7193-4856-b318-4d7fb0af2f58,2020-07-04 00:00:00+00,2026-09-21 12:36:10.142818+00
ce1eff8c-d8c5-42a3-b016-99dd5ab8605f,bfcd160b-2fa1-4ad5-b810-c6f9f87aa97b,invoice,Nile Tech Systems,PO-2020-0004,INV-2020-0675,81510.00,,,ast-private-docs,invoices/2020/AST-LAB-OSC-00070.pdf,application/pdf,127147,a877645c6fbe721844bd53b3ff2f737bde630144a9cbc3df05febc766433d973,clean,a88277d6-7193-4856-b318-4d7fb0af2f58,2020-10-23 00:00:00+00,2026-09-21 12:36:10.142818+00
18376517-cd2a-481f-80ac-0ab36e434f5a,9442d853-d0d5-46d0-8059-54ef6893b55f,invoice,Nile Tech Systems,PO-2021-0001,INV-2021-0302,70680.00,,,ast-private-docs,invoices/2021/AST-LAB-OSC-00046.pdf,application/pdf,153011,3b7b6f5fddf34b9b3430c7b8294088c392f00f777998aa8685b7999cfaf12a3d,clean,a88277d6-7193-4856-b318-4d7fb0af2f58,2021-11-04 00:00:00+00,2026-09-21 12:36:10.142818+00
e14f0305-5dfd-4489-9227-013074821fe0,59a67054-892a-476c-93d1-41fc04fbb793,invoice,CoolAir Engineering,PO-2023-0025,INV-2023-0897,92340.00,,,ast-private-docs,invoices/2023/AST-LAB-OSC-00022.pdf,application/pdf,127716,ca0acc160b56cd2cc312dce806ba33fc86ab944ecdb8ebe01b3b3ae025809f75,clean,a88277d6-7193-4856-b318-4d7fb0af2f58,2023-09-12 00:00:00+00,2026-09-21 12:36:10.142818+00
b2af51c1-ac08-405c-8ede-e9bf1465f10e,6439ccdc-2d33-4bae-b07b-f6e7c4676f4d,invoice,LabLine Scientific,PO-2024-0053,INV-2024-0383,40356.00,,,ast-private-docs,invoices/2024/AST-LAB-3DP-00407.pdf,application/pdf,225518,d8bb1932823f363e8a5a4f83d22988c8a952eaa0b782a4ff8183118f7ad5bcb9,clean,a88277d6-7193-4856-b318-4d7fb0af2f58,2024-08-23 00:00:00+00,2026-09-21 12:36:10.142818+00
4132a3fd-4689-4f3a-9d31-aa67391ea8d5,6dc09c81-a2db-4c48-abdc-c8584b0da089,invoice,Upper Egypt Office Works,PO-2024-0012,INV-2024-0857,40356.00,,,ast-private-docs,invoices/2024/AST-LAB-3DP-00383.pdf,application/pdf,370626,b3bd0dfa5e4daf34c82dc0700743f39768e60ffc90e41f97ec05be68171e36c1,clean,a88277d6-7193-4856-b318-4d7fb0af2f58,2024-02-15 00:00:00+00,2026-09-21 12:36:10.142818+00
e36b436d-10ae-424a-9227-8b1e6dce3f5f,13319f71-4077-42ca-9cf9-67304d699aa5,invoice,PowerGuard Energy,PO-2024-0026,INV-2024-0431,36708.00,,,ast-private-docs,invoices/2024/AST-LAB-3DP-00359.pdf,application/pdf,481088,190d0bee4a7b010cbbdea95390947f22e910177ebe0f9dc6713abab4387a07f2,clean,a88277d6-7193-4856-b318-4d7fb0af2f58,2024-04-23 00:00:00+00,2026-09-21 12:36:10.142818+00
30dc3eae-e6f2-4877-8c32-be381b25a3c9,df9ccf62-d5a2-492f-96e6-2e39bbf5a148,invoice,CoolAir Engineering,PO-2022-0045,INV-2022-0287,40356.00,,,ast-private-docs,invoices/2022/AST-LAB-3DP-00335.pdf,application/pdf,189485,0b32ad2b9f68c08153995b497f8514d15982e19557938d93d7e6176fcf6a3855,clean,a88277d6-7193-4856-b318-4d7fb0af2f58,2022-11-10 00:00:00+00,2026-09-21 12:36:10.142818+00
e3659065-5796-42bd-ac88-9936da3c6993,3d0a6046-1b99-4bfd-a909-61a0bce67f46,invoice,Delta Computer Supplies,PO-2021-0019,INV-2021-0842,44004.00,,,ast-private-docs,invoices/2021/AST-LAB-3DP-00311.pdf,application/pdf,215085,9fb9d4c08087a5f52d91299cd95f6b5a98f220a1175eba87e4e4979831ce771e,clean,a88277d6-7193-4856-b318-4d7fb0af2f58,2021-11-15 00:00:00+00,2026-09-21 12:36:10.142818+00
8cbfebab-e51a-425f-85e9-4bb5d638a368,c028f3a2-c1d5-4e21-b025-70408c54dc7f,invoice,Nile Tech Systems,PO-2020-0051,INV-2020-0714,33060.00,,,ast-private-docs,invoices/2020/AST-LAB-3DP-00263.pdf,application/pdf,375085,099f07fcbdfe6d0dca897c28ca654ca7eb0bef6d22cc6684e3335ed7def8bca4,clean,a88277d6-7193-4856-b318-4d7fb0af2f58,2020-04-07 00:00:00+00,2026-09-21 12:36:10.142818+00
4062e844-a7ab-42eb-ab7f-66b8caf98db4,43c79abc-7faa-4989-96d6-f9fc1b86b0af,invoice,Delta Computer Supplies,PO-2022-0014,INV-2022-0851,36708.00,,,ast-private-docs,invoices/2022/AST-LAB-3DP-00239.pdf,application/pdf,290958,7ec0156cdbf5010431baedc104b25468777aba0717457bfdb37320b38ba0bf0b,clean,a88277d6-7193-4856-b318-4d7fb0af2f58,2022-05-26 00:00:00+00,2026-09-21 12:36:10.142818+00
c195ca25-0ed7-4abd-9907-1712b25f5137,ac6d9a84-04e2-4e0e-b855-6bcb57623c9c,invoice,Nile Tech Systems,PO-2021-0036,INV-2021-0560,40356.00,,,ast-private-docs,invoices/2021/AST-LAB-3DP-00215.pdf,application/pdf,164458,665a5fb19619c8b3b9e9a1841cebc33911eff2b19aa613198c3f3d5df3cfc285,clean,a88277d6-7193-4856-b318-4d7fb0af2f58,2021-09-02 00:00:00+00,2026-09-21 12:36:10.142818+00
d58b1496-c7b9-47bd-b46f-55f9fc257fa7,ac62ddf3-4b43-4054-8d4f-806e398b66be,invoice,Nile Tech Systems,PO-2021-0016,INV-2021-0481,40356.00,,,ast-private-docs,invoices/2021/AST-LAB-3DP-00191.pdf,application/pdf,473676,d5e63a1c12ae1f061c41a4225151bc417b77c463873d0709875f1c1190a6e78e,clean,a88277d6-7193-4856-b318-4d7fb0af2f58,2021-08-04 00:00:00+00,2026-09-21 12:36:10.142818+00
2fa678cc-3bd7-4d15-afb2-20de69806cfc,9abf21f5-f9b9-48a4-8041-586b3be5a122,invoice,Nile Tech Systems,PO-2022-0044,INV-2022-0510,36708.00,,,ast-private-docs,invoices/2022/AST-LAB-3DP-00167.pdf,application/pdf,252834,698a158008959c448a14ae5359ebd6d2faca6553d1e6acc2d8b9ef88f3644c64,clean,a88277d6-7193-4856-b318-4d7fb0af2f58,2022-09-18 00:00:00+00,2026-09-21 12:36:10.142818+00
790b594b-cab5-4fd7-bc9a-e917cbadc2d8,7107d2e4-b73a-499f-9301-7fb24da91994,invoice,Upper Egypt Office Works,PO-2023-0052,INV-2023-0038,36708.00,,,ast-private-docs,invoices/2023/AST-LAB-3DP-00143.pdf,application/pdf,372141,2b4a92b00326e614184c5b166c0170215c2e9f8cfde48de19055dca94ab7364e,clean,a88277d6-7193-4856-b318-4d7fb0af2f58,2023-10-06 00:00:00+00,2026-09-21 12:36:10.142818+00
3660a039-900a-41e6-86c8-fe28ea0891ea,dc3e872b-7036-48ff-8730-0d7db909be22,invoice,Upper Egypt Office Works,PO-2020-0031,INV-2020-0113,40356.00,,,ast-private-docs,invoices/2020/AST-LAB-3DP-00119.pdf,application/pdf,207062,00da69f09d0d144ca1ab4829b729813a75fc4e7cc0a1e1fbc7bc80ccec7400bf,clean,a88277d6-7193-4856-b318-4d7fb0af2f58,2020-07-03 00:00:00+00,2026-09-21 12:36:10.142818+00
3c6d6c20-171d-42c6-b4ee-38b1604435b7,6a3bfaf6-aedd-4006-b6c3-d8205e4192b3,invoice,LabLine Scientific,PO-2025-0034,INV-2025-0485,40356.00,,,ast-private-docs,invoices/2025/AST-LAB-3DP-00095.pdf,application/pdf,313084,d9ece81519d2fdbb7fee100e2c343a0151dac03e90a69e10d53b6142b3142458,clean,a88277d6-7193-4856-b318-4d7fb0af2f58,2025-09-26 00:00:00+00,2026-09-21 12:36:10.142818+00
eb75c971-75a9-4367-8622-5f3232c24ce6,d7238598-208f-4d36-a514-45c86dd38e2c,invoice,LabLine Scientific,PO-2020-0046,INV-2020-0316,40356.00,,,ast-private-docs,invoices/2020/AST-LAB-3DP-00071.pdf,application/pdf,486836,11f7166527bf5e07c86f1fbebbb9d3c79d1affefe5e2a877005cd0357d6a77e4,clean,a88277d6-7193-4856-b318-4d7fb0af2f58,2020-03-11 00:00:00+00,2026-09-21 12:36:10.142818+00
fbda4e0b-c163-4f99-91d2-551baf3ca044,4f9b45aa-3644-4ee1-a6c7-0e26f274d3cb,invoice,Upper Egypt Office Works,PO-2019-0047,INV-2019-0422,40356.00,,,ast-private-docs,invoices/2019/AST-LAB-3DP-00047.pdf,application/pdf,353869,d1385a547ed92c10125dd4c20c1c7f65cc589b1dcde9cfb700a29af9fd3bfa2f,clean,a88277d6-7193-4856-b318-4d7fb0af2f58,2019-10-19 00:00:00+00,2026-09-21 12:36:10.142818+00
a3a5ae42-8771-44ea-9fdd-36de8ea00ce0,e4e5787f-00c2-4d1f-abd0-bdc25b66e652,invoice,PowerGuard Energy,PO-2025-0002,INV-2025-0748,40356.00,,,ast-private-docs,invoices/2025/AST-LAB-3DP-00023.pdf,application/pdf,396451,9a198f23310bd12209b75491c8de4286ce0451524014bc391d6093668eff86e4,clean,a88277d6-7193-4856-b318-4d7fb0af2f58,2025-10-08 00:00:00+00,2026-09-21 12:36:10.142818+00
902dbf56-942f-48d0-83aa-63d50e9cdef1,31cb68c4-04b9-459f-a319-f54f64093777,warranty,LabLine Scientific,,,,Supplier extended cover,2026-12-03,ast-private-docs,warranties/AST-IT-PC-00408.pdf,application/pdf,154984,042de2bffb3759568d1f39bad0286e9ce5659382424de6e8521496c9bb304fac,clean,a88277d6-7193-4856-b318-4d7fb0af2f58,2023-12-18 00:00:00+00,2026-09-21 12:36:10.142818+00
6a9d5f6d-3ec1-4726-8016-e38cb2446aa5,7db9993a-c311-4055-9ee8-5ed5c9175837,warranty,Upper Egypt Office Works,,,,Service contract,2026-11-24,ast-private-docs,warranties/AST-IT-PC-00384.pdf,application/pdf,182945,f45eeb28711c352409e714f85269903a858219cd62a019be6e1c7018fedb5a35,clean,a88277d6-7193-4856-b318-4d7fb0af2f58,2024-12-08 00:00:00+00,2026-09-21 12:36:10.142818+00
41ff5d91-16b6-4115-aed5-b0e69b292dcb,f21f1a4e-f67b-4afc-831b-02970ae18b92,warranty,PowerGuard Energy,,,,Manufacturer warranty,2028-03-02,ast-private-docs,warranties/AST-IT-PC-00360.pdf,application/pdf,207024,0cef67c622d5ed3deecedca16047ac1138444e74d423e09844572aa9be5e9b43,clean,a88277d6-7193-4856-b318-4d7fb0af2f58,2026-03-17 00:00:00+00,2026-09-21 12:36:10.142818+00
32919db6-73ea-47d5-805a-83130713008b,e5f03288-56b5-4e41-aeae-32ac9ca686ed,warranty,PowerGuard Energy,,,,Supplier extended cover,2025-09-11,ast-private-docs,warranties/AST-IT-PC-00336.pdf,application/pdf,125023,fce42d604639e3cb8b0290de2189376666fb27216ec46b8578ef322c11e1fa77,clean,a88277d6-7193-4856-b318-4d7fb0af2f58,2023-09-26 00:00:00+00,2026-09-21 12:36:10.142818+00
98daae2e-f768-4bbc-9292-06bd6f68bfea,aecdd574-5cba-40f2-9e7e-6d54fb7c510c,warranty,PowerGuard Energy,,,,Manufacturer warranty,2026-12-09,ast-private-docs,warranties/AST-IT-PC-00312.pdf,application/pdf,152271,2ae257c037ec6d9357a8d15fc51a3d27c3fee113c9541955c388f173aeec26d9,clean,a88277d6-7193-4856-b318-4d7fb0af2f58,2023-12-24 00:00:00+00,2026-09-21 12:36:10.142818+00
d4b9691b-e86c-44ec-bab4-c14782a6925d,a3ebae3a-8830-4d9f-bb39-31f1ff5256b6,warranty,CoolAir Engineering,,,,Supplier extended cover,2023-02-11,ast-private-docs,warranties/AST-IT-PC-00288.pdf,application/pdf,82922,483f2b0b0f9085061a6f9b9a92aea50aa881604f80c24a3cacfeaeb8071662d2,clean,a88277d6-7193-4856-b318-4d7fb0af2f58,2021-02-25 00:00:00+00,2026-09-21 12:36:10.142818+00
a6cf4f8d-afc8-4c9b-9fa8-0d3ff8073ec8,767d8649-57ab-4a11-82c7-39d328b1e970,warranty,PowerGuard Energy,,,,Manufacturer warranty,2027-08-15,ast-private-docs,warranties/AST-IT-PC-00264.pdf,application/pdf,199188,bd69252740799906af773c4d39fba49738f60ff88189feabfe81b99dba94d208,clean,a88277d6-7193-4856-b318-4d7fb0af2f58,2025-08-29 00:00:00+00,2026-09-21 12:36:10.142818+00
2c384c80-fb11-493e-91b3-65960fc145f2,0f96dd5e-bc40-479b-a4a8-935f141761fe,warranty,Upper Egypt Office Works,,,,Supplier extended cover,2023-12-14,ast-private-docs,warranties/AST-IT-PC-00240.pdf,application/pdf,214321,46b5286fb18546982cff5b63aa77d79dee3c76426e72a84186b947f6cb042a92,clean,a88277d6-7193-4856-b318-4d7fb0af2f58,2020-12-28 00:00:00+00,2026-09-21 12:36:10.142818+00
941eedd3-04f1-4996-9bd1-189b7dfff224,902ff40c-5768-4b41-9986-00b4bd120b9e,warranty,LabLine Scientific,,,,Manufacturer warranty,2021-10-11,ast-private-docs,warranties/AST-IT-PC-00216.pdf,application/pdf,145220,9c4d03e9b47f5865ce63160c3cad9084161a51bf8a8dd6e01471a4348052605e,clean,a88277d6-7193-4856-b318-4d7fb0af2f58,2019-10-26 00:00:00+00,2026-09-21 12:36:10.142818+00
efa45621-3c69-41d1-a85b-bd3401354e39,be876a33-d7c0-4e02-8380-c51b35ca0220,warranty,Delta Computer Supplies,,,,Service contract,2025-02-18,ast-private-docs,warranties/AST-IT-PC-00192.pdf,application/pdf,138716,4d6f4deac34f5d28844c5de64eeab131fc6aa8fd7d1930fc50dd223760da8ef9,clean,a88277d6-7193-4856-b318-4d7fb0af2f58,2022-03-05 00:00:00+00,2026-09-21 12:36:10.142818+00
e3d1c1ab-54d5-4490-ae20-db413aa58b21,664b8874-680a-4a42-bcca-60369d3b4d1d,warranty,Nile Tech Systems,,,,Service contract,2028-02-14,ast-private-docs,warranties/AST-IT-PC-00168.pdf,application/pdf,84005,d3e50d193d445771b49a2e64069af56232227986e0b6729412003f42a4c943b8,clean,a88277d6-7193-4856-b318-4d7fb0af2f58,2026-02-28 00:00:00+00,2026-09-21 12:36:10.142818+00
f0c7b187-58bb-42e3-b5fe-f6b327f11e3f,e831ff11-fd59-4d48-b375-c4e0f4c5617a,warranty,Delta Computer Supplies,,,,Supplier extended cover,2028-10-01,ast-private-docs,warranties/AST-IT-PC-00144.pdf,application/pdf,101314,d9ea2829cc9092f394e1fd0787a178d70355ae56e616cbfc68bf138107686cda,clean,a88277d6-7193-4856-b318-4d7fb0af2f58,2025-10-16 00:00:00+00,2026-09-21 12:36:10.142818+00
212b3f01-4508-4f50-8ae0-ca79f6205c2d,7373faf9-f1ab-4151-8d65-0131be6b082b,warranty,Upper Egypt Office Works,,,,Service contract,2027-11-21,ast-private-docs,warranties/AST-IT-PC-00072.pdf,application/pdf,101936,bc240688a4d7d9ee355ebec0c47dd4af7ed7d54e99c7ef60b2b5231f26012875,clean,a88277d6-7193-4856-b318-4d7fb0af2f58,2025-12-05 00:00:00+00,2026-09-21 12:36:10.142818+00
ccc1656c-957c-47d0-8bc2-c5d2520e2812,561b6196-43a5-4372-8f1d-d4a03781a5a2,warranty,LabLine Scientific,,,,Supplier extended cover,2022-06-22,ast-private-docs,warranties/AST-IT-PC-00048.pdf,application/pdf,194703,d8c1645a223542ebe6699833db3300fc8fd2395b7ddee2fdc4f6d56b96abdb53,clean,a88277d6-7193-4856-b318-4d7fb0af2f58,2020-07-06 00:00:00+00,2026-09-21 12:36:10.142818+00
cd6a2915-ce24-428e-a112-6b3f5a9223ca,046e7a1f-65e3-4413-a967-02db1733f3c9,warranty,LabLine Scientific,,,,Manufacturer warranty,2023-06-01,ast-private-docs,warranties/AST-IT-PC-00024.pdf,application/pdf,158928,c635e7c6c0ba371c2facb341680348ed33f9c0a79d3378220358d8fbf705364f,clean,a88277d6-7193-4856-b318-4d7fb0af2f58,2020-06-15 00:00:00+00,2026-09-21 12:36:10.142818+00
c27a3db4-6452-4de4-8c78-985e3508d873,8d80a20f-fff3-4b6e-b62c-e0e4380099f0,warranty,LabLine Scientific,,,,Service contract,2025-11-10,ast-private-docs,warranties/AST-IT-PC-00409.pdf,application/pdf,186988,5a85b36fb9f4456ded335e96e8ec75d850048ed02c1c507254a819d7d6e10c8e,clean,a88277d6-7193-4856-b318-4d7fb0af2f58,2023-11-25 00:00:00+00,2026-09-21 12:36:10.142818+00
95f18db9-d0c2-4ccb-b4cf-50dd4570f4cf,eb7f1eea-5650-44c2-8ffa-c20c9becfef2,warranty,Delta Computer Supplies,,,,Manufacturer warranty,2028-04-16,ast-private-docs,warranties/AST-IT-PC-00385.pdf,application/pdf,128909,55f64baf3da0bd2a1b3aeb9c99d94a7c7c9877096889698fa16a891beeba9f27,clean,a88277d6-7193-4856-b318-4d7fb0af2f58,2025-05-01 00:00:00+00,2026-09-21 12:36:10.142818+00
41984a9f-8480-44ba-b38d-38c86dfa2ba5,44d5410e-1a30-4e0c-b328-29cc18a1a9b4,warranty,Upper Egypt Office Works,,,,Manufacturer warranty,2024-10-03,ast-private-docs,warranties/AST-IT-PC-00337.pdf,application/pdf,139029,6fe5b98b64c35e6c2ff20018875793e36d5bd27d0eafc001fe41c2d93144296b,clean,a88277d6-7193-4856-b318-4d7fb0af2f58,2021-10-18 00:00:00+00,2026-09-21 12:36:10.142818+00
9479b739-5d3a-4059-b0d0-7bc518c1e1f0,c65f7887-6a1a-4831-9988-958b9904ccb5,warranty,PowerGuard Energy,,,,Manufacturer warranty,2023-06-07,ast-private-docs,warranties/AST-IT-PC-00313.pdf,application/pdf,115847,59070555ccaf8acd20e09daf9c86808418c92c05c05a5d7f63b4c332fcc8e660,clean,a88277d6-7193-4856-b318-4d7fb0af2f58,2021-06-21 00:00:00+00,2026-09-21 12:36:10.142818+00
44d33ae7-1977-4f17-8507-b8a12b519d03,6abcea14-9916-49c8-8c5f-9d530057e78e,warranty,Upper Egypt Office Works,,,,Manufacturer warranty,2026-11-01,ast-private-docs,warranties/AST-IT-PC-00289.pdf,application/pdf,142253,94b41bb24e0427a6737f9f4534a77297f4e321a6e032dedd56f2470cded544e0,clean,a88277d6-7193-4856-b318-4d7fb0af2f58,2023-11-16 00:00:00+00,2026-09-21 12:36:10.142818+00
ae37f8d7-cff9-4014-8818-b37ed29218d2,3bccdcad-d3c7-4a4e-bf83-b90afbc63449,warranty,Nile Tech Systems,,,,Service contract,2023-12-09,ast-private-docs,warranties/AST-IT-PC-00217.pdf,application/pdf,124936,655e0f0eee5b321d0d9ed46a9c067c2afc73df428723051392f6f0e2b8f49604,clean,a88277d6-7193-4856-b318-4d7fb0af2f58,2020-12-23 00:00:00+00,2026-09-21 12:36:10.142818+00
c9ac3388-dcaf-4cce-87ec-7af9fd6928c3,71f54917-6557-42c9-9b86-23fbed57dd77,warranty,Nile Tech Systems,,,,Manufacturer warranty,2026-09-01,ast-private-docs,warranties/AST-IT-PC-00193.pdf,application/pdf,195090,291aeea9b34624578f2278f018ddc39f6bc87ae5da7465454475889e8b768d4c,clean,a88277d6-7193-4856-b318-4d7fb0af2f58,2023-09-16 00:00:00+00,2026-09-21 12:36:10.142818+00
e92fbb37-9ab5-4d82-9be5-9b040203c0d2,0f4c7a75-2d96-4616-b8bc-9f44e09bbaed,warranty,Nile Tech Systems,,,,Supplier extended cover,2022-10-25,ast-private-docs,warranties/AST-IT-PC-00145.pdf,application/pdf,170099,2e31b7de09a0acb60db7e9d90f7430a4a3e6697317e1e9dc0e34bb7a2262839a,clean,a88277d6-7193-4856-b318-4d7fb0af2f58,2019-11-09 00:00:00+00,2026-09-21 12:36:10.142818+00
45793686-9c87-4a8a-a3d5-342e9f624379,b101094c-418f-4377-a230-d1b6020a074b,warranty,Upper Egypt Office Works,,,,Supplier extended cover,2024-10-10,ast-private-docs,warranties/AST-IT-PC-00097.pdf,application/pdf,78007,ec50c7d743473093427e3afd2a99ce73c2bd283ee02ff03172c4164a28f90e23,clean,a88277d6-7193-4856-b318-4d7fb0af2f58,2022-10-25 00:00:00+00,2026-09-21 12:36:10.142818+00
3ae698e7-2cd2-4868-b152-59322340b7df,eeb669d0-65f9-44b2-adbb-070e72c28d31,warranty,CoolAir Engineering,,,,Manufacturer warranty,2023-03-14,ast-private-docs,warranties/AST-IT-PC-00049.pdf,application/pdf,103918,dcbfedad5ee73cefd1d13d146b14931e3bf7744715d38d1d7e62b85add2a72bc,clean,a88277d6-7193-4856-b318-4d7fb0af2f58,2021-03-28 00:00:00+00,2026-09-21 12:36:10.142818+00
9e3f32d1-ac26-443d-96ee-4565039e8920,a084f3fb-5e03-4411-8766-3b435a234963,warranty,Upper Egypt Office Works,,,,Service contract,2027-08-19,ast-private-docs,warranties/AST-IT-PC-00025.pdf,application/pdf,82318,1e1e0eeb3a28667455b0355db2eab556d6d49659f526e6947c2186a0ad69fc63,clean,a88277d6-7193-4856-b318-4d7fb0af2f58,2024-09-02 00:00:00+00,2026-09-21 12:36:10.142818+00
14a1d135-f4a2-4978-acb5-0254bf428e9c,f119e457-5bd6-454a-8571-954ae1dabebe,warranty,PowerGuard Energy,,,,Service contract,2025-02-24,ast-private-docs,warranties/AST-IT-PC-00410.pdf,application/pdf,170698,0036e2d443bc4a75754cba0e3140c9aad35dfe188c84584c3c82150285df5a1b,clean,a88277d6-7193-4856-b318-4d7fb0af2f58,2023-03-11 00:00:00+00,2026-09-21 12:36:10.142818+00
f8a801ff-53b6-4dbd-9eba-669601c1bd21,662ca9de-7142-4aa3-a70f-9dd08da5988e,warranty,Delta Computer Supplies,,,,Supplier extended cover,2028-11-22,ast-private-docs,warranties/AST-IT-PC-00386.pdf,application/pdf,77223,b06aaed3c751ecd1181663aae39561ecf77536ea2290cc8f7e01358cb1cf5e60,clean,a88277d6-7193-4856-b318-4d7fb0af2f58,2025-12-07 00:00:00+00,2026-09-21 12:36:10.142818+00
6ca6acff-963a-4bed-ae13-078b6ed19933,9bacb1c9-e19c-438c-8fd6-ee6cbc6ff974,warranty,Delta Computer Supplies,,,,Service contract,2025-01-30,ast-private-docs,warranties/AST-IT-PC-00338.pdf,application/pdf,211034,8e647b2d171c9ec073de9c810c23ebfa6a976eca34ff8975f31f16d2210b4b0f,clean,a88277d6-7193-4856-b318-4d7fb0af2f58,2023-02-14 00:00:00+00,2026-09-21 12:36:10.142818+00
bacc8953-058a-4ca1-bee6-4bbe0b67bae3,8218ff11-2182-44fe-97fb-972bf96abc6a,warranty,Delta Computer Supplies,,,,Service contract,2023-05-19,ast-private-docs,warranties/AST-IT-PC-00314.pdf,application/pdf,193651,632655f2eaa78c13e7977b305a5a5d3704574722583ba921de97758f200379a4,clean,a88277d6-7193-4856-b318-4d7fb0af2f58,2020-06-02 00:00:00+00,2026-09-21 12:36:10.142818+00
6dd7941a-fb62-49a3-a3e1-fc50731f01ee,a98f5bd9-7dda-4b45-9c3b-6e19a7e9727f,warranty,Delta Computer Supplies,,,,Service contract,2028-03-07,ast-private-docs,warranties/AST-IT-PC-00266.pdf,application/pdf,116075,c0934c4f9620e9610e84c2264f3b057bd73c5aa13950ab8e28d3dff57430324c,clean,a88277d6-7193-4856-b318-4d7fb0af2f58,2026-03-22 00:00:00+00,2026-09-21 12:36:10.142818+00
3b52f116-f32e-4ec1-a147-2667609063f0,2d5bc2c7-dc50-40fc-913c-4556668916c1,warranty,Nile Tech Systems,,,,Supplier extended cover,2027-07-04,ast-private-docs,warranties/AST-IT-PC-00218.pdf,application/pdf,181292,fa1d9286b52eaeafa7e6b4c8b4908820c72facfd4ec33ac1ae0e3c9bfa439b0a,clean,a88277d6-7193-4856-b318-4d7fb0af2f58,2024-07-18 00:00:00+00,2026-09-21 12:36:10.142818+00
2e7c86b4-ebf4-4513-a304-fb4e97a65d85,2a95c80e-f99c-46f6-aefc-13b07447e4f2,warranty,Nile Tech Systems,,,,Service contract,2025-07-14,ast-private-docs,warranties/AST-IT-PC-00170.pdf,application/pdf,140488,b32e536128a5d458d52636a4817d789da80650976f87591a23481e207df20180,clean,a88277d6-7193-4856-b318-4d7fb0af2f58,2023-07-29 00:00:00+00,2026-09-21 12:36:10.142818+00
fb350a8a-73da-49e3-80ad-1ecc3b7417d4,0a7c5b3a-78e2-4724-871a-63afc7e4a8c7,warranty,Nile Tech Systems,,,,Supplier extended cover,2024-05-07,ast-private-docs,warranties/AST-IT-PC-00146.pdf,application/pdf,60345,71e614a98a4b5e8cc9653d3c452751f055856365833dd8242435e2dbaf2dc133,clean,a88277d6-7193-4856-b318-4d7fb0af2f58,2022-05-22 00:00:00+00,2026-09-21 12:36:10.142818+00
bcdc7c3e-7b74-4a64-9013-8e11f08fe3d1,b5bb0998-6f28-4de8-9c16-f7b0f89a8fab,warranty,Delta Computer Supplies,,,,Manufacturer warranty,2027-01-22,ast-private-docs,warranties/AST-IT-PC-00122.pdf,application/pdf,87345,f9abc70a28261b3bbdd6b2b3fb5cf2f6ce041f8e52a0ea768fd3ee46ebb72027,clean,a88277d6-7193-4856-b318-4d7fb0af2f58,2024-02-06 00:00:00+00,2026-09-21 12:36:10.142818+00
81a0e96c-eec7-460c-b81c-69ffeb46c79c,5a891d65-f24d-4ecd-8ec3-bacb20cebf3c,warranty,Upper Egypt Office Works,,,,Supplier extended cover,2024-07-29,ast-private-docs,warranties/AST-IT-PC-00098.pdf,application/pdf,234273,94a4922ba76a715c532475763b200e607cb4a82c708298910570e0ad527c9f49,clean,a88277d6-7193-4856-b318-4d7fb0af2f58,2021-08-13 00:00:00+00,2026-09-21 12:36:10.142818+00
e7527543-d42a-4808-83d4-64d35f9ee543,705c5a2b-c805-4e10-a24e-21003aea575a,warranty,Upper Egypt Office Works,,,,Supplier extended cover,2021-12-31,ast-private-docs,warranties/AST-IT-PC-00074.pdf,application/pdf,83196,2f61053c44fbe3cf580653153ae82c6222b680b6e7b3e7b475ed1bdc735ad1c4,clean,a88277d6-7193-4856-b318-4d7fb0af2f58,2020-01-15 00:00:00+00,2026-09-21 12:36:10.142818+00
0dd72ce1-37cb-47ba-9554-306a7a44a583,758966bb-b2e9-424e-ab0b-e43c40d38a27,warranty,LabLine Scientific,,,,Supplier extended cover,2027-09-06,ast-private-docs,warranties/AST-IT-PC-00050.pdf,application/pdf,139660,94dd682571dab49faea2fe63002578deff0d693a6ca841191b0a52ae27efd6d9,clean,a88277d6-7193-4856-b318-4d7fb0af2f58,2024-09-20 00:00:00+00,2026-09-21 12:36:10.142818+00
d39f1737-3047-48fc-be44-69deec517e8d,4f23bdf5-5666-4522-8c7b-e7d426485139,warranty,PowerGuard Energy,,,,Supplier extended cover,2025-09-24,ast-private-docs,warranties/AST-IT-PC-00026.pdf,application/pdf,87207,cf52ec8ffbf8f24b310436735f569aecdb7cfddf8609fdf494a8b5bb7c0d3cbc,clean,a88277d6-7193-4856-b318-4d7fb0af2f58,2023-10-09 00:00:00+00,2026-09-21 12:36:10.142818+00
fb28cd06-d80f-4a39-a493-6003562501a8,28779917-20e7-4f6a-95be-2d2ba4e8ca04,warranty,LabLine Scientific,,,,Manufacturer warranty,2023-01-07,ast-private-docs,warranties/AST-IT-PC-00002.pdf,application/pdf,238001,7642eeb6022a772d886876f082461afe170ad88d451b53092d6f4535148d8206,clean,a88277d6-7193-4856-b318-4d7fb0af2f58,2021-01-21 00:00:00+00,2026-09-21 12:36:10.142818+00
d3f90db1-1df4-44c8-b05e-36c23a9138c9,6ee3f64c-dbc6-43bd-9038-4e46f80f61e7,warranty,PowerGuard Energy,,,,Supplier extended cover,2025-08-01,ast-private-docs,warranties/AST-IT-PC-00411.pdf,application/pdf,156673,5100657086e4fe7731cd91ccc8610055ddebc1ba2ddba5c63d9980fef351157f,clean,a88277d6-7193-4856-b318-4d7fb0af2f58,2023-08-16 00:00:00+00,2026-09-21 12:36:10.142818+00
0c1fc241-d45b-42b1-8957-6e1a4c15920a,05ed6964-c513-46be-acb0-31ad366bf96f,warranty,LabLine Scientific,,,,Manufacturer warranty,2025-02-28,ast-private-docs,warranties/AST-IT-PC-00387.pdf,application/pdf,151296,43ec590a5711683ae6ba70e70d78d78e9b07f8613ad72add7fa462ac14046406,clean,a88277d6-7193-4856-b318-4d7fb0af2f58,2022-03-15 00:00:00+00,2026-09-21 12:36:10.142818+00
8839bb62-587d-494b-a2fa-fbb8d50022bc,b37a6175-04d5-462d-8b1b-a4b431b06968,warranty,Upper Egypt Office Works,,,,Supplier extended cover,2024-05-30,ast-private-docs,warranties/AST-IT-PC-00363.pdf,application/pdf,90442,692540d89c289738ab63c5c713eeeaf683e762629af38cdf99dcac9c32bf91d9,clean,a88277d6-7193-4856-b318-4d7fb0af2f58,2022-06-14 00:00:00+00,2026-09-21 12:36:10.142818+00
c5340d57-99b2-4a8a-955e-ef56d6d377bd,208e425b-b6b6-4230-ae64-59cb64d5691e,warranty,Nile Tech Systems,,,,Manufacturer warranty,2026-02-14,ast-private-docs,warranties/AST-IT-PC-00339.pdf,application/pdf,159104,3b1d4189c39eabd49bb2f7c954b191883e42ad2d772864e6af5aa13042c678a2,clean,a88277d6-7193-4856-b318-4d7fb0af2f58,2024-02-29 00:00:00+00,2026-09-21 12:36:10.142818+00
5293e896-90e6-4194-bdd6-734816459430,0904bb12-7ee3-42c6-a227-ea8e25578af1,warranty,Upper Egypt Office Works,,,,Supplier extended cover,2026-05-22,ast-private-docs,warranties/AST-IT-PC-00315.pdf,application/pdf,179852,5a15b818b6ec2cfcca7bf1bd9b7c1860af02eaa78e59fbf96f09f68161573410,clean,a88277d6-7193-4856-b318-4d7fb0af2f58,2024-06-05 00:00:00+00,2026-09-21 12:36:10.142818+00
7b994268-f172-433a-86b9-9b3e3e4549f2,2789c348-fa0b-4242-8789-eb9d461f7c3b,warranty,PowerGuard Energy,,,,Supplier extended cover,2027-04-28,ast-private-docs,warranties/AST-IT-PC-00267.pdf,application/pdf,165153,9a9e11492c9f57b04f42a45657ca6eaf35dfbb9a6bf55a5f47052dfb5aaf3715,clean,a88277d6-7193-4856-b318-4d7fb0af2f58,2024-05-12 00:00:00+00,2026-09-21 12:36:10.142818+00
b7828a03-b0c9-48dd-a838-08fb5aca689f,c5abff57-b36f-45b9-87a2-4217ccab877b,warranty,CoolAir Engineering,,,,Service contract,2021-09-24,ast-private-docs,warranties/AST-IT-PC-00195.pdf,application/pdf,129039,ff3ce44e4a7e5e6a374a0d6a0bb61584a20a71cc663a74e145e0f640d42aa4fa,clean,a88277d6-7193-4856-b318-4d7fb0af2f58,2019-10-09 00:00:00+00,2026-09-21 12:36:10.142818+00
323fe845-3f35-41fb-b356-871f7d9c1dce,6eb806c5-b66e-4d9e-9af2-dbae5444253e,warranty,PowerGuard Energy,,,,Manufacturer warranty,2024-09-18,ast-private-docs,warranties/AST-IT-PC-00171.pdf,application/pdf,206077,9c599bd2cc36cfc007732d97dc58b41ac1497050b457ef03592b8eaee4f6ea37,clean,a88277d6-7193-4856-b318-4d7fb0af2f58,2021-10-03 00:00:00+00,2026-09-21 12:36:10.142818+00
edad1511-9247-4b2c-8bdc-463dc52de936,ebe2d980-d775-4914-ae93-41bdbc59b29f,warranty,LabLine Scientific,,,,Manufacturer warranty,2025-04-28,ast-private-docs,warranties/AST-IT-PC-00147.pdf,application/pdf,145826,fe2380d17a7568c37a6925b63b1c965f50bc454487d432942982660a00458d62,clean,a88277d6-7193-4856-b318-4d7fb0af2f58,2022-05-13 00:00:00+00,2026-09-21 12:36:10.142818+00
2991cf2a-9205-4bfa-b70f-675900509fbc,8ab8ac6d-3c1c-4f30-bf7e-ae7188b0849f,warranty,Upper Egypt Office Works,,,,Supplier extended cover,2022-11-27,ast-private-docs,warranties/AST-IT-PC-00099.pdf,application/pdf,158536,506cf762aa988b27c1136b5d1083c9b784bd72b8a793ff40246ed1f94f1df534,clean,a88277d6-7193-4856-b318-4d7fb0af2f58,2020-12-11 00:00:00+00,2026-09-21 12:36:10.142818+00
166558ff-60c7-48a5-a9fc-4b373b69332d,92ce3f8a-bd0e-4821-b8bc-c63926a5c245,warranty,LabLine Scientific,,,,Manufacturer warranty,2026-12-11,ast-private-docs,warranties/AST-IT-PC-00075.pdf,application/pdf,99155,c243c9d60f256d2e5bb9c05f5adc5fe8a0428a208347aa0d8d7d6eb0e68d0f1c,clean,a88277d6-7193-4856-b318-4d7fb0af2f58,2024-12-25 00:00:00+00,2026-09-21 12:36:10.142818+00
5b94d123-8d38-4a89-b2ca-c8ca647e16ec,bb27f753-f37b-4322-b082-d044c2fa2831,warranty,CoolAir Engineering,,,,Service contract,2025-02-19,ast-private-docs,warranties/AST-IT-PC-00051.pdf,application/pdf,204890,50849a03db92fb451ca1ec44bb242b382871e4e65b13d583d7bac51e6d02c342,clean,a88277d6-7193-4856-b318-4d7fb0af2f58,2023-03-06 00:00:00+00,2026-09-21 12:36:10.142818+00
62fcdace-7f80-4101-ba8f-895774fb0aa4,2e7ab091-06ac-45f3-a62a-fccf51ef2adf,warranty,CoolAir Engineering,,,,Service contract,2026-10-19,ast-private-docs,warranties/AST-IT-PC-00027.pdf,application/pdf,84953,ce9ab084a7fb42b203770bd5651839e86430e3711c6057c4f0a8fd5dd22145f7,clean,a88277d6-7193-4856-b318-4d7fb0af2f58,2024-11-02 00:00:00+00,2026-09-21 12:36:10.142818+00
ea81e09e-1cfc-4661-b164-28fbd6bde9b8,cf43734a-c8c9-4f6d-8fc1-a40c8df9440c,warranty,CoolAir Engineering,,,,Supplier extended cover,2027-12-17,ast-private-docs,warranties/AST-IT-PC-00003.pdf,application/pdf,109826,3740789a27e076fddbef90b77012b9af94f5df6a7524b77c84289579c432bdbc,clean,a88277d6-7193-4856-b318-4d7fb0af2f58,2024-12-31 00:00:00+00,2026-09-21 12:36:10.142818+00
ac1fb0fd-20a9-4c80-af2e-dfcc293091dd,d75e02fd-d967-4233-a08e-d0aa4ac7d55c,warranty,LabLine Scientific,,,,Manufacturer warranty,2026-01-25,ast-private-docs,warranties/AST-IT-PC-00388.pdf,application/pdf,175132,b62962b33780599a0807679e281ae3e1191db213e9a7bfdc1524558557d110e8,clean,a88277d6-7193-4856-b318-4d7fb0af2f58,2024-02-09 00:00:00+00,2026-09-21 12:36:10.142818+00
deb269f2-1a97-4f23-a3f8-51a775dc0827,938cecdf-b574-44e1-a02a-d14cc7a7cca1,warranty,LabLine Scientific,,,,Manufacturer warranty,2024-06-29,ast-private-docs,warranties/AST-IT-PC-00364.pdf,application/pdf,234745,0cc7d7cc3b452e8a862ab439b50e2ae31ca3a2a9d9558ca239a3f509296f0b0f,clean,a88277d6-7193-4856-b318-4d7fb0af2f58,2022-07-14 00:00:00+00,2026-09-21 12:36:10.142818+00
83fab4e1-6530-4dca-83fc-3877d644ae02,00defa2d-8dd8-4c89-a8be-d8d1dcbadf62,warranty,Upper Egypt Office Works,,,,Manufacturer warranty,2022-12-15,ast-private-docs,warranties/AST-IT-PC-00340.pdf,application/pdf,76291,32a6067355d4fbf21e7c83cfaf22b8e880baf1ca51beeda9a04c5cc0bd42d580,clean,a88277d6-7193-4856-b318-4d7fb0af2f58,2020-12-29 00:00:00+00,2026-09-21 12:36:10.142818+00
5eccecc2-8113-49e9-b31d-dfc35668e18a,5f802b6a-a3a0-49b6-8f19-9937419476ca,warranty,Delta Computer Supplies,,,,Manufacturer warranty,2023-02-17,ast-private-docs,warranties/AST-IT-PC-00316.pdf,application/pdf,115115,022500d14922256e0e10e3fd9f92f3a6ac2a8aa1eeb2908a24562c7a6dcee610,clean,a88277d6-7193-4856-b318-4d7fb0af2f58,2020-03-03 00:00:00+00,2026-09-21 12:36:10.142818+00
3502ed0e-e591-418d-93bd-f668b8bbbaa9,3ae86300-9fe1-4552-a316-34c040785fbb,warranty,PowerGuard Energy,,,,Manufacturer warranty,2027-07-28,ast-private-docs,warranties/AST-IT-PC-00172.pdf,application/pdf,189176,f8550f478b4028b850415400fb5e68c3b2fd0be97fb5021abdb8e8cdd31e2b0a,clean,a88277d6-7193-4856-b318-4d7fb0af2f58,2024-08-11 00:00:00+00,2026-09-21 12:36:10.142818+00
953fb5be-1933-4fd6-a5ff-f096bec36f04,251bed42-7dd7-48e3-a3f9-dfb761afc8ed,warranty,CoolAir Engineering,,,,Supplier extended cover,2023-01-08,ast-private-docs,warranties/AST-IT-PC-00100.pdf,application/pdf,205987,eb274d7c6eef91b1589bced91cd70929fef75765d123c3d118a77891d5bd6c21,clean,a88277d6-7193-4856-b318-4d7fb0af2f58,2021-01-22 00:00:00+00,2026-09-21 12:36:10.142818+00
6900cacd-570e-4dcc-b833-efd386c55c8c,a7c85299-962a-4747-881b-c1a5317dac4f,warranty,Delta Computer Supplies,,,,Service contract,2025-04-24,ast-private-docs,warranties/AST-IT-PC-00076.pdf,application/pdf,109213,156960c0d73f5eb9fc5938f6653e775d9cb3c859bd36c20e4f52d053b3d413f6,clean,a88277d6-7193-4856-b318-4d7fb0af2f58,2023-05-09 00:00:00+00,2026-09-21 12:36:10.142818+00
53329feb-9f4e-4359-9dac-f5fe6cab0a27,feae09a8-0423-4693-87bd-eef373cf5e66,warranty,PowerGuard Energy,,,,Supplier extended cover,2023-04-03,ast-private-docs,warranties/AST-IT-PC-00052.pdf,application/pdf,93661,c5acae73e13e48037ffe37fc0a34937e7b760b4910e76825e5b538617e7cb480,clean,a88277d6-7193-4856-b318-4d7fb0af2f58,2021-04-17 00:00:00+00,2026-09-21 12:36:10.142818+00
f0f2eb20-0e0e-4a69-9633-0398e5e8528d,d1e816bd-892d-47e8-950e-be78e217a167,warranty,LabLine Scientific,,,,Service contract,2027-03-21,ast-private-docs,warranties/AST-IT-PC-00028.pdf,application/pdf,89779,aa15ed45a8fc2d7d8cff1237c6f949c47f608a7e155d864453931867bf2f30da,clean,a88277d6-7193-4856-b318-4d7fb0af2f58,2024-04-04 00:00:00+00,2026-09-21 12:36:10.142818+00
36dd0792-27a9-4b40-b52d-54c7157a9b59,492b34f7-fece-449d-8260-c5a62b7cccc1,warranty,PowerGuard Energy,,,,Manufacturer warranty,2027-07-17,ast-private-docs,warranties/AST-IT-PC-00004.pdf,application/pdf,147890,72f12d278d5468a5ee0f03939f2ee45c5ad6b66ce182eb11f27cf1fa8e3e955b,clean,a88277d6-7193-4856-b318-4d7fb0af2f58,2025-07-31 00:00:00+00,2026-09-21 12:36:10.142818+00
5c107044-c8af-4cac-9701-bf2627f54586,bc8a22a4-ebab-4318-a51c-5bb3bfc8c14d,warranty,Delta Computer Supplies,,,,Supplier extended cover,2028-08-31,ast-private-docs,warranties/AST-IT-PC-00413.pdf,application/pdf,194300,0dc827576a8179b0dda3d0fae265dcdbb5deaf37a0e088c955d3aa59950aced6,clean,a88277d6-7193-4856-b318-4d7fb0af2f58,2025-09-15 00:00:00+00,2026-09-21 12:36:10.142818+00
e03568de-e6e0-4b3a-8e19-668b21c8b9a4,acd3f6f5-1018-4ffe-90ad-61ad1b0b9104,warranty,LabLine Scientific,,,,Manufacturer warranty,2024-09-18,ast-private-docs,warranties/AST-IT-PC-00341.pdf,application/pdf,229024,33fa399f9968dd274392767d3dfc86dce9d4abf4ea74c8e6e5d99be655a6137a,clean,a88277d6-7193-4856-b318-4d7fb0af2f58,2021-10-03 00:00:00+00,2026-09-21 12:36:10.142818+00
d5c4c0f4-644c-44b2-b1a6-4ba09eefec08,ac75cc82-7428-4641-bea9-532ecb63c32c,warranty,PowerGuard Energy,,,,Supplier extended cover,2021-08-29,ast-private-docs,warranties/AST-IT-PC-00317.pdf,application/pdf,226291,abbe875b7c69251f91d8ad39e8fe7de116a48abc6eda0ba52634f1753cf695da,clean,a88277d6-7193-4856-b318-4d7fb0af2f58,2019-09-13 00:00:00+00,2026-09-21 12:36:10.142818+00
26f3e665-40b2-4afd-b21b-198f247f975e,5b4809a7-4f15-46fb-b133-afd4a28a73f9,warranty,PowerGuard Energy,,,,Service contract,2025-11-04,ast-private-docs,warranties/AST-IT-PC-00293.pdf,application/pdf,118711,ae81f701e7ad9b9d568b1428e299beedc8807026e2b11bf8d8c5add9cf0b7f9f,clean,a88277d6-7193-4856-b318-4d7fb0af2f58,2023-11-19 00:00:00+00,2026-09-21 12:36:10.142818+00
eb124696-6b77-462f-bd33-288e7c9d6e1d,e3ca20a7-3a04-4b03-b11b-ebd573ac0b16,warranty,Upper Egypt Office Works,,,,Service contract,2022-10-01,ast-private-docs,warranties/AST-IT-PC-00269.pdf,application/pdf,69836,671749b26812e6641dcbee1a2e7406be9fe5aa4eb94628a3758e9e9cd472c522,clean,a88277d6-7193-4856-b318-4d7fb0af2f58,2019-10-16 00:00:00+00,2026-09-21 12:36:10.142818+00
d6f5d189-945c-4b01-9995-d531d2af787e,9892c8cd-4af3-4919-b0fd-35f0fc590402,warranty,LabLine Scientific,,,,Manufacturer warranty,2023-09-03,ast-private-docs,warranties/AST-IT-PC-00245.pdf,application/pdf,176706,85b96f103aed07720a7e13810b72c63790f80216dcb267c0e5d739c7d5ef8af0,clean,a88277d6-7193-4856-b318-4d7fb0af2f58,2021-09-17 00:00:00+00,2026-09-21 12:36:10.142818+00
41d8b71e-850a-40c5-b7f6-8b78bde675cc,7e17f67a-33f4-4f80-b984-1a3286ff1ea6,warranty,Upper Egypt Office Works,,,,Manufacturer warranty,2028-06-01,ast-private-docs,warranties/AST-IT-PC-00221.pdf,application/pdf,103202,00dff9215a5d163cd3b883e187b8adbc7be0ab8b456acda3e364e92d22282607,clean,a88277d6-7193-4856-b318-4d7fb0af2f58,2025-06-16 00:00:00+00,2026-09-21 12:36:10.142818+00
2d1372fa-946e-4d49-ad02-2d726e66897b,e6f4bed8-af08-40f5-bbaf-7020b24c6ec8,warranty,CoolAir Engineering,,,,Supplier extended cover,2026-11-12,ast-private-docs,warranties/AST-IT-PC-00197.pdf,application/pdf,115385,c226d3ff3761f3dd4b3d60581531f7bf78690cc10440cdc1caa52e18a70237f2,clean,a88277d6-7193-4856-b318-4d7fb0af2f58,2023-11-27 00:00:00+00,2026-09-21 12:36:10.142818+00
5fc1dbaa-1b92-4f32-bf13-6f66d85a4561,98626642-760f-4c56-be38-4909419ce830,warranty,Nile Tech Systems,,,,Manufacturer warranty,2027-03-30,ast-private-docs,warranties/AST-IT-PC-00173.pdf,application/pdf,207298,c85077ed6d59b724a07c70fa95ca1b70341200fcefac44ad541ab6b1c75eab48,clean,a88277d6-7193-4856-b318-4d7fb0af2f58,2025-04-13 00:00:00+00,2026-09-21 12:36:10.142818+00
4bf47095-4a3e-4318-9dbc-6f4030cdc3a5,4e61fe04-52d1-4ec4-81a2-d84e9095e51a,warranty,LabLine Scientific,,,,Service contract,2023-09-13,ast-private-docs,warranties/AST-IT-PC-00125.pdf,application/pdf,77177,9c0b29af88aaa8a9897f336409f32e710816a8df2e8a3720f6e8dbea40551c6e,clean,a88277d6-7193-4856-b318-4d7fb0af2f58,2020-09-27 00:00:00+00,2026-09-21 12:36:10.142818+00
472921ef-318c-47ba-842b-e98b2f9eb5ef,ffccac1c-4cbe-4bc4-aa1c-2125a8f19c0f,warranty,PowerGuard Energy,,,,Supplier extended cover,2026-11-27,ast-private-docs,warranties/AST-IT-PC-00101.pdf,application/pdf,220458,a3caa62c9f6640d1319a7f2e14c2da668e67b679edecc115fd6bcd97dd9feb01,clean,a88277d6-7193-4856-b318-4d7fb0af2f58,2023-12-12 00:00:00+00,2026-09-21 12:36:10.142818+00
9a0f0e8c-5fe5-4178-bfcd-ff961b8a9c6d,bfa86baa-0ad9-4f2a-aa92-8d30c1a896c0,warranty,PowerGuard Energy,,,,Supplier extended cover,2027-02-28,ast-private-docs,warranties/AST-IT-PC-00077.pdf,application/pdf,75120,3e94a837d404a0c8b4c243bfbd52794a1bc655cd481871fc17ea987ed3555e59,clean,a88277d6-7193-4856-b318-4d7fb0af2f58,2025-03-14 00:00:00+00,2026-09-21 12:36:10.142818+00
4c922b8a-17f0-4180-888d-78df1901c953,b56623e1-e600-49ad-8df4-452662607678,warranty,Delta Computer Supplies,,,,Manufacturer warranty,2027-12-15,ast-private-docs,warranties/AST-IT-PC-00053.pdf,application/pdf,135328,3219343781411de2a586bf62b8ef13347b6e9000efa415836eeba18639812191,clean,a88277d6-7193-4856-b318-4d7fb0af2f58,2025-12-29 00:00:00+00,2026-09-21 12:36:10.142818+00
d6b426c9-7e88-4f6a-a4fb-7616226949fa,cfc72e12-fcbf-40d6-bf14-67922dcc4a04,warranty,Nile Tech Systems,,,,Manufacturer warranty,2024-08-29,ast-private-docs,warranties/AST-IT-PC-00029.pdf,application/pdf,179622,4dde6f3aa084e132bb040c72a0678566c336be6f6a457ec2002e83d982024c48,clean,a88277d6-7193-4856-b318-4d7fb0af2f58,2022-09-13 00:00:00+00,2026-09-21 12:36:10.142818+00
259010f2-7c2f-4227-8db7-e856a2f81395,df24033b-cd63-4f07-b572-956d7e526142,warranty,LabLine Scientific,,,,Supplier extended cover,2028-09-05,ast-private-docs,warranties/AST-IT-MONITOR-00414.pdf,application/pdf,188260,c8a066ff423bcfd8df78e2ef87fda18615d3a930b3408767ea7aa9d27fa08173,clean,a88277d6-7193-4856-b318-4d7fb0af2f58,2025-09-20 00:00:00+00,2026-09-21 12:36:10.142818+00
0f71d4a2-0985-4d47-bc54-ba7dc41d9730,4b614724-1bd6-4d20-9a0d-9353a9280b10,warranty,Delta Computer Supplies,,,,Service contract,2026-04-01,ast-private-docs,warranties/AST-IT-MONITOR-00390.pdf,application/pdf,144291,0afd0e7f2c56dbff821798de432daa914ba4ef1351897de73db483ae6385c940,clean,a88277d6-7193-4856-b318-4d7fb0af2f58,2024-04-15 00:00:00+00,2026-09-21 12:36:10.142818+00
e7d14a48-4726-4812-bd5a-e8d31d4d60d1,258bc94f-7a74-43f1-ba2c-839d856b65a4,warranty,PowerGuard Energy,,,,Manufacturer warranty,2027-10-06,ast-private-docs,warranties/AST-IT-MONITOR-00366.pdf,application/pdf,191027,fc1c7d7947e8fd9c0374480905f65c537b559b90d12367bda9402a3bc01b4b72,clean,a88277d6-7193-4856-b318-4d7fb0af2f58,2025-10-20 00:00:00+00,2026-09-21 12:36:10.142818+00
53da4501-eda2-478a-8ac5-c9e82e583d63,add37b45-f343-40dc-b32d-301bb1f11b6a,warranty,PowerGuard Energy,,,,Manufacturer warranty,2025-08-30,ast-private-docs,warranties/AST-IT-MONITOR-00342.pdf,application/pdf,224163,6558646b97102e17829d7df51b3bafcf2bd452b5f182e44cc42995399cbb78a0,clean,a88277d6-7193-4856-b318-4d7fb0af2f58,2023-09-14 00:00:00+00,2026-09-21 12:36:10.142818+00
832d5e3f-f88b-4607-af56-dc2f4801157d,19376259-e7c6-474d-a274-b4a7dd0aa995,warranty,Nile Tech Systems,,,,Service contract,2023-11-03,ast-private-docs,warranties/AST-IT-MONITOR-00318.pdf,application/pdf,85172,8e8791029d22f00cd9bf5c15b40bf2236fa0de81c45d435c84321453ebce3f4b,clean,a88277d6-7193-4856-b318-4d7fb0af2f58,2021-11-17 00:00:00+00,2026-09-21 12:36:10.142818+00
33f689b4-3d3b-4b9f-8bf0-9d2ca2df9fd1,4098a313-3526-4a48-b037-63d4b65f1bd8,warranty,Nile Tech Systems,,,,Manufacturer warranty,2027-06-23,ast-private-docs,warranties/AST-IT-MONITOR-00294.pdf,application/pdf,103085,b19fa261671cbb70b948c8270beada31efac24855f9d53f79b2850b86cb16d12,clean,a88277d6-7193-4856-b318-4d7fb0af2f58,2024-07-07 00:00:00+00,2026-09-21 12:36:10.142818+00
d8cd9001-7873-470d-8239-4de832721475,ab65e716-a553-4163-8e14-81d2954dd14a,warranty,Upper Egypt Office Works,,,,Supplier extended cover,2023-08-30,ast-private-docs,warranties/AST-IT-MONITOR-00270.pdf,application/pdf,101238,c12b2fa0b6b02163bf38fac6f9664b0a4e047ec39fed5e197aee73eeaf5b8ce0,clean,a88277d6-7193-4856-b318-4d7fb0af2f58,2021-09-13 00:00:00+00,2026-09-21 12:36:10.142818+00
8fa0bdbc-adde-4974-9543-bf49d0be9b8e,acc30ced-aad3-45a5-9adb-8b1b9e5928fd,warranty,CoolAir Engineering,,,,Manufacturer warranty,2023-05-30,ast-private-docs,warranties/AST-IT-MONITOR-00246.pdf,application/pdf,192838,950dc70593c12b8bad6a563fb62b2dd5757a99070850b044374b9e40cd737c2a,clean,a88277d6-7193-4856-b318-4d7fb0af2f58,2021-06-13 00:00:00+00,2026-09-21 12:36:10.142818+00
352e3001-eb3e-4f7a-8ce1-38cdb594ec24,dc0fc700-5aa9-4efc-9307-56f149b156a7,warranty,Nile Tech Systems,,,,Manufacturer warranty,2022-10-31,ast-private-docs,warranties/AST-IT-MONITOR-00222.pdf,application/pdf,226148,e3c5307cb609a8e611705f707f6fb13914b16351033e7a32deec8b1061a46b16,clean,a88277d6-7193-4856-b318-4d7fb0af2f58,2020-11-14 00:00:00+00,2026-09-21 12:36:10.142818+00
4e78f275-fd12-4609-bdf0-e70344674467,dc33516b-7ef5-4ab7-ba42-8a67085316cf,warranty,LabLine Scientific,,,,Service contract,2025-10-31,ast-private-docs,warranties/AST-IT-MONITOR-00198.pdf,application/pdf,148390,e82095a4819ed794b23a4ec1161ce6a2c2fb9f48c0e05ca5bc1b5cfc05d4b7cd,clean,a88277d6-7193-4856-b318-4d7fb0af2f58,2023-11-15 00:00:00+00,2026-09-21 12:36:10.142818+00
c83d7b87-0f99-4b64-9c14-f799638995f9,ade45384-6902-4859-b141-c33368d487e4,warranty,PowerGuard Energy,,,,Manufacturer warranty,2027-05-03,ast-private-docs,warranties/AST-IT-MONITOR-00174.pdf,application/pdf,156960,e18d586637eb8bd3aa89af9c824888e61521d0ccff4effa990de32085244f051,clean,a88277d6-7193-4856-b318-4d7fb0af2f58,2025-05-17 00:00:00+00,2026-09-21 12:36:10.142818+00
38003a57-f23c-4ed5-a199-68ab62566732,8b894a48-f7a5-48c0-b378-441c6254db45,warranty,PowerGuard Energy,,,,Service contract,2027-09-15,ast-private-docs,warranties/AST-IT-MONITOR-00150.pdf,application/pdf,72499,5048b03212d399d7ec1b9bdd4c8cc6d77c0f789121adf23e5cd24ecc22716593,clean,a88277d6-7193-4856-b318-4d7fb0af2f58,2024-09-29 00:00:00+00,2026-09-21 12:36:10.142818+00
ae671753-3e1d-4db1-8ba7-8ce389faee04,3ce9eaa4-4252-40cd-a354-288ba4a4d128,warranty,Nile Tech Systems,,,,Supplier extended cover,2025-06-18,ast-private-docs,warranties/AST-IT-MONITOR-00126.pdf,application/pdf,73245,0cd903826355796b52f1fee5d31fae317060b900e1faa69bc3a7834359abd28d,clean,a88277d6-7193-4856-b318-4d7fb0af2f58,2022-07-03 00:00:00+00,2026-09-21 12:36:10.142818+00
835c6130-5ec7-433c-9549-84aa2ece672f,6069757f-cd21-439d-8ac9-f9e3e7692ac4,warranty,Nile Tech Systems,,,,Supplier extended cover,2028-03-29,ast-private-docs,warranties/AST-IT-MONITOR-00102.pdf,application/pdf,206989,d0846497753061e9d983c3c26ea702c1f2d4bec2094515059a5cdf9cf289bdc0,clean,a88277d6-7193-4856-b318-4d7fb0af2f58,2025-04-13 00:00:00+00,2026-09-21 12:36:10.142818+00
2560f9dd-1d93-43fd-9abf-3e13a740698e,b67ba49d-5a99-43d3-a29d-4bcb36416da3,warranty,PowerGuard Energy,,,,Manufacturer warranty,2023-10-19,ast-private-docs,warranties/AST-IT-MONITOR-00078.pdf,application/pdf,233027,952b1b2db574b0189c5184cfc111f7864c275880c1e8a17ce1580bef1673877d,clean,a88277d6-7193-4856-b318-4d7fb0af2f58,2021-11-02 00:00:00+00,2026-09-21 12:36:10.142818+00
22650076-9fcf-44a0-b71d-e55a6978f13b,bb567931-c2a0-435a-9c53-b9a5fd409f8a,warranty,Delta Computer Supplies,,,,Manufacturer warranty,2022-11-19,ast-private-docs,warranties/AST-IT-MONITOR-00030.pdf,application/pdf,183493,ce24a3f7d277b462ee0155aebfe23ed577ccc919d6b32c51fbf6cd0944fa65a9,clean,a88277d6-7193-4856-b318-4d7fb0af2f58,2020-12-03 00:00:00+00,2026-09-21 12:36:10.142818+00
3ebc1625-a2d1-46c1-9085-267d27659744,30a265bf-80e0-4b58-b2bc-109fb2ad3f0c,warranty,Upper Egypt Office Works,,,,Manufacturer warranty,2027-03-08,ast-private-docs,warranties/AST-IT-MONITOR-00415.pdf,application/pdf,69712,0f31c0fe80e3537a8bf5eada7b9268ca73c054197573fd80e067fccc0bfd24d9,clean,a88277d6-7193-4856-b318-4d7fb0af2f58,2025-03-22 00:00:00+00,2026-09-21 12:36:10.142818+00
0438b3bc-11fa-498c-9c5d-cde9d15d7abd,d255a2f3-289b-49ea-8952-48145ddd3b66,warranty,Upper Egypt Office Works,,,,Supplier extended cover,2023-10-26,ast-private-docs,warranties/AST-IT-MONITOR-00367.pdf,application/pdf,203112,1a0b683e2a526b89e1746a29644e7e8687d2ea5f2d526c10b6d7e4f4c5ff5a83,clean,a88277d6-7193-4856-b318-4d7fb0af2f58,2021-11-09 00:00:00+00,2026-09-21 12:36:10.142818+00
30991788-0d90-4dbd-9e59-0f1b649d39dd,17a2734c-6aa6-48c0-84f5-1b0e160aec8e,warranty,LabLine Scientific,,,,Manufacturer warranty,2024-03-31,ast-private-docs,warranties/AST-IT-MONITOR-00343.pdf,application/pdf,202531,b4f504ba59e5407de12315ead3d85f87cb79867e25108b8a303155797adb090c,clean,a88277d6-7193-4856-b318-4d7fb0af2f58,2022-04-15 00:00:00+00,2026-09-21 12:36:10.142818+00
954e5bef-e42c-4e92-b956-038ea91fc73e,4583c822-fe79-46d2-a2e8-d81a024ecca1,warranty,Upper Egypt Office Works,,,,Service contract,2026-02-19,ast-private-docs,warranties/AST-IT-MONITOR-00295.pdf,application/pdf,182851,318aebddb4da5ff48eb5d839dea5a7a54411d13774028b8a06e7457c0097212a,clean,a88277d6-7193-4856-b318-4d7fb0af2f58,2023-03-06 00:00:00+00,2026-09-21 12:36:10.142818+00
fd36ff9c-5e88-4c5e-983a-c08e7c3d76cc,fa0fde54-e0ec-48fd-b277-26f430e908a9,warranty,Nile Tech Systems,,,,Supplier extended cover,2022-02-26,ast-private-docs,warranties/AST-IT-MONITOR-00271.pdf,application/pdf,143501,ef6a532390a320ce18798dae61452673befe12ea9977c8785b56969f0b6bb95c,clean,a88277d6-7193-4856-b318-4d7fb0af2f58,2020-03-12 00:00:00+00,2026-09-21 12:36:10.142818+00
8066ccba-fc37-4c7d-8b60-fa2602677280,a379b836-3bd9-412f-82dd-3bdeef2c9290,warranty,CoolAir Engineering,,,,Supplier extended cover,2025-10-19,ast-private-docs,warranties/AST-IT-MONITOR-00247.pdf,application/pdf,222994,bf5d71bed769f6a6dcfd2183e927c1fc35edf12a428738a4f0ff1c1f926126ea,clean,a88277d6-7193-4856-b318-4d7fb0af2f58,2022-11-03 00:00:00+00,2026-09-21 12:36:10.142818+00
cbc072c0-fb9e-4311-81b4-98f47ef6ed9a,354fdcb6-3bbd-41f9-8a81-9e4267b24248,warranty,LabLine Scientific,,,,Service contract,2024-10-23,ast-private-docs,warranties/AST-IT-MONITOR-00199.pdf,application/pdf,168585,f15b8784ba3be811572fcb84fab345d0b0456b49bb5ff3c14135a56599e14437,clean,a88277d6-7193-4856-b318-4d7fb0af2f58,2021-11-07 00:00:00+00,2026-09-21 12:36:10.142818+00
134a0667-10ca-45d2-a0c9-27a05cd07bc1,a78b7c1c-1bf8-4fe7-abe4-0990dc205c25,warranty,CoolAir Engineering,,,,Manufacturer warranty,2026-08-13,ast-private-docs,warranties/AST-IT-MONITOR-00175.pdf,application/pdf,176055,3d17951d0359fd18f3dce04a4e0544066fa7924d47d51fbe49b558346f773c61,clean,a88277d6-7193-4856-b318-4d7fb0af2f58,2024-08-27 00:00:00+00,2026-09-21 12:36:10.142818+00
9f6991d1-7512-4c59-9e71-3b05fb85c25e,fc761770-1dc0-49bc-b933-0cc49f5bedf6,warranty,Upper Egypt Office Works,,,,Service contract,2027-05-12,ast-private-docs,warranties/AST-IT-MONITOR-00151.pdf,application/pdf,200210,5798ff9badfb4875bbb0acf2073d4379c4b93898907e9a4d5149157cacc6ef11,clean,a88277d6-7193-4856-b318-4d7fb0af2f58,2025-05-26 00:00:00+00,2026-09-21 12:36:10.142818+00
51d3b715-5cdb-49b5-b8d3-e70bc1c08e81,0fc29b73-82f0-491f-b0b8-7e2eaa9010e4,warranty,Delta Computer Supplies,,,,Supplier extended cover,2024-09-29,ast-private-docs,warranties/AST-IT-MONITOR-00127.pdf,application/pdf,128783,0e69d5c72b9afe467726b7aaa35e6f920450209b6b21b0ace4e35e5ef4f618d9,clean,a88277d6-7193-4856-b318-4d7fb0af2f58,2021-10-14 00:00:00+00,2026-09-21 12:36:10.142818+00
01ae26c3-70ab-45c8-acde-6aaa0c970145,3ab59424-9410-4b42-b9e5-d78807291d63,warranty,CoolAir Engineering,,,,Service contract,2027-07-11,ast-private-docs,warranties/AST-IT-MONITOR-00103.pdf,application/pdf,154306,ecf952c6dedb61a0200553aadc33ecc115555b9a93894d430d1203f835547aeb,clean,a88277d6-7193-4856-b318-4d7fb0af2f58,2025-07-25 00:00:00+00,2026-09-21 12:36:10.142818+00
57285c9d-edd0-40c7-8df7-831616824c77,02063a1f-4ed1-4ba3-9cb9-21d108d2cd27,warranty,PowerGuard Energy,,,,Manufacturer warranty,2025-07-03,ast-private-docs,warranties/AST-IT-MONITOR-00079.pdf,application/pdf,64603,4234bc1322991a74d84677d9d834ec11f435cd43295287781ca7a6bddd6df3d3,clean,a88277d6-7193-4856-b318-4d7fb0af2f58,2023-07-18 00:00:00+00,2026-09-21 12:36:10.142818+00
f32c180e-7e48-4389-a86c-ccb7323ca2dd,cf054a8c-c5c7-4de9-95e1-26fdb049691f,warranty,CoolAir Engineering,,,,Service contract,2021-09-03,ast-private-docs,warranties/AST-IT-MONITOR-00007.pdf,application/pdf,203975,1d08aeab516841b305ed8c3ba0fb1fea84792445fdd5e013ec86005255198a9f,clean,a88277d6-7193-4856-b318-4d7fb0af2f58,2019-09-18 00:00:00+00,2026-09-21 12:36:10.142818+00
b8dab3e2-d12f-412a-892a-882ea04235b6,06624745-a046-4355-82c3-608dd9eb74f9,warranty,Upper Egypt Office Works,,,,Service contract,2024-06-20,ast-private-docs,warranties/AST-IT-MONITOR-00416.pdf,application/pdf,232954,9c1708c6f84a08f7fabd3187b05d4d603782c1e864685a3a849d373e92fc6c42,clean,a88277d6-7193-4856-b318-4d7fb0af2f58,2022-07-05 00:00:00+00,2026-09-21 12:36:10.142818+00
8d71a7ad-bff9-4dd6-a382-1550485ccdf3,3e06ea64-6076-4b71-ad89-42bc0b61986d,warranty,PowerGuard Energy,,,,Supplier extended cover,2022-02-19,ast-private-docs,warranties/AST-IT-MONITOR-00392.pdf,application/pdf,87285,b48ba50dfc06b3f52593aae26401f1716f4c5c5f9f620eae03b890b234b837db,clean,a88277d6-7193-4856-b318-4d7fb0af2f58,2020-03-05 00:00:00+00,2026-09-21 12:36:10.142818+00
1c832ee8-0add-4a27-b54f-1a3cb070b8a7,780d5016-e349-4058-9e86-3624c70718da,warranty,CoolAir Engineering,,,,Service contract,2023-09-04,ast-private-docs,warranties/AST-IT-MONITOR-00368.pdf,application/pdf,157938,ac5b547016d54f9a6707e11fc64ae23a739fded249c4467ea1a3f74763613bff,clean,a88277d6-7193-4856-b318-4d7fb0af2f58,2021-09-18 00:00:00+00,2026-09-21 12:36:10.142818+00
e343ca33-a22a-4ae0-a977-39660bb8ab89,ee55ba20-d337-48fe-8bc9-b159b86e830e,warranty,Nile Tech Systems,,,,Service contract,2026-06-25,ast-private-docs,warranties/AST-IT-MONITOR-00344.pdf,application/pdf,152696,cd6b6f710fff6073eabfa3319f3ce781e65ab35481c3a750f0f65e429f791d10,clean,a88277d6-7193-4856-b318-4d7fb0af2f58,2023-07-10 00:00:00+00,2026-09-21 12:36:10.142818+00
09f09d1a-08b0-4cf6-915b-8d0e762a311b,0218c3e2-2634-4525-b048-1eaf770b2fcc,warranty,PowerGuard Energy,,,,Supplier extended cover,2027-11-17,ast-private-docs,warranties/AST-IT-MONITOR-00320.pdf,application/pdf,102716,57bfe5df31916e3444518d0ee1b687c0121abad613f6fd264bbc46b977c51c87,clean,a88277d6-7193-4856-b318-4d7fb0af2f58,2024-12-01 00:00:00+00,2026-09-21 12:36:10.142818+00
d911f0bd-9887-47c3-a0ff-a1afb2862dc1,f5ee5902-a563-412d-a2d0-cf4c114e2737,warranty,CoolAir Engineering,,,,Manufacturer warranty,2027-04-13,ast-private-docs,warranties/AST-IT-MONITOR-00296.pdf,application/pdf,81830,37670de517b6880762af4576cbb6609953da6adcfe14971ac32bd2855a4e5938,clean,a88277d6-7193-4856-b318-4d7fb0af2f58,2024-04-27 00:00:00+00,2026-09-21 12:36:10.142818+00
ee08a094-9ba8-4859-a2bb-41073937caf3,2fe14b92-c446-4660-a72a-61b6719cad31,warranty,PowerGuard Energy,,,,Manufacturer warranty,2023-08-14,ast-private-docs,warranties/AST-IT-MONITOR-00272.pdf,application/pdf,204737,57b68fb694cf1574f3ad951d5f27be4758cea4886a6a5707fcc18a1beba330f7,clean,a88277d6-7193-4856-b318-4d7fb0af2f58,2020-08-28 00:00:00+00,2026-09-21 12:36:10.142818+00
feafac3f-3da0-4ee6-a0ac-7a926799ab34,a5b79db8-1d3b-4a94-9623-2d3fb1999e87,warranty,Delta Computer Supplies,,,,Supplier extended cover,2022-05-10,ast-private-docs,warranties/AST-IT-MONITOR-00248.pdf,application/pdf,115567,73c203b9db49d207662b5e163a713ec519e15465cecbb065a03c720e1d637283,clean,a88277d6-7193-4856-b318-4d7fb0af2f58,2020-05-24 00:00:00+00,2026-09-21 12:36:10.142818+00
cb34dadb-d262-46e3-9638-a5e07d8d2b16,78fee29f-1ab3-481f-a56e-48e8d3c88c9b,warranty,Upper Egypt Office Works,,,,Service contract,2023-10-19,ast-private-docs,warranties/AST-IT-MONITOR-00200.pdf,application/pdf,92299,1e06629265f9cb43bd06eca8a207494375b3164ad119cb05a085d70785ce7fba,clean,a88277d6-7193-4856-b318-4d7fb0af2f58,2020-11-02 00:00:00+00,2026-09-21 12:36:10.142818+00
001e931a-da1c-4b6a-a918-e7c0c17c95be,557ddf37-cad5-4934-9ab5-4a03168676b0,warranty,LabLine Scientific,,,,Supplier extended cover,2026-05-31,ast-private-docs,warranties/AST-IT-MONITOR-00176.pdf,application/pdf,121922,04ab1b62859f87ac9c5ccca73086729c4ec99835a3a5d487c25a35bc5f7df53f,clean,a88277d6-7193-4856-b318-4d7fb0af2f58,2023-06-15 00:00:00+00,2026-09-21 12:36:10.142818+00
b6bba4ff-8cc0-4cc1-a686-4b3cdde6ab89,f14a2705-e72f-4f75-9267-c718ab043d5c,warranty,LabLine Scientific,,,,Supplier extended cover,2026-06-05,ast-private-docs,warranties/AST-IT-MONITOR-00104.pdf,application/pdf,226489,066fab33a98bb5eff82583e7f2894dd814c9567349fbf46a992266fd319f5062,clean,a88277d6-7193-4856-b318-4d7fb0af2f58,2023-06-20 00:00:00+00,2026-09-21 12:36:10.142818+00
3a2dd486-a084-4982-ae39-5db37fdba893,70bbe4d2-7c10-4be7-bf34-781164f9f6e8,warranty,PowerGuard Energy,,,,Manufacturer warranty,2023-08-02,ast-private-docs,warranties/AST-IT-MONITOR-00080.pdf,application/pdf,225659,119b9846db59287823834822a66247ee5a96393c093f3b0e6fffd25a41094ed4,clean,a88277d6-7193-4856-b318-4d7fb0af2f58,2021-08-16 00:00:00+00,2026-09-21 12:36:10.142818+00
d06a2008-23c6-4926-8e38-e843d7082a5a,c8b0db7a-6259-4630-8235-dec7c52f6f0a,warranty,PowerGuard Energy,,,,Manufacturer warranty,2026-09-23,ast-private-docs,warranties/AST-IT-MONITOR-00056.pdf,application/pdf,130965,da29bc36fa941ac830928d52c3d796a3a8473f5df3a70a4e753bb658152c18f7,clean,a88277d6-7193-4856-b318-4d7fb0af2f58,2024-10-07 00:00:00+00,2026-09-21 12:36:10.142818+00
dbf683c3-4d8a-4b92-a677-bea632a10236,adf83cf1-86a1-4704-ae53-7954a12191ad,warranty,Delta Computer Supplies,,,,Supplier extended cover,2027-09-25,ast-private-docs,warranties/AST-IT-MONITOR-00032.pdf,application/pdf,217383,a36bed9c2ff5b22d7653c5ce85dbb3d227fddd76022c91c0e95f95b40efc345f,clean,a88277d6-7193-4856-b318-4d7fb0af2f58,2025-10-09 00:00:00+00,2026-09-21 12:36:10.142818+00
a4173b36-e819-406e-b435-ae82e5e3f9a0,0cd380da-7e0d-4741-9dca-9231f00f845e,warranty,Nile Tech Systems,,,,Service contract,2027-07-23,ast-private-docs,warranties/AST-IT-MONITOR-00008.pdf,application/pdf,150271,ab56ba565174703c289e6123c82bcc576a0325c2ddbffd961827f2d5ad9c5472,clean,a88277d6-7193-4856-b318-4d7fb0af2f58,2024-08-06 00:00:00+00,2026-09-21 12:36:10.142818+00
d505b0d7-2b5c-43d5-8477-e14439953439,87b9834f-3c9b-446d-a2c7-acb1961a7c54,warranty,Upper Egypt Office Works,,,,Supplier extended cover,2023-04-15,ast-private-docs,warranties/AST-IT-MONITOR-00417.pdf,application/pdf,80655,c55b650a9cade3e200fd84c7cc3b81418c60013522449f59bd5fcd4ce19d1b26,clean,a88277d6-7193-4856-b318-4d7fb0af2f58,2021-04-29 00:00:00+00,2026-09-21 12:36:10.142818+00
979a5cec-0bc4-4ce6-813a-18f900c3509a,6ee79af7-d7b1-4915-af81-f1bd110dfdd0,warranty,PowerGuard Energy,,,,Service contract,2023-02-23,ast-private-docs,warranties/AST-IT-MONITOR-00393.pdf,application/pdf,202081,fde798315652807046e7bb23e803ee7a4465ebf4cc2da6dd92d664c76f188ea5,clean,a88277d6-7193-4856-b318-4d7fb0af2f58,2021-03-09 00:00:00+00,2026-09-21 12:36:10.142818+00
cffa155e-6003-4be8-8ff4-d198ae5c0426,77d94d70-fb5a-495e-85b4-96ae4e89e840,warranty,LabLine Scientific,,,,Service contract,2025-06-09,ast-private-docs,warranties/AST-IT-MONITOR-00345.pdf,application/pdf,235392,9581ee7a07268ccdd66038d1bb7ab86092a09c9493a3d22ef48d2683df60ead3,clean,a88277d6-7193-4856-b318-4d7fb0af2f58,2023-06-24 00:00:00+00,2026-09-21 12:36:10.142818+00
7e9535d7-4d0f-4efb-b954-38b2b993af76,e1b94a6d-4fbc-4df4-a56c-0c00a7c98a2f,warranty,LabLine Scientific,,,,Service contract,2027-07-15,ast-private-docs,warranties/AST-IT-MONITOR-00321.pdf,application/pdf,133022,eca8d8465f7cf46374cd7c5f24adedde5952b9159f3b018f750656fd38fc5bda,clean,a88277d6-7193-4856-b318-4d7fb0af2f58,2024-07-29 00:00:00+00,2026-09-21 12:36:10.142818+00
a61d91c7-c485-4bfe-9362-3f7372fc13cd,207d9595-f982-4e50-805c-5a1f17cb1a0c,warranty,LabLine Scientific,,,,Manufacturer warranty,2026-06-01,ast-private-docs,warranties/AST-IT-MONITOR-00297.pdf,application/pdf,205892,6237b9bfab7d83748bfba6d23ca0afcb03ad0a33cf890fff6c67a92c45ba972c,clean,a88277d6-7193-4856-b318-4d7fb0af2f58,2023-06-16 00:00:00+00,2026-09-21 12:36:10.142818+00
2799f708-a74b-4a33-9e62-4c0d477f971b,50683c77-6921-4848-8436-c79df5d37707,warranty,PowerGuard Energy,,,,Service contract,2023-04-17,ast-private-docs,warranties/AST-IT-MONITOR-00201.pdf,application/pdf,164969,6e9db1c3152e4589f88acf4d3ad2e2d1a8f7475469328612b67446edf456cc56,clean,a88277d6-7193-4856-b318-4d7fb0af2f58,2021-05-01 00:00:00+00,2026-09-21 12:36:10.142818+00
1cba8c80-5a3c-470a-8867-61165c8efa0d,34773136-a9f4-4c28-b192-10768afd174c,warranty,CoolAir Engineering,,,,Supplier extended cover,2024-10-03,ast-private-docs,warranties/AST-IT-MONITOR-00129.pdf,application/pdf,97269,16b383196b392959841069a751c7fd8742366a57ee66eb400090c794d730819c,clean,a88277d6-7193-4856-b318-4d7fb0af2f58,2021-10-18 00:00:00+00,2026-09-21 12:36:10.142818+00
03c0c223-c92f-4d26-82cb-fddeaf43fcb8,c0b8349c-e0a9-4f3f-837a-b9d2777f893d,warranty,LabLine Scientific,,,,Supplier extended cover,2024-03-18,ast-private-docs,warranties/AST-IT-MONITOR-00105.pdf,application/pdf,146565,8043e3a5b0442c54e6dd00bf978d27a86427386ab962fc255ca0889c52f55a44,clean,a88277d6-7193-4856-b318-4d7fb0af2f58,2022-04-02 00:00:00+00,2026-09-21 12:36:10.142818+00
57077f8c-1934-4c17-b3ec-85a353353343,227534e4-4950-4fbb-8288-54788dd08861,warranty,Nile Tech Systems,,,,Manufacturer warranty,2027-02-03,ast-private-docs,warranties/AST-IT-MONITOR-00033.pdf,application/pdf,210352,e5474b874262ef512627d6e443cd5bcacb544f99660fc23461140926756ba557,clean,a88277d6-7193-4856-b318-4d7fb0af2f58,2025-02-17 00:00:00+00,2026-09-21 12:36:10.142818+00
4b0e5779-f6ad-4d8e-ba9c-a2aed79d4f24,8c923525-b653-4851-a2f4-3fb498911b7d,warranty,PowerGuard Energy,,,,Service contract,2025-03-26,ast-private-docs,warranties/AST-IT-LAPTOP-00418.pdf,application/pdf,200814,2e6d9ffc9254d321f96ff40f7bc0d5b9dd829b9abfbb9d0b010e7598d485c97b,clean,a88277d6-7193-4856-b318-4d7fb0af2f58,2023-04-10 00:00:00+00,2026-09-21 12:36:10.142818+00
a4250cbb-56ff-4267-9f0c-c7fd1d37c02f,094e9be1-4250-4720-8fd0-0413662d1900,warranty,Delta Computer Supplies,,,,Supplier extended cover,2025-11-18,ast-private-docs,warranties/AST-IT-LAPTOP-00394.pdf,application/pdf,80498,ef1e02fa1607af5d02ad17d4f8dd2892b4c9b382a324a2eb838e8eb2d4a3471f,clean,a88277d6-7193-4856-b318-4d7fb0af2f58,2023-12-03 00:00:00+00,2026-09-21 12:36:10.142818+00
141aecc2-9e91-499a-8373-4c41da4fc0cc,034a8b7f-433c-4cab-b207-1fc181783f0d,warranty,CoolAir Engineering,,,,Supplier extended cover,2028-09-21,ast-private-docs,warranties/AST-IT-LAPTOP-00322.pdf,application/pdf,134694,cb6a631c41b22316026770333dd9e5b0a17f5ce9eed02c487c45a4f48daca725,clean,a88277d6-7193-4856-b318-4d7fb0af2f58,2025-10-06 00:00:00+00,2026-09-21 12:36:10.142818+00
b3c79547-0b28-42b8-8dfd-6725812955f0,c6d03084-f5a9-424a-b550-03cded5331ad,warranty,Delta Computer Supplies,,,,Service contract,2022-06-30,ast-private-docs,warranties/AST-IT-LAPTOP-00298.pdf,application/pdf,227098,daacf6667d06769d8b1ce69147a3c6fda9866652e9fda7c252bd2e8aeb5020c1,clean,a88277d6-7193-4856-b318-4d7fb0af2f58,2020-07-14 00:00:00+00,2026-09-21 12:36:10.142818+00
746a9bfc-c04e-48f3-9888-360dcf439337,99cb7ad9-b2b7-451a-9134-e0d7c92449f6,warranty,Upper Egypt Office Works,,,,Service contract,2026-07-05,ast-private-docs,warranties/AST-IT-LAPTOP-00274.pdf,application/pdf,130500,aae842e876bf8c85769af8648d68d76a6d7b9cfbabe5413a503574a7fe0eb1df,clean,a88277d6-7193-4856-b318-4d7fb0af2f58,2023-07-20 00:00:00+00,2026-09-21 12:36:10.142818+00
2cb57d36-87c0-4e6b-99bc-7b74d5bb03a8,41a54514-80ef-4746-a97f-53647586466a,warranty,Nile Tech Systems,,,,Manufacturer warranty,2024-10-20,ast-private-docs,warranties/AST-IT-LAPTOP-00250.pdf,application/pdf,108388,fb299f0996211dd5d761514430b052926cc1a5da082dfb56198182a5a925c83d,clean,a88277d6-7193-4856-b318-4d7fb0af2f58,2022-11-04 00:00:00+00,2026-09-21 12:36:10.142818+00
7f90b1e3-2fa3-4f0a-84a8-097914d9a086,f99f741b-31d6-465b-b4c9-1521fe24372c,warranty,LabLine Scientific,,,,Service contract,2028-06-21,ast-private-docs,warranties/AST-IT-LAPTOP-00178.pdf,application/pdf,195922,8ac1817343020f1319b03df42f0f190a32b9379b936f4b0676db30fc51a28e53,clean,a88277d6-7193-4856-b318-4d7fb0af2f58,2025-07-06 00:00:00+00,2026-09-21 12:36:10.142818+00
88dc168b-bb6c-4560-9946-b3f166827313,6ab4df89-1b50-4b6a-962d-92d3ef5ddc4c,warranty,CoolAir Engineering,,,,Supplier extended cover,2023-02-02,ast-private-docs,warranties/AST-IT-LAPTOP-00130.pdf,application/pdf,72976,60e82c96630da544e0cb29180e9ff2e374330c75787680cbb7038aa3c5944020,clean,a88277d6-7193-4856-b318-4d7fb0af2f58,2020-02-17 00:00:00+00,2026-09-21 12:36:10.142818+00
c2a8d121-ec23-4752-be43-1aff8e728e5a,18754f43-6a77-4e65-a133-23841c655bcb,warranty,Delta Computer Supplies,,,,Manufacturer warranty,2022-04-12,ast-private-docs,warranties/AST-IT-LAPTOP-00058.pdf,application/pdf,126871,2c541581968386edc8cb29829e98b47b37da7dcd147b5ed3770caf770b911836,clean,a88277d6-7193-4856-b318-4d7fb0af2f58,2020-04-26 00:00:00+00,2026-09-21 12:36:10.142818+00
88b1ff7d-cede-4586-92e2-54b4ed6312de,ced1fc40-c2f8-4143-8f8b-84292cdaace1,warranty,CoolAir Engineering,,,,Supplier extended cover,2026-01-04,ast-private-docs,warranties/AST-IT-LAPTOP-00419.pdf,application/pdf,203625,8bfb2dc4e40922d9a14fbbd23b3058b2d5a725201253c52f9b4f72a543dfcf3a,clean,a88277d6-7193-4856-b318-4d7fb0af2f58,2023-01-19 00:00:00+00,2026-09-21 12:36:10.142818+00
147b26f2-7a13-40b2-858e-5eabf6741891,c9447499-81c6-4239-9254-400f41a45ed8,warranty,PowerGuard Energy,,,,Manufacturer warranty,2024-10-29,ast-private-docs,warranties/AST-IT-LAPTOP-00395.pdf,application/pdf,166737,a5d8f0d6ae2f527e0011b2e206b6460de4de8fefb766b77a286d55eccaa0b183,clean,a88277d6-7193-4856-b318-4d7fb0af2f58,2022-11-13 00:00:00+00,2026-09-21 12:36:10.142818+00
2e86b1e5-dddc-4ec7-beb0-acd7993e50ed,63f8c423-fb57-4736-8283-17d293b8db97,warranty,Upper Egypt Office Works,,,,Supplier extended cover,2024-01-21,ast-private-docs,warranties/AST-IT-LAPTOP-00371.pdf,application/pdf,201006,6bef45f254aa5fdf941b50d1246cf6c456b8e0b5108e229d6cc91f68f5d16610,clean,a88277d6-7193-4856-b318-4d7fb0af2f58,2022-02-04 00:00:00+00,2026-09-21 12:36:10.142818+00
56d216b8-1053-4f77-8f4e-63184acea959,8c7db0db-6f83-4007-95db-8ac6eca67355,warranty,PowerGuard Energy,,,,Service contract,2022-04-14,ast-private-docs,warranties/AST-FAC-AC-00209.pdf,application/pdf,203991,09e32d4a0ed934e7cba7d6028be636c8cd54de75cf8fe71a296fb254f43446e6,clean,a88277d6-7193-4856-b318-4d7fb0af2f58,2020-04-28 00:00:00+00,2026-09-21 12:36:10.142818+00
c0a238e6-24cb-4ff2-a9a7-1cba1fd3548c,15707320-cbb1-4984-a776-895049448c18,warranty,Delta Computer Supplies,,,,Manufacturer warranty,2025-04-07,ast-private-docs,warranties/AST-IT-LAPTOP-00323.pdf,application/pdf,145459,038ee302fd4d5ba63c075c8e4229a3258293e681dec57dac74ecd10c0ac61e44,clean,a88277d6-7193-4856-b318-4d7fb0af2f58,2023-04-22 00:00:00+00,2026-09-21 12:36:10.142818+00
d9a195bd-8b21-4107-aab9-f1ed4f6ccb5d,d71c37c1-f089-4ce6-924f-1bfd30fd360c,warranty,Delta Computer Supplies,,,,Service contract,2023-06-19,ast-private-docs,warranties/AST-IT-LAPTOP-00275.pdf,application/pdf,200958,403525ac3855245c023431d69915728ad5fef45d1594c7de4089e26a54e6b37d,clean,a88277d6-7193-4856-b318-4d7fb0af2f58,2021-07-03 00:00:00+00,2026-09-21 12:36:10.142818+00
c87a1406-f13e-4d84-b545-9a2d670e82da,0d4c6f27-4d61-4ee8-9e95-199882ab6329,warranty,Upper Egypt Office Works,,,,Manufacturer warranty,2023-05-24,ast-private-docs,warranties/AST-IT-LAPTOP-00251.pdf,application/pdf,170218,e9bda3ef9355a76bd461c7fb487fff8cfdb654e55620c60be979d80fa359fd16,clean,a88277d6-7193-4856-b318-4d7fb0af2f58,2021-06-07 00:00:00+00,2026-09-21 12:36:10.142818+00
344959b6-97cd-4199-af7c-84305e5b0858,661926d4-ef61-4388-b957-a43f3ac66a78,warranty,Upper Egypt Office Works,,,,Supplier extended cover,2025-04-22,ast-private-docs,warranties/AST-IT-LAPTOP-00227.pdf,application/pdf,136321,7791333c9d0db09c550fe84475557b3bcf48f0ee2ce8e4e43dc3015149e7adf8,clean,a88277d6-7193-4856-b318-4d7fb0af2f58,2022-05-07 00:00:00+00,2026-09-21 12:36:10.142818+00
0363fed4-d721-4052-b908-51ff00d8b83f,791324a4-7f04-4c2d-a81f-df66cf7bb9d9,warranty,PowerGuard Energy,,,,Manufacturer warranty,2024-08-25,ast-private-docs,warranties/AST-IT-LAPTOP-00203.pdf,application/pdf,67031,882ea4905388703f83c5ec25aae6cf6cceb30e5e5d2a77c13bf05e77b479e295,clean,a88277d6-7193-4856-b318-4d7fb0af2f58,2021-09-09 00:00:00+00,2026-09-21 12:36:10.142818+00
bb4920e5-8a1b-4763-b557-7121832564ac,866bf58d-cff4-4719-b726-3357fb436e70,warranty,PowerGuard Energy,,,,Supplier extended cover,2025-01-19,ast-private-docs,warranties/AST-IT-LAPTOP-00179.pdf,application/pdf,143824,31aa361ac7c01016aa30dca1bbb39ed60aa3bca3008664fbf14c725072e07f81,clean,a88277d6-7193-4856-b318-4d7fb0af2f58,2023-02-03 00:00:00+00,2026-09-21 12:36:10.142818+00
6e110f6c-6fe7-4ba0-838f-382100336d97,bde8dd16-74c6-404d-89e8-7d957b0e0e67,warranty,CoolAir Engineering,,,,Supplier extended cover,2024-08-04,ast-private-docs,warranties/AST-IT-LAPTOP-00155.pdf,application/pdf,133110,a8c647c1ea8bf14516f260b16bd80e7bab10f5744108929e4fc0bf41df3a29cf,clean,a88277d6-7193-4856-b318-4d7fb0af2f58,2022-08-19 00:00:00+00,2026-09-21 12:36:10.142818+00
b18653a3-56a8-40bc-b7b0-c80448e3bd7f,577d2037-fa1a-4502-ad03-655b700478ab,warranty,PowerGuard Energy,,,,Supplier extended cover,2026-12-14,ast-private-docs,warranties/AST-IT-LAPTOP-00131.pdf,application/pdf,166263,8546a226309d41637501097ced4cf5d2848c0d5b5f88bd255f578899eb7336ce,clean,a88277d6-7193-4856-b318-4d7fb0af2f58,2024-12-28 00:00:00+00,2026-09-21 12:36:10.142818+00
c8173355-4998-490f-8c43-2509c2751074,a695b6b5-5239-46ee-a55e-2da1a73b49f9,warranty,PowerGuard Energy,,,,Manufacturer warranty,2025-04-20,ast-private-docs,warranties/AST-IT-LAPTOP-00107.pdf,application/pdf,197313,5983b1d333f6666b31fc29aabdb24dfe87a682a4ffd032b29581de6467a2083c,clean,a88277d6-7193-4856-b318-4d7fb0af2f58,2022-05-05 00:00:00+00,2026-09-21 12:36:10.142818+00
a27a076e-18fb-4166-b23d-9af15d5bc5fa,be235f20-06e4-4da9-b9da-d609b91c58ef,warranty,Upper Egypt Office Works,,,,Manufacturer warranty,2022-08-25,ast-private-docs,warranties/AST-IT-LAPTOP-00083.pdf,application/pdf,132500,08308cdc362f8f9f82f3d3fad5d078642330c94203a551eb1ab40f943f98e8bd,clean,a88277d6-7193-4856-b318-4d7fb0af2f58,2020-09-08 00:00:00+00,2026-09-21 12:36:10.142818+00
7c5fa138-5d56-4e2b-b808-f4f604a79e36,0d30e518-585c-4756-a7f3-19caeba33493,warranty,LabLine Scientific,,,,Manufacturer warranty,2025-08-22,ast-private-docs,warranties/AST-IT-LAPTOP-00059.pdf,application/pdf,206333,b18215307fd1cb55032be07a92b54a4ea768387898999ad6f9be346398907b6b,clean,a88277d6-7193-4856-b318-4d7fb0af2f58,2023-09-06 00:00:00+00,2026-09-21 12:36:10.142818+00
e6ea85fc-d19c-4b91-8c52-a0c42affb06f,531d06f2-dc97-4727-8bae-d4929105d722,warranty,Upper Egypt Office Works,,,,Manufacturer warranty,2028-08-05,ast-private-docs,warranties/AST-IT-LAPTOP-00035.pdf,application/pdf,142948,fcbf077f4056a609badf4fd67b9e7aab5f21bbc7daa194eb09cd0f75615f2317,clean,a88277d6-7193-4856-b318-4d7fb0af2f58,2025-08-20 00:00:00+00,2026-09-21 12:36:10.142818+00
876e4a26-8985-4029-96db-581fdc1ef39e,a40d399f-21db-4230-b466-1d994c0db768,warranty,Upper Egypt Office Works,,,,Service contract,2021-09-09,ast-private-docs,warranties/AST-FURN-DESK-00420.pdf,application/pdf,135472,bfe4b9ebf7f42c1724401caf017e8587595f6a41972b219924d211e3f43ee3a6,clean,a88277d6-7193-4856-b318-4d7fb0af2f58,2019-09-24 00:00:00+00,2026-09-21 12:36:10.142818+00
61e1ec4f-f3ab-44dc-9894-f850a76c266b,62ef7d8e-1a3c-41d8-a044-9fefde078224,warranty,Upper Egypt Office Works,,,,Service contract,2024-07-15,ast-private-docs,warranties/AST-FURN-DESK-00372.pdf,application/pdf,105062,12406d35301912d053e729714a0c4af67ecd25fa6131fc6c94e4514edea16754,clean,a88277d6-7193-4856-b318-4d7fb0af2f58,2022-07-30 00:00:00+00,2026-09-21 12:36:10.142818+00
c4e62467-eefd-47ab-b7ba-1a96ee537dc0,0fa4e66e-4e83-4f2f-9a3f-118ba0e74086,warranty,Delta Computer Supplies,,,,Supplier extended cover,2027-09-17,ast-private-docs,warranties/AST-FURN-DESK-00348.pdf,application/pdf,153386,dc5b3f06bd3e35f01bf8143f0eb52eb1e150ada2ba4e40397684252d13252cd7,clean,a88277d6-7193-4856-b318-4d7fb0af2f58,2025-10-01 00:00:00+00,2026-09-21 12:36:10.142818+00
05fd5dcb-2890-4316-b485-82d9f2a54e99,47b98c8a-75a2-4a6b-bdee-42b3794b60f2,warranty,Delta Computer Supplies,,,,Manufacturer warranty,2027-06-21,ast-private-docs,warranties/AST-FURN-DESK-00324.pdf,application/pdf,171581,de1379e7e9b4b3a46d60e5c1ac821d49c74fc91801ca7a7cbef78040d221d124,clean,a88277d6-7193-4856-b318-4d7fb0af2f58,2024-07-05 00:00:00+00,2026-09-21 12:36:10.142818+00
84f347fe-c749-4d8e-8d1d-ed5d94605a80,e1bf7f4c-ce10-43d5-9f59-55740d26d991,warranty,Delta Computer Supplies,,,,Service contract,2025-04-27,ast-private-docs,warranties/AST-FURN-DESK-00300.pdf,application/pdf,199097,174023ee33d9f7cba37a31060c5686e9caa77489ec0afda5d469d4cc830f00c8,clean,a88277d6-7193-4856-b318-4d7fb0af2f58,2023-05-12 00:00:00+00,2026-09-21 12:36:10.142818+00
308d2f45-649f-4643-9ce1-c5268854901a,4ab023fe-56e3-4b29-8558-badc2ded9fa5,warranty,LabLine Scientific,,,,Manufacturer warranty,2027-02-28,ast-private-docs,warranties/AST-FURN-DESK-00276.pdf,application/pdf,116238,f64ef9cb5ce21b4fa589021669d43426e1f8fe8cba22966760a500e550a1c775,clean,a88277d6-7193-4856-b318-4d7fb0af2f58,2024-03-14 00:00:00+00,2026-09-21 12:36:10.142818+00
307f9a07-91d9-4b7d-b7cd-6a7b35dcef20,425c02ac-fc8e-4acd-82fa-ec04c7d1efe7,warranty,Delta Computer Supplies,,,,Manufacturer warranty,2025-01-16,ast-private-docs,warranties/AST-FURN-DESK-00252.pdf,application/pdf,127614,312cefaafd2270478b8ffe2447c7a33f5196940f7bdb05756f570252227a055f,clean,a88277d6-7193-4856-b318-4d7fb0af2f58,2022-01-31 00:00:00+00,2026-09-21 12:36:10.142818+00
ceba9c13-f575-439a-8e7d-797867a99052,a5d788c6-fc55-45f7-932d-e22ecba6057b,warranty,LabLine Scientific,,,,Manufacturer warranty,2025-12-30,ast-private-docs,warranties/AST-FURN-DESK-00228.pdf,application/pdf,213098,0f414dfe1b0cf3812eb2e6b5106e28e001bc772ac0edff60c0235732f4805f5b,clean,a88277d6-7193-4856-b318-4d7fb0af2f58,2024-01-14 00:00:00+00,2026-09-21 12:36:10.142818+00
ddafcaa1-8f41-4ebe-ace9-7b15406760ef,0ae665b9-f018-405a-870f-327a23153262,warranty,CoolAir Engineering,,,,Supplier extended cover,2025-05-29,ast-private-docs,warranties/AST-FURN-DESK-00204.pdf,application/pdf,170014,4d549b4c55dcd0d062add920aa92c45dfdb980f4c5f6719b6cfb40c184b8d28e,clean,a88277d6-7193-4856-b318-4d7fb0af2f58,2022-06-13 00:00:00+00,2026-09-21 12:36:10.142818+00
9e66bc51-9c79-48e4-85f3-4ea63d7b6f52,93876c21-0c9e-49a9-a24a-11e0cd8433fa,warranty,Upper Egypt Office Works,,,,Supplier extended cover,2027-08-15,ast-private-docs,warranties/AST-FURN-DESK-00156.pdf,application/pdf,72030,97726a601e74feb086cff7c280eaedf572a977ec8ba23e4a98f575951a8219f7,clean,a88277d6-7193-4856-b318-4d7fb0af2f58,2024-08-29 00:00:00+00,2026-09-21 12:36:10.142818+00
1131c5ed-4a43-41b3-81f4-2fd1c38227f2,86c0433f-8e2c-4945-88f5-eb61ecf775ce,warranty,PowerGuard Energy,,,,Manufacturer warranty,2025-09-27,ast-private-docs,warranties/AST-FURN-DESK-00132.pdf,application/pdf,106860,5435f11eb6fe8e9025054dac1a8f20ebde74b4c815fcb182343fb9e3af740b25,clean,a88277d6-7193-4856-b318-4d7fb0af2f58,2023-10-12 00:00:00+00,2026-09-21 12:36:10.142818+00
386886cb-ebc4-4b57-87f8-29c895cef7a3,922c2b56-f70b-43d9-962d-02990e718976,warranty,Delta Computer Supplies,,,,Supplier extended cover,2027-02-16,ast-private-docs,warranties/AST-FURN-DESK-00108.pdf,application/pdf,228897,68634748d8395f86f7f40ec6430047bd82e03742f8689e04e7f3b3b8192bebb4,clean,a88277d6-7193-4856-b318-4d7fb0af2f58,2025-03-02 00:00:00+00,2026-09-21 12:36:10.142818+00
8d6a024f-b881-420f-9ab9-db622174e18d,4ac924ac-9b8a-423d-898b-6bdb5b1eecbe,warranty,Delta Computer Supplies,,,,Service contract,2026-07-11,ast-private-docs,warranties/AST-FURN-DESK-00084.pdf,application/pdf,172455,816d05fcf8107e535878d42aab74f12f463bd6f48421786b96ce3e9d66d473dc,clean,a88277d6-7193-4856-b318-4d7fb0af2f58,2023-07-26 00:00:00+00,2026-09-21 12:36:10.142818+00
3efc4ad7-06cf-4c11-af65-64189df20198,a97d79b8-bf69-45bf-86ff-a5a488ddf88c,warranty,Delta Computer Supplies,,,,Manufacturer warranty,2022-01-05,ast-private-docs,warranties/AST-FURN-DESK-00060.pdf,application/pdf,181229,65d535abeae2ac1015871ec26df54611b7c8a44addd57436e5049e84173a90cb,clean,a88277d6-7193-4856-b318-4d7fb0af2f58,2020-01-20 00:00:00+00,2026-09-21 12:36:10.142818+00
4186127d-7b81-46b1-ae0a-7a6abf49ab20,371c8f5b-7f2c-4e30-8326-cf20be57901e,manual,,,,,,,ast-private-docs,manuals/AST-IT-LAPTOP-00034.pdf,application/pdf,2433431,48fb58b42d6962deb2cba591b3e91c9da54f778d40bc6b627a939b314f5007d8,clean,60694a33-64df-4703-bb1f-20bc3948e683,2026-09-21 12:36:10.142818+00,2026-09-21 12:36:10.142818+00
544ed93f-96c7-42ee-81ac-7a3662560bc0,788bb250-6b48-4e09-88ff-9b97b0e0941c,warranty,Nile Tech Systems,,,,Supplier extended cover,2024-02-20,ast-private-docs,warranties/AST-FURN-DESK-00036.pdf,application/pdf,92969,473bc44efc0f797f71a3199be398953a18eec9208e0922e7709e4b09de3429f6,clean,a88277d6-7193-4856-b318-4d7fb0af2f58,2022-03-06 00:00:00+00,2026-09-21 12:36:10.142818+00
22f0ae93-594f-4c19-9317-cfbbcef2eb2f,b9069e48-d8db-4a30-856f-59c0b9ec67c5,warranty,Delta Computer Supplies,,,,Manufacturer warranty,2027-03-05,ast-private-docs,warranties/AST-FURN-DESK-00012.pdf,application/pdf,86868,ae6f2b9c9a7acbf6a45599c65f24fa7f336ee07deda20dffc16aa159c59c6b68,clean,a88277d6-7193-4856-b318-4d7fb0af2f58,2025-03-19 00:00:00+00,2026-09-21 12:36:10.142818+00
e1923e19-d126-4167-9a26-b93540e79ea4,5bf7bd29-a12f-4781-b9d0-bfd54f897868,warranty,CoolAir Engineering,,,,Supplier extended cover,2023-11-14,ast-private-docs,warranties/AST-FURN-DESK-00397.pdf,application/pdf,230607,6dade58d24d6d05e7c88108b25b140d29372a881cd7fecd229b152687de37408,clean,a88277d6-7193-4856-b318-4d7fb0af2f58,2021-11-28 00:00:00+00,2026-09-21 12:36:10.142818+00
fb84727f-c122-4709-b61f-4fc1971b2f46,abb6c3a1-f251-46da-ba51-4b52d59fd74c,warranty,LabLine Scientific,,,,Supplier extended cover,2026-05-23,ast-private-docs,warranties/AST-FURN-DESK-00373.pdf,application/pdf,198342,20397a2b2214c35ae12154377a597e6b69fa78e7cf76f040d0f8b23590fe8a31,clean,a88277d6-7193-4856-b318-4d7fb0af2f58,2023-06-07 00:00:00+00,2026-09-21 12:36:10.142818+00
2a6cf12f-84ce-44c7-a68f-2eb97dd4008e,33dfb0fb-19ec-4b7f-b464-f3f9812b39b7,warranty,CoolAir Engineering,,,,Manufacturer warranty,2024-05-09,ast-private-docs,warranties/AST-FURN-DESK-00349.pdf,application/pdf,183417,84a421bdb5142c962c943c4217b5dd2e8305838f94e2e2c786bf5568dbe09db6,clean,a88277d6-7193-4856-b318-4d7fb0af2f58,2021-05-24 00:00:00+00,2026-09-21 12:36:10.142818+00
35b3891d-dcf2-493c-b0fd-f8c843765ff5,b3b640b7-af1f-444d-9c49-2fb6751baa85,warranty,Nile Tech Systems,,,,Manufacturer warranty,2026-04-17,ast-private-docs,warranties/AST-FURN-DESK-00325.pdf,application/pdf,223043,cbdea8e0aea67339f6aa7e477f4d21a896521f386f45a48a738e63c885574bf0,clean,a88277d6-7193-4856-b318-4d7fb0af2f58,2024-05-01 00:00:00+00,2026-09-21 12:36:10.142818+00
269b6232-19a8-4e34-9328-0bac5d642ac7,4c171fa3-11db-4b74-8748-5918e0c0ed3e,warranty,Nile Tech Systems,,,,Manufacturer warranty,2022-11-11,ast-private-docs,warranties/AST-FURN-DESK-00301.pdf,application/pdf,148660,0cc6f45d08e76eac05b9ef2cbb4bf9d2190cf5a3b346f5c22375cce7b75b72a6,clean,a88277d6-7193-4856-b318-4d7fb0af2f58,2020-11-25 00:00:00+00,2026-09-21 12:36:10.142818+00
254058f2-19af-4d68-8d24-a7fa9be203f7,c637be88-832d-4bc8-8f0f-74fc8315daaf,warranty,Delta Computer Supplies,,,,Service contract,2021-11-12,ast-private-docs,warranties/AST-FURN-DESK-00277.pdf,application/pdf,103783,7e51958b80078935296a3204aa57724563cadc1845c61bc10e051ef59d3612a8,clean,a88277d6-7193-4856-b318-4d7fb0af2f58,2019-11-27 00:00:00+00,2026-09-21 12:36:10.142818+00
5038775f-6070-44a5-93b4-be88bb82bbec,6b923bd3-542e-495c-ad1d-ef5555cc61e6,warranty,Upper Egypt Office Works,,,,Supplier extended cover,2023-01-21,ast-private-docs,warranties/AST-FURN-DESK-00253.pdf,application/pdf,72584,d2f21e8335d87a051ca85775316fa7d1bc582d3f223e3e310ceb9941642bc628,clean,a88277d6-7193-4856-b318-4d7fb0af2f58,2021-02-04 00:00:00+00,2026-09-21 12:36:10.142818+00
019e53fa-3a47-4427-b015-0349d673f7b5,77298c56-0546-402f-a366-edf9d1119649,warranty,LabLine Scientific,,,,Manufacturer warranty,2026-01-14,ast-private-docs,warranties/AST-FURN-DESK-00229.pdf,application/pdf,113704,46859f30ad6a8b12d3d8aa2f7d836da0ef2f0b6ffe2e85c12c74b212ce6bd591,clean,a88277d6-7193-4856-b318-4d7fb0af2f58,2024-01-29 00:00:00+00,2026-09-21 12:36:10.142818+00
5eebfe23-65c0-45e5-953b-bd94cce853f6,b999618a-3839-43e4-b43e-9ed94a450cda,warranty,LabLine Scientific,,,,Service contract,2027-05-16,ast-private-docs,warranties/AST-FURN-DESK-00205.pdf,application/pdf,192755,405e8daa378fc08c589401dd38544967550c3e7f2904fd2b1f4c287af627a5fe,clean,a88277d6-7193-4856-b318-4d7fb0af2f58,2024-05-30 00:00:00+00,2026-09-21 12:36:10.142818+00
9ef96bc4-45b5-44f1-ab78-9db79361c788,5eed4c5e-144f-412a-89ad-04edeca9f995,warranty,Nile Tech Systems,,,,Supplier extended cover,2024-07-01,ast-private-docs,warranties/AST-FURN-DESK-00181.pdf,application/pdf,203632,0d3105a99ccb538f01a6f7a8339c13ea7c3309150ea1ada55d61c28e06461095,clean,a88277d6-7193-4856-b318-4d7fb0af2f58,2022-07-16 00:00:00+00,2026-09-21 12:36:10.142818+00
a2f21505-69e8-49cc-9a65-243b9556cd47,03193ec4-3de2-4fd6-b4a7-87e5697fb3b4,warranty,LabLine Scientific,,,,Supplier extended cover,2028-02-12,ast-private-docs,warranties/AST-FURN-DESK-00157.pdf,application/pdf,202611,569834169fa5a1c860a99d6cb3838dcba46191354e1907767b86f0a105376ee4,clean,a88277d6-7193-4856-b318-4d7fb0af2f58,2026-02-26 00:00:00+00,2026-09-21 12:36:10.142818+00
0f8f8169-daf9-44d4-848d-8d232326f581,cfefaee4-e424-4c7a-957e-e76ccabe8504,warranty,CoolAir Engineering,,,,Supplier extended cover,2024-02-16,ast-private-docs,warranties/AST-FURN-DESK-00133.pdf,application/pdf,79674,0b23236464480d07376a168d8cde043515f2c0cdd09d9229456456d13c6e1316,clean,a88277d6-7193-4856-b318-4d7fb0af2f58,2022-03-02 00:00:00+00,2026-09-21 12:36:10.142818+00
02f6609b-51f1-48f9-83a8-ca2754316c17,9f4d7c57-ada0-4305-8d3f-125034f1ab1f,warranty,Delta Computer Supplies,,,,Supplier extended cover,2028-08-23,ast-private-docs,warranties/AST-FURN-DESK-00109.pdf,application/pdf,81412,f2f32c82a28fd1297b250332346ceeb8c462d877612fc749e50e303088eec0ed,clean,a88277d6-7193-4856-b318-4d7fb0af2f58,2025-09-07 00:00:00+00,2026-09-21 12:36:10.142818+00
c2188461-0572-4591-bda3-ca40d07168cd,5bca1677-8958-4130-99fc-234307930124,warranty,Delta Computer Supplies,,,,Manufacturer warranty,2027-11-17,ast-private-docs,warranties/AST-FURN-DESK-00061.pdf,application/pdf,210896,f40ad0a2ae8c3dca718125268e2a7406a409fa74ffb0a0f5b7ee32843835b2c3,clean,a88277d6-7193-4856-b318-4d7fb0af2f58,2024-12-01 00:00:00+00,2026-09-21 12:36:10.142818+00
de15758b-41c4-42b6-81fe-13b3a0b3d587,b58f9d6d-c8c9-4699-bd97-a3c94ff9c340,warranty,Upper Egypt Office Works,,,,Supplier extended cover,2023-01-16,ast-private-docs,warranties/AST-FURN-CHAIR-00398.pdf,application/pdf,118817,99d507b3f65a5614f09c143240bfe7038c218bcd93115efcf6afdb759ad0cc06,clean,a88277d6-7193-4856-b318-4d7fb0af2f58,2021-01-30 00:00:00+00,2026-09-21 12:36:10.142818+00
a8095cb6-4629-4019-a1d5-c3313b8e6385,b90086d0-96ee-46ff-ad7c-1ede87627019,warranty,Delta Computer Supplies,,,,Manufacturer warranty,2024-04-29,ast-private-docs,warranties/AST-FURN-CHAIR-00350.pdf,application/pdf,197530,89011342ed37edacf66d0ffb4ffd0c161b84335ec7c564afe7bbfc6c01836105,clean,a88277d6-7193-4856-b318-4d7fb0af2f58,2022-05-14 00:00:00+00,2026-09-21 12:36:10.142818+00
0d0c5fd7-c8bc-48f2-acbb-d782a12c065a,e264899e-2ce6-4724-b7f9-4e422aa2af92,warranty,Upper Egypt Office Works,,,,Service contract,2022-05-09,ast-private-docs,warranties/AST-FURN-CHAIR-00326.pdf,application/pdf,209834,fe710fa9d4f34587dd57ed00c6ca085a6d485c1c6c08b808e28ffe79eb755ae7,clean,a88277d6-7193-4856-b318-4d7fb0af2f58,2020-05-23 00:00:00+00,2026-09-21 12:36:10.142818+00
0b049376-7a75-40a0-aac3-9419193af4c1,54a6b2f8-ebff-4c03-b23e-4dde9713c835,warranty,Nile Tech Systems,,,,Manufacturer warranty,2027-11-09,ast-private-docs,warranties/AST-FURN-CHAIR-00302.pdf,application/pdf,113772,b9bbfc94ac9ee5a169e83a1d2819131a42a3df3f8eb8a75a9a78ba62db9579b7,clean,a88277d6-7193-4856-b318-4d7fb0af2f58,2025-11-23 00:00:00+00,2026-09-21 12:36:10.142818+00
c91874dd-a7fc-47c2-af30-10566a4d801c,88a998f2-c22f-4362-9c85-3a5f273982d1,warranty,Nile Tech Systems,,,,Manufacturer warranty,2025-03-09,ast-private-docs,warranties/AST-FURN-CHAIR-00278.pdf,application/pdf,153301,48f7ede037d16e2ef7e06b26d089c87883328e63ef24d4436b14147be4d9645d,clean,a88277d6-7193-4856-b318-4d7fb0af2f58,2023-03-24 00:00:00+00,2026-09-21 12:36:10.142818+00
31ae6770-2574-4b09-b604-f2b9bcdec689,ec5aa83a-7dce-4464-9335-92d8a60b93f4,warranty,PowerGuard Energy,,,,Supplier extended cover,2022-04-12,ast-private-docs,warranties/AST-FURN-CHAIR-00230.pdf,application/pdf,233672,c3459af0a4e1c15572ca408a7a73e3ed018862360121aebdd1f299879ced8ab6,clean,a88277d6-7193-4856-b318-4d7fb0af2f58,2020-04-26 00:00:00+00,2026-09-21 12:36:10.142818+00
5e0a3d30-4664-4656-9d8f-600e364e90ac,990ecb0c-2eaa-4c55-9c68-1e42588d4bf3,warranty,CoolAir Engineering,,,,Manufacturer warranty,2026-05-27,ast-private-docs,warranties/AST-FURN-CHAIR-00206.pdf,application/pdf,183052,0000e9eec281c7822550a8b5c7739a80938b87af092c5f9e135b395833e3f863,clean,a88277d6-7193-4856-b318-4d7fb0af2f58,2024-06-10 00:00:00+00,2026-09-21 12:36:10.142818+00
824c52c1-73f7-4d46-bef7-8ddfc79d227c,005c93a5-5ee4-4b23-80d6-8f3ff2953ac3,warranty,Delta Computer Supplies,,,,Supplier extended cover,2026-04-13,ast-private-docs,warranties/AST-FURN-CHAIR-00158.pdf,application/pdf,173399,254b7386b268dd8959d0a3103570d5f6e60c3bb5f36098a636afc55fb2be16d7,clean,a88277d6-7193-4856-b318-4d7fb0af2f58,2024-04-27 00:00:00+00,2026-09-21 12:36:10.142818+00
d9dff318-8459-4f59-8df6-e6ea200e4ae9,ade793c8-ae98-4dde-aa2a-c7483decef92,warranty,CoolAir Engineering,,,,Service contract,2025-11-18,ast-private-docs,warranties/AST-FURN-CHAIR-00134.pdf,application/pdf,60149,73fa440c890238d1b80724a9f72178117a66be4088ca0492fc41b297499937e5,clean,a88277d6-7193-4856-b318-4d7fb0af2f58,2023-12-03 00:00:00+00,2026-09-21 12:36:10.142818+00
5570df0e-dd6d-4a25-afa7-7aa538c04ece,7271a00c-aaf2-46f7-8db2-61a619752ba0,warranty,Nile Tech Systems,,,,Supplier extended cover,2023-09-21,ast-private-docs,warranties/AST-FURN-CHAIR-00110.pdf,application/pdf,219424,53d8f19a844f1c17935867305cf1988256d3b0938569c992d48d7a4397cce033,clean,a88277d6-7193-4856-b318-4d7fb0af2f58,2021-10-05 00:00:00+00,2026-09-21 12:36:10.142818+00
a09db875-551d-4939-8909-08b019272938,76b9ca71-81f5-4dbe-bdb1-24e3de0f1c26,manual,,,,,,,ast-private-docs,manuals/AST-IT-LAPTOP-00299.pdf,application/pdf,3387994,f733cb9d807eb4cecc6667ac9c8e613ba031cfd97a5053a2e5c1a4386d01011d,clean,60694a33-64df-4703-bb1f-20bc3948e683,2026-09-21 12:36:10.142818+00,2026-09-21 12:36:10.142818+00
4022a410-1ba6-4e05-8d13-26e559b27f0e,7ba84913-dcd6-4c6f-a407-7cb6559ce9dc,warranty,LabLine Scientific,,,,Service contract,2029-02-26,ast-private-docs,warranties/AST-FURN-CHAIR-00399.pdf,application/pdf,168960,7abbaa6ca437be87085d2a32e2a8cef3751a0ee725992c8fd02e777d8987a196,clean,a88277d6-7193-4856-b318-4d7fb0af2f58,2026-03-13 00:00:00+00,2026-09-21 12:36:10.142818+00
258d201c-c73d-42bc-9da4-fe60cec01269,c9963b25-763f-4f60-aaf5-f07f16561a8d,warranty,CoolAir Engineering,,,,Service contract,2026-01-04,ast-private-docs,warranties/AST-FURN-CHAIR-00351.pdf,application/pdf,198642,396abb1a715a3f2a1a7081a061cb4ec270fdd45f6e3a673267ffaebb5e036b1c,clean,a88277d6-7193-4856-b318-4d7fb0af2f58,2024-01-19 00:00:00+00,2026-09-21 12:36:10.142818+00
7320e6dd-0357-446d-8607-8269870ae150,b98c8732-94a6-4e53-a0c3-7c4cdf9d7ee9,warranty,Nile Tech Systems,,,,Supplier extended cover,2024-04-25,ast-private-docs,warranties/AST-FURN-CHAIR-00279.pdf,application/pdf,204388,eceb51635a92ce8be26f163b6d050280418fcaf0983a6da139cc839727b2d556,clean,a88277d6-7193-4856-b318-4d7fb0af2f58,2022-05-10 00:00:00+00,2026-09-21 12:36:10.142818+00
cbff1e14-08cc-4ce4-b4a3-4267e4e62784,3960555e-67e5-4205-b407-297b45207d44,warranty,Nile Tech Systems,,,,Supplier extended cover,2021-10-13,ast-private-docs,warranties/AST-FURN-CHAIR-00255.pdf,application/pdf,133145,e9c284c08489b1f1e23ae7fc32efe614760a30de30d1b41ada936f0bb7fd83af,clean,a88277d6-7193-4856-b318-4d7fb0af2f58,2019-10-28 00:00:00+00,2026-09-21 12:36:10.142818+00
3d847c21-ff97-46af-b2cc-6bbaac0ca303,33fc2fe4-da87-4c37-9ecc-f794202e588c,warranty,PowerGuard Energy,,,,Supplier extended cover,2026-02-06,ast-private-docs,warranties/AST-FURN-CHAIR-00231.pdf,application/pdf,198541,bb460581b3e0136d1b93d952b6762150a54f270d60304d8cee292b819a466ecd,clean,a88277d6-7193-4856-b318-4d7fb0af2f58,2023-02-21 00:00:00+00,2026-09-21 12:36:10.142818+00
fce534cb-1240-44d0-834d-780b7af44222,49bf0f85-0e34-42e9-9b20-de4087bc25a3,warranty,PowerGuard Energy,,,,Manufacturer warranty,2028-07-03,ast-private-docs,warranties/AST-FURN-CHAIR-00207.pdf,application/pdf,125984,a2126a6d1e63eebc83b7f235c36d6a40c4a3301fb7b0761b6a7c21ea4a6cab25,clean,a88277d6-7193-4856-b318-4d7fb0af2f58,2025-07-18 00:00:00+00,2026-09-21 12:36:10.142818+00
70c69507-4f93-4a33-bd35-ed2022311d89,80d44a66-fecf-48d7-ae90-6be07f028ca1,warranty,CoolAir Engineering,,,,Manufacturer warranty,2026-12-19,ast-private-docs,warranties/AST-FURN-CHAIR-00183.pdf,application/pdf,184602,39bec4499d05f026413a1de2f198cd56f3bebcd4ad2fb141b4a17782ac23a9d0,clean,a88277d6-7193-4856-b318-4d7fb0af2f58,2024-01-03 00:00:00+00,2026-09-21 12:36:10.142818+00
07fda4cd-cb01-4c79-878c-b1ebb56f43eb,69f502b1-eece-47ec-9ee0-518fe3c0eebc,warranty,Nile Tech Systems,,,,Service contract,2025-06-24,ast-private-docs,warranties/AST-FURN-CHAIR-00159.pdf,application/pdf,237569,3d1425492633a671b4655290453291133365b2dd7b8e6a1e13e49dc2f5a080bb,clean,a88277d6-7193-4856-b318-4d7fb0af2f58,2023-07-09 00:00:00+00,2026-09-21 12:36:10.142818+00
b43b260a-8aff-4a3c-9f9f-578e6b89db9d,846ab98f-982f-4fad-84db-55c6284b5870,warranty,LabLine Scientific,,,,Supplier extended cover,2023-11-01,ast-private-docs,warranties/AST-FURN-CHAIR-00135.pdf,application/pdf,135320,7de5fafd5f282ed077db33abf5a122208f3ffe1f2678db96b1d32dcbc0eeb73c,clean,a88277d6-7193-4856-b318-4d7fb0af2f58,2020-11-15 00:00:00+00,2026-09-21 12:36:10.142818+00
f72d083c-4d9b-4e09-b1d8-432841391f8c,ee322d04-238c-4708-aa1b-29cbc0e95468,warranty,LabLine Scientific,,,,Supplier extended cover,2023-02-09,ast-private-docs,warranties/AST-FURN-CHAIR-00063.pdf,application/pdf,109276,fa8752421ef1cd04cb16a909df7d13afe7b8f690e44ef8ed164e647ede4d9655,clean,a88277d6-7193-4856-b318-4d7fb0af2f58,2021-02-23 00:00:00+00,2026-09-21 12:36:10.142818+00
f209e02d-09e0-4f01-a285-7fdaa141bf24,8c8afd0c-eb92-4fae-883e-a1e74b5c8fa7,warranty,LabLine Scientific,,,,Service contract,2024-12-03,ast-private-docs,warranties/AST-FURN-CHAIR-00039.pdf,application/pdf,172262,64acfb348ef0998621932df45b14b30b1d0a60e964bfb556f9343834777d68c3,clean,a88277d6-7193-4856-b318-4d7fb0af2f58,2021-12-18 00:00:00+00,2026-09-21 12:36:10.142818+00
7ada3127-4e51-4f25-bd75-ac90ec45b650,05eb72ca-3e8d-4948-9a47-910a57414fd4,warranty,Delta Computer Supplies,,,,Manufacturer warranty,2026-10-11,ast-private-docs,warranties/AST-FURN-CHAIR-00015.pdf,application/pdf,199538,e63dd75f4078ff1ef627f4434ad51b95cda5759a03f1662ef23855ea930116c9,clean,a88277d6-7193-4856-b318-4d7fb0af2f58,2024-10-25 00:00:00+00,2026-09-21 12:36:10.142818+00
6453cbdc-a5b3-4bd0-b693-82ca85285a91,64f4347e-6b2e-4d45-9a0e-c53187592a66,warranty,Nile Tech Systems,,,,Manufacturer warranty,2027-11-09,ast-private-docs,warranties/AST-FURN-CAB-00400.pdf,application/pdf,90104,4b96c5aff00d2c3983575faeffbf27c00bbdaea48304be208cde3cb66c726259,clean,a88277d6-7193-4856-b318-4d7fb0af2f58,2024-11-23 00:00:00+00,2026-09-21 12:36:10.142818+00
5835a961-2abb-47cf-bafc-01e1740a1123,e39eb721-001d-47b0-88db-d7bf863f4a60,warranty,LabLine Scientific,,,,Service contract,2026-06-30,ast-private-docs,warranties/AST-FURN-CAB-00328.pdf,application/pdf,91965,580b176c012d10ea08eaa18609e740ba3e7fe069a9ffa0485d483b4facf8f71f,clean,a88277d6-7193-4856-b318-4d7fb0af2f58,2023-07-15 00:00:00+00,2026-09-21 12:36:10.142818+00
2bd9e88c-8c49-47a3-8ac2-84dad96073ab,ae86aa6d-3e87-4a2a-81ed-6e34d4e56636,warranty,LabLine Scientific,,,,Manufacturer warranty,2024-12-25,ast-private-docs,warranties/AST-FURN-CAB-00304.pdf,application/pdf,169881,6fb5fb8f1551129a271ce93e5e43b2ae1625f23f4178a4688fd0bc3d03773a5e,clean,a88277d6-7193-4856-b318-4d7fb0af2f58,2022-01-09 00:00:00+00,2026-09-21 12:36:10.142818+00
9c6ce807-e2c3-4a10-8eee-71b7a7bfb229,236e3ef4-e754-43cc-870e-6a4f396f8ffb,warranty,PowerGuard Energy,,,,Supplier extended cover,2022-09-13,ast-private-docs,warranties/AST-FURN-CAB-00256.pdf,application/pdf,239758,e4bd7d76bb919a900ca10125700721c498dd796bd7e96abf487d66c417c7d050,clean,a88277d6-7193-4856-b318-4d7fb0af2f58,2019-09-28 00:00:00+00,2026-09-21 12:36:10.142818+00
66b9b2c9-2f4d-4b99-b6b0-d5f99d3f6ab5,504b4141-93a8-40d7-babe-9448078a5566,warranty,CoolAir Engineering,,,,Manufacturer warranty,2025-02-22,ast-private-docs,warranties/AST-FURN-CAB-00232.pdf,application/pdf,228945,628fc743e07782017467aa81a13d5cbeb6feba3b5fa90b49416799a672e37696,clean,a88277d6-7193-4856-b318-4d7fb0af2f58,2022-03-09 00:00:00+00,2026-09-21 12:36:10.142818+00
250118f3-e95a-4efe-8210-2091976072ac,3085cb48-55e4-4415-bdca-bc7f9d0b4535,warranty,Nile Tech Systems,,,,Service contract,2025-07-02,ast-private-docs,warranties/AST-FURN-CAB-00208.pdf,application/pdf,232328,1956f52b9b3cc0c9eda652d4f5ad1f8eefab1ceed03613a9daa6e03aa9e9590b,clean,a88277d6-7193-4856-b318-4d7fb0af2f58,2023-07-17 00:00:00+00,2026-09-21 12:36:10.142818+00
50f71521-fa4b-47c9-bb45-51fc59705462,7fe1bcfe-74c1-4691-bec0-496189b173ff,warranty,Upper Egypt Office Works,,,,Service contract,2022-11-21,ast-private-docs,warranties/AST-FURN-CAB-00184.pdf,application/pdf,87316,ad9233ff6299b612bc3de1dd43b5901349694490cfb65a9647fdcb363cad2b0c,clean,a88277d6-7193-4856-b318-4d7fb0af2f58,2019-12-06 00:00:00+00,2026-09-21 12:36:10.142818+00
c546693f-ce73-4e84-8ac1-0471396877b9,9eeb8a16-0b51-4d19-8a04-42908b4ca3a4,warranty,LabLine Scientific,,,,Manufacturer warranty,2022-12-28,ast-private-docs,warranties/AST-FURN-CAB-00016.pdf,application/pdf,209888,6f72266974f400fbcdabce292f1bb566afd38e40d3fb26e845258ae771319f99,clean,a88277d6-7193-4856-b318-4d7fb0af2f58,2020-01-12 00:00:00+00,2026-09-21 12:36:10.142818+00
249866f7-2109-4130-8a92-b7cc31c74a72,ef825d0e-252d-4533-a0f6-6e2c16149ea2,warranty,Upper Egypt Office Works,,,,Service contract,2026-07-03,ast-private-docs,warranties/AST-FAC-AC-00401.pdf,application/pdf,177200,212c5107bd79445b3599c7edf6fe59a84798df78f3ac54eb05ec4cb5c7f10571,clean,a88277d6-7193-4856-b318-4d7fb0af2f58,2023-07-18 00:00:00+00,2026-09-21 12:36:10.142818+00
4a6de4cc-9661-4264-bed9-f5381fee8c0b,f7afe2cc-0cda-4958-889a-434d67d83d7c,warranty,LabLine Scientific,,,,Service contract,2024-08-10,ast-private-docs,warranties/AST-FAC-AC-00377.pdf,application/pdf,165073,d26d0b075ca3f25e2f759dfd4ce08e00e886cab31acacf82e87fa739c3a6eeab,clean,a88277d6-7193-4856-b318-4d7fb0af2f58,2022-08-25 00:00:00+00,2026-09-21 12:36:10.142818+00
f66210be-fe32-457b-b071-75fc3ccbc7d6,cd86ca79-4209-43fa-8dc0-ce6f23a485df,warranty,CoolAir Engineering,,,,Service contract,2027-08-28,ast-private-docs,warranties/AST-FAC-AC-00353.pdf,application/pdf,76625,c70fc752de633634940e886989bfb2aa7a0e73be6d4771dd9047ec1b5a486a12,clean,a88277d6-7193-4856-b318-4d7fb0af2f58,2025-09-11 00:00:00+00,2026-09-21 12:36:10.142818+00
452a4497-0bf5-4c6e-8760-e97d396f0160,c6c338df-b90f-4081-a380-6802bc2f3c0a,warranty,Upper Egypt Office Works,,,,Supplier extended cover,2025-06-22,ast-private-docs,warranties/AST-FAC-AC-00329.pdf,application/pdf,214286,ad65e457881d8e779f29d08cd29d3a2f5d77e0060a1d9c4f20cc449c6dc5924f,clean,a88277d6-7193-4856-b318-4d7fb0af2f58,2023-07-07 00:00:00+00,2026-09-21 12:36:10.142818+00
2aaca145-0319-4f0b-9d36-f5449b6c403e,3e9a4522-5167-4379-91f6-60f4d5ad68a9,warranty,Delta Computer Supplies,,,,Supplier extended cover,2024-07-09,ast-private-docs,warranties/AST-FAC-AC-00281.pdf,application/pdf,211570,bb36a6ba40f3ced47e4233d96907270abdb61df89f018a7afd6d5561a9711341,clean,a88277d6-7193-4856-b318-4d7fb0af2f58,2022-07-24 00:00:00+00,2026-09-21 12:36:10.142818+00
e7dd0de8-9e2e-4d67-a8e9-56f5d6c8522a,c0c4170c-358b-4feb-8bd4-65e3caea002f,warranty,Delta Computer Supplies,,,,Supplier extended cover,2023-06-10,ast-private-docs,warranties/AST-FAC-AC-00257.pdf,application/pdf,237233,bc0a85f302808605b5197ff439c380956df1c8b3a376d2e74f31eaa3db3c1441,clean,a88277d6-7193-4856-b318-4d7fb0af2f58,2020-06-24 00:00:00+00,2026-09-21 12:36:10.142818+00
74e9bfa9-210f-48bc-96b8-923e95ead935,8345b397-c894-4634-ad3e-981860ed4ff8,warranty,Delta Computer Supplies,,,,Supplier extended cover,2022-12-14,ast-private-docs,warranties/AST-FAC-AC-00233.pdf,application/pdf,171910,fdef44d73c6048391c3aff13723f2cb780dc19b5d07ef72c644069f8fff3a7f6,clean,a88277d6-7193-4856-b318-4d7fb0af2f58,2019-12-29 00:00:00+00,2026-09-21 12:36:10.142818+00
edc89bb0-2b4c-4825-97c1-d613c949b94a,ed91931d-3607-464f-a50c-794c0b6d6e7f,warranty,Upper Egypt Office Works,,,,Manufacturer warranty,2027-06-13,ast-private-docs,warranties/AST-FAC-AC-00185.pdf,application/pdf,116164,1e25a328c83a2d9f62e4d883ee912edf33cb94268fdb621f4b3f24b0bac2b9df,clean,a88277d6-7193-4856-b318-4d7fb0af2f58,2024-06-27 00:00:00+00,2026-09-21 12:36:10.142818+00
08032f06-3ba1-4120-bf78-20f7c5c82d97,3f9432fa-7e81-4556-9d2c-124f5477fa22,warranty,CoolAir Engineering,,,,Manufacturer warranty,2025-11-26,ast-private-docs,warranties/AST-FAC-AC-00161.pdf,application/pdf,85511,9b6bc5fe2bfd88cccc7c4e848f7babfeb1aafe60ae3c88c5e013db1809551ad3,clean,a88277d6-7193-4856-b318-4d7fb0af2f58,2022-12-11 00:00:00+00,2026-09-21 12:36:10.142818+00
ec93e981-b102-4ed0-a4c9-3864fa403767,ae1871af-27f8-46b0-92ab-c6008a2a30fc,warranty,Upper Egypt Office Works,,,,Service contract,2027-04-21,ast-private-docs,warranties/AST-FAC-AC-00137.pdf,application/pdf,227489,3fe64096d3029d903542a9cb802b8cf588fa9f11111939daa1f18544edc1358e,clean,a88277d6-7193-4856-b318-4d7fb0af2f58,2025-05-05 00:00:00+00,2026-09-21 12:36:10.142818+00
34ac030c-c905-487f-92f6-55074c70bcaa,152bd1ea-1a45-4b8f-8395-fb34927e301b,warranty,CoolAir Engineering,,,,Supplier extended cover,2022-07-30,ast-private-docs,warranties/AST-FAC-AC-00113.pdf,application/pdf,97740,6f74ad19f0b7da928709b82407cd3da5e7901b67ddb441d556ce4e33a9a4db9d,clean,a88277d6-7193-4856-b318-4d7fb0af2f58,2020-08-13 00:00:00+00,2026-09-21 12:36:10.142818+00
404e146a-5ec6-4aeb-900b-c1ca4d2ea005,b31ceb27-7da5-4be2-9663-6e55fafd0ec1,warranty,Delta Computer Supplies,,,,Service contract,2023-01-12,ast-private-docs,warranties/AST-FAC-AC-00089.pdf,application/pdf,107202,a6d179de9d7dcf0b1851acfbdff6e001411a5500b859ed06afd40593c393c6aa,clean,a88277d6-7193-4856-b318-4d7fb0af2f58,2021-01-26 00:00:00+00,2026-09-21 12:36:10.142818+00
00eb4c78-5c42-4f8f-8f0e-f06cf293ee18,9039c585-128a-496e-91c2-7567e83b7b1b,warranty,PowerGuard Energy,,,,Supplier extended cover,2028-01-06,ast-private-docs,warranties/AST-FAC-AC-00065.pdf,application/pdf,92257,e6b882bdc841dcc1ed155ca4f562aeb9636bdd0eb9ef95bdf22b9ee2cd02fac2,clean,a88277d6-7193-4856-b318-4d7fb0af2f58,2026-01-20 00:00:00+00,2026-09-21 12:36:10.142818+00
2f985720-6e3b-4737-a279-3be1b7d22800,3673afb5-08c2-4510-aca4-37914bedfc03,warranty,PowerGuard Energy,,,,Service contract,2023-06-17,ast-private-docs,warranties/AST-FAC-AC-00041.pdf,application/pdf,71891,0e45f4bbaf29275a05ab6f7ee170fe1fd7baf59ec9254da0e2ed71e7b88914a2,clean,a88277d6-7193-4856-b318-4d7fb0af2f58,2020-07-01 00:00:00+00,2026-09-21 12:36:10.142818+00
010306e2-9ac4-42f4-be3c-4d9fea164249,050126d8-8632-46cb-8a99-5e30d160224e,warranty,Upper Egypt Office Works,,,,Supplier extended cover,2024-08-19,ast-private-docs,warranties/AST-FAC-UPS-00402.pdf,application/pdf,115053,f38264169a0b7f58ceb121f384e373d74e36b8d15f642e98bdc7dca4a53b120c,clean,a88277d6-7193-4856-b318-4d7fb0af2f58,2022-09-03 00:00:00+00,2026-09-21 12:36:10.142818+00
98bd6184-22f1-4478-98f6-8dfa972dbfc3,2e348b1b-ebc3-45cc-9e4c-b6e68da6846f,warranty,LabLine Scientific,,,,Service contract,2022-02-02,ast-private-docs,warranties/AST-FAC-UPS-00378.pdf,application/pdf,80081,7a085aaba12348c3e6a14fb6553791873bb8695eb6f4182bf1160e96e7501fc3,clean,a88277d6-7193-4856-b318-4d7fb0af2f58,2020-02-17 00:00:00+00,2026-09-21 12:36:10.142818+00
8002ab64-9a60-4923-85d7-3ca17089b7e2,8d82556a-4880-422b-925a-842e8f303d08,warranty,LabLine Scientific,,,,Service contract,2027-05-28,ast-private-docs,warranties/AST-FAC-UPS-00354.pdf,application/pdf,88310,5c056c36ddcc71d19cde010fedbc4ffc5b9d95deafcbc72bab2c34607370ab7a,clean,a88277d6-7193-4856-b318-4d7fb0af2f58,2025-06-11 00:00:00+00,2026-09-21 12:36:10.142818+00
333d456e-7624-4234-8c16-0c9431d54f59,5f8c097d-479b-4729-8172-b86640868e2e,warranty,Nile Tech Systems,,,,Service contract,2028-04-28,ast-private-docs,warranties/AST-FAC-UPS-00282.pdf,application/pdf,174295,e4fcbd0cdbf1e262c4360c5e014c0eb0002e8d580d4191bc94d1f5c03bd5dfac,clean,a88277d6-7193-4856-b318-4d7fb0af2f58,2025-05-13 00:00:00+00,2026-09-21 12:36:10.142818+00
a642c831-5a8c-4b83-98f8-b9d97b0682ef,39082336-9803-4031-95a8-c5eee23e98b6,warranty,Nile Tech Systems,,,,Service contract,2026-03-01,ast-private-docs,warranties/AST-FAC-UPS-00258.pdf,application/pdf,160798,51d051e8efeb375b046da6b7e245b4ad79fa718d6d107d2794bce7174a62253a,clean,a88277d6-7193-4856-b318-4d7fb0af2f58,2023-03-16 00:00:00+00,2026-09-21 12:36:10.142818+00
e4094273-4670-4291-9f4e-42066ef50d9e,d6609890-892c-403a-8f4a-12d47e59305d,warranty,Nile Tech Systems,,,,Manufacturer warranty,2027-09-28,ast-private-docs,warranties/AST-FAC-UPS-00234.pdf,application/pdf,169663,794f719c609727ae56b37641aa1990912404a7b9e0f97262f34dfff0d4158f21,clean,a88277d6-7193-4856-b318-4d7fb0af2f58,2024-10-12 00:00:00+00,2026-09-21 12:36:10.142818+00
a50d7c7a-791a-4305-9e93-ca65f213d3e9,1366efcf-9b11-4708-8821-07867e9c25c6,warranty,Delta Computer Supplies,,,,Service contract,2025-07-01,ast-private-docs,warranties/AST-FAC-UPS-00210.pdf,application/pdf,70262,d1028bf8910c19fbaca2d77c8289c3e7eb5947f1d0f98a33947815d77563deb4,clean,a88277d6-7193-4856-b318-4d7fb0af2f58,2023-07-16 00:00:00+00,2026-09-21 12:36:10.142818+00
c2a8532a-5f45-4785-abca-915b59b87c3b,89e43624-0d65-4ead-9c78-15a7b1de7d1c,warranty,Nile Tech Systems,,,,Service contract,2025-06-25,ast-private-docs,warranties/AST-FAC-UPS-00186.pdf,application/pdf,72326,bee3693fbdd3b22ddc5442c541fc0974476c09de951bee1f1003a6c320122b9f,clean,a88277d6-7193-4856-b318-4d7fb0af2f58,2023-07-10 00:00:00+00,2026-09-21 12:36:10.142818+00
5843143c-db87-4854-be22-e2874c01a6b4,3d82df37-eb31-4789-9182-1acf8c0a0d77,warranty,Nile Tech Systems,,,,Supplier extended cover,2022-05-21,ast-private-docs,warranties/AST-FAC-UPS-00138.pdf,application/pdf,226409,213930dd42d1c831c40b9fed7e01543deb62a78bce67e639a7a3b9fd9cc1802a,clean,a88277d6-7193-4856-b318-4d7fb0af2f58,2020-06-04 00:00:00+00,2026-09-21 12:36:10.142818+00
0e8c2c19-3ab0-4233-9f5b-33f5fc769d34,35d6700e-4f92-4e38-81dd-2df78f813e43,warranty,LabLine Scientific,,,,Supplier extended cover,2025-01-19,ast-private-docs,warranties/AST-FAC-UPS-00114.pdf,application/pdf,96035,141060e64b2aaca13c6a861bfc40ba2219c9aba70f1664e8ce6a2084245274b1,clean,a88277d6-7193-4856-b318-4d7fb0af2f58,2023-02-03 00:00:00+00,2026-09-21 12:36:10.142818+00
092d01af-586e-4ef3-8495-cac71a942b42,4b91b883-e1a1-4b8f-8e28-5d1a77c73478,warranty,CoolAir Engineering,,,,Service contract,2022-08-23,ast-private-docs,warranties/AST-FAC-UPS-00090.pdf,application/pdf,95325,2add401add69de132f769bd2482cff357f79459ff20f78bb46ff218d052d23aa,clean,a88277d6-7193-4856-b318-4d7fb0af2f58,2020-09-06 00:00:00+00,2026-09-21 12:36:10.142818+00
643e57c5-0446-4aee-a3d9-fd9ce422141c,633bf4fc-958e-469f-be48-c49a8c2cd116,warranty,PowerGuard Energy,,,,Supplier extended cover,2023-09-11,ast-private-docs,warranties/AST-FAC-UPS-00066.pdf,application/pdf,127994,34cf0c9ee8502df30a27143461bbe7452d7109dc1e3c20c0ea6507cc0fdba1fc,clean,a88277d6-7193-4856-b318-4d7fb0af2f58,2021-09-25 00:00:00+00,2026-09-21 12:36:10.142818+00
2c5e0799-f091-4f7a-b916-ae38be383268,1f161153-09ea-4bea-9501-621fd6755072,warranty,PowerGuard Energy,,,,Supplier extended cover,2025-10-20,ast-private-docs,warranties/AST-FAC-UPS-00042.pdf,application/pdf,237441,c160bb0d9eb175313c7b91e97c5e32986f22d097f71d9df53d40650a3dbce243,clean,a88277d6-7193-4856-b318-4d7fb0af2f58,2022-11-04 00:00:00+00,2026-09-21 12:36:10.142818+00
2927ba51-447c-4741-ab55-f4617454abd2,5c69d63a-79af-4855-9496-8dbeddd207ad,warranty,Delta Computer Supplies,,,,Service contract,2027-02-27,ast-private-docs,warranties/AST-FAC-UPS-00018.pdf,application/pdf,164949,01ac06207366b11b73db543ae5e3dcf86c6c53951086cdb33ecf216eaf38bf15,clean,a88277d6-7193-4856-b318-4d7fb0af2f58,2025-03-13 00:00:00+00,2026-09-21 12:36:10.142818+00
bf479604-bf0f-40bc-9158-8eac79332748,88b32d42-dcd3-42a3-b781-e29c49719c8c,warranty,Nile Tech Systems,,,,Supplier extended cover,2025-03-06,ast-private-docs,warranties/AST-IT-PRINTER-00403.pdf,application/pdf,70334,22cf273ef4b87532464d340dbf06723c8347d0423c8e1ab33a8efe736274bfb7,clean,a88277d6-7193-4856-b318-4d7fb0af2f58,2023-03-21 00:00:00+00,2026-09-21 12:36:10.142818+00
b33fb804-1d45-4255-87aa-c603cb44c5f9,6b5815e3-1f9c-4f33-aa53-1136a98be71d,warranty,Nile Tech Systems,,,,Service contract,2022-11-02,ast-private-docs,warranties/AST-IT-PRINTER-00355.pdf,application/pdf,61650,289fb4f1f1780ac4919df70ea6b5b166db465ff281c71df07b533e25da83256c,clean,a88277d6-7193-4856-b318-4d7fb0af2f58,2019-11-17 00:00:00+00,2026-09-21 12:36:10.142818+00
f33795ce-9711-4bb2-9eb4-fb8167be9504,e29c31f7-8d8e-4576-94c8-e5cdcf34f043,warranty,Upper Egypt Office Works,,,,Service contract,2022-10-31,ast-private-docs,warranties/AST-IT-PRINTER-00331.pdf,application/pdf,113617,378d10a8ac46e2becf6ddcdde545a681cad430350b314918451f584fccd26706,clean,a88277d6-7193-4856-b318-4d7fb0af2f58,2020-11-14 00:00:00+00,2026-09-21 12:36:10.142818+00
07c2ec65-11a4-4316-8c59-1a26cdc73cf1,28b38db8-79d2-4c6b-9367-59cddcddd78a,warranty,PowerGuard Energy,,,,Service contract,2028-03-10,ast-private-docs,warranties/AST-IT-PRINTER-00307.pdf,application/pdf,93523,527735db20e83c540538070b662a2d5c92a6b82b78d0352df61fb264a267a26d,clean,a88277d6-7193-4856-b318-4d7fb0af2f58,2025-03-25 00:00:00+00,2026-09-21 12:36:10.142818+00
e80fb132-a1fd-4c6d-9d79-d65dd4f4dc90,b2c3d66b-cd4d-4d43-a9c5-dc6d5d8ffcb0,warranty,Upper Egypt Office Works,,,,Supplier extended cover,2027-12-13,ast-private-docs,warranties/AST-IT-PRINTER-00283.pdf,application/pdf,118565,1ae72d85705094ec0ba359ec107e62b6a981b2bff75ea3f8c41ee8c7de2db801,clean,a88277d6-7193-4856-b318-4d7fb0af2f58,2024-12-27 00:00:00+00,2026-09-21 12:36:10.142818+00
ccacda7a-e492-43ab-af15-076731a9253f,1e2d69e1-a40a-4f04-b631-df9223aade50,warranty,CoolAir Engineering,,,,Manufacturer warranty,2022-04-07,ast-private-docs,warranties/AST-IT-PRINTER-00259.pdf,application/pdf,74049,b3dc712d024699e917cc62194ad8d8a0d683e55af5016aed80834d7f54ebf480,clean,a88277d6-7193-4856-b318-4d7fb0af2f58,2020-04-21 00:00:00+00,2026-09-21 12:36:10.142818+00
866ca57a-e185-4839-92ba-8079ce72dc33,9f10b9a6-6866-4168-868e-891c259876a7,warranty,CoolAir Engineering,,,,Service contract,2026-03-17,ast-private-docs,warranties/AST-IT-PRINTER-00235.pdf,application/pdf,156257,79abc091a390ffeccf126943146322bab24ec695db88cf4a1f1c71023ff21252,clean,a88277d6-7193-4856-b318-4d7fb0af2f58,2024-03-31 00:00:00+00,2026-09-21 12:36:10.142818+00
61bd3d34-9f5d-4b7f-bb51-fa5f2e7d577e,88eda7bd-e742-460d-8b55-e98dd5b359e4,warranty,Delta Computer Supplies,,,,Supplier extended cover,2026-03-25,ast-private-docs,warranties/AST-IT-PRINTER-00211.pdf,application/pdf,80168,e9a72a7802136eb2079557dae0fcd4a79c28b1bd8f155ad82fa1535457bc6171,clean,a88277d6-7193-4856-b318-4d7fb0af2f58,2024-04-08 00:00:00+00,2026-09-21 12:36:10.142818+00
ae8de78a-ced8-45e3-9f34-aa08c2b08bab,e35e601c-6f78-4408-ba55-dcbc531ccba7,warranty,PowerGuard Energy,,,,Supplier extended cover,2026-06-15,ast-private-docs,warranties/AST-IT-PRINTER-00187.pdf,application/pdf,171936,6f9436be6d05d14656a215f20804685d8092b9d47d626af5251fc6a74cda57d8,clean,a88277d6-7193-4856-b318-4d7fb0af2f58,2023-06-30 00:00:00+00,2026-09-21 12:36:10.142818+00
3e678449-d3c2-4f99-8056-9a5afc6ab60e,5810bbf3-f562-4d77-bf97-38ff07955a20,warranty,Nile Tech Systems,,,,Manufacturer warranty,2024-11-25,ast-private-docs,warranties/AST-IT-PRINTER-00163.pdf,application/pdf,103772,72f47afa44eed37ab4da6a94331fa3b0cad7eb0c0b91b17ee3c7b6c1f1f92228,clean,a88277d6-7193-4856-b318-4d7fb0af2f58,2021-12-10 00:00:00+00,2026-09-21 12:36:10.142818+00
0ee952c4-e5ce-4da0-8fbd-99742a387262,550154dc-5d4f-47b3-8703-91791bbf8896,warranty,PowerGuard Energy,,,,Service contract,2026-10-12,ast-private-docs,warranties/AST-IT-PRINTER-00139.pdf,application/pdf,195507,b95960ad24ef5567a8be2c24cbf78dcd163ff0f1d144e7c725b61151e44ab3aa,clean,a88277d6-7193-4856-b318-4d7fb0af2f58,2024-10-26 00:00:00+00,2026-09-21 12:36:10.142818+00
aa4e879c-16ea-4ab4-89d5-f549ca15a6db,f1454554-d325-4d7d-991d-befe1b8f2ea7,warranty,PowerGuard Energy,,,,Service contract,2027-08-06,ast-private-docs,warranties/AST-IT-PRINTER-00115.pdf,application/pdf,239512,0e8e87623274a204e731d45ad1268b94f3a59e5d793f36e2fcc9215d404c67fa,clean,a88277d6-7193-4856-b318-4d7fb0af2f58,2025-08-20 00:00:00+00,2026-09-21 12:36:10.142818+00
0cc9666e-8bad-4ae9-b748-5b24eb243344,f5eb43b5-b632-457f-adf3-d3493046df2c,warranty,Nile Tech Systems,,,,Supplier extended cover,2026-12-22,ast-private-docs,warranties/AST-IT-PRINTER-00091.pdf,application/pdf,225680,15885f8403ca581c7b8da96f41db6eff54f1b6c1b6d6895e5c0b5a751dccd007,clean,a88277d6-7193-4856-b318-4d7fb0af2f58,2025-01-05 00:00:00+00,2026-09-21 12:36:10.142818+00
3c02e571-2ee3-42ef-beb8-87b1a0feece3,a6cea4e8-cdc6-439d-81e3-f91db2425a10,warranty,Delta Computer Supplies,,,,Manufacturer warranty,2028-04-04,ast-private-docs,warranties/AST-IT-PRINTER-00067.pdf,application/pdf,193089,e731f0f3ad503d53646e9e3f37321060865ed798e058736c179cc81510b03b42,clean,a88277d6-7193-4856-b318-4d7fb0af2f58,2025-04-19 00:00:00+00,2026-09-21 12:36:10.142818+00
d8e63fbe-4a67-40e6-b967-15a0b852f4e7,cf5ba2e7-6b94-4dbc-a003-1566cc9ec1d6,warranty,Nile Tech Systems,,,,Service contract,2027-07-10,ast-private-docs,warranties/AST-IT-PRINTER-00043.pdf,application/pdf,108684,ae4d49d9b5b192540ea51375a3dd3dc4b6ff611b5872b67e099be391a543bb4f,clean,a88277d6-7193-4856-b318-4d7fb0af2f58,2025-07-24 00:00:00+00,2026-09-21 12:36:10.142818+00
44be3fcd-1d1c-4153-9cf6-09ff3e166a7b,3041d632-b087-486d-a685-e3fdfd992ebd,warranty,Upper Egypt Office Works,,,,Service contract,2028-03-08,ast-private-docs,warranties/AST-IT-PRINTER-00019.pdf,application/pdf,196382,7635c790f76d829bd57a8cfa854f7f00fac971581484a17079727ef96956bcec,clean,a88277d6-7193-4856-b318-4d7fb0af2f58,2026-03-23 00:00:00+00,2026-09-21 12:36:10.142818+00
83788f91-5280-46fc-a84b-2ee843fc185d,c280c1ba-cd7b-4693-84e1-812891f1a559,warranty,CoolAir Engineering,,,,Manufacturer warranty,2026-08-15,ast-private-docs,warranties/AST-IT-SWITCH-00332.pdf,application/pdf,185336,0243bea8e4553878b9f70df0884ea2a0aca59d4ee68ad4e59928a431cc40e32e,clean,a88277d6-7193-4856-b318-4d7fb0af2f58,2023-08-30 00:00:00+00,2026-09-21 12:36:10.142818+00
4b43e407-ae91-47fe-8ba3-547fac5c433f,ac6dd7f1-28c7-406e-9da4-8c7f1feffe78,warranty,PowerGuard Energy,,,,Supplier extended cover,2025-06-28,ast-private-docs,warranties/AST-IT-SWITCH-00308.pdf,application/pdf,207802,75dfc6976e295a7d804b5c2cb2f0cbd09bc037c829751ebadb1c8865249ca00f,clean,a88277d6-7193-4856-b318-4d7fb0af2f58,2023-07-13 00:00:00+00,2026-09-21 12:36:10.142818+00
402aaa4b-020d-4ba0-af06-af37ab2619c3,5d5065e5-7989-4060-be8b-e06b5adafc3f,warranty,CoolAir Engineering,,,,Supplier extended cover,2024-11-04,ast-private-docs,warranties/AST-IT-SWITCH-00260.pdf,application/pdf,129391,d97fc37c8d26f7557aae6052774aa7a09100246a0e607da6edb9fa7e6df802c9,clean,a88277d6-7193-4856-b318-4d7fb0af2f58,2022-11-19 00:00:00+00,2026-09-21 12:36:10.142818+00
f9f546ef-1a02-4dd1-abb9-993d0dc92b93,00467cc1-0ce5-4719-920d-17bb7fc50ded,warranty,LabLine Scientific,,,,Supplier extended cover,2022-04-19,ast-private-docs,warranties/AST-IT-SWITCH-00212.pdf,application/pdf,149044,4d92a86059860b075bf4495fb5624adfe7850983afbd7e1925d136b29123c367,clean,a88277d6-7193-4856-b318-4d7fb0af2f58,2020-05-03 00:00:00+00,2026-09-21 12:36:10.142818+00
eb2d8537-020a-448d-8cdd-0c7ef0c3ff70,88aa52f8-d735-4d98-9d6d-abf71c2080af,warranty,Nile Tech Systems,,,,Supplier extended cover,2021-11-25,ast-private-docs,warranties/AST-IT-SWITCH-00188.pdf,application/pdf,214371,7bf9e501d1faa815a78ec91f86e66edbd318970ce0fc343321c9c3c44bfd5c89,clean,a88277d6-7193-4856-b318-4d7fb0af2f58,2019-12-10 00:00:00+00,2026-09-21 12:36:10.142818+00
c500ed45-a9e7-48d7-bef0-5996f8c89af0,efb5ac45-3c44-4ec3-9ee3-52e15db58160,warranty,PowerGuard Energy,,,,Manufacturer warranty,2027-12-15,ast-private-docs,warranties/AST-IT-SWITCH-00140.pdf,application/pdf,211071,ce98a9e6c94fc70d65310651c1870fe6afe41bc47336ac749db61646f2c882d4,clean,a88277d6-7193-4856-b318-4d7fb0af2f58,2025-12-29 00:00:00+00,2026-09-21 12:36:10.142818+00
c60d44b8-312a-4663-8781-7fe7bab0421a,62cfaba8-7d2a-48b9-ae1f-ba04b998cd16,warranty,Delta Computer Supplies,,,,Manufacturer warranty,2021-11-06,ast-private-docs,warranties/AST-IT-SWITCH-00116.pdf,application/pdf,69164,a51bced0b30dd082de02bf704639f06ba8d3b2db068ce794b13870dfdaa7d6f1,clean,a88277d6-7193-4856-b318-4d7fb0af2f58,2019-11-21 00:00:00+00,2026-09-21 12:36:10.142818+00
ff1c199e-d34a-4eb2-a2b4-dc71d39e723b,559c20fe-2de3-400c-a520-08dc16f99239,warranty,CoolAir Engineering,,,,Manufacturer warranty,2023-11-23,ast-private-docs,warranties/AST-IT-SWITCH-00092.pdf,application/pdf,130656,8c2b009ed81401fd01a0f9cde135381f47c48cf1a3a54f3ed9660516b4e67644,clean,a88277d6-7193-4856-b318-4d7fb0af2f58,2021-12-07 00:00:00+00,2026-09-21 12:36:10.142818+00
1da2e092-65f2-4f5b-91e1-f9f94967ed9d,714404dd-0ea9-4606-8617-a537135a8c97,warranty,Delta Computer Supplies,,,,Manufacturer warranty,2025-01-28,ast-private-docs,warranties/AST-IT-SWITCH-00068.pdf,application/pdf,161716,f4304ab33083b2f95f173dd927f26d54b9235815f88613bd50e982fcd8466b0a,clean,a88277d6-7193-4856-b318-4d7fb0af2f58,2022-02-12 00:00:00+00,2026-09-21 12:36:10.142818+00
cb635da4-93d2-48cc-9629-87f822cf2ab2,3dbc67c6-5c4d-429b-b3c0-77fe16988f3e,warranty,Nile Tech Systems,,,,Service contract,2027-01-04,ast-private-docs,warranties/AST-IT-SWITCH-00044.pdf,application/pdf,71912,ce498557047babf75a538d52096be3087fd7031a3fa0d9c20f0b84f9273279d1,clean,a88277d6-7193-4856-b318-4d7fb0af2f58,2024-01-19 00:00:00+00,2026-09-21 12:36:10.142818+00
09abcbc2-0c0f-4434-8240-6e8a4eca9a43,72f2dc4f-7955-452b-a802-069fbd246bca,warranty,CoolAir Engineering,,,,Service contract,2024-09-03,ast-private-docs,warranties/AST-IT-SWITCH-00020.pdf,application/pdf,215121,ce051229a67cb02e1f7d293d531312ef944993b7bd8984f577b56061c929a774,clean,a88277d6-7193-4856-b318-4d7fb0af2f58,2021-09-18 00:00:00+00,2026-09-21 12:36:10.142818+00
2c8fa060-d364-4bb8-9fd5-b73fa5129d7c,2a528e66-b617-4e91-a3d2-ec0f6796529d,warranty,Delta Computer Supplies,,,,Manufacturer warranty,2022-08-30,ast-private-docs,warranties/AST-IT-PROJ-00405.pdf,application/pdf,182509,b95ae0b0ff4838ef86849a673c0917d0a9d52ce2064984eb58bab1f5c9f6b035,clean,a88277d6-7193-4856-b318-4d7fb0af2f58,2019-09-14 00:00:00+00,2026-09-21 12:36:10.142818+00
59e8f15c-4413-4907-8c71-cacf5da7b0fa,cc411e9a-a16f-42fe-9925-f9d122641356,warranty,Nile Tech Systems,,,,Supplier extended cover,2023-12-21,ast-private-docs,warranties/AST-IT-PROJ-00381.pdf,application/pdf,109596,a0c20999ee39086bcd4df429510f26c3510550db24a3dee1e8bfc4d6a22c044d,clean,a88277d6-7193-4856-b318-4d7fb0af2f58,2022-01-04 00:00:00+00,2026-09-21 12:36:10.142818+00
e8484f6f-443f-4bb5-8f86-935949023bfc,82c25a93-995b-40cd-ba33-04e2f4ae556e,warranty,Nile Tech Systems,,,,Supplier extended cover,2024-04-30,ast-private-docs,warranties/AST-IT-PROJ-00357.pdf,application/pdf,202031,ce4c7b6938b1946114a7db6e6cb295710bf4db1dca6b69148813f8b0126083a9,clean,a88277d6-7193-4856-b318-4d7fb0af2f58,2022-05-15 00:00:00+00,2026-09-21 12:36:10.142818+00
28474822-2af3-463c-a7e2-8d855ba0c96b,f03b2ffe-314e-43ee-ab40-699977bc2253,warranty,PowerGuard Energy,,,,Manufacturer warranty,2022-03-24,ast-private-docs,warranties/AST-IT-PROJ-00309.pdf,application/pdf,210741,5fd271493330d0fa9bb089184b065db7a9a81d423cdd5f935e87fd89ccdde31a,clean,a88277d6-7193-4856-b318-4d7fb0af2f58,2020-04-07 00:00:00+00,2026-09-21 12:36:10.142818+00
ba9885cb-30fe-4b9c-ab7e-bedaca925c80,890675af-b0d5-4ab7-aada-2cc496ebede6,warranty,CoolAir Engineering,,,,Manufacturer warranty,2022-01-01,ast-private-docs,warranties/AST-IT-PROJ-00285.pdf,application/pdf,89875,aab76c82efffb8fd48aa09c5b503540194250452ea0c8ed3c1eb2055424685c2,clean,a88277d6-7193-4856-b318-4d7fb0af2f58,2020-01-16 00:00:00+00,2026-09-21 12:36:10.142818+00
4377dfc2-b6ba-4bc0-81dc-f32a18c4be0f,027bcbe3-1df7-4e1b-8002-9f246d505d52,warranty,PowerGuard Energy,,,,Manufacturer warranty,2028-09-23,ast-private-docs,warranties/AST-IT-PROJ-00261.pdf,application/pdf,98086,97aa467f58ee4948929b4a84e304adca2431b378412a7e1dd2aab8927c0886ea,clean,a88277d6-7193-4856-b318-4d7fb0af2f58,2025-10-08 00:00:00+00,2026-09-21 12:36:10.142818+00
30e8f484-6ea4-4fa1-9415-55d0c633eaa0,11dd7026-107f-4ab0-94ef-c7dd46e8b02d,warranty,Upper Egypt Office Works,,,,Service contract,2026-03-28,ast-private-docs,warranties/AST-IT-PROJ-00237.pdf,application/pdf,225244,3fd205cce41d1948f930e20aa6c7eef07e8fa4eece1467d13f7f5db837caa17c,clean,a88277d6-7193-4856-b318-4d7fb0af2f58,2023-04-12 00:00:00+00,2026-09-21 12:36:10.142818+00
d2fdfe77-55bc-434a-b2b0-c4a63142ece3,03f5850e-92bd-4a5a-b8a7-dec25e1eab57,warranty,Delta Computer Supplies,,,,Manufacturer warranty,2026-11-08,ast-private-docs,warranties/AST-IT-PROJ-00213.pdf,application/pdf,187380,cde68387220b0ebe2d5dd6e5088bdd9e97dde78f74a3b67ebc62738a97acea7e,clean,a88277d6-7193-4856-b318-4d7fb0af2f58,2024-11-22 00:00:00+00,2026-09-21 12:36:10.142818+00
885de6ae-1b27-488f-8c77-3c6c90eefcc9,08d95983-0bee-4182-af3d-4fa2d1c35d03,warranty,CoolAir Engineering,,,,Supplier extended cover,2025-12-12,ast-private-docs,warranties/AST-IT-PROJ-00141.pdf,application/pdf,213167,bea775dec1c18f5452682e4db6894dced4e00a686a4f3cbf46ccf5a79214583d,clean,a88277d6-7193-4856-b318-4d7fb0af2f58,2023-12-27 00:00:00+00,2026-09-21 12:36:10.142818+00
d5219ebc-d40d-495d-a5cc-e8346490e214,ef9d9b2a-d0cb-43b6-9c41-f90457b223de,warranty,Nile Tech Systems,,,,Manufacturer warranty,2026-05-21,ast-private-docs,warranties/AST-IT-PROJ-00117.pdf,application/pdf,144567,8d01daf0e526f88d9e268de47645c4aa457e961675ab532576c3cbe52b7774ba,clean,a88277d6-7193-4856-b318-4d7fb0af2f58,2024-06-04 00:00:00+00,2026-09-21 12:36:10.142818+00
5ec04b12-2f5f-4b20-82ad-2866a349362b,ad70c26e-da27-4579-9127-074cce3c7399,warranty,PowerGuard Energy,,,,Service contract,2025-04-29,ast-private-docs,warranties/AST-IT-PROJ-00093.pdf,application/pdf,137806,5507c2648bbe4a7bc4725cdb722569db5cae8246c8604358ead004e63d0ea761,clean,a88277d6-7193-4856-b318-4d7fb0af2f58,2023-05-14 00:00:00+00,2026-09-21 12:36:10.142818+00
0b9fb226-4ea0-4a79-b97b-ac0314f72d2a,9cd6b15d-724e-43d3-9850-a44b811353ba,warranty,CoolAir Engineering,,,,Supplier extended cover,2028-02-05,ast-private-docs,warranties/AST-IT-PROJ-00069.pdf,application/pdf,82950,565d2c5b2bf646b3dafdd1cc4f772ce722dad8c1f96ca60ffdcdcdfea422b067,clean,a88277d6-7193-4856-b318-4d7fb0af2f58,2026-02-19 00:00:00+00,2026-09-21 12:36:10.142818+00
868c34a6-4331-412c-a7f4-094db500458f,070d78f4-1bc0-43c0-aaec-fcb4a90ed8a5,warranty,CoolAir Engineering,,,,Supplier extended cover,2024-04-27,ast-private-docs,warranties/AST-IT-PROJ-00045.pdf,application/pdf,188604,641c0926031cc853ca625a29c1d490af5e6704e843b744db5b017874316859f3,clean,a88277d6-7193-4856-b318-4d7fb0af2f58,2021-05-12 00:00:00+00,2026-09-21 12:36:10.142818+00
5692cadd-a7b2-4a30-8d29-11b983ff8195,532e2a01-97ae-42aa-969f-6eff4f5b9ab5,warranty,CoolAir Engineering,,,,Service contract,2022-01-10,ast-private-docs,warranties/AST-IT-PROJ-00021.pdf,application/pdf,227638,b4ffcd2094dbeac53e11ceb9bf31082ab9ed3a8e2afe6034fc990472081b832b,clean,a88277d6-7193-4856-b318-4d7fb0af2f58,2020-01-25 00:00:00+00,2026-09-21 12:36:10.142818+00
d9bfe77f-1285-4e85-83c1-d848cd8a99b2,00222747-db35-4e0a-86df-e34d11f449b3,warranty,Delta Computer Supplies,,,,Supplier extended cover,2024-05-22,ast-private-docs,warranties/AST-LAB-OSC-00406.pdf,application/pdf,129739,9e8273a127a858c7e3bce86af99b3ca52f716e45d96bbd02942dc9d9c36ffce1,clean,a88277d6-7193-4856-b318-4d7fb0af2f58,2022-06-06 00:00:00+00,2026-09-21 12:36:10.142818+00
81e0956b-afda-4398-b0fb-fd830dca3a56,1e33351a-317b-41ce-8c95-23d0ba4fb3bb,warranty,CoolAir Engineering,,,,Manufacturer warranty,2028-03-09,ast-private-docs,warranties/AST-LAB-OSC-00382.pdf,application/pdf,109002,80ce571d2b50bb8dd4395f026a29287c72fda5d5e1c6702aff30d9df11ba2fa2,clean,a88277d6-7193-4856-b318-4d7fb0af2f58,2025-03-24 00:00:00+00,2026-09-21 12:36:10.142818+00
b4be8c0f-0466-4530-962b-a399e17f298e,34875e76-b807-41d4-8133-023d994186f5,warranty,PowerGuard Energy,,,,Manufacturer warranty,2025-07-13,ast-private-docs,warranties/AST-LAB-OSC-00334.pdf,application/pdf,135720,14e17fe5d368be3067eab5be732aab625dbd9c639c4bf889d7d9c92308674433,clean,a88277d6-7193-4856-b318-4d7fb0af2f58,2023-07-28 00:00:00+00,2026-09-21 12:36:10.142818+00
183e609e-6d9a-4167-8b24-7994f189a64a,84680d23-d8b1-45bd-ba2d-92acc232d29f,warranty,Nile Tech Systems,,,,Supplier extended cover,2025-03-19,ast-private-docs,warranties/AST-LAB-OSC-00286.pdf,application/pdf,122510,79c09359e5b0954a328d4bc7860afd72e8a6c4ad9bb3ecabea122fcf9fca92e5,clean,a88277d6-7193-4856-b318-4d7fb0af2f58,2023-04-03 00:00:00+00,2026-09-21 12:36:10.142818+00
22930ea3-91e8-44e6-8f3c-64a747682834,0bd6559f-9592-40f3-8c97-fde0cb50e6b4,warranty,CoolAir Engineering,,,,Manufacturer warranty,2023-03-01,ast-private-docs,warranties/AST-LAB-OSC-00238.pdf,application/pdf,237673,c5bdf057b43dd9ead7ff8efa7abf3380b4ee2c6152fb0cb970d9e2f834c439cb,clean,a88277d6-7193-4856-b318-4d7fb0af2f58,2021-03-15 00:00:00+00,2026-09-21 12:36:10.142818+00
9976969c-337e-456b-bc26-65079b6ba303,03d0f3b4-1d04-4940-994b-2a431fd5dd7b,warranty,Delta Computer Supplies,,,,Supplier extended cover,2026-01-03,ast-private-docs,warranties/AST-LAB-OSC-00214.pdf,application/pdf,116253,18497dad130333cf7d6ffc4042d43513e8048d5e6aca5fb1c4c3081eb34bd017,clean,a88277d6-7193-4856-b318-4d7fb0af2f58,2024-01-18 00:00:00+00,2026-09-21 12:36:10.142818+00
442cb627-f8c3-4044-b732-6b39b7c1640a,a3985487-ac7c-4e99-944f-0072c21a653a,warranty,PowerGuard Energy,,,,Supplier extended cover,2025-10-17,ast-private-docs,warranties/AST-LAB-OSC-00142.pdf,application/pdf,161404,e202b13846c176cbc4354ec0d3814c2e08e2c6bef3f9df29ba75f59f4f5d20fc,clean,a88277d6-7193-4856-b318-4d7fb0af2f58,2023-11-01 00:00:00+00,2026-09-21 12:36:10.142818+00
9642f0ca-9ef5-4373-96f9-9049a879cc8e,a91c1213-d486-49c1-a3de-e25a79c1d1ef,warranty,Upper Egypt Office Works,,,,Service contract,2022-10-14,ast-private-docs,warranties/AST-LAB-OSC-00118.pdf,application/pdf,107413,17d57852b53197e3e261530a66e1eefce3ac695391ec10ffd4fe2b790ad59361,clean,a88277d6-7193-4856-b318-4d7fb0af2f58,2019-10-29 00:00:00+00,2026-09-21 12:36:10.142818+00
cb038a58-948f-49e2-b66c-f8acb17e38dc,05e4cda7-5c0e-42e9-ad92-ce1ccf7dfdd7,warranty,CoolAir Engineering,,,,Supplier extended cover,2022-06-20,ast-private-docs,warranties/AST-LAB-OSC-00094.pdf,application/pdf,207110,2197e696f769d58b2f0a8cf3b52dccb8f052e2f0a6501dec3ba84423641b48cf,clean,a88277d6-7193-4856-b318-4d7fb0af2f58,2020-07-04 00:00:00+00,2026-09-21 12:36:10.142818+00
56c09433-1f63-4778-98a2-241ff4cd85ba,59a67054-892a-476c-93d1-41fc04fbb793,warranty,CoolAir Engineering,,,,Supplier extended cover,2025-08-28,ast-private-docs,warranties/AST-LAB-OSC-00022.pdf,application/pdf,191597,521b14452dc9ddbe8b4805da568966b1abe7d35c63e65238b7c643d8705bf7af,clean,a88277d6-7193-4856-b318-4d7fb0af2f58,2023-09-12 00:00:00+00,2026-09-21 12:36:10.142818+00
e28dff45-83e8-4d2d-b7b3-0d2133a3fa3c,6439ccdc-2d33-4bae-b07b-f6e7c4676f4d,warranty,LabLine Scientific,,,,Supplier extended cover,2026-08-09,ast-private-docs,warranties/AST-LAB-3DP-00407.pdf,application/pdf,158793,54cfdca0354a2b7512abb7fc00e619a5c3505fefe33c42f28bab7e71eedf8efe,clean,a88277d6-7193-4856-b318-4d7fb0af2f58,2024-08-23 00:00:00+00,2026-09-21 12:36:10.142818+00
59d3c895-b9a4-4000-9e9a-12767502cb91,6dc09c81-a2db-4c48-abdc-c8584b0da089,warranty,Upper Egypt Office Works,,,,Manufacturer warranty,2027-01-31,ast-private-docs,warranties/AST-LAB-3DP-00383.pdf,application/pdf,147592,749ae289b1267d9df1239af765136c92952c14e8ee26a9734444836f33025c58,clean,a88277d6-7193-4856-b318-4d7fb0af2f58,2024-02-15 00:00:00+00,2026-09-21 12:36:10.142818+00
76ac05f9-0d17-44ba-a208-675c3eafcb9f,13319f71-4077-42ca-9cf9-67304d699aa5,warranty,PowerGuard Energy,,,,Manufacturer warranty,2026-04-09,ast-private-docs,warranties/AST-LAB-3DP-00359.pdf,application/pdf,155770,f6268776a7293907693cd3c497acb0062d11b09772d853bae3f20b9620b1e30f,clean,a88277d6-7193-4856-b318-4d7fb0af2f58,2024-04-23 00:00:00+00,2026-09-21 12:36:10.142818+00
a43f273c-6b2c-4765-9459-1176c0f868e5,df9ccf62-d5a2-492f-96e6-2e39bbf5a148,warranty,CoolAir Engineering,,,,Service contract,2025-10-26,ast-private-docs,warranties/AST-LAB-3DP-00335.pdf,application/pdf,122545,88fe310a4218f378bf0b8d3d78c422197e9a2cdc3082ec883140c1117113bd04,clean,a88277d6-7193-4856-b318-4d7fb0af2f58,2022-11-10 00:00:00+00,2026-09-21 12:36:10.142818+00
46bb8089-10c4-41fa-a23b-cef3b12d5269,1caced03-12da-40c9-af11-fa22f8a4b953,warranty,Nile Tech Systems,,,,Supplier extended cover,2024-03-31,ast-private-docs,warranties/AST-LAB-3DP-00287.pdf,application/pdf,223052,82ea357408818c026ab4b0cad523eb24a93d1230b0de3307a4a909140f25eab5,clean,a88277d6-7193-4856-b318-4d7fb0af2f58,2022-04-15 00:00:00+00,2026-09-21 12:36:10.142818+00
b50afdc5-4301-4b86-8a12-9751e6f5fdde,c028f3a2-c1d5-4e21-b025-70408c54dc7f,warranty,Nile Tech Systems,,,,Supplier extended cover,2023-03-24,ast-private-docs,warranties/AST-LAB-3DP-00263.pdf,application/pdf,116211,fea22e5db7397bd1bd66a4a64e07e76e112e83d547b1b9ddb54339afaa7bb0de,clean,a88277d6-7193-4856-b318-4d7fb0af2f58,2020-04-07 00:00:00+00,2026-09-21 12:36:10.142818+00
cf803ce6-43ae-4c8e-b72c-af86d87c9021,43c79abc-7faa-4989-96d6-f9fc1b86b0af,warranty,Delta Computer Supplies,,,,Manufacturer warranty,2024-05-11,ast-private-docs,warranties/AST-LAB-3DP-00239.pdf,application/pdf,107095,bf32dad1890578bd25b581a1b82201f037f3516d6eb870116e6e1a923a990ff9,clean,a88277d6-7193-4856-b318-4d7fb0af2f58,2022-05-26 00:00:00+00,2026-09-21 12:36:10.142818+00
fed2e820-9c3b-434c-a410-35ae1e48a745,ac6d9a84-04e2-4e0e-b855-6bcb57623c9c,warranty,Nile Tech Systems,,,,Supplier extended cover,2023-08-19,ast-private-docs,warranties/AST-LAB-3DP-00215.pdf,application/pdf,116126,a28b07494fceee5c58478aacd823110a56c04ec779bb141e2cb28510a2ac10ef,clean,a88277d6-7193-4856-b318-4d7fb0af2f58,2021-09-02 00:00:00+00,2026-09-21 12:36:10.142818+00
735251b9-6c1d-4203-bd41-988ca984e2e3,ac62ddf3-4b43-4054-8d4f-806e398b66be,warranty,Nile Tech Systems,,,,Supplier extended cover,2023-07-21,ast-private-docs,warranties/AST-LAB-3DP-00191.pdf,application/pdf,166483,8e9abad4f654589871259bf742ff231edc1bdcd6b65a039bd747e29f91a126b1,clean,a88277d6-7193-4856-b318-4d7fb0af2f58,2021-08-04 00:00:00+00,2026-09-21 12:36:10.142818+00
00e1fe1b-4941-4584-aa9d-03ede793956b,9abf21f5-f9b9-48a4-8041-586b3be5a122,warranty,Nile Tech Systems,,,,Supplier extended cover,2025-09-03,ast-private-docs,warranties/AST-LAB-3DP-00167.pdf,application/pdf,117032,3302349794ad57fda497fad317004c1136110c7204bb1659caa3414f536bef6a,clean,a88277d6-7193-4856-b318-4d7fb0af2f58,2022-09-18 00:00:00+00,2026-09-21 12:36:10.142818+00
7cb5ce1b-dfe4-4d0b-861c-065cdef2b8e7,7107d2e4-b73a-499f-9301-7fb24da91994,warranty,Upper Egypt Office Works,,,,Supplier extended cover,2025-09-21,ast-private-docs,warranties/AST-LAB-3DP-00143.pdf,application/pdf,195050,e24dd1b07fb6bd403eefaee808ce76468488858df9429c9a46c0db1063989f51,clean,a88277d6-7193-4856-b318-4d7fb0af2f58,2023-10-06 00:00:00+00,2026-09-21 12:36:10.142818+00
e033fcf4-b1d3-468c-9db9-07a012fb5d2a,dc3e872b-7036-48ff-8730-0d7db909be22,warranty,Upper Egypt Office Works,,,,Supplier extended cover,2022-06-19,ast-private-docs,warranties/AST-LAB-3DP-00119.pdf,application/pdf,168159,e61d8fb3eb3d6b123f9db4728814c7d1ffb6194adb5ace3400fbbaf8c98586ad,clean,a88277d6-7193-4856-b318-4d7fb0af2f58,2020-07-03 00:00:00+00,2026-09-21 12:36:10.142818+00
5ec2c9af-f4ce-43ac-af47-eac2117fbfb1,6a3bfaf6-aedd-4006-b6c3-d8205e4192b3,warranty,LabLine Scientific,,,,Supplier extended cover,2027-09-12,ast-private-docs,warranties/AST-LAB-3DP-00095.pdf,application/pdf,198284,e4c3cad71c30d49cf6feac5989649cd0328b9187a3648cc93fa7b28c064d5fcb,clean,a88277d6-7193-4856-b318-4d7fb0af2f58,2025-09-26 00:00:00+00,2026-09-21 12:36:10.142818+00
8822e21a-176f-4892-9f98-050836f00034,d7238598-208f-4d36-a514-45c86dd38e2c,warranty,LabLine Scientific,,,,Service contract,2023-02-25,ast-private-docs,warranties/AST-LAB-3DP-00071.pdf,application/pdf,124172,d1c7c52bc029e80df46ab572d08e30cfc7946859e52e25caf99a2a67d630c05c,clean,a88277d6-7193-4856-b318-4d7fb0af2f58,2020-03-11 00:00:00+00,2026-09-21 12:36:10.142818+00
2eb6f2e2-677f-4013-bdd7-cdc2b53cb2be,4f9b45aa-3644-4ee1-a6c7-0e26f274d3cb,warranty,Upper Egypt Office Works,,,,Manufacturer warranty,2022-10-04,ast-private-docs,warranties/AST-LAB-3DP-00047.pdf,application/pdf,158315,333d3c3a6627640258929679b89632f4d1e3a8214a01612f693417de7fd84cd4,clean,a88277d6-7193-4856-b318-4d7fb0af2f58,2019-10-19 00:00:00+00,2026-09-21 12:36:10.142818+00
66730af3-44df-4ee4-ab53-46d5380e203a,e4e5787f-00c2-4d1f-abd0-bdc25b66e652,warranty,PowerGuard Energy,,,,Manufacturer warranty,2027-09-24,ast-private-docs,warranties/AST-LAB-3DP-00023.pdf,application/pdf,239926,9d46bd4f6927095b3f394eafb004d43151cf71ce179de886a476153a4e44ea45,clean,a88277d6-7193-4856-b318-4d7fb0af2f58,2025-10-08 00:00:00+00,2026-09-21 12:36:10.142818+00
830e802d-1f18-4dde-86b2-9572f0f6dcf8,7373faf9-f1ab-4151-8d65-0131be6b082b,manual,,,,,,,ast-private-docs,manuals/AST-IT-PC-00072.pdf,application/pdf,3349591,7439da05e3bf2449ba12e86ca2bcb2810795e5ebac07a3a2dabb2902db4020e0,clean,60694a33-64df-4703-bb1f-20bc3948e683,2026-09-21 12:36:10.142818+00,2026-09-21 12:36:10.142818+00
e6f3a6cd-8dd4-40e4-bd22-7ae8d8bf5336,2d1c76b0-0687-4ae5-89f0-c1602947204e,manual,,,,,,,ast-private-docs,manuals/AST-IT-PC-00241.pdf,application/pdf,2925250,ca4e6785ff74c0f6abdd89dad6e7f0e20f60b35e303299f989b10b030435ae0f,clean,60694a33-64df-4703-bb1f-20bc3948e683,2026-09-21 12:36:10.142818+00,2026-09-21 12:36:10.142818+00
8e6852e0-012a-4ed1-b0c7-970905a5a26f,3bccdcad-d3c7-4a4e-bf83-b90afbc63449,manual,,,,,,,ast-private-docs,manuals/AST-IT-PC-00217.pdf,application/pdf,3279025,29f3571b40ae551e82cf4bc9b080c1a958e2dffe4637f01121b07b7de2748df3,clean,60694a33-64df-4703-bb1f-20bc3948e683,2026-09-21 12:36:10.142818+00,2026-09-21 12:36:10.142818+00
ae9fa65a-0402-4a92-8e0e-e36f0b7e31b0,71f54917-6557-42c9-9b86-23fbed57dd77,manual,,,,,,,ast-private-docs,manuals/AST-IT-PC-00193.pdf,application/pdf,3395898,47a496682688a43f90843402748a2789c35ad7401ec1f99ee922633b34aeb858,clean,60694a33-64df-4703-bb1f-20bc3948e683,2026-09-21 12:36:10.142818+00,2026-09-21 12:36:10.142818+00
dc1c531a-8a2e-4293-9f87-c9187fa59d20,0f4c7a75-2d96-4616-b8bc-9f44e09bbaed,manual,,,,,,,ast-private-docs,manuals/AST-IT-PC-00145.pdf,application/pdf,1738635,b01cda60128d4719772e1557d0e786ba335bcf5de1571420e41bfb795a6c3626,clean,60694a33-64df-4703-bb1f-20bc3948e683,2026-09-21 12:36:10.142818+00,2026-09-21 12:36:10.142818+00
c64d4fe7-eb49-41ba-8ab3-3dc3d66fc2f7,4320081c-3fba-4448-ba6f-8203202b5727,manual,,,,,,,ast-private-docs,manuals/AST-IT-PC-00121.pdf,application/pdf,2600681,c6bb7b700897d3c1fd5cbc5ea8f652cb7216587b0fd173749b47760d05634ec8,clean,60694a33-64df-4703-bb1f-20bc3948e683,2026-09-21 12:36:10.142818+00,2026-09-21 12:36:10.142818+00
58c519c7-f066-49a5-9abd-608042bcb0ef,e7d405e4-db4a-468d-8264-5e58464095a6,manual,,,,,,,ast-private-docs,manuals/AST-IT-PC-00242.pdf,application/pdf,1840523,b85cee4d1fb824bd39372f67d3ac2ea265ea3f51164caf1c1d5fce0488b85117,clean,60694a33-64df-4703-bb1f-20bc3948e683,2026-09-21 12:36:10.142818+00,2026-09-21 12:36:10.142818+00
234493ae-dfb4-4444-9f67-5e2682bcb94d,05ed6964-c513-46be-acb0-31ad366bf96f,manual,,,,,,,ast-private-docs,manuals/AST-IT-PC-00387.pdf,application/pdf,2650534,d917cee9eadae770ab79a35063e607451f6674a9a3426ee996382fc2b7c2c194,clean,60694a33-64df-4703-bb1f-20bc3948e683,2026-09-21 12:36:10.142818+00,2026-09-21 12:36:10.142818+00
85862b62-0ac3-49b4-9ac3-169ebae2c482,208e425b-b6b6-4230-ae64-59cb64d5691e,manual,,,,,,,ast-private-docs,manuals/AST-IT-PC-00339.pdf,application/pdf,2333872,dc65aa733bfdecdea0462a208246589916c6f2b6e9ccfefbd7416fc4e64feb1b,clean,60694a33-64df-4703-bb1f-20bc3948e683,2026-09-21 12:36:10.142818+00,2026-09-21 12:36:10.142818+00
45dd537f-bb10-4a30-a080-70d3eea7be50,f673a17d-c8b6-428b-8939-69282c6e5d8c,manual,,,,,,,ast-private-docs,manuals/AST-IT-PC-00243.pdf,application/pdf,1650888,5f1dfc2533c3e644d7a3bb9e8da134eaeff608fb2c664207b56978ccb8025f96,clean,60694a33-64df-4703-bb1f-20bc3948e683,2026-09-21 12:36:10.142818+00,2026-09-21 12:36:10.142818+00
234ba44f-cf67-45dd-97b0-b5d738c05a0f,2e7ab091-06ac-45f3-a62a-fccf51ef2adf,manual,,,,,,,ast-private-docs,manuals/AST-IT-PC-00027.pdf,application/pdf,2171919,8fde1b49f53a0725390e9a2aebdd1471a1e5c217d006561576fd14ea00bf69dc,clean,60694a33-64df-4703-bb1f-20bc3948e683,2026-09-21 12:36:10.142818+00,2026-09-21 12:36:10.142818+00
2094213c-afbf-41b0-ac7c-f14a3b60b3f3,d75e02fd-d967-4233-a08e-d0aa4ac7d55c,manual,,,,,,,ast-private-docs,manuals/AST-IT-PC-00388.pdf,application/pdf,2574099,b39a7ecd3c29416509b894aa23c7b216f0a78daf3a5db5ea072bf4379a11f70b,clean,60694a33-64df-4703-bb1f-20bc3948e683,2026-09-21 12:36:10.142818+00,2026-09-21 12:36:10.142818+00
9eaa7fef-0174-4c3b-8cc3-4a7ed602fafb,a6f7dee7-6d93-4ca9-b28b-dfbbbfd3e24b,manual,,,,,,,ast-private-docs,manuals/AST-IT-PC-00148.pdf,application/pdf,3344247,3d3eb6f01b2219182097b2108f1adeb4b497d38eda1e28a47690a30861f28abb,clean,60694a33-64df-4703-bb1f-20bc3948e683,2026-09-21 12:36:10.142818+00,2026-09-21 12:36:10.142818+00
b37f6658-1c4a-4b1a-8f1c-6f7d6ca6cf31,9892c8cd-4af3-4919-b0fd-35f0fc590402,manual,,,,,,,ast-private-docs,manuals/AST-IT-PC-00245.pdf,application/pdf,1989928,7712b3a5c9047d3e88d0347dc6df666f344f91ca40448cfe62181b31522e8c19,clean,60694a33-64df-4703-bb1f-20bc3948e683,2026-09-21 12:36:10.142818+00,2026-09-21 12:36:10.142818+00
d10c817b-d7c7-4d56-b4da-7b08a1e554c2,b56623e1-e600-49ad-8df4-452662607678,manual,,,,,,,ast-private-docs,manuals/AST-IT-PC-00053.pdf,application/pdf,2150226,e9c6416f4d4f0dfa28670ca90c9548e68d3be54e19ae86cfb0d40121960ead41,clean,60694a33-64df-4703-bb1f-20bc3948e683,2026-09-21 12:36:10.142818+00,2026-09-21 12:36:10.142818+00
8b5af8d4-db44-4482-aa56-af758438ecca,17a2734c-6aa6-48c0-84f5-1b0e160aec8e,manual,,,,,,,ast-private-docs,manuals/AST-IT-MONITOR-00343.pdf,application/pdf,2156517,708573259a9c7f3825f636d3f0b3b69dfa6b389e5ed3080a7459cf9dea7f64ea,clean,60694a33-64df-4703-bb1f-20bc3948e683,2026-09-21 12:36:10.142818+00,2026-09-21 12:36:10.142818+00
d62aef2b-e446-4449-a9f5-21f0d515ca78,e51260f5-0015-4e26-88f9-5a64df4c33dc,manual,,,,,,,ast-private-docs,manuals/AST-IT-MONITOR-00319.pdf,application/pdf,3465128,ff0ee8dce5171016f1a74a1acff6c05b4ad6535b3782c4c36d452a2d78153316,clean,60694a33-64df-4703-bb1f-20bc3948e683,2026-09-21 12:36:10.142818+00,2026-09-21 12:36:10.142818+00
9b6ae76e-57a4-432e-9cd6-5c0c7aedfee5,354fdcb6-3bbd-41f9-8a81-9e4267b24248,manual,,,,,,,ast-private-docs,manuals/AST-IT-MONITOR-00199.pdf,application/pdf,1891924,0fff99b38d52bc0b095474aabecc96815e29cafccf7f1c793ea9f44a39a059d1,clean,60694a33-64df-4703-bb1f-20bc3948e683,2026-09-21 12:36:10.142818+00,2026-09-21 12:36:10.142818+00
9e2d0e98-9ea8-46b2-809c-bf02e7063d86,c959dc42-2d2b-43c5-96a6-dda889bcc167,manual,,,,,,,ast-private-docs,manuals/AST-IT-MONITOR-00128.pdf,application/pdf,2908741,75f1ec357970da14ee65bf46959cd71c003c12dff997ef39991ac7312cf0b9da,clean,60694a33-64df-4703-bb1f-20bc3948e683,2026-09-21 12:36:10.142818+00,2026-09-21 12:36:10.142818+00
02963447-bd8a-4aaf-8c9c-b50f3b50fd7b,f14a2705-e72f-4f75-9267-c718ab043d5c,manual,,,,,,,ast-private-docs,manuals/AST-IT-MONITOR-00104.pdf,application/pdf,3065159,7af96a977442f7ae9d4976c023b150fcb39bdfeebef3d918c5262e5de7e68b58,clean,60694a33-64df-4703-bb1f-20bc3948e683,2026-09-21 12:36:10.142818+00,2026-09-21 12:36:10.142818+00
24a56441-167a-412a-b419-f38586b7918a,e1b94a6d-4fbc-4df4-a56c-0c00a7c98a2f,manual,,,,,,,ast-private-docs,manuals/AST-IT-MONITOR-00321.pdf,application/pdf,2090113,637d4c8aa74ebf7744cd3fbb3b87bb5990cdf0113f0e4a5a88a5ce5365e912a3,clean,60694a33-64df-4703-bb1f-20bc3948e683,2026-09-21 12:36:10.142818+00,2026-09-21 12:36:10.142818+00
bd7fd8be-3afc-4bec-a3a9-454a810feac8,55411313-a3ad-41c9-a9ef-96390c3a9c17,manual,,,,,,,ast-private-docs,manuals/AST-IT-MONITOR-00225.pdf,application/pdf,2210680,dab02cb45cf4a3bc21f1f683d8c02d51ac2a52557c27ec8105612f6ba54d181c,clean,60694a33-64df-4703-bb1f-20bc3948e683,2026-09-21 12:36:10.142818+00,2026-09-21 12:36:10.142818+00
c5116f5b-498e-43ff-b06b-8b6fead077b4,50683c77-6921-4848-8436-c79df5d37707,manual,,,,,,,ast-private-docs,manuals/AST-IT-MONITOR-00201.pdf,application/pdf,2773111,c08db89856e5cf8629cb10b4d2293003715ddb7b45287f8fe3f772ac50099529,clean,60694a33-64df-4703-bb1f-20bc3948e683,2026-09-21 12:36:10.142818+00,2026-09-21 12:36:10.142818+00
822bae96-6e58-4bb3-9bff-d2ea5720b114,66c97b08-7569-4abe-a6cc-83804009f001,manual,,,,,,,ast-private-docs,manuals/AST-IT-LAPTOP-00346.pdf,application/pdf,2641709,f3b230f0e72fdf498616ff932d168e008debd177218bbabc4bf83081e7515959,clean,60694a33-64df-4703-bb1f-20bc3948e683,2026-09-21 12:36:10.142818+00,2026-09-21 12:36:10.142818+00
37627a44-1b5c-4e12-b182-0c37663675ae,8a02e139-2263-48a9-95f4-7b9103da437a,manual,,,,,,,ast-private-docs,manuals/AST-FURN-DESK-00396.pdf,application/pdf,1660160,ddc16e9a1b7bb3946ac1bf46a6e8fe03f08ec062abc6c26408c9147abad29488,clean,60694a33-64df-4703-bb1f-20bc3948e683,2026-09-21 12:36:10.142818+00,2026-09-21 12:36:10.142818+00
52fdeef8-2d63-4955-94d4-53883088ef66,62ef7d8e-1a3c-41d8-a044-9fefde078224,manual,,,,,,,ast-private-docs,manuals/AST-FURN-DESK-00372.pdf,application/pdf,2494778,a69e2517eb9c2e802ece65469669cbafbea7d04dc31d91c8b53121bb9171090c,clean,60694a33-64df-4703-bb1f-20bc3948e683,2026-09-21 12:36:10.142818+00,2026-09-21 12:36:10.142818+00
1784e3cf-876c-4ace-9658-33b6c930e11e,a5aceaf8-bc0a-44c4-ac3f-d64e1d271a80,manual,,,,,,,ast-private-docs,manuals/AST-FURN-DESK-00180.pdf,application/pdf,3277007,f910f731c02ec651067382ede737bb56938aa754ff46f276cedcb5b9c08933bd,clean,60694a33-64df-4703-bb1f-20bc3948e683,2026-09-21 12:36:10.142818+00,2026-09-21 12:36:10.142818+00
cad3a797-f817-4350-a302-6f40c933a8db,93876c21-0c9e-49a9-a24a-11e0cd8433fa,manual,,,,,,,ast-private-docs,manuals/AST-FURN-DESK-00156.pdf,application/pdf,3047211,d78412291a291185d2d6a6844a933ab8eae1ab6abcb126c542b5287bb1d37bb5,clean,60694a33-64df-4703-bb1f-20bc3948e683,2026-09-21 12:36:10.142818+00,2026-09-21 12:36:10.142818+00
5b46bbbd-147f-416f-9c86-308295cfed2e,922c2b56-f70b-43d9-962d-02990e718976,manual,,,,,,,ast-private-docs,manuals/AST-FURN-DESK-00108.pdf,application/pdf,1532275,c866626a47d4b1a9e1411a2d130fe8b7f0a15c4860f71b24f6146303a23a1bfa,clean,60694a33-64df-4703-bb1f-20bc3948e683,2026-09-21 12:36:10.142818+00,2026-09-21 12:36:10.142818+00
7837df61-8c98-4c82-8b86-1cdc76c60d69,b3b640b7-af1f-444d-9c49-2fb6751baa85,manual,,,,,,,ast-private-docs,manuals/AST-FURN-DESK-00325.pdf,application/pdf,2638401,0449b327ed2c1b5a510e31ec5cd7104d1e3bc16ca19da1ac74177b9f4cfeed33,clean,60694a33-64df-4703-bb1f-20bc3948e683,2026-09-21 12:36:10.142818+00,2026-09-21 12:36:10.142818+00
3b7d7b3f-2a96-4e3b-9db4-586214eafb29,03193ec4-3de2-4fd6-b4a7-87e5697fb3b4,manual,,,,,,,ast-private-docs,manuals/AST-FURN-DESK-00157.pdf,application/pdf,2064392,eb6ebd194f3f535c3b8467bd537aad375d01984451507331da3f14f586c2353e,clean,60694a33-64df-4703-bb1f-20bc3948e683,2026-09-21 12:36:10.142818+00,2026-09-21 12:36:10.142818+00
7d8ac858-c889-4d71-b9de-a266d92c9b11,31631b15-6a13-4bba-9b7c-f6f2c3677ffc,manual,,,,,,,ast-private-docs,manuals/AST-FURN-DESK-00085.pdf,application/pdf,3346060,870e49fc202bf3799cac05a5f8fe8780166443c636b8315b4c5f846ff5e147f5,clean,60694a33-64df-4703-bb1f-20bc3948e683,2026-09-21 12:36:10.142818+00,2026-09-21 12:36:10.142818+00
d67e8132-651e-451d-bb5e-8a1dff821ba6,5bca1677-8958-4130-99fc-234307930124,manual,,,,,,,ast-private-docs,manuals/AST-FURN-DESK-00061.pdf,application/pdf,2302942,6d0823acdc9cbd294dc99e0ef06047109e4ac5a281431e8e52714bba926414c1,clean,60694a33-64df-4703-bb1f-20bc3948e683,2026-09-21 12:36:10.142818+00,2026-09-21 12:36:10.142818+00
dea3b5b6-dcf6-4ecf-8528-fc6b26cff212,80a9c3df-bb15-4fd7-8c87-326df788dfb5,manual,,,,,,,ast-private-docs,manuals/AST-FURN-DESK-00013.pdf,application/pdf,2171433,59ca5abe520f534bd31c1ece47481e35691793e191c203e6ac0661f353858971,clean,60694a33-64df-4703-bb1f-20bc3948e683,2026-09-21 12:36:10.142818+00,2026-09-21 12:36:10.142818+00
19459f23-9a78-472e-b3c5-f2811c7eaf3e,049ab4bb-2152-4230-9491-51e3308b7789,manual,,,,,,,ast-private-docs,manuals/AST-FURN-CHAIR-00374.pdf,application/pdf,2891311,0e3994fbb71bccc539da84a404c36f44cdba15cb77ed757c7ef4e1fe5c7abae0,clean,60694a33-64df-4703-bb1f-20bc3948e683,2026-09-21 12:36:10.142818+00,2026-09-21 12:36:10.142818+00
a83621f1-2011-418f-88e9-281aef43d553,e264899e-2ce6-4724-b7f9-4e422aa2af92,manual,,,,,,,ast-private-docs,manuals/AST-FURN-CHAIR-00326.pdf,application/pdf,3117686,cd17dce31ea93294486011ff9f24b99c5fa4661d2fdbd16ebe3922533c44467d,clean,60694a33-64df-4703-bb1f-20bc3948e683,2026-09-21 12:36:10.142818+00,2026-09-21 12:36:10.142818+00
4ffd7883-656a-4d27-8ea4-dd59f76f7967,005c93a5-5ee4-4b23-80d6-8f3ff2953ac3,manual,,,,,,,ast-private-docs,manuals/AST-FURN-CHAIR-00158.pdf,application/pdf,3249197,1abca7bfabd7f121a15bfe1d514fa5bb28d3b553a48ae510ff90ca34712e2524,clean,60694a33-64df-4703-bb1f-20bc3948e683,2026-09-21 12:36:10.142818+00,2026-09-21 12:36:10.142818+00
42bd51be-80f3-40d1-81cf-673b19f64d3c,5c97057c-9c92-49e2-906b-2354afdd7506,manual,,,,,,,ast-private-docs,manuals/AST-FURN-CHAIR-00086.pdf,application/pdf,2052275,d29af82ebe40228774cf08254943be408f908dbe06f19bf5745a9dde3c2e3b41,clean,60694a33-64df-4703-bb1f-20bc3948e683,2026-09-21 12:36:10.142818+00,2026-09-21 12:36:10.142818+00
f8d35743-c5a1-4c2d-9944-2daa81137fee,7ba84913-dcd6-4c6f-a407-7cb6559ce9dc,manual,,,,,,,ast-private-docs,manuals/AST-FURN-CHAIR-00399.pdf,application/pdf,2871439,fcac67957c97821b8d723bcaef410e697cba977b42e73e9a124e3f3c041f0a62,clean,60694a33-64df-4703-bb1f-20bc3948e683,2026-09-21 12:36:10.142818+00,2026-09-21 12:36:10.142818+00
7bca8582-e8c3-4a07-81a8-9e24a0a09a95,05eb72ca-3e8d-4948-9a47-910a57414fd4,manual,,,,,,,ast-private-docs,manuals/AST-FURN-CHAIR-00015.pdf,application/pdf,3369277,bab017cff03305f0f9431652eeb553165168feef3aa701e810d92a91862daaa8,clean,60694a33-64df-4703-bb1f-20bc3948e683,2026-09-21 12:36:10.142818+00,2026-09-21 12:36:10.142818+00
6b321bd3-292e-4c25-8ffc-b0d853d26526,64f4347e-6b2e-4d45-9a0e-c53187592a66,manual,,,,,,,ast-private-docs,manuals/AST-FURN-CAB-00400.pdf,application/pdf,3274772,2923ab12cf4777dfdd0baa9249b138a01c0a304a90fbac67613adaab66a0006d,clean,60694a33-64df-4703-bb1f-20bc3948e683,2026-09-21 12:36:10.142818+00,2026-09-21 12:36:10.142818+00
fced7d0b-a572-4aa7-b0c2-6b70d9940480,2d401ac0-5992-479d-9c3a-c636fe03fce3,manual,,,,,,,ast-private-docs,manuals/AST-FURN-CAB-00352.pdf,application/pdf,2317113,55882e20dee7abbd6ac79c39e8b9f2ae643a2648bba4c0907672610470d9c618,clean,60694a33-64df-4703-bb1f-20bc3948e683,2026-09-21 12:36:10.142818+00,2026-09-21 12:36:10.142818+00
74a87fb9-958f-40e8-b442-203fca43785c,ae86aa6d-3e87-4a2a-81ed-6e34d4e56636,manual,,,,,,,ast-private-docs,manuals/AST-FURN-CAB-00304.pdf,application/pdf,3364920,9dc78b620c664d4a1596ae95a7a6f8685a2aaf70fb57ba9b62f41e47c2aef8d6,clean,60694a33-64df-4703-bb1f-20bc3948e683,2026-09-21 12:36:10.142818+00,2026-09-21 12:36:10.142818+00
16b541a3-0aac-4345-815c-02ca98931390,ef825d0e-252d-4533-a0f6-6e2c16149ea2,manual,,,,,,,ast-private-docs,manuals/AST-FAC-AC-00401.pdf,application/pdf,2457358,7085d36d2eb70adca94f1f30594caffa8bb5b37812ad4f0661241d154922dcdc,clean,60694a33-64df-4703-bb1f-20bc3948e683,2026-09-21 12:36:10.142818+00,2026-09-21 12:36:10.142818+00
7c260428-647a-44ca-af30-324342a1a13a,16b21293-b6a2-480f-a726-5a1c87cec645,manual,,,,,,,ast-private-docs,manuals/AST-FAC-AC-00305.pdf,application/pdf,3336988,fd00e224fc435181461870a7e2f34d8ddb84c4b2580469cfa7ae53855d05cd1f,clean,60694a33-64df-4703-bb1f-20bc3948e683,2026-09-21 12:36:10.142818+00,2026-09-21 12:36:10.142818+00
a36be083-c7ec-4667-a662-6e7dc78a537c,ed91931d-3607-464f-a50c-794c0b6d6e7f,manual,,,,,,,ast-private-docs,manuals/AST-FAC-AC-00185.pdf,application/pdf,3363572,7a9a378026c193f3262734684a3bbe57932da7a13cce704aac994dcbda73b25c,clean,60694a33-64df-4703-bb1f-20bc3948e683,2026-09-21 12:36:10.142818+00,2026-09-21 12:36:10.142818+00
6cc9e0f5-4fd9-4486-a4d7-8c325d51c3ae,b31ceb27-7da5-4be2-9663-6e55fafd0ec1,manual,,,,,,,ast-private-docs,manuals/AST-FAC-AC-00089.pdf,application/pdf,1750044,2eafd387a10fa2d49093bb16323dfc12710ba93f1444d0151da5ee79b2d6018b,clean,60694a33-64df-4703-bb1f-20bc3948e683,2026-09-21 12:36:10.142818+00,2026-09-21 12:36:10.142818+00
cf066666-bff1-4b17-82f5-ce502d7e3374,d6609890-892c-403a-8f4a-12d47e59305d,manual,,,,,,,ast-private-docs,manuals/AST-FAC-UPS-00234.pdf,application/pdf,2244740,5a97aefa46c14d4e6b2ede08d2ddaed091b50eaa87e0f8b1318c4ea45ef18377,clean,60694a33-64df-4703-bb1f-20bc3948e683,2026-09-21 12:36:10.142818+00,2026-09-21 12:36:10.142818+00
ffe9c5ca-68fd-48d8-8eba-42a26e262902,5094c415-bfc6-4ad7-97eb-9ee6e1da6df2,manual,,,,,,,ast-private-docs,manuals/AST-FAC-UPS-00162.pdf,application/pdf,3198665,0873f6cd8a67815031dbf663cc903fb0a2afc69809140c5c0c9a58c5b8b875ae,clean,60694a33-64df-4703-bb1f-20bc3948e683,2026-09-21 12:36:10.142818+00,2026-09-21 12:36:10.142818+00
f2b8793f-926d-41a8-b718-33590de5a2ba,5c69d63a-79af-4855-9496-8dbeddd207ad,manual,,,,,,,ast-private-docs,manuals/AST-FAC-UPS-00018.pdf,application/pdf,1815827,2650f4a6a4de0c631a6221b198cb18bd8364d7e93bd68bcf79f691ad863c3b04,clean,60694a33-64df-4703-bb1f-20bc3948e683,2026-09-21 12:36:10.142818+00,2026-09-21 12:36:10.142818+00
4bde636e-079b-48de-a796-3247a48442aa,e35e601c-6f78-4408-ba55-dcbc531ccba7,manual,,,,,,,ast-private-docs,manuals/AST-IT-PRINTER-00187.pdf,application/pdf,2194559,0db418844434f4c48f046079c526f24c6562cd1da01cc670c4557e87063bdf1e,clean,60694a33-64df-4703-bb1f-20bc3948e683,2026-09-21 12:36:10.142818+00,2026-09-21 12:36:10.142818+00
df32f276-794e-4dca-8933-7caae576b941,cc411e9a-a16f-42fe-9925-f9d122641356,manual,,,,,,,ast-private-docs,manuals/AST-IT-PROJ-00381.pdf,application/pdf,2405310,c0c317e86ba6b88030ebb1282be91702f79708bb20e2b0ac134e6c78309ccf23,clean,60694a33-64df-4703-bb1f-20bc3948e683,2026-09-21 12:36:10.142818+00,2026-09-21 12:36:10.142818+00
9d85ab2d-df50-4c6b-81f5-e0e54a91f797,d08e3369-1186-4b80-ad3e-83a134b80b87,manual,,,,,,,ast-private-docs,manuals/AST-IT-PROJ-00189.pdf,application/pdf,2152640,f9aade22044fc464488dd17b81a180e998833372b36546e37f8f4f0ea5e3e630,clean,60694a33-64df-4703-bb1f-20bc3948e683,2026-09-21 12:36:10.142818+00,2026-09-21 12:36:10.142818+00
2da18f8d-9bb5-4180-9336-c4d5e83894cf,ef9d9b2a-d0cb-43b6-9c41-f90457b223de,manual,,,,,,,ast-private-docs,manuals/AST-IT-PROJ-00117.pdf,application/pdf,2043101,0a67b1cabcc70082c51531dd241d81f154f8fa64d1e0237da188d44469e3621f,clean,60694a33-64df-4703-bb1f-20bc3948e683,2026-09-21 12:36:10.142818+00,2026-09-21 12:36:10.142818+00
b15f742a-6d2f-43c3-92a6-9649a601f2d2,9cd6b15d-724e-43d3-9850-a44b811353ba,manual,,,,,,,ast-private-docs,manuals/AST-IT-PROJ-00069.pdf,application/pdf,2628676,a3d0f299072b6c50f88c2e4dec4a3caaae360d5481ac99194bd86cad3bb661f3,clean,60694a33-64df-4703-bb1f-20bc3948e683,2026-09-21 12:36:10.142818+00,2026-09-21 12:36:10.142818+00
3a91ef30-52a4-4ea5-9a3e-46cae32e3ad7,a8fec32f-4bde-47d0-aa4e-8c058ce61ec8,manual,,,,,,,ast-private-docs,manuals/AST-LAB-OSC-00358.pdf,application/pdf,2832499,9353eee84446ea62089b88dcc7ff6fe637f95c5ea829598e0ca363ee4c90f2f6,clean,60694a33-64df-4703-bb1f-20bc3948e683,2026-09-21 12:36:10.142818+00,2026-09-21 12:36:10.142818+00
e31fa0eb-b1ca-49e6-a3ec-1a130504a4aa,67797a5f-d034-4d25-bfcd-aa7b31367225,manual,,,,,,,ast-private-docs,manuals/AST-LAB-OSC-00310.pdf,application/pdf,1845844,6698360aea7a673c923b217a1ff8a49b514ef9be08c9a74cf7378bacb0ff9ed3,clean,60694a33-64df-4703-bb1f-20bc3948e683,2026-09-21 12:36:10.142818+00,2026-09-21 12:36:10.142818+00
f7f781c9-4fae-4db4-95ff-6b704f22ff14,84680d23-d8b1-45bd-ba2d-92acc232d29f,manual,,,,,,,ast-private-docs,manuals/AST-LAB-OSC-00286.pdf,application/pdf,3388784,790493345dd5730b70173f9841cb7eb2d3259f34f6087f86fc67f4035fbb0f57,clean,60694a33-64df-4703-bb1f-20bc3948e683,2026-09-21 12:36:10.142818+00,2026-09-21 12:36:10.142818+00
4220f21d-0042-41fe-a95b-39c4c5007e19,bfcd160b-2fa1-4ad5-b810-c6f9f87aa97b,manual,,,,,,,ast-private-docs,manuals/AST-LAB-OSC-00070.pdf,application/pdf,3315053,00607a3e15dbcc6997b5898b53fab3cd01b57a2dfefdaa71db52bd44c4e67945,clean,60694a33-64df-4703-bb1f-20bc3948e683,2026-09-21 12:36:10.142818+00,2026-09-21 12:36:10.142818+00
c689aaea-b941-4bf7-86cd-21d4d43c56bb,6439ccdc-2d33-4bae-b07b-f6e7c4676f4d,manual,,,,,,,ast-private-docs,manuals/AST-LAB-3DP-00407.pdf,application/pdf,2790882,4b10cbdbbdac68a6ef73f652993a47888ac69496f6ecbe368d9ba7fc47f8d091,clean,60694a33-64df-4703-bb1f-20bc3948e683,2026-09-21 12:36:10.142818+00,2026-09-21 12:36:10.142818+00
e9b21785-1ab0-40e1-99ff-6d6d57ba10d1,1caced03-12da-40c9-af11-fa22f8a4b953,manual,,,,,,,ast-private-docs,manuals/AST-LAB-3DP-00287.pdf,application/pdf,3181521,29c56c07a04f939705be1a89040ebbb5d9a8c0ef77e0683f719f24f9ec887643,clean,60694a33-64df-4703-bb1f-20bc3948e683,2026-09-21 12:36:10.142818+00,2026-09-21 12:36:10.142818+00
42531c5e-9be9-4e5d-92f1-88cf36ecaf8d,6a3bfaf6-aedd-4006-b6c3-d8205e4192b3,manual,,,,,,,ast-private-docs,manuals/AST-LAB-3DP-00095.pdf,application/pdf,2345663,132e673d3863f8f3041a7cf5315b0524b3d0b3f78bb908ec685000e8b01fc028,clean,60694a33-64df-4703-bb1f-20bc3948e683,2026-09-21 12:36:10.142818+00,2026-09-21 12:36:10.142818+00
68631966-db01-4908-b318-d149bc3c56d5,148003af-a85e-4d2b-8321-332aa956264e,other,,,,,,,ast-private-docs,uploads/pending/AST-FAC-AC-00017.pdf,application/pdf,240000,67ce50dcb5bed923b6c8c25e1ce46d649271fb7bd37909cb1a2dddae47d7900d,pending,60694a33-64df-4703-bb1f-20bc3948e683,2026-09-21 12:36:10.142818+00,2026-09-21 12:36:10.142818+00
8df37146-688d-4fc2-9a56-afd48ba2124a,3673afb5-08c2-4510-aca4-37914bedfc03,other,,,,,,,ast-private-docs,uploads/pending/AST-FAC-AC-00041.pdf,application/pdf,240000,fe4bfc4835db53a1218ea96aa580895e8012d73a0c8b14a3da7974806fa5b6d0,pending,60694a33-64df-4703-bb1f-20bc3948e683,2026-09-21 12:36:10.142818+00,2026-09-21 12:36:10.142818+00
dee51204-b0a6-4f1f-bdfe-d0903369c53a,9039c585-128a-496e-91c2-7567e83b7b1b,other,,,,,,,ast-private-docs,uploads/pending/AST-FAC-AC-00065.pdf,application/pdf,240000,51c6893e69f5c6a2cd39b096a74d40885e3f080c2ab6a5c237a1e26c78abf3a4,pending,60694a33-64df-4703-bb1f-20bc3948e683,2026-09-21 12:36:10.142818+00,2026-09-21 12:36:10.142818+00
9972c1ca-b680-4879-9ac0-5a550f204c80,00222747-db35-4e0a-86df-e34d11f449b3,other,,,,,,,ast-quarantine,quarantine/AST-LAB-OSC-00406.pdf,application/pdf,512000,f88bc4fcc659fa71ef926817900b89a92cd7322a7c5b901ff7f91887cb035902,infected,a88277d6-7193-4856-b318-4d7fb0af2f58,2026-09-21 12:36:10.142818+00,2026-09-21 12:36:10.142818+00
ea0be798-8f7a-402d-b95a-14a426ebbb5f,1e33351a-317b-41ce-8c95-23d0ba4fb3bb,other,,,,,,,ast-quarantine,quarantine/AST-LAB-OSC-00382.pdf,application/pdf,512000,ad22d4e9559fed50a2ccebb819045160d2248ba11178bbcdb107aaf58922079f,infected,a88277d6-7193-4856-b318-4d7fb0af2f58,2026-09-21 12:36:10.142818+00,2026-09-21 12:36:10.142818+00
48da8a15-4edf-41c0-bb78-c6f2a396bc91,236e3ef4-e754-43cc-870e-6a4f396f8ffb,retirement_evidence,,,,,,,ast-private-docs,retirement/AST-FURN-CAB-00256.pdf,application/pdf,340000,36d4fabcaa1af9a2d9bb09b11cd99c4244b9131c202396488d05fbf98a7c58c6,clean,63cfd2c4-2600-45b5-8925-b1c9ff6c04ee,2026-09-21 12:36:10.142818+00,2026-09-21 12:36:10.142818+00
5562c640-cf26-41d5-970f-3d81137a4c71,7fe1bcfe-74c1-4691-bec0-496189b173ff,retirement_evidence,,,,,,,ast-private-docs,retirement/AST-FURN-CAB-00184.pdf,application/pdf,340000,37e1ddbad1fe42ad23c13ff0f555c3d77d643076c4f268ebda1b611ec74243f8,clean,63cfd2c4-2600-45b5-8925-b1c9ff6c04ee,2026-09-21 12:36:10.142818+00,2026-09-21 12:36:10.142818+00
a77fd834-cdb9-4f70-9aca-9ee884c861ed,532e2a01-97ae-42aa-969f-6eff4f5b9ab5,retirement_evidence,,,,,,,ast-private-docs,retirement/AST-IT-PROJ-00021.pdf,application/pdf,340000,2f8e7ee434f678a9424736f8086321f1beec978a0a1fa126f4581270458dc7f0,clean,63cfd2c4-2600-45b5-8925-b1c9ff6c04ee,2026-09-21 12:36:10.142818+00,2026-09-21 12:36:10.142818+00
c799bcbf-e97b-41ad-bafe-2dd58b191987,5f802b6a-a3a0-49b6-8f19-9937419476ca,retirement_evidence,,,,,,,ast-private-docs,retirement/AST-IT-PC-00316.pdf,application/pdf,340000,8cd3789c99c8efe24cb5fb8cacd3dbb74831d085546fd2137f2b50660e9ed8df,clean,63cfd2c4-2600-45b5-8925-b1c9ff6c04ee,2026-09-21 12:36:10.142818+00,2026-09-21 12:36:10.142818+00
def630d8-1a91-4b42-83e4-42d93dfbe0e1,d7238598-208f-4d36-a514-45c86dd38e2c,retirement_evidence,,,,,,,ast-private-docs,retirement/AST-LAB-3DP-00071.pdf,application/pdf,340000,909142d97f1759b9cfe5ca1ed7b55cd64772984462e73edb43ce4f31a29dd5e7,clean,63cfd2c4-2600-45b5-8925-b1c9ff6c04ee,2026-09-21 12:36:10.142818+00,2026-09-21 12:36:10.142818+00
338dc952-a08f-49f3-b4fb-5bc8a173006b,ec5aa83a-7dce-4464-9335-92d8a60b93f4,retirement_evidence,,,,,,,ast-private-docs,retirement/AST-FURN-CHAIR-00230.pdf,application/pdf,340000,3bc1d1315ce95404ec3d22c8d90559e3cd539dca8e19f0e026acd89da78ae81e,clean,63cfd2c4-2600-45b5-8925-b1c9ff6c04ee,2026-09-21 12:36:10.142818+00,2026-09-21 12:36:10.142818+00
ba24e323-8318-4721-8adc-1dfa8fe3dd80,30b21e6c-c1ff-4fa4-896a-27f455d33743,retirement_evidence,,,,,,,ast-private-docs,retirement/AST-IT-PC-00001.pdf,application/pdf,340000,4ac20cc1bc13d1097dbe22e998f97865b7ed935707704bd75dd8f8ec66099e0e,clean,63cfd2c4-2600-45b5-8925-b1c9ff6c04ee,2026-09-21 12:36:10.142818+00,2026-09-21 12:36:10.142818+00
3cc207f4-74dc-4bfc-a6b3-69c18f7e7c4e,e202e999-36c0-49e9-b8c4-b6bc1f7e4ec0,retirement_evidence,,,,,,,ast-private-docs,retirement/AST-IT-PC-00096.pdf,application/pdf,340000,90e8ac6c818c03bf987d328b8daee342fb83be0d857ee677f80c95f875d0451d,clean,63cfd2c4-2600-45b5-8925-b1c9ff6c04ee,2026-09-21 12:36:10.142818+00,2026-09-21 12:36:10.142818+00
039bb4a8-456d-42e3-9023-6502fa01021e,bb567931-c2a0-435a-9c53-b9a5fd409f8a,retirement_evidence,,,,,,,ast-private-docs,retirement/AST-IT-MONITOR-00030.pdf,application/pdf,340000,9c38634db91b9c90bd2060b5aafb3c45459e0be497829d4578094374b6d17d24,clean,63cfd2c4-2600-45b5-8925-b1c9ff6c04ee,2026-09-21 12:36:10.142818+00,2026-09-21 12:36:10.142818+00
ac351d8b-44e6-49ac-816d-233df70d501b,8ab8ac6d-3c1c-4f30-bf7e-ae7188b0849f,retirement_evidence,,,,,,,ast-private-docs,retirement/AST-IT-PC-00099.pdf,application/pdf,340000,eb38022183734e26c62706d9b4200c165cacf029c58c102c2bed42d759f73166,clean,63cfd2c4-2600-45b5-8925-b1c9ff6c04ee,2026-09-21 12:36:10.142818+00,2026-09-21 12:36:10.142818+00
d84b623c-b0fb-4b83-ad32-f80014d52283,0f96dd5e-bc40-479b-a4a8-935f141761fe,retirement_evidence,,,,,,,ast-private-docs,retirement/AST-IT-PC-00240.pdf,application/pdf,340000,eae133f4ce5b21d831523d1d4eeed7bc2d34c7ab7689df511f17078d8c90837b,clean,63cfd2c4-2600-45b5-8925-b1c9ff6c04ee,2026-09-21 12:36:10.142818+00,2026-09-21 12:36:10.142818+00
496b629d-1b26-47b7-a37c-175f08456813,eeb669d0-65f9-44b2-adbb-070e72c28d31,retirement_evidence,,,,,,,ast-private-docs,retirement/AST-IT-PC-00049.pdf,application/pdf,340000,bfac685ec59a0f608e966d65c4c6881167bd2f181762fa67714674f0534ae3c2,clean,63cfd2c4-2600-45b5-8925-b1c9ff6c04ee,2026-09-21 12:36:10.142818+00,2026-09-21 12:36:10.142818+00
7bda43cb-8f38-4205-a374-f97c0b094bf5,554d6041-1b26-429f-b36b-9976bf27eaa4,retirement_evidence,,,,,,,ast-private-docs,retirement/AST-FURN-CHAIR-00303.pdf,application/pdf,340000,066b78f948f38f5407aeaa5610fbeaf6258fab2caf03881ba1f1039a0d699976,clean,63cfd2c4-2600-45b5-8925-b1c9ff6c04ee,2026-09-21 12:36:10.142818+00,2026-09-21 12:36:10.142818+00
0cc1b36d-5cab-44e2-94f6-a901f89ea2e0,edbb1f34-97db-4120-88ea-23d452ef52c5,retirement_evidence,,,,,,,ast-private-docs,retirement/AST-LAB-OSC-00190.pdf,application/pdf,340000,7c435b0158f6f3f80332177e0c721ee6b150421ed93a6a5a5fd716dee096e760,clean,63cfd2c4-2600-45b5-8925-b1c9ff6c04ee,2026-09-21 12:36:10.142818+00,2026-09-21 12:36:10.142818+00
cb75840c-693d-4074-8556-3bd30ee08988,ac6d9a84-04e2-4e0e-b855-6bcb57623c9c,retirement_evidence,,,,,,,ast-private-docs,retirement/AST-LAB-3DP-00215.pdf,application/pdf,340000,a779732d50105c06f7cc129d89fd19f52d4ee41757ac5c474098ab4d0252db01,clean,63cfd2c4-2600-45b5-8925-b1c9ff6c04ee,2026-09-21 12:36:10.142818+00,2026-09-21 12:36:10.142818+00
d7201699-9452-4155-8633-fbc66dcf70c4,ab65e716-a553-4163-8e14-81d2954dd14a,retirement_evidence,,,,,,,ast-private-docs,retirement/AST-IT-MONITOR-00270.pdf,application/pdf,340000,f6825b52b52a1e9bbbefbe827d12661e5aee2f877b614c804e6327cef11ee715,clean,63cfd2c4-2600-45b5-8925-b1c9ff6c04ee,2026-09-21 12:36:10.142818+00,2026-09-21 12:36:10.142818+00
af4e0179-079c-4ec1-8844-0b54b1a9bcd1,bf853716-95ce-4780-b6f6-d421c3eb7e98,retirement_evidence,,,,,,,ast-private-docs,retirement/AST-FURN-CAB-00280.pdf,application/pdf,340000,2e98928d72c8465cde4a6d4d9f2a6d9242effd1e1dbf73fd9d60e0a71ce266aa,clean,63cfd2c4-2600-45b5-8925-b1c9ff6c04ee,2026-09-21 12:36:10.142818+00,2026-09-21 12:36:10.142818+00
556d81d8-ace9-46d6-9da1-85eaba814cc7,9442d853-d0d5-46d0-8059-54ef6893b55f,retirement_evidence,,,,,,,ast-private-docs,retirement/AST-LAB-OSC-00046.pdf,application/pdf,340000,b7de86bb0de50dd14877ae840116aa15326058d1295b9a18657c6228a873ef9a,clean,63cfd2c4-2600-45b5-8925-b1c9ff6c04ee,2026-09-21 12:36:10.142818+00,2026-09-21 12:36:10.142818+00
afc8d903-ef4d-422d-ae20-bcb92cfd772e,010c5824-b67f-49fd-b8d6-631b9108bc27,retirement_evidence,,,,,,,ast-private-docs,retirement/AST-IT-PC-00149.pdf,application/pdf,340000,0d26d2fa592b6a6b6aadd2096ae44b1b55a9b59cfe8eb5222125972fd62c6514,clean,63cfd2c4-2600-45b5-8925-b1c9ff6c04ee,2026-09-21 12:36:10.142818+00,2026-09-21 12:36:10.142818+00
3af79e0e-6e5e-4266-a6ac-49403caa695c,ae86aa6d-3e87-4a2a-81ed-6e34d4e56636,retirement_evidence,,,,,,,ast-private-docs,retirement/AST-FURN-CAB-00304.pdf,application/pdf,340000,7fe32bcfb63d0531c8aa9b6d863d07be2469583a7168011520bf604f5b6a9544,clean,63cfd2c4-2600-45b5-8925-b1c9ff6c04ee,2026-09-21 12:36:10.142818+00,2026-09-21 12:36:10.142818+00
92e010cb-092d-4e6b-ac57-8ec8c76e769c,425c02ac-fc8e-4acd-82fa-ec04c7d1efe7,retirement_evidence,,,,,,,ast-private-docs,retirement/AST-FURN-DESK-00252.pdf,application/pdf,340000,fa5fab6308ef4adfbf8fb7f6e9d21ebebadcb797bdee0e1a8775766a5424bd4a,clean,63cfd2c4-2600-45b5-8925-b1c9ff6c04ee,2026-09-21 12:36:10.142818+00,2026-09-21 12:36:10.142818+00
be9935a5-aebd-41cd-b28e-3aed55ebc632,4c863df2-82ce-480f-817f-dc8d6a07af09,retirement_evidence,,,,,,,ast-private-docs,retirement/AST-IT-MONITOR-00055.pdf,application/pdf,340000,05b6bc238ac58e6081836c2e594b388c7a7c03501fab926983650299c6e970e0,clean,63cfd2c4-2600-45b5-8925-b1c9ff6c04ee,2026-09-21 12:36:10.142818+00,2026-09-21 12:36:10.142818+00
