id,category_id,current_location_id,custodian_user_id,asset_tag,serial_number,brand,model,specifications,condition,status,purchase_date,purchase_cost,next_maintenance_due_at,risk_band,risk_reasons,retired_at,retirement_reason,created_at,updated_at,created_by,updated_by
236e3ef4-e754-43cc-870e-6a4f396f8ffb,06e541d2-a9a0-47e4-96ff-9533e92db5b6,ed0c4695-23ba-41bb-bb52-4fc110fc0fde,,AST-FURN-CAB-00256,,Upper Office Works,Cabinet-4D,{},poor,retired,2019-09-14,3240.00,,unknown,[],2026-08-27 12:36:10.142818+00,Damaged beyond repair,2019-09-21 00:00:00+00,2026-09-21 12:36:10.142818+00,60694a33-64df-4703-bb1f-20bc3948e683,63cfd2c4-2600-45b5-8925-b1c9ff6c04ee
7fe1bcfe-74c1-4691-bec0-496189b173ff,06e541d2-a9a0-47e4-96ff-9533e92db5b6,226f67de-eecb-4041-b2fd-00c436b1b82f,,AST-FURN-CAB-00184,,Upper Office Works,Cabinet-4D,{},poor,retired,2019-11-22,2800.00,,unknown,[],2026-07-12 12:36:10.142818+00,Beyond economic repair,2019-11-29 00:00:00+00,2026-09-21 12:36:10.142818+00,60694a33-64df-4703-bb1f-20bc3948e683,63cfd2c4-2600-45b5-8925-b1c9ff6c04ee
532e2a01-97ae-42aa-969f-6eff4f5b9ab5,9fc46e12-92c2-4613-b9b1-dd8845412769,ad7545d1-5dd0-4c6a-9a2b-f8865e75563f,,AST-IT-PROJ-00021,ITPROJ-169659,BenQ,BeamPro 119,"{""lumens"": 5000, ""lamp_hours"": 1617}",poor,retired,2020-01-11,14500.00,,unknown,[],2026-02-26 12:36:10.142818+00,"Obsolete, no spare parts available",2020-01-18 00:00:00+00,2026-09-21 12:36:10.142818+00,60694a33-64df-4703-bb1f-20bc3948e683,63cfd2c4-2600-45b5-8925-b1c9ff6c04ee
5f802b6a-a3a0-49b6-8f19-9937419476ca,928e1185-3903-4639-bd6e-0fe5d4e1bd5e,8ce58e75-8b56-44e0-b303-308ab877a282,,AST-IT-PC-00316,ITPC-550518,Dell,OptiPlex 7090,"{""cpu"": ""i5-11400"", ""ram_gb"": 16, ""storage_gb"": 256}",failed,retired,2020-02-18,21800.00,,unknown,[],2026-07-05 12:36:10.142818+00,Damaged beyond repair,2020-02-25 00:00:00+00,2026-09-21 12:36:10.142818+00,60694a33-64df-4703-bb1f-20bc3948e683,63cfd2c4-2600-45b5-8925-b1c9ff6c04ee
d7238598-208f-4d36-a514-45c86dd38e2c,f0a14b69-c0ce-4372-ae3d-ae946d801d82,b9ee01aa-284d-41fc-92e0-1e2c29704a3b,,AST-LAB-3DP-00071,LAB3DP-737863,LabLine,FDM-201,"{""build_mm"": ""220x220x250"", ""filament"": ""PETG""}",poor,retired,2020-02-26,35400.00,,unknown,[],2026-08-03 12:36:10.142818+00,"Obsolete, no spare parts available",2020-03-04 00:00:00+00,2026-09-21 12:36:10.142818+00,60694a33-64df-4703-bb1f-20bc3948e683,63cfd2c4-2600-45b5-8925-b1c9ff6c04ee
ec5aa83a-7dce-4464-9335-92d8a60b93f4,f01bbdb0-5e6b-46f9-bc6c-97ce11922f55,67bdcd67-117b-453f-88c9-25b12a0565e7,,AST-FURN-CHAIR-00230,,Upper Office Works,Ergo-Pro,{},failed,retired,2020-04-12,2660.00,,unknown,[],2026-05-24 12:36:10.142818+00,Replaced under the renewal plan,2020-04-19 00:00:00+00,2026-09-21 12:36:10.142818+00,60694a33-64df-4703-bb1f-20bc3948e683,63cfd2c4-2600-45b5-8925-b1c9ff6c04ee
30b21e6c-c1ff-4fa4-896a-27f455d33743,928e1185-3903-4639-bd6e-0fe5d4e1bd5e,824bea60-5daa-4553-8a8a-d2d710545d90,,AST-IT-PC-00001,ITPC-364957,Dell,OptiPlex 7090,"{""cpu"": ""i7-10700"", ""ram_gb"": 16, ""storage_gb"": 512}",poor,retired,2020-05-19,21800.00,,unknown,[],2026-06-08 12:36:10.142818+00,Replaced under the renewal plan,2020-05-26 00:00:00+00,2026-09-21 12:36:10.142818+00,60694a33-64df-4703-bb1f-20bc3948e683,63cfd2c4-2600-45b5-8925-b1c9ff6c04ee
e202e999-36c0-49e9-b8c4-b6bc1f7e4ec0,928e1185-3903-4639-bd6e-0fe5d4e1bd5e,ab9714cb-122f-4204-a820-6d7257a3057c,,AST-IT-PC-00096,ITPC-965263,Dell,OptiPlex 7090,"{""cpu"": ""i5-11400"", ""ram_gb"": 8, ""storage_gb"": 256}",poor,retired,2020-08-23,21800.00,,unknown,[],2026-02-08 12:36:10.142818+00,"Obsolete, no spare parts available",2020-08-30 00:00:00+00,2026-09-21 12:36:10.142818+00,60694a33-64df-4703-bb1f-20bc3948e683,63cfd2c4-2600-45b5-8925-b1c9ff6c04ee
bb567931-c2a0-435a-9c53-b9a5fd409f8a,95ef5f39-7726-40fc-a96e-a70dc1197538,67bdcd67-117b-453f-88c9-25b12a0565e7,,AST-IT-MONITOR-00030,ITMONITOR-685342,Dell,V26HD,"{""size_in"": 24, ""resolution"": ""2560x1440""}",poor,retired,2020-11-19,4860.00,,unknown,[],2026-03-07 12:36:10.142818+00,Replaced under the renewal plan,2020-11-26 00:00:00+00,2026-09-21 12:36:10.142818+00,60694a33-64df-4703-bb1f-20bc3948e683,63cfd2c4-2600-45b5-8925-b1c9ff6c04ee
8ab8ac6d-3c1c-4f30-bf7e-ae7188b0849f,928e1185-3903-4639-bd6e-0fe5d4e1bd5e,73fdb59c-ac31-400e-bf53-3b4e19b20c10,,AST-IT-PC-00099,ITPC-305415,Asus,ExpertCenter D500,"{""cpu"": ""i7-10700"", ""ram_gb"": 32, ""storage_gb"": 512}",poor,retired,2020-11-27,21000.00,,unknown,[],2026-03-14 12:36:10.142818+00,Damaged beyond repair,2020-12-04 00:00:00+00,2026-09-21 12:36:10.142818+00,60694a33-64df-4703-bb1f-20bc3948e683,63cfd2c4-2600-45b5-8925-b1c9ff6c04ee
0f96dd5e-bc40-479b-a4a8-935f141761fe,928e1185-3903-4639-bd6e-0fe5d4e1bd5e,226f67de-eecb-4041-b2fd-00c436b1b82f,,AST-IT-PC-00240,ITPC-766333,HP,ProDesk 600 G6,"{""cpu"": ""i5-11400"", ""ram_gb"": 16, ""storage_gb"": 512}",poor,retired,2020-12-14,17000.00,,unknown,[],2026-07-23 12:36:10.142818+00,Damaged beyond repair,2020-12-21 00:00:00+00,2026-09-21 12:36:10.142818+00,60694a33-64df-4703-bb1f-20bc3948e683,63cfd2c4-2600-45b5-8925-b1c9ff6c04ee
eeb669d0-65f9-44b2-adbb-070e72c28d31,928e1185-3903-4639-bd6e-0fe5d4e1bd5e,d640dd11-70ae-4fdc-af12-97b61c1003e1,,AST-IT-PC-00049,ITPC-951584,Asus,ExpertCenter D500,"{""cpu"": ""i5-10500"", ""ram_gb"": 8, ""storage_gb"": 1024}",poor,retired,2021-03-14,21000.00,,unknown,[],2026-09-11 12:36:10.142818+00,Damaged beyond repair,2021-03-21 00:00:00+00,2026-09-21 12:36:10.142818+00,60694a33-64df-4703-bb1f-20bc3948e683,63cfd2c4-2600-45b5-8925-b1c9ff6c04ee
554d6041-1b26-429f-b36b-9976bf27eaa4,f01bbdb0-5e6b-46f9-bc6c-97ce11922f55,fd093c49-0da4-4fb9-b4ca-3354e21aeeed,,AST-FURN-CHAIR-00303,,Upper Office Works,Ergo-Basic,{},failed,retired,2021-04-03,1900.00,,unknown,[],2026-08-30 12:36:10.142818+00,Replaced under the renewal plan,2021-04-10 00:00:00+00,2026-09-21 12:36:10.142818+00,60694a33-64df-4703-bb1f-20bc3948e683,63cfd2c4-2600-45b5-8925-b1c9ff6c04ee
edbb1f34-97db-4120-88ea-23d452ef52c5,f4f70d56-e321-4804-9b2d-7bd5ea0e9255,b430dfa5-4f26-4ce2-bba1-b6ed3b2eefd4,,AST-LAB-OSC-00190,LABOSC-121829,LabLine,OSC-108,"{""channels"": 2, ""bandwidth_mhz"": 100}",failed,retired,2021-07-19,81000.00,,unknown,[],2026-06-12 12:36:10.142818+00,"Obsolete, no spare parts available",2021-07-26 00:00:00+00,2026-09-21 12:36:10.142818+00,60694a33-64df-4703-bb1f-20bc3948e683,63cfd2c4-2600-45b5-8925-b1c9ff6c04ee
ac6d9a84-04e2-4e0e-b855-6bcb57623c9c,f0a14b69-c0ce-4372-ae3d-ae946d801d82,5a904d7b-02c7-4a5f-8de4-8106644afe6f,,AST-LAB-3DP-00215,LAB3DP-296272,LabLine,FDM-202,"{""build_mm"": ""220x220x250"", ""filament"": ""PETG""}",poor,retired,2021-08-19,35400.00,,unknown,[],2026-01-11 12:36:10.142818+00,Damaged beyond repair,2021-08-26 00:00:00+00,2026-09-21 12:36:10.142818+00,60694a33-64df-4703-bb1f-20bc3948e683,63cfd2c4-2600-45b5-8925-b1c9ff6c04ee
ab65e716-a553-4163-8e14-81d2954dd14a,95ef5f39-7726-40fc-a96e-a70dc1197538,14b66bd0-87c7-4b31-b195-99a166e255b1,,AST-IT-MONITOR-00270,ITMONITOR-215078,LG,V25HD,"{""size_in"": 27, ""resolution"": ""1920x1080""}",poor,retired,2021-08-30,4220.00,,unknown,[],2026-09-08 12:36:10.142818+00,Replaced under the renewal plan,2021-09-06 00:00:00+00,2026-09-21 12:36:10.142818+00,60694a33-64df-4703-bb1f-20bc3948e683,63cfd2c4-2600-45b5-8925-b1c9ff6c04ee
bf853716-95ce-4780-b6f6-d421c3eb7e98,06e541d2-a9a0-47e4-96ff-9533e92db5b6,418ec156-f12e-4b21-8e3c-9546e326d2f3,,AST-FURN-CAB-00280,,Upper Office Works,Cabinet-2D,{},failed,retired,2021-09-06,2800.00,,unknown,[],2026-01-23 12:36:10.142818+00,"Obsolete, no spare parts available",2021-09-13 00:00:00+00,2026-09-21 12:36:10.142818+00,60694a33-64df-4703-bb1f-20bc3948e683,63cfd2c4-2600-45b5-8925-b1c9ff6c04ee
9442d853-d0d5-46d0-8059-54ef6893b55f,f4f70d56-e321-4804-9b2d-7bd5ea0e9255,14b66bd0-87c7-4b31-b195-99a166e255b1,,AST-LAB-OSC-00046,LABOSC-553960,LabLine,OSC-101,"{""channels"": 2, ""bandwidth_mhz"": 100}",poor,retired,2021-10-21,62000.00,,unknown,[],2026-01-10 12:36:10.142818+00,Beyond economic repair,2021-10-28 00:00:00+00,2026-09-21 12:36:10.142818+00,60694a33-64df-4703-bb1f-20bc3948e683,63cfd2c4-2600-45b5-8925-b1c9ff6c04ee
010c5824-b67f-49fd-b8d6-631b9108bc27,928e1185-3903-4639-bd6e-0fe5d4e1bd5e,5b86b773-2072-4cf6-ac59-aa6ed5c9e277,,AST-IT-PC-00149,ITPC-730422,Asus,ExpertCenter D500,"{""cpu"": ""i5-11400"", ""ram_gb"": 16, ""storage_gb"": 256}",poor,retired,2021-11-26,17800.00,,unknown,[],2026-09-02 12:36:10.142818+00,Beyond economic repair,2021-12-03 00:00:00+00,2026-09-21 12:36:10.142818+00,60694a33-64df-4703-bb1f-20bc3948e683,63cfd2c4-2600-45b5-8925-b1c9ff6c04ee
ae86aa6d-3e87-4a2a-81ed-6e34d4e56636,06e541d2-a9a0-47e4-96ff-9533e92db5b6,8090e173-233a-4c47-9778-d4fe6f272e43,,AST-FURN-CAB-00304,,Upper Office Works,Cabinet-4D,{},poor,retired,2021-12-26,3460.00,,unknown,[],2026-08-23 12:36:10.142818+00,Beyond economic repair,2022-01-02 00:00:00+00,2026-09-21 12:36:10.142818+00,60694a33-64df-4703-bb1f-20bc3948e683,63cfd2c4-2600-45b5-8925-b1c9ff6c04ee
425c02ac-fc8e-4acd-82fa-ec04c7d1efe7,d722453f-11da-442f-b41b-15b9deacbe80,42a0fa0c-5355-4ca9-b2c2-a1b6993ee48b,,AST-FURN-DESK-00252,,Upper Office Works,Desk-160cm,"{""material"": ""MDF"", ""width_cm"": 180}",poor,retired,2022-01-17,3860.00,,unknown,[],2026-05-25 12:36:10.142818+00,Beyond economic repair,2022-01-24 00:00:00+00,2026-09-21 12:36:10.142818+00,60694a33-64df-4703-bb1f-20bc3948e683,63cfd2c4-2600-45b5-8925-b1c9ff6c04ee
4c863df2-82ce-480f-817f-dc8d6a07af09,95ef5f39-7726-40fc-a96e-a70dc1197538,7d91cdbd-8e9f-4416-aff0-b59104bd3dee,,AST-IT-MONITOR-00055,ITMONITOR-936694,Samsung,V22HD,"{""size_in"": 24, ""resolution"": ""2560x1440""}",poor,retired,2022-06-05,5180.00,,unknown,[],2026-03-03 12:36:10.142818+00,"Obsolete, no spare parts available",2022-06-12 00:00:00+00,2026-09-21 12:36:10.142818+00,60694a33-64df-4703-bb1f-20bc3948e683,63cfd2c4-2600-45b5-8925-b1c9ff6c04ee
eb7f1eea-5650-44c2-8ffa-c20c9becfef2,928e1185-3903-4639-bd6e-0fe5d4e1bd5e,d640dd11-70ae-4fdc-af12-97b61c1003e1,176f3f16-3ab1-409e-8c10-9631bea0edcc,AST-IT-PC-00385,ITPC-600472,HP,ProDesk 600 G6,"{""cpu"": ""i5-11400"", ""ram_gb"": 32, ""storage_gb"": 512}",good,draft,2025-04-17,18600.00,,low,"[{""code"": ""no_maintenance_schedule"", ""detail"": ""asset has no active maintenance template"", ""weight"": 0.05}, {""code"": ""score"", ""detail"": ""baseline_rules v1.0.0, horizon 30 days"", ""weight"": 0.050}]",,,2025-04-24 00:00:00+00,2026-09-21 12:36:10.142818+00,60694a33-64df-4703-bb1f-20bc3948e683,
4f23bdf5-5666-4522-8c7b-e7d426485139,928e1185-3903-4639-bd6e-0fe5d4e1bd5e,01ff8df6-208a-40fd-bc27-a79a4733d467,1c4df881-cca6-49a3-9b2e-6a87a781ef63,AST-IT-PC-00026,ITPC-649466,Dell,OptiPlex 7090,"{""cpu"": ""i5-11400"", ""ram_gb"": 32, ""storage_gb"": 1024}",good,draft,2023-09-25,21000.00,,low,"[{""code"": ""no_maintenance_schedule"", ""detail"": ""asset has no active maintenance template"", ""weight"": 0.05}, {""code"": ""no_active_warranty"", ""detail"": ""no warranty currently covers this asset"", ""weight"": 0.05}, {""code"": ""score"", ""detail"": ""baseline_rules v1.0.0, horizon 30 days"", ""weight"": 0.100}]",,,2023-10-02 00:00:00+00,2026-09-21 12:36:10.142818+00,60694a33-64df-4703-bb1f-20bc3948e683,
add37b45-f343-40dc-b32d-301bb1f11b6a,95ef5f39-7726-40fc-a96e-a70dc1197538,67bdcd67-117b-453f-88c9-25b12a0565e7,1c4df881-cca6-49a3-9b2e-6a87a781ef63,AST-IT-MONITOR-00342,ITMONITOR-951735,ViewSonic,V22HD,"{""size_in"": 24, ""resolution"": ""2560x1440""}",poor,draft,2023-08-31,4220.00,,medium,"[{""code"": ""no_maintenance_schedule"", ""detail"": ""asset has no active maintenance template"", ""weight"": 0.05}, {""code"": ""condition_poor"", ""detail"": ""condition reported as poor"", ""weight"": 0.15}, {""code"": ""no_active_warranty"", ""detail"": ""no warranty currently covers this asset"", ""weight"": 0.05}, {""code"": ""score"", ""detail"": ""baseline_rules v1.0.0, horizon 30 days"", ""weight"": 0.250}]",,,2023-09-07 00:00:00+00,2026-09-21 12:36:10.142818+00,60694a33-64df-4703-bb1f-20bc3948e683,
18754f43-6a77-4e65-a133-23841c655bcb,6b10649a-5c67-48f5-b4b7-9040805a9348,a6ec99b6-0c5e-460f-9bcc-b385a07737c1,8703fd82-ea7e-461c-bacc-18cd5a7c3d3b,AST-IT-LAPTOP-00058,ITLAPTOP-972699,HP,ProBook 444,"{""cpu"": ""i7-1165G7"", ""ram_gb"": 8, ""screen_in"": 15}",new,draft,2020-04-12,28900.00,,medium,"[{""code"": ""age_near_or_past_useful_life"", ""detail"": ""161% of expected life consumed"", ""weight"": 0.30}, {""code"": ""no_maintenance_schedule"", ""detail"": ""asset has no active maintenance template"", ""weight"": 0.05}, {""code"": ""no_active_warranty"", ""detail"": ""no warranty currently covers this asset"", ""weight"": 0.05}, {""code"": ""score"", ""detail"": ""baseline_rules v1.0.0, horizon 30 days"", ""weight"": 0.400}]",,,2020-04-19 00:00:00+00,2026-09-21 12:36:10.142818+00,60694a33-64df-4703-bb1f-20bc3948e683,
371c8f5b-7f2c-4e30-8326-cf20be57901e,6b10649a-5c67-48f5-b4b7-9040805a9348,85499f3b-df0c-46e7-b412-0e86014d2d23,8703fd82-ea7e-461c-bacc-18cd5a7c3d3b,AST-IT-LAPTOP-00034,ITLAPTOP-197359,HP,ProBook 440,"{""cpu"": ""i7-1165G7"", ""ram_gb"": 16, ""screen_in"": 13}",poor,draft,2021-10-18,28900.00,,high,"[{""code"": ""age_near_or_past_useful_life"", ""detail"": ""123% of expected life consumed"", ""weight"": 0.30}, {""code"": ""no_maintenance_schedule"", ""detail"": ""asset has no active maintenance template"", ""weight"": 0.05}, {""code"": ""condition_poor"", ""detail"": ""condition reported as poor"", ""weight"": 0.15}, {""code"": ""no_active_warranty"", ""detail"": ""no warranty currently covers this asset"", ""weight"": 0.05}, {""code"": ""score"", ""detail"": ""baseline_rules v1.0.0, horizon 30 days"", ""weight"": 0.550}]",,,2021-10-25 00:00:00+00,2026-09-21 12:36:10.142818+00,60694a33-64df-4703-bb1f-20bc3948e683,
a40d399f-21db-4230-b466-1d994c0db768,d722453f-11da-442f-b41b-15b9deacbe80,42a0fa0c-5355-4ca9-b2c2-a1b6993ee48b,8703fd82-ea7e-461c-bacc-18cd5a7c3d3b,AST-FURN-DESK-00420,,Upper Office Works,Desk-160cm,"{""material"": ""steel_wood"", ""width_cm"": 160}",new,draft,2019-09-10,4380.00,,medium,"[{""code"": ""age_high"", ""detail"": ""70% of expected life consumed"", ""weight"": 0.15}, {""code"": ""no_maintenance_schedule"", ""detail"": ""asset has no active maintenance template"", ""weight"": 0.05}, {""code"": ""no_active_warranty"", ""detail"": ""no warranty currently covers this asset"", ""weight"": 0.05}, {""code"": ""score"", ""detail"": ""baseline_rules v1.0.0, horizon 30 days"", ""weight"": 0.250}]",,,2019-09-17 00:00:00+00,2026-09-21 12:36:10.142818+00,60694a33-64df-4703-bb1f-20bc3948e683,
33dfb0fb-19ec-4b7f-b464-f3f9812b39b7,d722453f-11da-442f-b41b-15b9deacbe80,1396d3ba-cbf5-462b-9ba0-f055e43663f9,176f3f16-3ab1-409e-8c10-9631bea0edcc,AST-FURN-DESK-00349,,Upper Office Works,Desk-160cm,"{""material"": ""MDF"", ""width_cm"": 180}",new,draft,2021-05-10,4380.00,,low,"[{""code"": ""no_maintenance_schedule"", ""detail"": ""asset has no active maintenance template"", ""weight"": 0.05}, {""code"": ""no_active_warranty"", ""detail"": ""no warranty currently covers this asset"", ""weight"": 0.05}, {""code"": ""score"", ""detail"": ""baseline_rules v1.0.0, horizon 30 days"", ""weight"": 0.100}]",,,2021-05-17 00:00:00+00,2026-09-21 12:36:10.142818+00,60694a33-64df-4703-bb1f-20bc3948e683,
31631b15-6a13-4bba-9b7c-f6f2c3677ffc,d722453f-11da-442f-b41b-15b9deacbe80,a794d2a5-d422-4ca5-97b2-a4c30210ff52,176f3f16-3ab1-409e-8c10-9631bea0edcc,AST-FURN-DESK-00085,,Upper Office Works,Desk-160cm,"{""material"": ""steel_wood"", ""width_cm"": 140}",good,draft,2020-04-12,4120.00,,low,"[{""code"": ""no_maintenance_schedule"", ""detail"": ""asset has no active maintenance template"", ""weight"": 0.05}, {""code"": ""no_active_warranty"", ""detail"": ""no warranty currently covers this asset"", ""weight"": 0.05}, {""code"": ""score"", ""detail"": ""baseline_rules v1.0.0, horizon 30 days"", ""weight"": 0.100}]",,,2020-04-19 00:00:00+00,2026-09-21 12:36:10.142818+00,60694a33-64df-4703-bb1f-20bc3948e683,
b58f9d6d-c8c9-4699-bd97-a3c94ff9c340,f01bbdb0-5e6b-46f9-bc6c-97ce11922f55,67bdcd67-117b-453f-88c9-25b12a0565e7,1c4df881-cca6-49a3-9b2e-6a87a781ef63,AST-FURN-CHAIR-00398,,Upper Office Works,Ergo-Basic,{},new,active,2021-01-16,2660.00,,medium,"[{""code"": ""age_high"", ""detail"": ""81% of expected life consumed"", ""weight"": 0.15}, {""code"": ""no_maintenance_schedule"", ""detail"": ""asset has no active maintenance template"", ""weight"": 0.05}, {""code"": ""no_active_warranty"", ""detail"": ""no warranty currently covers this asset"", ""weight"": 0.05}, {""code"": ""score"", ""detail"": ""baseline_rules v1.0.0, horizon 30 days"", ""weight"": 0.250}]",,,2021-01-23 00:00:00+00,2026-09-21 12:36:10.142818+00,60694a33-64df-4703-bb1f-20bc3948e683,
049ab4bb-2152-4230-9491-51e3308b7789,f01bbdb0-5e6b-46f9-bc6c-97ce11922f55,4f677013-b830-462d-a160-59ec1cdb41ec,8703fd82-ea7e-461c-bacc-18cd5a7c3d3b,AST-FURN-CHAIR-00374,,Upper Office Works,Ergo-Pro,{},good,active,2025-06-23,2660.00,,low,"[{""code"": ""no_maintenance_schedule"", ""detail"": ""asset has no active maintenance template"", ""weight"": 0.05}, {""code"": ""no_active_warranty"", ""detail"": ""no warranty currently covers this asset"", ""weight"": 0.05}, {""code"": ""score"", ""detail"": ""baseline_rules v1.0.0, horizon 30 days"", ""weight"": 0.100}]",,,2025-06-30 00:00:00+00,2026-09-21 12:36:10.142818+00,60694a33-64df-4703-bb1f-20bc3948e683,
b90086d0-96ee-46ff-ad7c-1ede87627019,f01bbdb0-5e6b-46f9-bc6c-97ce11922f55,0a9ffe3b-a3e2-439e-a1a8-f299379438e2,6ff17eb7-5c04-40ff-83f8-043b4cb1c45c,AST-FURN-CHAIR-00350,,Upper Office Works,Ergo-Basic,{},fair,active,2022-04-30,2090.00,,medium,"[{""code"": ""no_maintenance_schedule"", ""detail"": ""asset has no active maintenance template"", ""weight"": 0.05}, {""code"": ""repair_cost_ratio_high"", ""detail"": ""12-month repair cost exceeds 40% of purchase cost"", ""weight"": 0.10}, {""code"": ""no_active_warranty"", ""detail"": ""no warranty currently covers this asset"", ""weight"": 0.05}, {""code"": ""score"", ""detail"": ""baseline_rules v1.0.0, horizon 30 days"", ""weight"": 0.200}]",,,2022-05-07 00:00:00+00,2026-09-21 12:36:10.142818+00,60694a33-64df-4703-bb1f-20bc3948e683,
e264899e-2ce6-4724-b7f9-4e422aa2af92,f01bbdb0-5e6b-46f9-bc6c-97ce11922f55,14b66bd0-87c7-4b31-b195-99a166e255b1,1c4df881-cca6-49a3-9b2e-6a87a781ef63,AST-FURN-CHAIR-00326,,Upper Office Works,Ergo-Basic,{},fair,active,2020-05-09,2280.00,,high,"[{""code"": ""age_near_or_past_useful_life"", ""detail"": ""91% of expected life consumed"", ""weight"": 0.30}, {""code"": ""no_maintenance_schedule"", ""detail"": ""asset has no active maintenance template"", ""weight"": 0.05}, {""code"": ""high_downtime"", ""detail"": ""30 hours of downtime in 12 months"", ""weight"": 0.10}, {""code"": ""no_active_warranty"", ""detail"": ""no warranty currently covers this asset"", ""weight"": 0.05}, {""code"": ""score"", ""detail"": ""baseline_rules v1.0.0, horizon 30 days"", ""weight"": 0.500}]",,,2020-05-16 00:00:00+00,2026-09-21 12:36:10.142818+00,60694a33-64df-4703-bb1f-20bc3948e683,
54a6b2f8-ebff-4c03-b23e-4dde9713c835,f01bbdb0-5e6b-46f9-bc6c-97ce11922f55,b430dfa5-4f26-4ce2-bba1-b6ed3b2eefd4,1c4df881-cca6-49a3-9b2e-6a87a781ef63,AST-FURN-CHAIR-00302,,Upper Office Works,Ergo-Pro,{},poor,active,2025-11-09,2280.00,,medium,"[{""code"": ""no_maintenance_schedule"", ""detail"": ""asset has no active maintenance template"", ""weight"": 0.05}, {""code"": ""condition_poor"", ""detail"": ""condition reported as poor"", ""weight"": 0.15}, {""code"": ""score"", ""detail"": ""baseline_rules v1.0.0, horizon 30 days"", ""weight"": 0.200}]",,,2025-11-16 00:00:00+00,2026-09-21 12:36:10.142818+00,60694a33-64df-4703-bb1f-20bc3948e683,
88a998f2-c22f-4362-9c85-3a5f273982d1,f01bbdb0-5e6b-46f9-bc6c-97ce11922f55,4c2ec75b-86b2-44fa-94e9-0ac0abe593cc,8703fd82-ea7e-461c-bacc-18cd5a7c3d3b,AST-FURN-CHAIR-00278,,Upper Office Works,Ergo-Basic,{},fair,active,2023-03-10,1900.00,,low,"[{""code"": ""no_maintenance_schedule"", ""detail"": ""asset has no active maintenance template"", ""weight"": 0.05}, {""code"": ""no_active_warranty"", ""detail"": ""no warranty currently covers this asset"", ""weight"": 0.05}, {""code"": ""score"", ""detail"": ""baseline_rules v1.0.0, horizon 30 days"", ""weight"": 0.100}]",,,2023-03-17 00:00:00+00,2026-09-21 12:36:10.142818+00,60694a33-64df-4703-bb1f-20bc3948e683,
990ecb0c-2eaa-4c55-9c68-1e42588d4bf3,f01bbdb0-5e6b-46f9-bc6c-97ce11922f55,4f677013-b830-462d-a160-59ec1cdb41ec,8703fd82-ea7e-461c-bacc-18cd5a7c3d3b,AST-FURN-CHAIR-00206,,Upper Office Works,Ergo-Basic,{},good,active,2024-05-27,2470.00,,low,"[{""code"": ""no_maintenance_schedule"", ""detail"": ""asset has no active maintenance template"", ""weight"": 0.05}, {""code"": ""no_active_warranty"", ""detail"": ""no warranty currently covers this asset"", ""weight"": 0.05}, {""code"": ""score"", ""detail"": ""baseline_rules v1.0.0, horizon 30 days"", ""weight"": 0.100}]",,,2024-06-03 00:00:00+00,2026-09-21 12:36:10.142818+00,60694a33-64df-4703-bb1f-20bc3948e683,
043037c7-6faf-451a-ab41-2e2a417de211,f01bbdb0-5e6b-46f9-bc6c-97ce11922f55,0a9ffe3b-a3e2-439e-a1a8-f299379438e2,6ff17eb7-5c04-40ff-83f8-043b4cb1c45c,AST-FURN-CHAIR-00182,,Upper Office Works,Ergo-Pro,{},good,active,2024-08-05,2470.00,,low,"[{""code"": ""no_maintenance_schedule"", ""detail"": ""asset has no active maintenance template"", ""weight"": 0.05}, {""code"": ""no_active_warranty"", ""detail"": ""no warranty currently covers this asset"", ""weight"": 0.05}, {""code"": ""score"", ""detail"": ""baseline_rules v1.0.0, horizon 30 days"", ""weight"": 0.100}]",,,2024-08-12 00:00:00+00,2026-09-21 12:36:10.142818+00,60694a33-64df-4703-bb1f-20bc3948e683,
005c93a5-5ee4-4b23-80d6-8f3ff2953ac3,f01bbdb0-5e6b-46f9-bc6c-97ce11922f55,14b66bd0-87c7-4b31-b195-99a166e255b1,1c4df881-cca6-49a3-9b2e-6a87a781ef63,AST-FURN-CHAIR-00158,,Upper Office Works,Ergo-Plus,{},fair,active,2024-04-13,2280.00,,low,"[{""code"": ""no_maintenance_schedule"", ""detail"": ""asset has no active maintenance template"", ""weight"": 0.05}, {""code"": ""no_active_warranty"", ""detail"": ""no warranty currently covers this asset"", ""weight"": 0.05}, {""code"": ""score"", ""detail"": ""baseline_rules v1.0.0, horizon 30 days"", ""weight"": 0.100}]",,,2024-04-20 00:00:00+00,2026-09-21 12:36:10.142818+00,60694a33-64df-4703-bb1f-20bc3948e683,
ade793c8-ae98-4dde-aa2a-c7483decef92,f01bbdb0-5e6b-46f9-bc6c-97ce11922f55,b430dfa5-4f26-4ce2-bba1-b6ed3b2eefd4,1c4df881-cca6-49a3-9b2e-6a87a781ef63,AST-FURN-CHAIR-00134,,Upper Office Works,Ergo-Basic,{},poor,active,2023-11-19,2090.00,,critical,"[{""code"": ""no_maintenance_schedule"", ""detail"": ""asset has no active maintenance template"", ""weight"": 0.05}, {""code"": ""repeated_failures"", ""detail"": ""3 corrective jobs in 12 months"", ""weight"": 0.25}, {""code"": ""high_downtime"", ""detail"": ""85 hours of downtime in 12 months"", ""weight"": 0.10}, {""code"": ""repair_cost_ratio_high"", ""detail"": ""12-month repair cost exceeds 40% of purchase cost"", ""weight"": 0.10}, {""code"": ""condition_poor"", ""detail"": ""condition reported as poor"", ""weight"": 0.15}, {""code"": ""no_active_warranty"", ""detail"": ""no warranty currently covers this asset"", ""weight"": 0.05}, {""code"": ""score"", ""detail"": ""baseline_rules v1.0.0, horizon 30 days"", ""weight"": 0.700}]",,,2023-11-26 00:00:00+00,2026-09-21 12:36:10.142818+00,60694a33-64df-4703-bb1f-20bc3948e683,
5c97057c-9c92-49e2-906b-2354afdd7506,f01bbdb0-5e6b-46f9-bc6c-97ce11922f55,023a8b57-58c8-49be-b50f-d5bf95d912a1,6ff17eb7-5c04-40ff-83f8-043b4cb1c45c,AST-FURN-CHAIR-00086,,Upper Office Works,Ergo-Pro,{},new,active,2023-03-02,2660.00,,low,"[{""code"": ""no_maintenance_schedule"", ""detail"": ""asset has no active maintenance template"", ""weight"": 0.05}, {""code"": ""no_active_warranty"", ""detail"": ""no warranty currently covers this asset"", ""weight"": 0.05}, {""code"": ""score"", ""detail"": ""baseline_rules v1.0.0, horizon 30 days"", ""weight"": 0.100}]",,,2023-03-09 00:00:00+00,2026-09-21 12:36:10.142818+00,60694a33-64df-4703-bb1f-20bc3948e683,
c3f7f812-f3ff-45bd-9cec-5dac220c6e52,f01bbdb0-5e6b-46f9-bc6c-97ce11922f55,67bdcd67-117b-453f-88c9-25b12a0565e7,1c4df881-cca6-49a3-9b2e-6a87a781ef63,AST-FURN-CHAIR-00062,,Upper Office Works,Ergo-Plus,{},fair,active,2022-12-09,1900.00,,low,"[{""code"": ""no_maintenance_schedule"", ""detail"": ""asset has no active maintenance template"", ""weight"": 0.05}, {""code"": ""no_active_warranty"", ""detail"": ""no warranty currently covers this asset"", ""weight"": 0.05}, {""code"": ""score"", ""detail"": ""baseline_rules v1.0.0, horizon 30 days"", ""weight"": 0.100}]",,,2022-12-16 00:00:00+00,2026-09-21 12:36:10.142818+00,60694a33-64df-4703-bb1f-20bc3948e683,
d63c515a-26b3-4b01-aa87-def4c27b824b,f01bbdb0-5e6b-46f9-bc6c-97ce11922f55,4f677013-b830-462d-a160-59ec1cdb41ec,8703fd82-ea7e-461c-bacc-18cd5a7c3d3b,AST-FURN-CHAIR-00038,,Upper Office Works,Ergo-Plus,{},fair,active,2022-08-04,1900.00,,low,"[{""code"": ""no_maintenance_schedule"", ""detail"": ""asset has no active maintenance template"", ""weight"": 0.05}, {""code"": ""no_active_warranty"", ""detail"": ""no warranty currently covers this asset"", ""weight"": 0.05}, {""code"": ""score"", ""detail"": ""baseline_rules v1.0.0, horizon 30 days"", ""weight"": 0.100}]",,,2022-08-11 00:00:00+00,2026-09-21 12:36:10.142818+00,60694a33-64df-4703-bb1f-20bc3948e683,
dddd16cc-3436-4cfd-9091-27bdf56b6ea7,f01bbdb0-5e6b-46f9-bc6c-97ce11922f55,0a9ffe3b-a3e2-439e-a1a8-f299379438e2,6ff17eb7-5c04-40ff-83f8-043b4cb1c45c,AST-FURN-CHAIR-00014,,Upper Office Works,Ergo-Plus,{},good,draft,2023-12-02,2660.00,,low,"[{""code"": ""no_maintenance_schedule"", ""detail"": ""asset has no active maintenance template"", ""weight"": 0.05}, {""code"": ""no_active_warranty"", ""detail"": ""no warranty currently covers this asset"", ""weight"": 0.05}, {""code"": ""score"", ""detail"": ""baseline_rules v1.0.0, horizon 30 days"", ""weight"": 0.100}]",,,2023-12-09 00:00:00+00,2026-09-21 12:36:10.142818+00,60694a33-64df-4703-bb1f-20bc3948e683,
7ba84913-dcd6-4c6f-a407-7cb6559ce9dc,f01bbdb0-5e6b-46f9-bc6c-97ce11922f55,c3046ac9-0b25-4639-993e-d7963242f60a,176f3f16-3ab1-409e-8c10-9631bea0edcc,AST-FURN-CHAIR-00399,,Upper Office Works,Ergo-Pro,{},new,active,2026-02-27,2090.00,,low,"[{""code"": ""no_maintenance_schedule"", ""detail"": ""asset has no active maintenance template"", ""weight"": 0.05}, {""code"": ""score"", ""detail"": ""baseline_rules v1.0.0, horizon 30 days"", ""weight"": 0.050}]",,,2026-03-06 00:00:00+00,2026-09-21 12:36:10.142818+00,60694a33-64df-4703-bb1f-20bc3948e683,
1386d106-9599-41a3-8fd3-f1a9d91c3d04,f01bbdb0-5e6b-46f9-bc6c-97ce11922f55,e514cc00-3301-4d64-af38-4cd4294f1363,176f3f16-3ab1-409e-8c10-9631bea0edcc,AST-FURN-CHAIR-00375,,Upper Office Works,Ergo-Pro,{},good,active,2023-11-25,1900.00,,low,"[{""code"": ""no_maintenance_schedule"", ""detail"": ""asset has no active maintenance template"", ""weight"": 0.05}, {""code"": ""no_active_warranty"", ""detail"": ""no warranty currently covers this asset"", ""weight"": 0.05}, {""code"": ""score"", ""detail"": ""baseline_rules v1.0.0, horizon 30 days"", ""weight"": 0.100}]",,,2023-12-02 00:00:00+00,2026-09-21 12:36:10.142818+00,60694a33-64df-4703-bb1f-20bc3948e683,
c9963b25-763f-4f60-aaf5-f07f16561a8d,f01bbdb0-5e6b-46f9-bc6c-97ce11922f55,b9ee01aa-284d-41fc-92e0-1e2c29704a3b,750c04a5-63c4-42c6-a7c4-b3aa1de4eebf,AST-FURN-CHAIR-00351,,Upper Office Works,Ergo-Basic,{},good,active,2024-01-05,2470.00,,low,"[{""code"": ""no_maintenance_schedule"", ""detail"": ""asset has no active maintenance template"", ""weight"": 0.05}, {""code"": ""no_active_warranty"", ""detail"": ""no warranty currently covers this asset"", ""weight"": 0.05}, {""code"": ""score"", ""detail"": ""baseline_rules v1.0.0, horizon 30 days"", ""weight"": 0.100}]",,,2024-01-12 00:00:00+00,2026-09-21 12:36:10.142818+00,60694a33-64df-4703-bb1f-20bc3948e683,
7a9ad579-f1a4-4724-b29d-55a2939ae3ee,f01bbdb0-5e6b-46f9-bc6c-97ce11922f55,5a904d7b-02c7-4a5f-8de4-8106644afe6f,05d038a0-b4a2-40fb-9ac6-eecfcf9cda47,AST-FURN-CHAIR-00327,,Upper Office Works,Ergo-Plus,{},good,active,2020-11-07,2090.00,,medium,"[{""code"": ""age_high"", ""detail"": ""84% of expected life consumed"", ""weight"": 0.15}, {""code"": ""no_maintenance_schedule"", ""detail"": ""asset has no active maintenance template"", ""weight"": 0.05}, {""code"": ""no_active_warranty"", ""detail"": ""no warranty currently covers this asset"", ""weight"": 0.05}, {""code"": ""score"", ""detail"": ""baseline_rules v1.0.0, horizon 30 days"", ""weight"": 0.250}]",,,2020-11-14 00:00:00+00,2026-09-21 12:36:10.142818+00,60694a33-64df-4703-bb1f-20bc3948e683,
b98c8732-94a6-4e53-a0c3-7c4cdf9d7ee9,f01bbdb0-5e6b-46f9-bc6c-97ce11922f55,7d91cdbd-8e9f-4416-aff0-b59104bd3dee,750c04a5-63c4-42c6-a7c4-b3aa1de4eebf,AST-FURN-CHAIR-00279,,Upper Office Works,Ergo-Basic,{},good,active,2022-04-26,1900.00,,low,"[{""code"": ""no_maintenance_schedule"", ""detail"": ""asset has no active maintenance template"", ""weight"": 0.05}, {""code"": ""no_active_warranty"", ""detail"": ""no warranty currently covers this asset"", ""weight"": 0.05}, {""code"": ""score"", ""detail"": ""baseline_rules v1.0.0, horizon 30 days"", ""weight"": 0.100}]",,,2022-05-03 00:00:00+00,2026-09-21 12:36:10.142818+00,60694a33-64df-4703-bb1f-20bc3948e683,
33fc2fe4-da87-4c37-9ecc-f794202e588c,f01bbdb0-5e6b-46f9-bc6c-97ce11922f55,c3046ac9-0b25-4639-993e-d7963242f60a,176f3f16-3ab1-409e-8c10-9631bea0edcc,AST-FURN-CHAIR-00231,,Upper Office Works,Ergo-Pro,{},good,active,2023-02-07,2470.00,,low,"[{""code"": ""no_maintenance_schedule"", ""detail"": ""asset has no active maintenance template"", ""weight"": 0.05}, {""code"": ""no_active_warranty"", ""detail"": ""no warranty currently covers this asset"", ""weight"": 0.05}, {""code"": ""score"", ""detail"": ""baseline_rules v1.0.0, horizon 30 days"", ""weight"": 0.100}]",,,2023-02-14 00:00:00+00,2026-09-21 12:36:10.142818+00,60694a33-64df-4703-bb1f-20bc3948e683,
758966bb-b2e9-424e-ab0b-e43c40d38a27,928e1185-3903-4639-bd6e-0fe5d4e1bd5e,32c3a1d1-37ba-4b9c-9c41-80de762168b5,6ff17eb7-5c04-40ff-83f8-043b4cb1c45c,AST-IT-PC-00050,ITPC-241393,HP,ProDesk 600 G6,"{""cpu"": ""i7-10700"", ""ram_gb"": 32, ""storage_gb"": 256}",good,active,2024-09-06,17000.00,2026-09-26 00:00:00+00,low,"[{""code"": ""maintenance_due_within_horizon"", ""detail"": ""4 days to next service"", ""weight"": 0.15}, {""code"": ""score"", ""detail"": ""baseline_rules v1.0.0, horizon 30 days"", ""weight"": 0.150}]",,,2024-09-13 00:00:00+00,2026-09-21 12:36:10.142818+00,60694a33-64df-4703-bb1f-20bc3948e683,
49bf0f85-0e34-42e9-9b20-de4087bc25a3,f01bbdb0-5e6b-46f9-bc6c-97ce11922f55,e514cc00-3301-4d64-af38-4cd4294f1363,176f3f16-3ab1-409e-8c10-9631bea0edcc,AST-FURN-CHAIR-00207,,Upper Office Works,Ergo-Pro,{},failed,active,2025-07-04,2470.00,,high,"[{""code"": ""no_maintenance_schedule"", ""detail"": ""asset has no active maintenance template"", ""weight"": 0.05}, {""code"": ""high_downtime"", ""detail"": ""22 hours of downtime in 12 months"", ""weight"": 0.10}, {""code"": ""condition_failed"", ""detail"": ""condition reported as failed"", ""weight"": 0.30}, {""code"": ""score"", ""detail"": ""baseline_rules v1.0.0, horizon 30 days"", ""weight"": 0.450}]",,,2025-07-11 00:00:00+00,2026-09-21 12:36:10.142818+00,60694a33-64df-4703-bb1f-20bc3948e683,
80d44a66-fecf-48d7-ae90-6be07f028ca1,f01bbdb0-5e6b-46f9-bc6c-97ce11922f55,b9ee01aa-284d-41fc-92e0-1e2c29704a3b,750c04a5-63c4-42c6-a7c4-b3aa1de4eebf,AST-FURN-CHAIR-00183,,Upper Office Works,Ergo-Pro,{},new,active,2023-12-20,2280.00,,low,"[{""code"": ""no_maintenance_schedule"", ""detail"": ""asset has no active maintenance template"", ""weight"": 0.05}, {""code"": ""score"", ""detail"": ""baseline_rules v1.0.0, horizon 30 days"", ""weight"": 0.050}]",,,2023-12-27 00:00:00+00,2026-09-21 12:36:10.142818+00,60694a33-64df-4703-bb1f-20bc3948e683,
69f502b1-eece-47ec-9ee0-518fe3c0eebc,f01bbdb0-5e6b-46f9-bc6c-97ce11922f55,5a904d7b-02c7-4a5f-8de4-8106644afe6f,05d038a0-b4a2-40fb-9ac6-eecfcf9cda47,AST-FURN-CHAIR-00159,,Upper Office Works,Ergo-Basic,{},fair,active,2023-06-25,2280.00,,low,"[{""code"": ""no_maintenance_schedule"", ""detail"": ""asset has no active maintenance template"", ""weight"": 0.05}, {""code"": ""no_active_warranty"", ""detail"": ""no warranty currently covers this asset"", ""weight"": 0.05}, {""code"": ""score"", ""detail"": ""baseline_rules v1.0.0, horizon 30 days"", ""weight"": 0.100}]",,,2023-07-02 00:00:00+00,2026-09-21 12:36:10.142818+00,60694a33-64df-4703-bb1f-20bc3948e683,
70d5fcf0-e289-4971-be31-b8f2b2de3615,f01bbdb0-5e6b-46f9-bc6c-97ce11922f55,7d91cdbd-8e9f-4416-aff0-b59104bd3dee,750c04a5-63c4-42c6-a7c4-b3aa1de4eebf,AST-FURN-CHAIR-00111,,Upper Office Works,Ergo-Plus,{},good,active,2024-09-28,2470.00,,low,"[{""code"": ""no_maintenance_schedule"", ""detail"": ""asset has no active maintenance template"", ""weight"": 0.05}, {""code"": ""no_active_warranty"", ""detail"": ""no warranty currently covers this asset"", ""weight"": 0.05}, {""code"": ""score"", ""detail"": ""baseline_rules v1.0.0, horizon 30 days"", ""weight"": 0.100}]",,,2024-10-05 00:00:00+00,2026-09-21 12:36:10.142818+00,60694a33-64df-4703-bb1f-20bc3948e683,
48ad148e-78a6-4700-a3f7-ef329523d118,f01bbdb0-5e6b-46f9-bc6c-97ce11922f55,1234f84e-b9c0-4ae7-a4a5-d80ccaff9edd,05d038a0-b4a2-40fb-9ac6-eecfcf9cda47,AST-FURN-CHAIR-00087,,Upper Office Works,Ergo-Plus,{},new,active,2023-10-26,2660.00,,low,"[{""code"": ""no_maintenance_schedule"", ""detail"": ""asset has no active maintenance template"", ""weight"": 0.05}, {""code"": ""no_active_warranty"", ""detail"": ""no warranty currently covers this asset"", ""weight"": 0.05}, {""code"": ""score"", ""detail"": ""baseline_rules v1.0.0, horizon 30 days"", ""weight"": 0.100}]",,,2023-11-02 00:00:00+00,2026-09-21 12:36:10.142818+00,60694a33-64df-4703-bb1f-20bc3948e683,
ee322d04-238c-4708-aa1b-29cbc0e95468,f01bbdb0-5e6b-46f9-bc6c-97ce11922f55,c3046ac9-0b25-4639-993e-d7963242f60a,176f3f16-3ab1-409e-8c10-9631bea0edcc,AST-FURN-CHAIR-00063,,Upper Office Works,Ergo-Pro,{},good,active,2021-02-09,2280.00,,medium,"[{""code"": ""age_high"", ""detail"": ""80% of expected life consumed"", ""weight"": 0.15}, {""code"": ""no_maintenance_schedule"", ""detail"": ""asset has no active maintenance template"", ""weight"": 0.05}, {""code"": ""no_active_warranty"", ""detail"": ""no warranty currently covers this asset"", ""weight"": 0.05}, {""code"": ""score"", ""detail"": ""baseline_rules v1.0.0, horizon 30 days"", ""weight"": 0.250}]",,,2021-02-16 00:00:00+00,2026-09-21 12:36:10.142818+00,60694a33-64df-4703-bb1f-20bc3948e683,
8c8afd0c-eb92-4fae-883e-a1e74b5c8fa7,f01bbdb0-5e6b-46f9-bc6c-97ce11922f55,e514cc00-3301-4d64-af38-4cd4294f1363,176f3f16-3ab1-409e-8c10-9631bea0edcc,AST-FURN-CHAIR-00039,,Upper Office Works,Ergo-Basic,{},good,active,2021-12-04,2090.00,,medium,"[{""code"": ""no_maintenance_schedule"", ""detail"": ""asset has no active maintenance template"", ""weight"": 0.05}, {""code"": ""high_downtime"", ""detail"": ""27 hours of downtime in 12 months"", ""weight"": 0.10}, {""code"": ""repair_cost_ratio_high"", ""detail"": ""12-month repair cost exceeds 40% of purchase cost"", ""weight"": 0.10}, {""code"": ""no_active_warranty"", ""detail"": ""no warranty currently covers this asset"", ""weight"": 0.05}, {""code"": ""score"", ""detail"": ""baseline_rules v1.0.0, horizon 30 days"", ""weight"": 0.300}]",,,2021-12-11 00:00:00+00,2026-09-21 12:36:10.142818+00,60694a33-64df-4703-bb1f-20bc3948e683,
05eb72ca-3e8d-4948-9a47-910a57414fd4,f01bbdb0-5e6b-46f9-bc6c-97ce11922f55,b9ee01aa-284d-41fc-92e0-1e2c29704a3b,750c04a5-63c4-42c6-a7c4-b3aa1de4eebf,AST-FURN-CHAIR-00015,,Upper Office Works,Ergo-Basic,{},good,active,2024-10-11,2280.00,,medium,"[{""code"": ""no_maintenance_schedule"", ""detail"": ""asset has no active maintenance template"", ""weight"": 0.05}, {""code"": ""high_downtime"", ""detail"": ""22 hours of downtime in 12 months"", ""weight"": 0.10}, {""code"": ""repair_cost_ratio_high"", ""detail"": ""12-month repair cost exceeds 40% of purchase cost"", ""weight"": 0.10}, {""code"": ""warranty_expiring"", ""detail"": ""20 days of warranty cover left"", ""weight"": 0.05}, {""code"": ""score"", ""detail"": ""baseline_rules v1.0.0, horizon 30 days"", ""weight"": 0.300}]",,,2024-10-18 00:00:00+00,2026-09-21 12:36:10.142818+00,60694a33-64df-4703-bb1f-20bc3948e683,
64f4347e-6b2e-4d45-9a0e-c53187592a66,06e541d2-a9a0-47e4-96ff-9533e92db5b6,b685a49b-8c4c-437f-9738-80d6a2ab8af5,8703fd82-ea7e-461c-bacc-18cd5a7c3d3b,AST-FURN-CAB-00400,,Upper Office Works,Cabinet-4D,{},good,active,2024-11-09,3020.00,,low,"[{""code"": ""no_maintenance_schedule"", ""detail"": ""asset has no active maintenance template"", ""weight"": 0.05}, {""code"": ""score"", ""detail"": ""baseline_rules v1.0.0, horizon 30 days"", ""weight"": 0.050}]",,,2024-11-16 00:00:00+00,2026-09-21 12:36:10.142818+00,60694a33-64df-4703-bb1f-20bc3948e683,
ef971187-e6e5-4001-9043-fa9e89232dc7,06e541d2-a9a0-47e4-96ff-9533e92db5b6,ab9714cb-122f-4204-a820-6d7257a3057c,6ff17eb7-5c04-40ff-83f8-043b4cb1c45c,AST-FURN-CAB-00376,,Upper Office Works,Cabinet-4D,{},new,active,2023-10-05,3020.00,,low,"[{""code"": ""no_maintenance_schedule"", ""detail"": ""asset has no active maintenance template"", ""weight"": 0.05}, {""code"": ""no_active_warranty"", ""detail"": ""no warranty currently covers this asset"", ""weight"": 0.05}, {""code"": ""score"", ""detail"": ""baseline_rules v1.0.0, horizon 30 days"", ""weight"": 0.100}]",,,2023-10-12 00:00:00+00,2026-09-21 12:36:10.142818+00,60694a33-64df-4703-bb1f-20bc3948e683,
2d401ac0-5992-479d-9c3a-c636fe03fce3,06e541d2-a9a0-47e4-96ff-9533e92db5b6,226f67de-eecb-4041-b2fd-00c436b1b82f,1c4df881-cca6-49a3-9b2e-6a87a781ef63,AST-FURN-CAB-00352,,Upper Office Works,Cabinet-4D,{},fair,active,2022-12-29,3020.00,,low,"[{""code"": ""no_maintenance_schedule"", ""detail"": ""asset has no active maintenance template"", ""weight"": 0.05}, {""code"": ""no_active_warranty"", ""detail"": ""no warranty currently covers this asset"", ""weight"": 0.05}, {""code"": ""score"", ""detail"": ""baseline_rules v1.0.0, horizon 30 days"", ""weight"": 0.100}]",,,2023-01-05 00:00:00+00,2026-09-21 12:36:10.142818+00,60694a33-64df-4703-bb1f-20bc3948e683,
e39eb721-001d-47b0-88db-d7bf863f4a60,06e541d2-a9a0-47e4-96ff-9533e92db5b6,0ea1b587-0390-4fcf-a4cd-e82e2caef624,8703fd82-ea7e-461c-bacc-18cd5a7c3d3b,AST-FURN-CAB-00328,,Upper Office Works,Cabinet-3D,{},good,active,2023-07-01,3460.00,,low,"[{""code"": ""no_maintenance_schedule"", ""detail"": ""asset has no active maintenance template"", ""weight"": 0.05}, {""code"": ""no_active_warranty"", ""detail"": ""no warranty currently covers this asset"", ""weight"": 0.05}, {""code"": ""score"", ""detail"": ""baseline_rules v1.0.0, horizon 30 days"", ""weight"": 0.100}]",,,2023-07-08 00:00:00+00,2026-09-21 12:36:10.142818+00,60694a33-64df-4703-bb1f-20bc3948e683,
504b4141-93a8-40d7-babe-9448078a5566,06e541d2-a9a0-47e4-96ff-9533e92db5b6,b685a49b-8c4c-437f-9738-80d6a2ab8af5,8703fd82-ea7e-461c-bacc-18cd5a7c3d3b,AST-FURN-CAB-00232,,Upper Office Works,Cabinet-4D,{},good,draft,2022-02-23,2800.00,,low,"[{""code"": ""no_maintenance_schedule"", ""detail"": ""asset has no active maintenance template"", ""weight"": 0.05}, {""code"": ""no_active_warranty"", ""detail"": ""no warranty currently covers this asset"", ""weight"": 0.05}, {""code"": ""score"", ""detail"": ""baseline_rules v1.0.0, horizon 30 days"", ""weight"": 0.100}]",,,2022-03-02 00:00:00+00,2026-09-21 12:36:10.142818+00,60694a33-64df-4703-bb1f-20bc3948e683,
bc8a22a4-ebab-4318-a51c-5bb3bfc8c14d,928e1185-3903-4639-bd6e-0fe5d4e1bd5e,ad7545d1-5dd0-4c6a-9a2b-f8865e75563f,05d038a0-b4a2-40fb-9ac6-eecfcf9cda47,AST-IT-PC-00413,ITPC-721737,Acer,Veriton X2680,"{""cpu"": ""i7-10700"", ""ram_gb"": 8, ""storage_gb"": 256}",good,active,2025-09-01,21800.00,2026-09-26 00:00:00+00,low,"[{""code"": ""maintenance_due_within_horizon"", ""detail"": ""4 days to next service"", ""weight"": 0.15}, {""code"": ""score"", ""detail"": ""baseline_rules v1.0.0, horizon 30 days"", ""weight"": 0.150}]",,,2025-09-08 00:00:00+00,2026-09-21 12:36:10.142818+00,60694a33-64df-4703-bb1f-20bc3948e683,
3085cb48-55e4-4415-bdca-bc7f9d0b4535,06e541d2-a9a0-47e4-96ff-9533e92db5b6,ab9714cb-122f-4204-a820-6d7257a3057c,6ff17eb7-5c04-40ff-83f8-043b4cb1c45c,AST-FURN-CAB-00208,,Upper Office Works,Cabinet-4D,{},poor,active,2023-07-03,3240.00,,high,"[{""code"": ""no_maintenance_schedule"", ""detail"": ""asset has no active maintenance template"", ""weight"": 0.05}, {""code"": ""repeat_failure"", ""detail"": ""2 corrective jobs in 12 months"", ""weight"": 0.12}, {""code"": ""high_downtime"", ""detail"": ""51 hours of downtime in 12 months"", ""weight"": 0.10}, {""code"": ""condition_poor"", ""detail"": ""condition reported as poor"", ""weight"": 0.15}, {""code"": ""no_active_warranty"", ""detail"": ""no warranty currently covers this asset"", ""weight"": 0.05}, {""code"": ""score"", ""detail"": ""baseline_rules v1.0.0, horizon 30 days"", ""weight"": 0.470}]",,,2023-07-10 00:00:00+00,2026-09-21 12:36:10.142818+00,60694a33-64df-4703-bb1f-20bc3948e683,
b24049e6-3200-4839-911c-962ef0c015c8,06e541d2-a9a0-47e4-96ff-9533e92db5b6,0ea1b587-0390-4fcf-a4cd-e82e2caef624,8703fd82-ea7e-461c-bacc-18cd5a7c3d3b,AST-FURN-CAB-00160,,Upper Office Works,Cabinet-4D,{},good,active,2022-04-30,3240.00,,low,"[{""code"": ""no_maintenance_schedule"", ""detail"": ""asset has no active maintenance template"", ""weight"": 0.05}, {""code"": ""no_active_warranty"", ""detail"": ""no warranty currently covers this asset"", ""weight"": 0.05}, {""code"": ""score"", ""detail"": ""baseline_rules v1.0.0, horizon 30 days"", ""weight"": 0.100}]",,,2022-05-07 00:00:00+00,2026-09-21 12:36:10.142818+00,60694a33-64df-4703-bb1f-20bc3948e683,
01475fef-d0d0-4491-9afd-308a228d3be5,06e541d2-a9a0-47e4-96ff-9533e92db5b6,8090e173-233a-4c47-9778-d4fe6f272e43,6ff17eb7-5c04-40ff-83f8-043b4cb1c45c,AST-FURN-CAB-00136,,Upper Office Works,Cabinet-4D,{},good,active,2023-07-12,3240.00,,low,"[{""code"": ""no_maintenance_schedule"", ""detail"": ""asset has no active maintenance template"", ""weight"": 0.05}, {""code"": ""no_active_warranty"", ""detail"": ""no warranty currently covers this asset"", ""weight"": 0.05}, {""code"": ""score"", ""detail"": ""baseline_rules v1.0.0, horizon 30 days"", ""weight"": 0.100}]",,,2023-07-19 00:00:00+00,2026-09-21 12:36:10.142818+00,60694a33-64df-4703-bb1f-20bc3948e683,
5b5c4ba3-0d50-43b1-8add-272e9671253d,06e541d2-a9a0-47e4-96ff-9533e92db5b6,418ec156-f12e-4b21-8e3c-9546e326d2f3,1c4df881-cca6-49a3-9b2e-6a87a781ef63,AST-FURN-CAB-00112,,Upper Office Works,Cabinet-3D,{},good,active,2020-04-28,2800.00,,low,"[{""code"": ""no_maintenance_schedule"", ""detail"": ""asset has no active maintenance template"", ""weight"": 0.05}, {""code"": ""no_active_warranty"", ""detail"": ""no warranty currently covers this asset"", ""weight"": 0.05}, {""code"": ""score"", ""detail"": ""baseline_rules v1.0.0, horizon 30 days"", ""weight"": 0.100}]",,,2020-05-05 00:00:00+00,2026-09-21 12:36:10.142818+00,60694a33-64df-4703-bb1f-20bc3948e683,
681b7608-e7f4-4112-b55c-bcfd12e19951,06e541d2-a9a0-47e4-96ff-9533e92db5b6,ed0c4695-23ba-41bb-bb52-4fc110fc0fde,1c4df881-cca6-49a3-9b2e-6a87a781ef63,AST-FURN-CAB-00088,,Upper Office Works,Cabinet-3D,{},poor,active,2022-06-13,3020.00,,medium,"[{""code"": ""no_maintenance_schedule"", ""detail"": ""asset has no active maintenance template"", ""weight"": 0.05}, {""code"": ""condition_poor"", ""detail"": ""condition reported as poor"", ""weight"": 0.15}, {""code"": ""no_active_warranty"", ""detail"": ""no warranty currently covers this asset"", ""weight"": 0.05}, {""code"": ""score"", ""detail"": ""baseline_rules v1.0.0, horizon 30 days"", ""weight"": 0.250}]",,,2022-06-20 00:00:00+00,2026-09-21 12:36:10.142818+00,60694a33-64df-4703-bb1f-20bc3948e683,
bc43fd12-e262-4b39-9dd8-e95fd913f691,06e541d2-a9a0-47e4-96ff-9533e92db5b6,b685a49b-8c4c-437f-9738-80d6a2ab8af5,8703fd82-ea7e-461c-bacc-18cd5a7c3d3b,AST-FURN-CAB-00064,,Upper Office Works,Cabinet-4D,{},good,active,2023-05-14,3240.00,,low,"[{""code"": ""no_maintenance_schedule"", ""detail"": ""asset has no active maintenance template"", ""weight"": 0.05}, {""code"": ""no_active_warranty"", ""detail"": ""no warranty currently covers this asset"", ""weight"": 0.05}, {""code"": ""score"", ""detail"": ""baseline_rules v1.0.0, horizon 30 days"", ""weight"": 0.100}]",,,2023-05-21 00:00:00+00,2026-09-21 12:36:10.142818+00,60694a33-64df-4703-bb1f-20bc3948e683,
1dae4ff8-39e9-4c3b-97c7-1f6686b1b644,06e541d2-a9a0-47e4-96ff-9533e92db5b6,ab9714cb-122f-4204-a820-6d7257a3057c,6ff17eb7-5c04-40ff-83f8-043b4cb1c45c,AST-FURN-CAB-00040,,Upper Office Works,Cabinet-3D,{},fair,active,2022-03-14,3460.00,,low,"[{""code"": ""no_maintenance_schedule"", ""detail"": ""asset has no active maintenance template"", ""weight"": 0.05}, {""code"": ""no_active_warranty"", ""detail"": ""no warranty currently covers this asset"", ""weight"": 0.05}, {""code"": ""score"", ""detail"": ""baseline_rules v1.0.0, horizon 30 days"", ""weight"": 0.100}]",,,2022-03-21 00:00:00+00,2026-09-21 12:36:10.142818+00,60694a33-64df-4703-bb1f-20bc3948e683,
ae1871af-27f8-46b0-92ab-c6008a2a30fc,d0e25360-20be-40a4-b4d4-f150206a2e30,931086a7-6352-430d-894b-6363e4ac4388,750c04a5-63c4-42c6-a7c4-b3aa1de4eebf,AST-FAC-AC-00137,FACAC-314678,Fresh,Split 12K,"{""btu"": 12000, ""type"": ""split""}",good,draft,2025-04-21,33600.00,,low,"[{""code"": ""no_maintenance_schedule"", ""detail"": ""asset has no active maintenance template"", ""weight"": 0.05}, {""code"": ""score"", ""detail"": ""baseline_rules v1.0.0, horizon 30 days"", ""weight"": 0.050}]",,,2025-04-28 00:00:00+00,2026-09-21 12:36:10.142818+00,60694a33-64df-4703-bb1f-20bc3948e683,
b31ceb27-7da5-4be2-9663-6e55fafd0ec1,d0e25360-20be-40a4-b4d4-f150206a2e30,faabc42b-93b2-4e8b-9e4d-2abd46f82d9c,176f3f16-3ab1-409e-8c10-9631bea0edcc,AST-FAC-AC-00089,FACAC-253788,Fresh,Split 12K,"{""btu"": 18000, ""type"": ""split""}",good,draft,2021-01-12,25200.00,,medium,"[{""code"": ""age_high"", ""detail"": ""71% of expected life consumed"", ""weight"": 0.15}, {""code"": ""no_maintenance_schedule"", ""detail"": ""asset has no active maintenance template"", ""weight"": 0.05}, {""code"": ""no_active_warranty"", ""detail"": ""no warranty currently covers this asset"", ""weight"": 0.05}, {""code"": ""score"", ""detail"": ""baseline_rules v1.0.0, horizon 30 days"", ""weight"": 0.250}]",,,2021-01-19 00:00:00+00,2026-09-21 12:36:10.142818+00,60694a33-64df-4703-bb1f-20bc3948e683,
050126d8-8632-46cb-8a99-5e30d160224e,ff750985-39b3-490c-ae1d-fc28825b511f,aee1dad1-5904-4a33-8893-b1744b8c9818,6ff17eb7-5c04-40ff-83f8-043b4cb1c45c,AST-FAC-UPS-00402,FACUPS-691738,PowerGuard,PG-1500VA,"{""va"": 1500, ""battery_type"": ""SLA""}",good,draft,2022-08-20,10250.00,,medium,"[{""code"": ""age_high"", ""detail"": ""82% of expected life consumed"", ""weight"": 0.15}, {""code"": ""no_maintenance_schedule"", ""detail"": ""asset has no active maintenance template"", ""weight"": 0.05}, {""code"": ""no_active_warranty"", ""detail"": ""no warranty currently covers this asset"", ""weight"": 0.05}, {""code"": ""score"", ""detail"": ""baseline_rules v1.0.0, horizon 30 days"", ""weight"": 0.250}]",,,2022-08-27 00:00:00+00,2026-09-21 12:36:10.142818+00,60694a33-64df-4703-bb1f-20bc3948e683,
e29c31f7-8d8e-4576-94c8-e5cdcf34f043,dcef2060-f580-4ab7-a9eb-745c55d8e893,5bac9e47-d100-44c8-b570-0db31ea21fad,05d038a0-b4a2-40fb-9ac6-eecfcf9cda47,AST-IT-PRINTER-00331,ITPRINTER-439097,Canon,LaserJet M402,{},good,draft,2020-10-31,9200.00,,medium,"[{""code"": ""age_near_or_past_useful_life"", ""detail"": ""118% of expected life consumed"", ""weight"": 0.30}, {""code"": ""no_maintenance_schedule"", ""detail"": ""asset has no active maintenance template"", ""weight"": 0.05}, {""code"": ""no_active_warranty"", ""detail"": ""no warranty currently covers this asset"", ""weight"": 0.05}, {""code"": ""score"", ""detail"": ""baseline_rules v1.0.0, horizon 30 days"", ""weight"": 0.400}]",,,2020-11-07 00:00:00+00,2026-09-21 12:36:10.142818+00,60694a33-64df-4703-bb1f-20bc3948e683,
cc411e9a-a16f-42fe-9925-f9d122641356,9fc46e12-92c2-4613-b9b1-dd8845412769,ba4b9298-99d3-4aa9-8d04-f4d0d933550d,750c04a5-63c4-42c6-a7c4-b3aa1de4eebf,AST-IT-PROJ-00381,ITPROJ-204554,Epson,BeamPro 103,"{""lumens"": 3000, ""lamp_hours"": 1593}",fair,active,2021-12-21,18700.00,,medium,"[{""code"": ""age_near_or_past_useful_life"", ""detail"": ""119% of expected life consumed"", ""weight"": 0.30}, {""code"": ""no_maintenance_schedule"", ""detail"": ""asset has no active maintenance template"", ""weight"": 0.05}, {""code"": ""no_active_warranty"", ""detail"": ""no warranty currently covers this asset"", ""weight"": 0.05}, {""code"": ""score"", ""detail"": ""baseline_rules v1.0.0, horizon 30 days"", ""weight"": 0.400}]",,,2021-12-28 00:00:00+00,2026-09-21 12:36:10.142818+00,60694a33-64df-4703-bb1f-20bc3948e683,
4b614724-1bd6-4d20-9a0d-9353a9280b10,95ef5f39-7726-40fc-a96e-a70dc1197538,4c2ec75b-86b2-44fa-94e9-0ac0abe593cc,8703fd82-ea7e-461c-bacc-18cd5a7c3d3b,AST-IT-MONITOR-00390,ITMONITOR-816428,ViewSonic,V24HD,"{""size_in"": 22, ""resolution"": ""1920x1080""}",good,active,2024-04-01,4220.00,2027-05-01 00:00:00+00,low,"[{""code"": ""no_active_warranty"", ""detail"": ""no warranty currently covers this asset"", ""weight"": 0.05}, {""code"": ""score"", ""detail"": ""baseline_rules v1.0.0, horizon 30 days"", ""weight"": 0.050}]",,,2024-04-08 00:00:00+00,2026-09-21 12:36:10.142818+00,60694a33-64df-4703-bb1f-20bc3948e683,
82c25a93-995b-40cd-ba33-04e2f4ae556e,9fc46e12-92c2-4613-b9b1-dd8845412769,ad7545d1-5dd0-4c6a-9a2b-f8865e75563f,05d038a0-b4a2-40fb-9ac6-eecfcf9cda47,AST-IT-PROJ-00357,ITPROJ-889706,Epson,BeamPro 117,"{""lumens"": 3000, ""lamp_hours"": 998}",fair,active,2022-05-01,16600.00,,high,"[{""code"": ""age_near_or_past_useful_life"", ""detail"": ""110% of expected life consumed"", ""weight"": 0.30}, {""code"": ""no_maintenance_schedule"", ""detail"": ""asset has no active maintenance template"", ""weight"": 0.05}, {""code"": ""high_downtime"", ""detail"": ""19 hours of downtime in 12 months"", ""weight"": 0.10}, {""code"": ""no_active_warranty"", ""detail"": ""no warranty currently covers this asset"", ""weight"": 0.05}, {""code"": ""score"", ""detail"": ""baseline_rules v1.0.0, horizon 30 days"", ""weight"": 0.500}]",,,2022-05-08 00:00:00+00,2026-09-21 12:36:10.142818+00,60694a33-64df-4703-bb1f-20bc3948e683,
c7206189-6020-407a-b13a-04587e0cffb5,9fc46e12-92c2-4613-b9b1-dd8845412769,93723cd6-95df-412a-ae14-7ffbe9982442,176f3f16-3ab1-409e-8c10-9631bea0edcc,AST-IT-PROJ-00333,ITPROJ-926569,Epson,BeamPro 113,"{""lumens"": 3500, ""lamp_hours"": 1364}",good,active,2024-02-11,18700.00,,low,"[{""code"": ""no_maintenance_schedule"", ""detail"": ""asset has no active maintenance template"", ""weight"": 0.05}, {""code"": ""no_active_warranty"", ""detail"": ""no warranty currently covers this asset"", ""weight"": 0.05}, {""code"": ""score"", ""detail"": ""baseline_rules v1.0.0, horizon 30 days"", ""weight"": 0.100}]",,,2024-02-18 00:00:00+00,2026-09-21 12:36:10.142818+00,60694a33-64df-4703-bb1f-20bc3948e683,
890675af-b0d5-4ab7-aada-2cc496ebede6,9fc46e12-92c2-4613-b9b1-dd8845412769,02bca8b1-2624-4782-8cf9-81f6abe4f201,750c04a5-63c4-42c6-a7c4-b3aa1de4eebf,AST-IT-PROJ-00285,ITPROJ-866269,Epson,BeamPro 102,"{""lumens"": 3500, ""lamp_hours"": 960}",good,active,2020-01-02,18700.00,,medium,"[{""code"": ""age_near_or_past_useful_life"", ""detail"": ""168% of expected life consumed"", ""weight"": 0.30}, {""code"": ""no_maintenance_schedule"", ""detail"": ""asset has no active maintenance template"", ""weight"": 0.05}, {""code"": ""no_active_warranty"", ""detail"": ""no warranty currently covers this asset"", ""weight"": 0.05}, {""code"": ""score"", ""detail"": ""baseline_rules v1.0.0, horizon 30 days"", ""weight"": 0.400}]",,,2020-01-09 00:00:00+00,2026-09-21 12:36:10.142818+00,60694a33-64df-4703-bb1f-20bc3948e683,
11dd7026-107f-4ab0-94ef-c7dd46e8b02d,9fc46e12-92c2-4613-b9b1-dd8845412769,1396d3ba-cbf5-462b-9ba0-f055e43663f9,176f3f16-3ab1-409e-8c10-9631bea0edcc,AST-IT-PROJ-00237,ITPROJ-326185,Epson,BeamPro 115,"{""lumens"": 3500, ""lamp_hours"": 1738}",good,active,2023-03-29,14500.00,,medium,"[{""code"": ""age_high"", ""detail"": ""87% of expected life consumed"", ""weight"": 0.15}, {""code"": ""no_maintenance_schedule"", ""detail"": ""asset has no active maintenance template"", ""weight"": 0.05}, {""code"": ""no_active_warranty"", ""detail"": ""no warranty currently covers this asset"", ""weight"": 0.05}, {""code"": ""score"", ""detail"": ""baseline_rules v1.0.0, horizon 30 days"", ""weight"": 0.250}]",,,2023-04-05 00:00:00+00,2026-09-21 12:36:10.142818+00,60694a33-64df-4703-bb1f-20bc3948e683,
03f5850e-92bd-4a5a-b8a7-dec25e1eab57,9fc46e12-92c2-4613-b9b1-dd8845412769,ba4b9298-99d3-4aa9-8d04-f4d0d933550d,750c04a5-63c4-42c6-a7c4-b3aa1de4eebf,AST-IT-PROJ-00213,ITPROJ-803841,BenQ,BeamPro 109,"{""lumens"": 3500, ""lamp_hours"": 681}",fair,active,2024-11-08,18700.00,,low,"[{""code"": ""no_maintenance_schedule"", ""detail"": ""asset has no active maintenance template"", ""weight"": 0.05}, {""code"": ""warranty_expiring"", ""detail"": ""48 days of warranty cover left"", ""weight"": 0.05}, {""code"": ""score"", ""detail"": ""baseline_rules v1.0.0, horizon 30 days"", ""weight"": 0.100}]",,,2024-11-15 00:00:00+00,2026-09-21 12:36:10.142818+00,60694a33-64df-4703-bb1f-20bc3948e683,
d08e3369-1186-4b80-ad3e-83a134b80b87,9fc46e12-92c2-4613-b9b1-dd8845412769,ad7545d1-5dd0-4c6a-9a2b-f8865e75563f,05d038a0-b4a2-40fb-9ac6-eecfcf9cda47,AST-IT-PROJ-00189,ITPROJ-458702,Epson,BeamPro 117,"{""lumens"": 4500, ""lamp_hours"": 1909}",good,active,2022-08-31,18700.00,,medium,"[{""code"": ""age_near_or_past_useful_life"", ""detail"": ""101% of expected life consumed"", ""weight"": 0.30}, {""code"": ""no_maintenance_schedule"", ""detail"": ""asset has no active maintenance template"", ""weight"": 0.05}, {""code"": ""no_active_warranty"", ""detail"": ""no warranty currently covers this asset"", ""weight"": 0.05}, {""code"": ""score"", ""detail"": ""baseline_rules v1.0.0, horizon 30 days"", ""weight"": 0.400}]",,,2022-09-07 00:00:00+00,2026-09-21 12:36:10.142818+00,60694a33-64df-4703-bb1f-20bc3948e683,
228c0a54-08b1-4b59-8dc8-c7747ec40b3e,9fc46e12-92c2-4613-b9b1-dd8845412769,93723cd6-95df-412a-ae14-7ffbe9982442,176f3f16-3ab1-409e-8c10-9631bea0edcc,AST-IT-PROJ-00165,ITPROJ-616169,Epson,BeamPro 108,"{""lumens"": 3000, ""lamp_hours"": 2340}",good,active,2023-07-14,16600.00,,medium,"[{""code"": ""age_high"", ""detail"": ""80% of expected life consumed"", ""weight"": 0.15}, {""code"": ""no_maintenance_schedule"", ""detail"": ""asset has no active maintenance template"", ""weight"": 0.05}, {""code"": ""no_active_warranty"", ""detail"": ""no warranty currently covers this asset"", ""weight"": 0.05}, {""code"": ""score"", ""detail"": ""baseline_rules v1.0.0, horizon 30 days"", ""weight"": 0.250}]",,,2023-07-21 00:00:00+00,2026-09-21 12:36:10.142818+00,60694a33-64df-4703-bb1f-20bc3948e683,
08d95983-0bee-4182-af3d-4fa2d1c35d03,9fc46e12-92c2-4613-b9b1-dd8845412769,a794d2a5-d422-4ca5-97b2-a4c30210ff52,176f3f16-3ab1-409e-8c10-9631bea0edcc,AST-IT-PROJ-00141,ITPROJ-886508,BenQ,BeamPro 119,"{""lumens"": 3000, ""lamp_hours"": 1814}",fair,active,2023-12-13,18700.00,,low,"[{""code"": ""no_maintenance_schedule"", ""detail"": ""asset has no active maintenance template"", ""weight"": 0.05}, {""code"": ""no_active_warranty"", ""detail"": ""no warranty currently covers this asset"", ""weight"": 0.05}, {""code"": ""score"", ""detail"": ""baseline_rules v1.0.0, horizon 30 days"", ""weight"": 0.100}]",,,2023-12-20 00:00:00+00,2026-09-21 12:36:10.142818+00,60694a33-64df-4703-bb1f-20bc3948e683,
ef9d9b2a-d0cb-43b6-9c41-f90457b223de,9fc46e12-92c2-4613-b9b1-dd8845412769,02bca8b1-2624-4782-8cf9-81f6abe4f201,750c04a5-63c4-42c6-a7c4-b3aa1de4eebf,AST-IT-PROJ-00117,ITPROJ-644750,Epson,BeamPro 105,"{""lumens"": 5000, ""lamp_hours"": 1955}",good,active,2024-05-21,16600.00,,low,"[{""code"": ""no_maintenance_schedule"", ""detail"": ""asset has no active maintenance template"", ""weight"": 0.05}, {""code"": ""no_active_warranty"", ""detail"": ""no warranty currently covers this asset"", ""weight"": 0.05}, {""code"": ""score"", ""detail"": ""baseline_rules v1.0.0, horizon 30 days"", ""weight"": 0.100}]",,,2024-05-28 00:00:00+00,2026-09-21 12:36:10.142818+00,60694a33-64df-4703-bb1f-20bc3948e683,
ad70c26e-da27-4579-9127-074cce3c7399,9fc46e12-92c2-4613-b9b1-dd8845412769,5b86b773-2072-4cf6-ac59-aa6ed5c9e277,05d038a0-b4a2-40fb-9ac6-eecfcf9cda47,AST-IT-PROJ-00093,ITPROJ-694928,BenQ,BeamPro 100,"{""lumens"": 3500, ""lamp_hours"": 230}",good,active,2023-04-30,14500.00,,medium,"[{""code"": ""age_high"", ""detail"": ""85% of expected life consumed"", ""weight"": 0.15}, {""code"": ""no_maintenance_schedule"", ""detail"": ""asset has no active maintenance template"", ""weight"": 0.05}, {""code"": ""no_active_warranty"", ""detail"": ""no warranty currently covers this asset"", ""weight"": 0.05}, {""code"": ""score"", ""detail"": ""baseline_rules v1.0.0, horizon 30 days"", ""weight"": 0.250}]",,,2023-05-07 00:00:00+00,2026-09-21 12:36:10.142818+00,60694a33-64df-4703-bb1f-20bc3948e683,
9cd6b15d-724e-43d3-9850-a44b811353ba,9fc46e12-92c2-4613-b9b1-dd8845412769,1396d3ba-cbf5-462b-9ba0-f055e43663f9,176f3f16-3ab1-409e-8c10-9631bea0edcc,AST-IT-PROJ-00069,ITPROJ-307009,Epson,BeamPro 111,"{""lumens"": 3000, ""lamp_hours"": 926}",good,active,2026-02-05,14500.00,,low,"[{""code"": ""no_maintenance_schedule"", ""detail"": ""asset has no active maintenance template"", ""weight"": 0.05}, {""code"": ""score"", ""detail"": ""baseline_rules v1.0.0, horizon 30 days"", ""weight"": 0.050}]",,,2026-02-12 00:00:00+00,2026-09-21 12:36:10.142818+00,60694a33-64df-4703-bb1f-20bc3948e683,
070d78f4-1bc0-43c0-aaec-fcb4a90ed8a5,9fc46e12-92c2-4613-b9b1-dd8845412769,ba4b9298-99d3-4aa9-8d04-f4d0d933550d,750c04a5-63c4-42c6-a7c4-b3aa1de4eebf,AST-IT-PROJ-00045,ITPROJ-838433,BenQ,BeamPro 117,"{""lumens"": 4500, ""lamp_hours"": 320}",fair,active,2021-04-28,16600.00,,medium,"[{""code"": ""age_near_or_past_useful_life"", ""detail"": ""135% of expected life consumed"", ""weight"": 0.30}, {""code"": ""no_maintenance_schedule"", ""detail"": ""asset has no active maintenance template"", ""weight"": 0.05}, {""code"": ""no_active_warranty"", ""detail"": ""no warranty currently covers this asset"", ""weight"": 0.05}, {""code"": ""score"", ""detail"": ""baseline_rules v1.0.0, horizon 30 days"", ""weight"": 0.400}]",,,2021-05-05 00:00:00+00,2026-09-21 12:36:10.142818+00,60694a33-64df-4703-bb1f-20bc3948e683,
6439ccdc-2d33-4bae-b07b-f6e7c4676f4d,f0a14b69-c0ce-4372-ae3d-ae946d801d82,b9ee01aa-284d-41fc-92e0-1e2c29704a3b,750c04a5-63c4-42c6-a7c4-b3aa1de4eebf,AST-LAB-3DP-00407,LAB3DP-819407,LabLine,FDM-200,"{""build_mm"": ""220x220x250"", ""filament"": ""ABS""}",fair,active,2024-08-09,35400.00,,medium,"[{""code"": ""no_maintenance_schedule"", ""detail"": ""asset has no active maintenance template"", ""weight"": 0.05}, {""code"": ""high_downtime"", ""detail"": ""27 hours of downtime in 12 months"", ""weight"": 0.10}, {""code"": ""no_active_warranty"", ""detail"": ""no warranty currently covers this asset"", ""weight"": 0.05}, {""code"": ""score"", ""detail"": ""baseline_rules v1.0.0, horizon 30 days"", ""weight"": 0.200}]",,,2024-08-16 00:00:00+00,2026-09-21 12:36:10.142818+00,60694a33-64df-4703-bb1f-20bc3948e683,
6dc09c81-a2db-4c48-abdc-c8584b0da089,f0a14b69-c0ce-4372-ae3d-ae946d801d82,5a904d7b-02c7-4a5f-8de4-8106644afe6f,05d038a0-b4a2-40fb-9ac6-eecfcf9cda47,AST-LAB-3DP-00383,LAB3DP-770989,LabLine,FDM-203,"{""build_mm"": ""220x220x250"", ""filament"": ""PETG""}",poor,active,2024-02-01,35400.00,,medium,"[{""code"": ""no_maintenance_schedule"", ""detail"": ""asset has no active maintenance template"", ""weight"": 0.05}, {""code"": ""repeat_failure"", ""detail"": ""2 corrective jobs in 12 months"", ""weight"": 0.12}, {""code"": ""high_downtime"", ""detail"": ""50 hours of downtime in 12 months"", ""weight"": 0.10}, {""code"": ""condition_poor"", ""detail"": ""condition reported as poor"", ""weight"": 0.15}, {""code"": ""score"", ""detail"": ""baseline_rules v1.0.0, horizon 30 days"", ""weight"": 0.420}]",,,2024-02-08 00:00:00+00,2026-09-21 12:36:10.142818+00,60694a33-64df-4703-bb1f-20bc3948e683,
13319f71-4077-42ca-9cf9-67304d699aa5,f0a14b69-c0ce-4372-ae3d-ae946d801d82,fd093c49-0da4-4fb9-b4ca-3354e21aeeed,176f3f16-3ab1-409e-8c10-9631bea0edcc,AST-LAB-3DP-00359,LAB3DP-111471,LabLine,FDM-203,"{""build_mm"": ""220x220x250"", ""filament"": ""ABS""}",fair,active,2024-04-09,32200.00,,medium,"[{""code"": ""no_maintenance_schedule"", ""detail"": ""asset has no active maintenance template"", ""weight"": 0.05}, {""code"": ""high_downtime"", ""detail"": ""31 hours of downtime in 12 months"", ""weight"": 0.10}, {""code"": ""no_active_warranty"", ""detail"": ""no warranty currently covers this asset"", ""weight"": 0.05}, {""code"": ""score"", ""detail"": ""baseline_rules v1.0.0, horizon 30 days"", ""weight"": 0.200}]",,,2024-04-16 00:00:00+00,2026-09-21 12:36:10.142818+00,60694a33-64df-4703-bb1f-20bc3948e683,
3d0a6046-1b99-4bfd-a909-61a0bce67f46,f0a14b69-c0ce-4372-ae3d-ae946d801d82,1234f84e-b9c0-4ae7-a4a5-d80ccaff9edd,05d038a0-b4a2-40fb-9ac6-eecfcf9cda47,AST-LAB-3DP-00311,LAB3DP-807723,LabLine,FDM-204,"{""build_mm"": ""220x220x250"", ""filament"": ""PLA""}",fair,active,2021-11-01,38600.00,,medium,"[{""code"": ""age_high"", ""detail"": ""81% of expected life consumed"", ""weight"": 0.15}, {""code"": ""no_maintenance_schedule"", ""detail"": ""asset has no active maintenance template"", ""weight"": 0.05}, {""code"": ""high_downtime"", ""detail"": ""41 hours of downtime in 12 months"", ""weight"": 0.10}, {""code"": ""no_active_warranty"", ""detail"": ""no warranty currently covers this asset"", ""weight"": 0.05}, {""code"": ""score"", ""detail"": ""baseline_rules v1.0.0, horizon 30 days"", ""weight"": 0.350}]",,,2021-11-08 00:00:00+00,2026-09-21 12:36:10.142818+00,60694a33-64df-4703-bb1f-20bc3948e683,
1caced03-12da-40c9-af11-fa22f8a4b953,f0a14b69-c0ce-4372-ae3d-ae946d801d82,c3046ac9-0b25-4639-993e-d7963242f60a,176f3f16-3ab1-409e-8c10-9631bea0edcc,AST-LAB-3DP-00287,LAB3DP-629564,LabLine,FDM-202,"{""build_mm"": ""220x220x250"", ""filament"": ""PETG""}",good,active,2022-04-01,29000.00,,medium,"[{""code"": ""age_high"", ""detail"": ""75% of expected life consumed"", ""weight"": 0.15}, {""code"": ""no_maintenance_schedule"", ""detail"": ""asset has no active maintenance template"", ""weight"": 0.05}, {""code"": ""no_active_warranty"", ""detail"": ""no warranty currently covers this asset"", ""weight"": 0.05}, {""code"": ""score"", ""detail"": ""baseline_rules v1.0.0, horizon 30 days"", ""weight"": 0.250}]",,,2022-04-08 00:00:00+00,2026-09-21 12:36:10.142818+00,60694a33-64df-4703-bb1f-20bc3948e683,
c028f3a2-c1d5-4e21-b025-70408c54dc7f,f0a14b69-c0ce-4372-ae3d-ae946d801d82,e514cc00-3301-4d64-af38-4cd4294f1363,176f3f16-3ab1-409e-8c10-9631bea0edcc,AST-LAB-3DP-00263,LAB3DP-180083,LabLine,FDM-202,"{""build_mm"": ""220x220x250"", ""filament"": ""PETG""}",good,active,2020-03-24,29000.00,,medium,"[{""code"": ""age_near_or_past_useful_life"", ""detail"": ""108% of expected life consumed"", ""weight"": 0.30}, {""code"": ""no_maintenance_schedule"", ""detail"": ""asset has no active maintenance template"", ""weight"": 0.05}, {""code"": ""no_active_warranty"", ""detail"": ""no warranty currently covers this asset"", ""weight"": 0.05}, {""code"": ""score"", ""detail"": ""baseline_rules v1.0.0, horizon 30 days"", ""weight"": 0.400}]",,,2020-03-31 00:00:00+00,2026-09-21 12:36:10.142818+00,60694a33-64df-4703-bb1f-20bc3948e683,
43c79abc-7faa-4989-96d6-f9fc1b86b0af,f0a14b69-c0ce-4372-ae3d-ae946d801d82,b9ee01aa-284d-41fc-92e0-1e2c29704a3b,750c04a5-63c4-42c6-a7c4-b3aa1de4eebf,AST-LAB-3DP-00239,LAB3DP-267636,LabLine,FDM-203,"{""build_mm"": ""220x220x250"", ""filament"": ""PLA""}",new,active,2022-05-12,32200.00,,medium,"[{""code"": ""age_high"", ""detail"": ""73% of expected life consumed"", ""weight"": 0.15}, {""code"": ""no_maintenance_schedule"", ""detail"": ""asset has no active maintenance template"", ""weight"": 0.05}, {""code"": ""no_active_warranty"", ""detail"": ""no warranty currently covers this asset"", ""weight"": 0.05}, {""code"": ""score"", ""detail"": ""baseline_rules v1.0.0, horizon 30 days"", ""weight"": 0.250}]",,,2022-05-19 00:00:00+00,2026-09-21 12:36:10.142818+00,60694a33-64df-4703-bb1f-20bc3948e683,
9abf21f5-f9b9-48a4-8041-586b3be5a122,f0a14b69-c0ce-4372-ae3d-ae946d801d82,7d91cdbd-8e9f-4416-aff0-b59104bd3dee,750c04a5-63c4-42c6-a7c4-b3aa1de4eebf,AST-LAB-3DP-00167,LAB3DP-634200,LabLine,FDM-201,"{""build_mm"": ""220x220x250"", ""filament"": ""ABS""}",good,active,2022-09-04,32200.00,,low,"[{""code"": ""no_maintenance_schedule"", ""detail"": ""asset has no active maintenance template"", ""weight"": 0.05}, {""code"": ""no_active_warranty"", ""detail"": ""no warranty currently covers this asset"", ""weight"": 0.05}, {""code"": ""score"", ""detail"": ""baseline_rules v1.0.0, horizon 30 days"", ""weight"": 0.100}]",,,2022-09-11 00:00:00+00,2026-09-21 12:36:10.142818+00,60694a33-64df-4703-bb1f-20bc3948e683,
7107d2e4-b73a-499f-9301-7fb24da91994,f0a14b69-c0ce-4372-ae3d-ae946d801d82,1234f84e-b9c0-4ae7-a4a5-d80ccaff9edd,05d038a0-b4a2-40fb-9ac6-eecfcf9cda47,AST-LAB-3DP-00143,LAB3DP-844171,LabLine,FDM-203,"{""build_mm"": ""220x220x250"", ""filament"": ""PLA""}",new,active,2023-09-22,32200.00,,low,"[{""code"": ""no_maintenance_schedule"", ""detail"": ""asset has no active maintenance template"", ""weight"": 0.05}, {""code"": ""no_active_warranty"", ""detail"": ""no warranty currently covers this asset"", ""weight"": 0.05}, {""code"": ""score"", ""detail"": ""baseline_rules v1.0.0, horizon 30 days"", ""weight"": 0.100}]",,,2023-09-29 00:00:00+00,2026-09-21 12:36:10.142818+00,60694a33-64df-4703-bb1f-20bc3948e683,
dc3e872b-7036-48ff-8730-0d7db909be22,f0a14b69-c0ce-4372-ae3d-ae946d801d82,c3046ac9-0b25-4639-993e-d7963242f60a,176f3f16-3ab1-409e-8c10-9631bea0edcc,AST-LAB-3DP-00119,LAB3DP-173163,LabLine,FDM-202,"{""build_mm"": ""220x220x250"", ""filament"": ""PETG""}",good,active,2020-06-19,35400.00,,medium,"[{""code"": ""age_near_or_past_useful_life"", ""detail"": ""104% of expected life consumed"", ""weight"": 0.30}, {""code"": ""no_maintenance_schedule"", ""detail"": ""asset has no active maintenance template"", ""weight"": 0.05}, {""code"": ""no_active_warranty"", ""detail"": ""no warranty currently covers this asset"", ""weight"": 0.05}, {""code"": ""score"", ""detail"": ""baseline_rules v1.0.0, horizon 30 days"", ""weight"": 0.400}]",,,2020-06-26 00:00:00+00,2026-09-21 12:36:10.142818+00,60694a33-64df-4703-bb1f-20bc3948e683,
6a3bfaf6-aedd-4006-b6c3-d8205e4192b3,f0a14b69-c0ce-4372-ae3d-ae946d801d82,e514cc00-3301-4d64-af38-4cd4294f1363,176f3f16-3ab1-409e-8c10-9631bea0edcc,AST-LAB-3DP-00095,LAB3DP-924323,LabLine,FDM-200,"{""build_mm"": ""220x220x250"", ""filament"": ""PLA""}",good,active,2025-09-12,35400.00,,low,"[{""code"": ""no_maintenance_schedule"", ""detail"": ""asset has no active maintenance template"", ""weight"": 0.05}, {""code"": ""score"", ""detail"": ""baseline_rules v1.0.0, horizon 30 days"", ""weight"": 0.050}]",,,2025-09-19 00:00:00+00,2026-09-21 12:36:10.142818+00,60694a33-64df-4703-bb1f-20bc3948e683,
258bc94f-7a74-43f1-ba2c-839d856b65a4,95ef5f39-7726-40fc-a96e-a70dc1197538,023a8b57-58c8-49be-b50f-d5bf95d912a1,6ff17eb7-5c04-40ff-83f8-043b4cb1c45c,AST-IT-MONITOR-00366,ITMONITOR-350297,Samsung,V24HD,"{""size_in"": 24, ""resolution"": ""1920x1080""}",good,active,2025-10-06,5180.00,2026-11-05 00:00:00+00,low,"[{""code"": ""score"", ""detail"": ""baseline_rules v1.0.0, horizon 30 days"", ""weight"": 0.000}]",,,2025-10-13 00:00:00+00,2026-09-21 12:36:10.142818+00,60694a33-64df-4703-bb1f-20bc3948e683,
4f9b45aa-3644-4ee1-a6c7-0e26f274d3cb,f0a14b69-c0ce-4372-ae3d-ae946d801d82,5a904d7b-02c7-4a5f-8de4-8106644afe6f,05d038a0-b4a2-40fb-9ac6-eecfcf9cda47,AST-LAB-3DP-00047,LAB3DP-868727,LabLine,FDM-203,"{""build_mm"": ""220x220x250"", ""filament"": ""PLA""}",new,active,2019-10-05,35400.00,,medium,"[{""code"": ""age_near_or_past_useful_life"", ""detail"": ""116% of expected life consumed"", ""weight"": 0.30}, {""code"": ""no_maintenance_schedule"", ""detail"": ""asset has no active maintenance template"", ""weight"": 0.05}, {""code"": ""no_active_warranty"", ""detail"": ""no warranty currently covers this asset"", ""weight"": 0.05}, {""code"": ""score"", ""detail"": ""baseline_rules v1.0.0, horizon 30 days"", ""weight"": 0.400}]",,,2019-10-12 00:00:00+00,2026-09-21 12:36:10.142818+00,60694a33-64df-4703-bb1f-20bc3948e683,
31cb68c4-04b9-459f-a319-f54f64093777,928e1185-3903-4639-bd6e-0fe5d4e1bd5e,226f67de-eecb-4041-b2fd-00c436b1b82f,1c4df881-cca6-49a3-9b2e-6a87a781ef63,AST-IT-PC-00408,ITPC-428259,Acer,Veriton X2680,"{""cpu"": ""i5-10500"", ""ram_gb"": 32, ""storage_gb"": 256}",good,active,2023-12-04,23400.00,2026-12-18 00:00:00+00,low,"[{""code"": ""score"", ""detail"": ""baseline_rules v1.0.0, horizon 30 days"", ""weight"": 0.000}]",,,2023-12-11 00:00:00+00,2026-09-21 12:36:10.142818+00,60694a33-64df-4703-bb1f-20bc3948e683,
7db9993a-c311-4055-9ee8-5ed5c9175837,928e1185-3903-4639-bd6e-0fe5d4e1bd5e,0ea1b587-0390-4fcf-a4cd-e82e2caef624,8703fd82-ea7e-461c-bacc-18cd5a7c3d3b,AST-IT-PC-00384,ITPC-806056,Asus,ExpertCenter D500,"{""cpu"": ""i5-11400"", ""ram_gb"": 32, ""storage_gb"": 1024}",poor,active,2024-11-24,21000.00,2026-12-14 00:00:00+00,low,"[{""code"": ""condition_poor"", ""detail"": ""condition reported as poor"", ""weight"": 0.15}, {""code"": ""score"", ""detail"": ""baseline_rules v1.0.0, horizon 30 days"", ""weight"": 0.150}]",,,2024-12-01 00:00:00+00,2026-09-21 12:36:10.142818+00,60694a33-64df-4703-bb1f-20bc3948e683,
f21f1a4e-f67b-4afc-831b-02970ae18b92,928e1185-3903-4639-bd6e-0fe5d4e1bd5e,8090e173-233a-4c47-9778-d4fe6f272e43,6ff17eb7-5c04-40ff-83f8-043b4cb1c45c,AST-IT-PC-00360,ITPC-509878,HP,ProDesk 600 G6,"{""cpu"": ""i7-10700"", ""ram_gb"": 8, ""storage_gb"": 256}",fair,active,2026-03-03,20200.00,2026-09-29 00:00:00+00,medium,"[{""code"": ""maintenance_due_within_horizon"", ""detail"": ""7 days to next service"", ""weight"": 0.15}, {""code"": ""high_downtime"", ""detail"": ""23 hours of downtime in 12 months"", ""weight"": 0.10}, {""code"": ""score"", ""detail"": ""baseline_rules v1.0.0, horizon 30 days"", ""weight"": 0.250}]",,,2026-03-10 00:00:00+00,2026-09-21 12:36:10.142818+00,60694a33-64df-4703-bb1f-20bc3948e683,
e5f03288-56b5-4e41-aeae-32ac9ca686ed,928e1185-3903-4639-bd6e-0fe5d4e1bd5e,418ec156-f12e-4b21-8e3c-9546e326d2f3,1c4df881-cca6-49a3-9b2e-6a87a781ef63,AST-IT-PC-00336,ITPC-916861,Dell,OptiPlex 7090,"{""cpu"": ""i5-11400"", ""ram_gb"": 32, ""storage_gb"": 256}",good,active,2023-09-12,22600.00,2027-02-17 12:36:10.142818+00,low,"[{""code"": ""no_active_warranty"", ""detail"": ""no warranty currently covers this asset"", ""weight"": 0.05}, {""code"": ""score"", ""detail"": ""baseline_rules v1.0.0, horizon 30 days"", ""weight"": 0.050}]",,,2023-09-19 00:00:00+00,2026-09-21 12:36:10.142818+00,60694a33-64df-4703-bb1f-20bc3948e683,
a3ebae3a-8830-4d9f-bb39-31f1ff5256b6,928e1185-3903-4639-bd6e-0fe5d4e1bd5e,b685a49b-8c4c-437f-9738-80d6a2ab8af5,8703fd82-ea7e-461c-bacc-18cd5a7c3d3b,AST-IT-PC-00288,ITPC-148823,Acer,Veriton X2680,"{""cpu"": ""i5-10500"", ""ram_gb"": 16, ""storage_gb"": 256}",good,active,2021-02-11,22600.00,2026-10-29 12:36:10.142818+00,medium,"[{""code"": ""age_near_or_past_useful_life"", ""detail"": ""112% of expected life consumed"", ""weight"": 0.30}, {""code"": ""no_active_warranty"", ""detail"": ""no warranty currently covers this asset"", ""weight"": 0.05}, {""code"": ""score"", ""detail"": ""baseline_rules v1.0.0, horizon 30 days"", ""weight"": 0.350}]",,,2021-02-18 00:00:00+00,2026-09-21 12:36:10.142818+00,60694a33-64df-4703-bb1f-20bc3948e683,
767d8649-57ab-4a11-82c7-39d328b1e970,928e1185-3903-4639-bd6e-0fe5d4e1bd5e,ab9714cb-122f-4204-a820-6d7257a3057c,6ff17eb7-5c04-40ff-83f8-043b4cb1c45c,AST-IT-PC-00264,ITPC-402159,Asus,ExpertCenter D500,"{""cpu"": ""i7-10700"", ""ram_gb"": 8, ""storage_gb"": 256}",good,active,2025-08-15,18600.00,2026-03-13 00:00:00+00,medium,"[{""code"": ""maintenance_overdue"", ""detail"": ""193 days overdue"", ""weight"": 0.30}, {""code"": ""score"", ""detail"": ""baseline_rules v1.0.0, horizon 30 days"", ""weight"": 0.300}]",,,2025-08-22 00:00:00+00,2026-09-21 12:36:10.142818+00,60694a33-64df-4703-bb1f-20bc3948e683,
902ff40c-5768-4b41-9986-00b4bd120b9e,928e1185-3903-4639-bd6e-0fe5d4e1bd5e,0ea1b587-0390-4fcf-a4cd-e82e2caef624,8703fd82-ea7e-461c-bacc-18cd5a7c3d3b,AST-IT-PC-00216,ITPC-356041,Dell,OptiPlex 7090,"{""cpu"": ""i7-10700"", ""ram_gb"": 8, ""storage_gb"": 256}",good,active,2019-10-12,18600.00,2026-08-25 12:36:10.142818+00,high,"[{""code"": ""age_near_or_past_useful_life"", ""detail"": ""139% of expected life consumed"", ""weight"": 0.30}, {""code"": ""maintenance_overdue"", ""detail"": ""27 days overdue"", ""weight"": 0.30}, {""code"": ""no_active_warranty"", ""detail"": ""no warranty currently covers this asset"", ""weight"": 0.05}, {""code"": ""score"", ""detail"": ""baseline_rules v1.0.0, horizon 30 days"", ""weight"": 0.650}]",,,2019-10-19 00:00:00+00,2026-09-21 12:36:10.142818+00,60694a33-64df-4703-bb1f-20bc3948e683,
be876a33-d7c0-4e02-8380-c51b35ca0220,928e1185-3903-4639-bd6e-0fe5d4e1bd5e,8090e173-233a-4c47-9778-d4fe6f272e43,6ff17eb7-5c04-40ff-83f8-043b4cb1c45c,AST-IT-PC-00192,ITPC-535913,Lenovo,ThinkCentre M70q,"{""cpu"": ""i7-10700"", ""ram_gb"": 32, ""storage_gb"": 256}",good,active,2022-02-19,17000.00,2025-12-31 12:36:10.142818+00,high,"[{""code"": ""age_near_or_past_useful_life"", ""detail"": ""92% of expected life consumed"", ""weight"": 0.30}, {""code"": ""maintenance_overdue"", ""detail"": ""264 days overdue"", ""weight"": 0.30}, {""code"": ""no_active_warranty"", ""detail"": ""no warranty currently covers this asset"", ""weight"": 0.05}, {""code"": ""score"", ""detail"": ""baseline_rules v1.0.0, horizon 30 days"", ""weight"": 0.650}]",,,2022-02-26 00:00:00+00,2026-09-21 12:36:10.142818+00,60694a33-64df-4703-bb1f-20bc3948e683,
664b8874-680a-4a42-bcca-60369d3b4d1d,928e1185-3903-4639-bd6e-0fe5d4e1bd5e,418ec156-f12e-4b21-8e3c-9546e326d2f3,1c4df881-cca6-49a3-9b2e-6a87a781ef63,AST-IT-PC-00168,ITPC-286647,Acer,Veriton X2680,"{""cpu"": ""i5-11400"", ""ram_gb"": 8, ""storage_gb"": 256}",good,active,2026-02-14,21000.00,2027-03-11 00:00:00+00,low,"[{""code"": ""score"", ""detail"": ""baseline_rules v1.0.0, horizon 30 days"", ""weight"": 0.000}]",,,2026-02-21 00:00:00+00,2026-09-21 12:36:10.142818+00,60694a33-64df-4703-bb1f-20bc3948e683,
e831ff11-fd59-4d48-b375-c4e0f4c5617a,928e1185-3903-4639-bd6e-0fe5d4e1bd5e,ed0c4695-23ba-41bb-bb52-4fc110fc0fde,1c4df881-cca6-49a3-9b2e-6a87a781ef63,AST-IT-PC-00144,ITPC-927489,Asus,ExpertCenter D500,"{""cpu"": ""i5-11400"", ""ram_gb"": 16, ""storage_gb"": 256}",fair,active,2025-10-02,18600.00,2026-04-30 00:00:00+00,medium,"[{""code"": ""maintenance_overdue"", ""detail"": ""145 days overdue"", ""weight"": 0.30}, {""code"": ""score"", ""detail"": ""baseline_rules v1.0.0, horizon 30 days"", ""weight"": 0.300}]",,,2025-10-09 00:00:00+00,2026-09-21 12:36:10.142818+00,60694a33-64df-4703-bb1f-20bc3948e683,
09691387-05cc-4ad0-ac05-f45203433926,928e1185-3903-4639-bd6e-0fe5d4e1bd5e,b685a49b-8c4c-437f-9738-80d6a2ab8af5,8703fd82-ea7e-461c-bacc-18cd5a7c3d3b,AST-IT-PC-00120,ITPC-117381,HP,ProDesk 600 G6,"{""cpu"": ""i7-10700"", ""ram_gb"": 16, ""storage_gb"": 512}",fair,active,2022-01-23,17800.00,2026-12-24 12:36:10.142818+00,medium,"[{""code"": ""age_near_or_past_useful_life"", ""detail"": ""93% of expected life consumed"", ""weight"": 0.30}, {""code"": ""no_active_warranty"", ""detail"": ""no warranty currently covers this asset"", ""weight"": 0.05}, {""code"": ""score"", ""detail"": ""baseline_rules v1.0.0, horizon 30 days"", ""weight"": 0.350}]",,,2022-01-30 00:00:00+00,2026-09-21 12:36:10.142818+00,60694a33-64df-4703-bb1f-20bc3948e683,
7373faf9-f1ab-4151-8d65-0131be6b082b,928e1185-3903-4639-bd6e-0fe5d4e1bd5e,226f67de-eecb-4041-b2fd-00c436b1b82f,1c4df881-cca6-49a3-9b2e-6a87a781ef63,AST-IT-PC-00072,ITPC-665590,Lenovo,ThinkCentre M70q,"{""cpu"": ""i5-10500"", ""ram_gb"": 8, ""storage_gb"": 256}",good,active,2025-11-21,19400.00,2026-12-16 00:00:00+00,low,"[{""code"": ""score"", ""detail"": ""baseline_rules v1.0.0, horizon 30 days"", ""weight"": 0.000}]",,,2025-11-28 00:00:00+00,2026-09-21 12:36:10.142818+00,60694a33-64df-4703-bb1f-20bc3948e683,
561b6196-43a5-4372-8f1d-d4a03781a5a2,928e1185-3903-4639-bd6e-0fe5d4e1bd5e,0ea1b587-0390-4fcf-a4cd-e82e2caef624,8703fd82-ea7e-461c-bacc-18cd5a7c3d3b,AST-IT-PC-00048,ITPC-222163,Acer,Veriton X2680,"{""cpu"": ""i5-10500"", ""ram_gb"": 16, ""storage_gb"": 1024}",good,active,2020-06-22,19400.00,2026-12-30 12:36:10.142818+00,medium,"[{""code"": ""age_near_or_past_useful_life"", ""detail"": ""125% of expected life consumed"", ""weight"": 0.30}, {""code"": ""no_active_warranty"", ""detail"": ""no warranty currently covers this asset"", ""weight"": 0.05}, {""code"": ""score"", ""detail"": ""baseline_rules v1.0.0, horizon 30 days"", ""weight"": 0.350}]",,,2020-06-29 00:00:00+00,2026-09-21 12:36:10.142818+00,60694a33-64df-4703-bb1f-20bc3948e683,
046e7a1f-65e3-4413-a967-02db1733f3c9,928e1185-3903-4639-bd6e-0fe5d4e1bd5e,8090e173-233a-4c47-9778-d4fe6f272e43,6ff17eb7-5c04-40ff-83f8-043b4cb1c45c,AST-IT-PC-00024,ITPC-457977,Asus,ExpertCenter D500,"{""cpu"": ""i5-10500"", ""ram_gb"": 16, ""storage_gb"": 256}",new,active,2020-06-01,20200.00,2026-04-10 12:36:10.142818+00,high,"[{""code"": ""age_near_or_past_useful_life"", ""detail"": ""126% of expected life consumed"", ""weight"": 0.30}, {""code"": ""maintenance_overdue"", ""detail"": ""164 days overdue"", ""weight"": 0.30}, {""code"": ""no_active_warranty"", ""detail"": ""no warranty currently covers this asset"", ""weight"": 0.05}, {""code"": ""score"", ""detail"": ""baseline_rules v1.0.0, horizon 30 days"", ""weight"": 0.650}]",,,2020-06-08 00:00:00+00,2026-09-21 12:36:10.142818+00,60694a33-64df-4703-bb1f-20bc3948e683,
8d80a20f-fff3-4b6e-b62c-e0e4380099f0,928e1185-3903-4639-bd6e-0fe5d4e1bd5e,75741c19-7bc5-4f13-8bcd-5543dbab11a6,05d038a0-b4a2-40fb-9ac6-eecfcf9cda47,AST-IT-PC-00409,ITPC-899594,Asus,ExpertCenter D500,"{""cpu"": ""i7-10700"", ""ram_gb"": 32, ""storage_gb"": 256}",failed,active,2023-11-11,17800.00,2027-02-05 12:36:10.142818+00,high,"[{""code"": ""high_downtime"", ""detail"": ""32 hours of downtime in 12 months"", ""weight"": 0.10}, {""code"": ""condition_failed"", ""detail"": ""condition reported as failed"", ""weight"": 0.30}, {""code"": ""no_active_warranty"", ""detail"": ""no warranty currently covers this asset"", ""weight"": 0.05}, {""code"": ""score"", ""detail"": ""baseline_rules v1.0.0, horizon 30 days"", ""weight"": 0.450}]",,,2023-11-18 00:00:00+00,2026-09-21 12:36:10.142818+00,60694a33-64df-4703-bb1f-20bc3948e683,
4c087f81-dfb3-4e3c-9ba1-8c19d03d83fa,928e1185-3903-4639-bd6e-0fe5d4e1bd5e,931086a7-6352-430d-894b-6363e4ac4388,750c04a5-63c4-42c6-a7c4-b3aa1de4eebf,AST-IT-PC-00361,ITPC-362898,Dell,OptiPlex 7090,"{""cpu"": ""i5-11400"", ""ram_gb"": 16, ""storage_gb"": 1024}",good,active,2020-03-04,17000.00,2026-11-03 12:36:10.142818+00,medium,"[{""code"": ""age_near_or_past_useful_life"", ""detail"": ""131% of expected life consumed"", ""weight"": 0.30}, {""code"": ""no_active_warranty"", ""detail"": ""no warranty currently covers this asset"", ""weight"": 0.05}, {""code"": ""score"", ""detail"": ""baseline_rules v1.0.0, horizon 30 days"", ""weight"": 0.350}]",,,2020-03-11 00:00:00+00,2026-09-21 12:36:10.142818+00,60694a33-64df-4703-bb1f-20bc3948e683,
44d5410e-1a30-4e0c-b328-29cc18a1a9b4,928e1185-3903-4639-bd6e-0fe5d4e1bd5e,824bea60-5daa-4553-8a8a-d2d710545d90,05d038a0-b4a2-40fb-9ac6-eecfcf9cda47,AST-IT-PC-00337,ITPC-585847,Lenovo,ThinkCentre M70q,"{""cpu"": ""i5-11400"", ""ram_gb"": 32, ""storage_gb"": 1024}",good,lost,2021-10-04,17000.00,2027-01-10 12:36:10.142818+00,medium,"[{""code"": ""age_near_or_past_useful_life"", ""detail"": ""99% of expected life consumed"", ""weight"": 0.30}, {""code"": ""no_active_warranty"", ""detail"": ""no warranty currently covers this asset"", ""weight"": 0.05}, {""code"": ""score"", ""detail"": ""baseline_rules v1.0.0, horizon 30 days"", ""weight"": 0.350}]",,,2021-10-11 00:00:00+00,2026-09-21 12:36:10.142818+00,60694a33-64df-4703-bb1f-20bc3948e683,
6abcea14-9916-49c8-8c5f-9d530057e78e,928e1185-3903-4639-bd6e-0fe5d4e1bd5e,fdf5ec3c-73f4-4613-932b-6e5cd1d028e1,750c04a5-63c4-42c6-a7c4-b3aa1de4eebf,AST-IT-PC-00289,ITPC-588636,Asus,ExpertCenter D500,"{""cpu"": ""i7-10700"", ""ram_gb"": 32, ""storage_gb"": 512}",fair,active,2023-11-02,17800.00,2026-07-03 12:36:10.142818+00,medium,"[{""code"": ""maintenance_overdue"", ""detail"": ""80 days overdue"", ""weight"": 0.30}, {""code"": ""warranty_expiring"", ""detail"": ""41 days of warranty cover left"", ""weight"": 0.05}, {""code"": ""score"", ""detail"": ""baseline_rules v1.0.0, horizon 30 days"", ""weight"": 0.350}]",,,2023-11-09 00:00:00+00,2026-09-21 12:36:10.142818+00,60694a33-64df-4703-bb1f-20bc3948e683,
8f165b3a-d1cc-4a8e-817d-8e846fdaad52,928e1185-3903-4639-bd6e-0fe5d4e1bd5e,6be6af1f-cc41-4d06-a82f-74acaf9fff13,05d038a0-b4a2-40fb-9ac6-eecfcf9cda47,AST-IT-PC-00265,ITPC-342745,HP,ProDesk 600 G6,"{""cpu"": ""i5-11400"", ""ram_gb"": 16, ""storage_gb"": 1024}",new,active,2025-01-24,21800.00,2027-02-13 00:00:00+00,low,"[{""code"": ""no_active_warranty"", ""detail"": ""no warranty currently covers this asset"", ""weight"": 0.05}, {""code"": ""score"", ""detail"": ""baseline_rules v1.0.0, horizon 30 days"", ""weight"": 0.050}]",,,2025-01-31 00:00:00+00,2026-09-21 12:36:10.142818+00,60694a33-64df-4703-bb1f-20bc3948e683,
2d1c76b0-0687-4ae5-89f0-c1602947204e,928e1185-3903-4639-bd6e-0fe5d4e1bd5e,75741c19-7bc5-4f13-8bcd-5543dbab11a6,05d038a0-b4a2-40fb-9ac6-eecfcf9cda47,AST-IT-PC-00241,ITPC-171704,Dell,OptiPlex 7090,"{""cpu"": ""i5-11400"", ""ram_gb"": 8, ""storage_gb"": 256}",good,active,2021-04-26,19400.00,2026-06-18 12:36:10.142818+00,high,"[{""code"": ""age_near_or_past_useful_life"", ""detail"": ""108% of expected life consumed"", ""weight"": 0.30}, {""code"": ""maintenance_overdue"", ""detail"": ""95 days overdue"", ""weight"": 0.30}, {""code"": ""no_active_warranty"", ""detail"": ""no warranty currently covers this asset"", ""weight"": 0.05}, {""code"": ""score"", ""detail"": ""baseline_rules v1.0.0, horizon 30 days"", ""weight"": 0.650}]",,,2021-05-03 00:00:00+00,2026-09-21 12:36:10.142818+00,60694a33-64df-4703-bb1f-20bc3948e683,
3bccdcad-d3c7-4a4e-bf83-b90afbc63449,928e1185-3903-4639-bd6e-0fe5d4e1bd5e,d640dd11-70ae-4fdc-af12-97b61c1003e1,176f3f16-3ab1-409e-8c10-9631bea0edcc,AST-IT-PC-00217,ITPC-714843,Lenovo,ThinkCentre M70q,"{""cpu"": ""i7-10700"", ""ram_gb"": 32, ""storage_gb"": 256}",good,active,2020-12-09,17800.00,2027-01-07 12:36:10.142818+00,medium,"[{""code"": ""age_near_or_past_useful_life"", ""detail"": ""116% of expected life consumed"", ""weight"": 0.30}, {""code"": ""no_active_warranty"", ""detail"": ""no warranty currently covers this asset"", ""weight"": 0.05}, {""code"": ""score"", ""detail"": ""baseline_rules v1.0.0, horizon 30 days"", ""weight"": 0.350}]",,,2020-12-16 00:00:00+00,2026-09-21 12:36:10.142818+00,60694a33-64df-4703-bb1f-20bc3948e683,
7e1a72c9-0412-4452-8066-422c8804ca1e,928e1185-3903-4639-bd6e-0fe5d4e1bd5e,824bea60-5daa-4553-8a8a-d2d710545d90,05d038a0-b4a2-40fb-9ac6-eecfcf9cda47,AST-IT-PC-00169,ITPC-621063,Asus,ExpertCenter D500,"{""cpu"": ""i5-10500"", ""ram_gb"": 16, ""storage_gb"": 1024}",poor,active,2022-07-06,19400.00,2026-05-22 12:36:10.142818+00,critical,"[{""code"": ""age_high"", ""detail"": ""84% of expected life consumed"", ""weight"": 0.15}, {""code"": ""maintenance_overdue"", ""detail"": ""122 days overdue"", ""weight"": 0.30}, {""code"": ""repeat_failure"", ""detail"": ""2 corrective jobs in 12 months"", ""weight"": 0.12}, {""code"": ""high_downtime"", ""detail"": ""44 hours of downtime in 12 months"", ""weight"": 0.10}, {""code"": ""condition_poor"", ""detail"": ""condition reported as poor"", ""weight"": 0.15}, {""code"": ""no_active_warranty"", ""detail"": ""no warranty currently covers this asset"", ""weight"": 0.05}, {""code"": ""score"", ""detail"": ""baseline_rules v1.0.0, horizon 30 days"", ""weight"": 0.870}]",,,2022-07-13 00:00:00+00,2026-09-21 12:36:10.142818+00,60694a33-64df-4703-bb1f-20bc3948e683,
0f4c7a75-2d96-4616-b8bc-9f44e09bbaed,928e1185-3903-4639-bd6e-0fe5d4e1bd5e,faabc42b-93b2-4e8b-9e4d-2abd46f82d9c,176f3f16-3ab1-409e-8c10-9631bea0edcc,AST-IT-PC-00145,ITPC-941318,HP,ProDesk 600 G6,"{""cpu"": ""i7-10700"", ""ram_gb"": 8, ""storage_gb"": 1024}",new,active,2019-10-26,21000.00,2026-08-04 12:36:10.142818+00,high,"[{""code"": ""age_near_or_past_useful_life"", ""detail"": ""138% of expected life consumed"", ""weight"": 0.30}, {""code"": ""maintenance_overdue"", ""detail"": ""48 days overdue"", ""weight"": 0.30}, {""code"": ""no_active_warranty"", ""detail"": ""no warranty currently covers this asset"", ""weight"": 0.05}, {""code"": ""score"", ""detail"": ""baseline_rules v1.0.0, horizon 30 days"", ""weight"": 0.650}]",,,2019-11-02 00:00:00+00,2026-09-21 12:36:10.142818+00,60694a33-64df-4703-bb1f-20bc3948e683,
4320081c-3fba-4448-ba6f-8203202b5727,928e1185-3903-4639-bd6e-0fe5d4e1bd5e,fdf5ec3c-73f4-4613-932b-6e5cd1d028e1,750c04a5-63c4-42c6-a7c4-b3aa1de4eebf,AST-IT-PC-00121,ITPC-666171,Dell,OptiPlex 7090,"{""cpu"": ""i5-11400"", ""ram_gb"": 8, ""storage_gb"": 256}",new,active,2024-04-17,22600.00,2026-11-03 00:00:00+00,low,"[{""code"": ""no_active_warranty"", ""detail"": ""no warranty currently covers this asset"", ""weight"": 0.05}, {""code"": ""score"", ""detail"": ""baseline_rules v1.0.0, horizon 30 days"", ""weight"": 0.050}]",,,2024-04-24 00:00:00+00,2026-09-21 12:36:10.142818+00,60694a33-64df-4703-bb1f-20bc3948e683,
28779917-20e7-4f6a-95be-2d2ba4e8ca04,928e1185-3903-4639-bd6e-0fe5d4e1bd5e,a6ec99b6-0c5e-460f-9bcc-b385a07737c1,8703fd82-ea7e-461c-bacc-18cd5a7c3d3b,AST-IT-PC-00002,ITPC-269784,Lenovo,ThinkCentre M70q,"{""cpu"": ""i5-10500"", ""ram_gb"": 16, ""storage_gb"": 512}",good,active,2021-01-07,17000.00,2026-12-24 12:36:10.142818+00,medium,"[{""code"": ""age_near_or_past_useful_life"", ""detail"": ""114% of expected life consumed"", ""weight"": 0.30}, {""code"": ""no_active_warranty"", ""detail"": ""no warranty currently covers this asset"", ""weight"": 0.05}, {""code"": ""score"", ""detail"": ""baseline_rules v1.0.0, horizon 30 days"", ""weight"": 0.350}]",,,2021-01-14 00:00:00+00,2026-09-21 12:36:10.142818+00,60694a33-64df-4703-bb1f-20bc3948e683,
b101094c-418f-4377-a230-d1b6020a074b,928e1185-3903-4639-bd6e-0fe5d4e1bd5e,6be6af1f-cc41-4d06-a82f-74acaf9fff13,05d038a0-b4a2-40fb-9ac6-eecfcf9cda47,AST-IT-PC-00097,ITPC-702756,Lenovo,ThinkCentre M70q,"{""cpu"": ""i5-11400"", ""ram_gb"": 32, ""storage_gb"": 512}",good,active,2022-10-11,21000.00,2026-10-01 12:36:10.142818+00,high,"[{""code"": ""age_high"", ""detail"": ""79% of expected life consumed"", ""weight"": 0.15}, {""code"": ""maintenance_due_within_horizon"", ""detail"": ""10 days to next service"", ""weight"": 0.15}, {""code"": ""high_downtime"", ""detail"": ""23 hours of downtime in 12 months"", ""weight"": 0.10}, {""code"": ""no_active_warranty"", ""detail"": ""no warranty currently covers this asset"", ""weight"": 0.05}, {""code"": ""score"", ""detail"": ""baseline_rules v1.0.0, horizon 30 days"", ""weight"": 0.450}]",,,2022-10-18 00:00:00+00,2026-09-21 12:36:10.142818+00,60694a33-64df-4703-bb1f-20bc3948e683,
a1a32904-9882-4681-98af-9806952232f2,928e1185-3903-4639-bd6e-0fe5d4e1bd5e,75741c19-7bc5-4f13-8bcd-5543dbab11a6,05d038a0-b4a2-40fb-9ac6-eecfcf9cda47,AST-IT-PC-00073,ITPC-121056,Acer,Veriton X2680,"{""cpu"": ""i5-11400"", ""ram_gb"": 16, ""storage_gb"": 512}",good,active,2021-03-30,21000.00,2027-01-21 12:36:10.142818+00,medium,"[{""code"": ""age_near_or_past_useful_life"", ""detail"": ""110% of expected life consumed"", ""weight"": 0.30}, {""code"": ""no_active_warranty"", ""detail"": ""no warranty currently covers this asset"", ""weight"": 0.05}, {""code"": ""score"", ""detail"": ""baseline_rules v1.0.0, horizon 30 days"", ""weight"": 0.350}]",,,2021-04-06 00:00:00+00,2026-09-21 12:36:10.142818+00,60694a33-64df-4703-bb1f-20bc3948e683,
a084f3fb-5e03-4411-8766-3b435a234963,928e1185-3903-4639-bd6e-0fe5d4e1bd5e,931086a7-6352-430d-894b-6363e4ac4388,750c04a5-63c4-42c6-a7c4-b3aa1de4eebf,AST-IT-PC-00025,ITPC-193253,HP,ProDesk 600 G6,"{""cpu"": ""i5-10500"", ""ram_gb"": 8, ""storage_gb"": 1024}",good,active,2024-08-19,21800.00,2027-03-07 00:00:00+00,low,"[{""code"": ""score"", ""detail"": ""baseline_rules v1.0.0, horizon 30 days"", ""weight"": 0.000}]",,,2024-08-26 00:00:00+00,2026-09-21 12:36:10.142818+00,60694a33-64df-4703-bb1f-20bc3948e683,
662ca9de-7142-4aa3-a70f-9dd08da5988e,928e1185-3903-4639-bd6e-0fe5d4e1bd5e,32c3a1d1-37ba-4b9c-9c41-80de762168b5,6ff17eb7-5c04-40ff-83f8-043b4cb1c45c,AST-IT-PC-00386,ITPC-549349,Dell,OptiPlex 7090,"{""cpu"": ""i5-11400"", ""ram_gb"": 8, ""storage_gb"": 1024}",fair,active,2025-11-23,18600.00,2026-12-18 00:00:00+00,low,"[{""code"": ""score"", ""detail"": ""baseline_rules v1.0.0, horizon 30 days"", ""weight"": 0.000}]",,,2025-11-30 00:00:00+00,2026-09-21 12:36:10.142818+00,60694a33-64df-4703-bb1f-20bc3948e683,
20efad78-2835-4974-9408-2a257bb2d775,928e1185-3903-4639-bd6e-0fe5d4e1bd5e,01ff8df6-208a-40fd-bc27-a79a4733d467,1c4df881-cca6-49a3-9b2e-6a87a781ef63,AST-IT-PC-00362,ITPC-110183,Lenovo,ThinkCentre M70q,"{""cpu"": ""i7-10700"", ""ram_gb"": 16, ""storage_gb"": 1024}",good,active,2022-09-15,17800.00,2027-01-12 12:36:10.142818+00,medium,"[{""code"": ""age_high"", ""detail"": ""80% of expected life consumed"", ""weight"": 0.15}, {""code"": ""no_active_warranty"", ""detail"": ""no warranty currently covers this asset"", ""weight"": 0.05}, {""code"": ""score"", ""detail"": ""baseline_rules v1.0.0, horizon 30 days"", ""weight"": 0.200}]",,,2022-09-22 00:00:00+00,2026-09-21 12:36:10.142818+00,60694a33-64df-4703-bb1f-20bc3948e683,
9bacb1c9-e19c-438c-8fd6-ee6cbc6ff974,928e1185-3903-4639-bd6e-0fe5d4e1bd5e,a6ec99b6-0c5e-460f-9bcc-b385a07737c1,8703fd82-ea7e-461c-bacc-18cd5a7c3d3b,AST-IT-PC-00338,ITPC-115700,Acer,Veriton X2680,"{""cpu"": ""i5-10500"", ""ram_gb"": 8, ""storage_gb"": 256}",good,active,2023-01-31,17000.00,2026-06-21 12:36:10.142818+00,high,"[{""code"": ""age_high"", ""detail"": ""73% of expected life consumed"", ""weight"": 0.15}, {""code"": ""maintenance_overdue"", ""detail"": ""92 days overdue"", ""weight"": 0.30}, {""code"": ""no_active_warranty"", ""detail"": ""no warranty currently covers this asset"", ""weight"": 0.05}, {""code"": ""score"", ""detail"": ""baseline_rules v1.0.0, horizon 30 days"", ""weight"": 0.500}]",,,2023-02-07 00:00:00+00,2026-09-21 12:36:10.142818+00,60694a33-64df-4703-bb1f-20bc3948e683,
8218ff11-2182-44fe-97fb-972bf96abc6a,928e1185-3903-4639-bd6e-0fe5d4e1bd5e,85499f3b-df0c-46e7-b412-0e86014d2d23,8703fd82-ea7e-461c-bacc-18cd5a7c3d3b,AST-IT-PC-00314,ITPC-590274,Asus,ExpertCenter D500,"{""cpu"": ""i7-10700"", ""ram_gb"": 32, ""storage_gb"": 512}",good,active,2020-05-19,23400.00,2027-03-15 12:36:10.142818+00,medium,"[{""code"": ""age_near_or_past_useful_life"", ""detail"": ""127% of expected life consumed"", ""weight"": 0.30}, {""code"": ""no_active_warranty"", ""detail"": ""no warranty currently covers this asset"", ""weight"": 0.05}, {""code"": ""score"", ""detail"": ""baseline_rules v1.0.0, horizon 30 days"", ""weight"": 0.350}]",,,2020-05-26 00:00:00+00,2026-09-21 12:36:10.142818+00,60694a33-64df-4703-bb1f-20bc3948e683,
d68a19fd-c928-40aa-ab25-abf7a730da4d,928e1185-3903-4639-bd6e-0fe5d4e1bd5e,aee1dad1-5904-4a33-8893-b1744b8c9818,6ff17eb7-5c04-40ff-83f8-043b4cb1c45c,AST-IT-PC-00290,ITPC-251151,HP,ProDesk 600 G6,"{""cpu"": ""i5-11400"", ""ram_gb"": 16, ""storage_gb"": 512}",good,active,2021-05-30,19400.00,2027-01-12 12:36:10.142818+00,medium,"[{""code"": ""age_near_or_past_useful_life"", ""detail"": ""106% of expected life consumed"", ""weight"": 0.30}, {""code"": ""no_active_warranty"", ""detail"": ""no warranty currently covers this asset"", ""weight"": 0.05}, {""code"": ""score"", ""detail"": ""baseline_rules v1.0.0, horizon 30 days"", ""weight"": 0.350}]",,,2021-06-06 00:00:00+00,2026-09-21 12:36:10.142818+00,60694a33-64df-4703-bb1f-20bc3948e683,
a98f5bd9-7dda-4b45-9c3b-6e19a7e9727f,928e1185-3903-4639-bd6e-0fe5d4e1bd5e,8f91eff9-f399-4920-bb43-f748de8dba53,1c4df881-cca6-49a3-9b2e-6a87a781ef63,AST-IT-PC-00266,ITPC-679576,Dell,OptiPlex 7090,"{""cpu"": ""i7-10700"", ""ram_gb"": 8, ""storage_gb"": 1024}",good,active,2026-03-08,22600.00,2026-10-04 00:00:00+00,low,"[{""code"": ""maintenance_due_within_horizon"", ""detail"": ""12 days to next service"", ""weight"": 0.15}, {""code"": ""score"", ""detail"": ""baseline_rules v1.0.0, horizon 30 days"", ""weight"": 0.150}]",,,2026-03-15 00:00:00+00,2026-09-21 12:36:10.142818+00,60694a33-64df-4703-bb1f-20bc3948e683,
e7d405e4-db4a-468d-8264-5e58464095a6,928e1185-3903-4639-bd6e-0fe5d4e1bd5e,df3d8ea3-3aa6-4212-a736-6a16b4ecb804,8703fd82-ea7e-461c-bacc-18cd5a7c3d3b,AST-IT-PC-00242,ITPC-573690,Lenovo,ThinkCentre M70q,"{""cpu"": ""i7-10700"", ""ram_gb"": 16, ""storage_gb"": 512}",new,active,2025-02-22,21800.00,2026-09-15 00:00:00+00,medium,"[{""code"": ""maintenance_overdue"", ""detail"": ""7 days overdue"", ""weight"": 0.30}, {""code"": ""no_active_warranty"", ""detail"": ""no warranty currently covers this asset"", ""weight"": 0.05}, {""code"": ""score"", ""detail"": ""baseline_rules v1.0.0, horizon 30 days"", ""weight"": 0.350}]",,,2025-03-01 00:00:00+00,2026-09-21 12:36:10.142818+00,60694a33-64df-4703-bb1f-20bc3948e683,
2d5bc2c7-dc50-40fc-913c-4556668916c1,928e1185-3903-4639-bd6e-0fe5d4e1bd5e,32c3a1d1-37ba-4b9c-9c41-80de762168b5,6ff17eb7-5c04-40ff-83f8-043b4cb1c45c,AST-IT-PC-00218,ITPC-505885,Acer,Veriton X2680,"{""cpu"": ""i5-11400"", ""ram_gb"": 32, ""storage_gb"": 256}",good,active,2024-07-04,19400.00,2027-01-20 00:00:00+00,low,"[{""code"": ""score"", ""detail"": ""baseline_rules v1.0.0, horizon 30 days"", ""weight"": 0.000}]",,,2024-07-11 00:00:00+00,2026-09-21 12:36:10.142818+00,60694a33-64df-4703-bb1f-20bc3948e683,
2a95c80e-f99c-46f6-aefc-13b07447e4f2,928e1185-3903-4639-bd6e-0fe5d4e1bd5e,a6ec99b6-0c5e-460f-9bcc-b385a07737c1,8703fd82-ea7e-461c-bacc-18cd5a7c3d3b,AST-IT-PC-00170,ITPC-320170,HP,ProDesk 600 G6,"{""cpu"": ""i5-11400"", ""ram_gb"": 32, ""storage_gb"": 256}",fair,active,2023-07-15,17800.00,2026-11-09 12:36:10.142818+00,low,"[{""code"": ""no_active_warranty"", ""detail"": ""no warranty currently covers this asset"", ""weight"": 0.05}, {""code"": ""score"", ""detail"": ""baseline_rules v1.0.0, horizon 30 days"", ""weight"": 0.050}]",,,2023-07-22 00:00:00+00,2026-09-21 12:36:10.142818+00,60694a33-64df-4703-bb1f-20bc3948e683,
0a7c5b3a-78e2-4724-871a-63afc7e4a8c7,928e1185-3903-4639-bd6e-0fe5d4e1bd5e,85499f3b-df0c-46e7-b412-0e86014d2d23,8703fd82-ea7e-461c-bacc-18cd5a7c3d3b,AST-IT-PC-00146,ITPC-215766,Dell,OptiPlex 7090,"{""cpu"": ""i5-11400"", ""ram_gb"": 8, ""storage_gb"": 1024}",good,active,2022-05-08,20200.00,2027-01-03 12:36:10.142818+00,medium,"[{""code"": ""age_high"", ""detail"": ""87% of expected life consumed"", ""weight"": 0.15}, {""code"": ""no_active_warranty"", ""detail"": ""no warranty currently covers this asset"", ""weight"": 0.05}, {""code"": ""score"", ""detail"": ""baseline_rules v1.0.0, horizon 30 days"", ""weight"": 0.200}]",,,2022-05-15 00:00:00+00,2026-09-21 12:36:10.142818+00,60694a33-64df-4703-bb1f-20bc3948e683,
5a891d65-f24d-4ecd-8ec3-bacb20cebf3c,928e1185-3903-4639-bd6e-0fe5d4e1bd5e,8f91eff9-f399-4920-bb43-f748de8dba53,1c4df881-cca6-49a3-9b2e-6a87a781ef63,AST-IT-PC-00098,ITPC-747921,Acer,Veriton X2680,"{""cpu"": ""i7-10700"", ""ram_gb"": 8, ""storage_gb"": 512}",good,active,2021-07-30,18600.00,2027-02-20 12:36:10.142818+00,medium,"[{""code"": ""age_near_or_past_useful_life"", ""detail"": ""103% of expected life consumed"", ""weight"": 0.30}, {""code"": ""no_active_warranty"", ""detail"": ""no warranty currently covers this asset"", ""weight"": 0.05}, {""code"": ""score"", ""detail"": ""baseline_rules v1.0.0, horizon 30 days"", ""weight"": 0.350}]",,,2021-08-06 00:00:00+00,2026-09-21 12:36:10.142818+00,60694a33-64df-4703-bb1f-20bc3948e683,
05ed6964-c513-46be-acb0-31ad366bf96f,928e1185-3903-4639-bd6e-0fe5d4e1bd5e,5bac9e47-d100-44c8-b570-0db31ea21fad,05d038a0-b4a2-40fb-9ac6-eecfcf9cda47,AST-IT-PC-00387,ITPC-947619,Lenovo,ThinkCentre M70q,"{""cpu"": ""i7-10700"", ""ram_gb"": 16, ""storage_gb"": 512}",good,active,2022-03-01,19400.00,2026-04-21 12:36:10.142818+00,high,"[{""code"": ""age_near_or_past_useful_life"", ""detail"": ""91% of expected life consumed"", ""weight"": 0.30}, {""code"": ""maintenance_overdue"", ""detail"": ""153 days overdue"", ""weight"": 0.30}, {""code"": ""no_active_warranty"", ""detail"": ""no warranty currently covers this asset"", ""weight"": 0.05}, {""code"": ""score"", ""detail"": ""baseline_rules v1.0.0, horizon 30 days"", ""weight"": 0.650}]",,,2022-03-08 00:00:00+00,2026-09-21 12:36:10.142818+00,60694a33-64df-4703-bb1f-20bc3948e683,
b37a6175-04d5-462d-8b1b-a4b431b06968,928e1185-3903-4639-bd6e-0fe5d4e1bd5e,3288eed1-6ae3-45da-acb7-12c603a5bfed,05d038a0-b4a2-40fb-9ac6-eecfcf9cda47,AST-IT-PC-00363,ITPC-157195,Acer,Veriton X2680,"{""cpu"": ""i5-10500"", ""ram_gb"": 16, ""storage_gb"": 512}",fair,active,2022-05-31,18600.00,2026-12-13 12:36:10.142818+00,medium,"[{""code"": ""age_high"", ""detail"": ""86% of expected life consumed"", ""weight"": 0.15}, {""code"": ""no_active_warranty"", ""detail"": ""no warranty currently covers this asset"", ""weight"": 0.05}, {""code"": ""score"", ""detail"": ""baseline_rules v1.0.0, horizon 30 days"", ""weight"": 0.200}]",,,2022-06-07 00:00:00+00,2026-09-21 12:36:10.142818+00,60694a33-64df-4703-bb1f-20bc3948e683,
b24849d9-bc6f-4bae-868b-f55f389756b7,928e1185-3903-4639-bd6e-0fe5d4e1bd5e,87c202bd-5d44-4042-accc-214381d58ab5,05d038a0-b4a2-40fb-9ac6-eecfcf9cda47,AST-IT-PC-00291,ITPC-636999,Dell,OptiPlex 7090,"{""cpu"": ""i5-10500"", ""ram_gb"": 32, ""storage_gb"": 1024}",good,active,2023-12-21,18600.00,2027-01-04 00:00:00+00,low,"[{""code"": ""no_active_warranty"", ""detail"": ""no warranty currently covers this asset"", ""weight"": 0.05}, {""code"": ""score"", ""detail"": ""baseline_rules v1.0.0, horizon 30 days"", ""weight"": 0.050}]",,,2023-12-28 00:00:00+00,2026-09-21 12:36:10.142818+00,60694a33-64df-4703-bb1f-20bc3948e683,
2789c348-fa0b-4242-8789-eb9d461f7c3b,928e1185-3903-4639-bd6e-0fe5d4e1bd5e,73fdb59c-ac31-400e-bf53-3b4e19b20c10,176f3f16-3ab1-409e-8c10-9631bea0edcc,AST-IT-PC-00267,ITPC-541468,Lenovo,ThinkCentre M70q,"{""cpu"": ""i5-11400"", ""ram_gb"": 16, ""storage_gb"": 1024}",good,active,2024-04-28,21800.00,2026-11-14 00:00:00+00,low,"[{""code"": ""score"", ""detail"": ""baseline_rules v1.0.0, horizon 30 days"", ""weight"": 0.000}]",,,2024-05-05 00:00:00+00,2026-09-21 12:36:10.142818+00,60694a33-64df-4703-bb1f-20bc3948e683,
6eb806c5-b66e-4d9e-9af2-dbae5444253e,928e1185-3903-4639-bd6e-0fe5d4e1bd5e,2d3df51d-7064-4e69-9149-61bba0212bb9,176f3f16-3ab1-409e-8c10-9631bea0edcc,AST-IT-PC-00171,ITPC-360742,Dell,OptiPlex 7090,"{""cpu"": ""i5-10500"", ""ram_gb"": 32, ""storage_gb"": 1024}",new,active,2021-09-19,23400.00,2027-01-03 12:36:10.142818+00,medium,"[{""code"": ""age_near_or_past_useful_life"", ""detail"": ""100% of expected life consumed"", ""weight"": 0.30}, {""code"": ""no_active_warranty"", ""detail"": ""no warranty currently covers this asset"", ""weight"": 0.05}, {""code"": ""score"", ""detail"": ""baseline_rules v1.0.0, horizon 30 days"", ""weight"": 0.350}]",,,2021-09-26 00:00:00+00,2026-09-21 12:36:10.142818+00,60694a33-64df-4703-bb1f-20bc3948e683,
ebe2d980-d775-4914-ae93-41bdbc59b29f,928e1185-3903-4639-bd6e-0fe5d4e1bd5e,b82c31fb-e089-421b-a0d9-9c5e117bb57f,750c04a5-63c4-42c6-a7c4-b3aa1de4eebf,AST-IT-PC-00147,ITPC-373433,Lenovo,ThinkCentre M70q,"{""cpu"": ""i7-10700"", ""ram_gb"": 16, ""storage_gb"": 256}",fair,active,2022-04-29,21800.00,2026-11-19 12:36:10.142818+00,medium,"[{""code"": ""age_high"", ""detail"": ""88% of expected life consumed"", ""weight"": 0.15}, {""code"": ""no_active_warranty"", ""detail"": ""no warranty currently covers this asset"", ""weight"": 0.05}, {""code"": ""score"", ""detail"": ""baseline_rules v1.0.0, horizon 30 days"", ""weight"": 0.200}]",,,2022-05-06 00:00:00+00,2026-09-21 12:36:10.142818+00,60694a33-64df-4703-bb1f-20bc3948e683,
bae09e3e-c23c-42af-acc4-9c817f7ae7b4,928e1185-3903-4639-bd6e-0fe5d4e1bd5e,87c202bd-5d44-4042-accc-214381d58ab5,05d038a0-b4a2-40fb-9ac6-eecfcf9cda47,AST-IT-PC-00123,ITPC-906710,Acer,Veriton X2680,"{""cpu"": ""i5-11400"", ""ram_gb"": 8, ""storage_gb"": 1024}",good,active,2023-12-05,20200.00,2027-01-06 12:36:10.142818+00,low,"[{""code"": ""no_active_warranty"", ""detail"": ""no warranty currently covers this asset"", ""weight"": 0.05}, {""code"": ""score"", ""detail"": ""baseline_rules v1.0.0, horizon 30 days"", ""weight"": 0.050}]",,,2023-12-12 00:00:00+00,2026-09-21 12:36:10.142818+00,60694a33-64df-4703-bb1f-20bc3948e683,
92ce3f8a-bd0e-4821-b8bc-c63926a5c245,928e1185-3903-4639-bd6e-0fe5d4e1bd5e,af21c725-bf6f-4560-aa7b-6019030410ea,750c04a5-63c4-42c6-a7c4-b3aa1de4eebf,AST-IT-PC-00075,ITPC-496206,HP,ProDesk 600 G6,"{""cpu"": ""i5-10500"", ""ram_gb"": 8, ""storage_gb"": 256}",good,active,2024-12-11,23400.00,2026-12-31 00:00:00+00,low,"[{""code"": ""score"", ""detail"": ""baseline_rules v1.0.0, horizon 30 days"", ""weight"": 0.000}]",,,2024-12-18 00:00:00+00,2026-09-21 12:36:10.142818+00,60694a33-64df-4703-bb1f-20bc3948e683,
bb27f753-f37b-4322-b082-d044c2fa2831,928e1185-3903-4639-bd6e-0fe5d4e1bd5e,5bac9e47-d100-44c8-b570-0db31ea21fad,05d038a0-b4a2-40fb-9ac6-eecfcf9cda47,AST-IT-PC-00051,ITPC-150250,Dell,OptiPlex 7090,"{""cpu"": ""i5-10500"", ""ram_gb"": 32, ""storage_gb"": 256}",good,lost,2023-02-20,20200.00,2027-03-09 12:36:10.142818+00,medium,"[{""code"": ""age_high"", ""detail"": ""72% of expected life consumed"", ""weight"": 0.15}, {""code"": ""no_active_warranty"", ""detail"": ""no warranty currently covers this asset"", ""weight"": 0.05}, {""code"": ""score"", ""detail"": ""baseline_rules v1.0.0, horizon 30 days"", ""weight"": 0.200}]",,,2023-02-27 00:00:00+00,2026-09-21 12:36:10.142818+00,60694a33-64df-4703-bb1f-20bc3948e683,
2e7ab091-06ac-45f3-a62a-fccf51ef2adf,928e1185-3903-4639-bd6e-0fe5d4e1bd5e,3288eed1-6ae3-45da-acb7-12c603a5bfed,05d038a0-b4a2-40fb-9ac6-eecfcf9cda47,AST-IT-PC-00027,ITPC-791531,Lenovo,ThinkCentre M70q,"{""cpu"": ""i7-10700"", ""ram_gb"": 16, ""storage_gb"": 256}",good,active,2024-10-19,20200.00,2026-11-08 00:00:00+00,low,"[{""code"": ""warranty_expiring"", ""detail"": ""28 days of warranty cover left"", ""weight"": 0.05}, {""code"": ""score"", ""detail"": ""baseline_rules v1.0.0, horizon 30 days"", ""weight"": 0.050}]",,,2024-10-26 00:00:00+00,2026-09-21 12:36:10.142818+00,60694a33-64df-4703-bb1f-20bc3948e683,
cf43734a-c8c9-4f6d-8fc1-a40c8df9440c,928e1185-3903-4639-bd6e-0fe5d4e1bd5e,2d3df51d-7064-4e69-9149-61bba0212bb9,176f3f16-3ab1-409e-8c10-9631bea0edcc,AST-IT-PC-00003,ITPC-361568,Acer,Veriton X2680,"{""cpu"": ""i5-10500"", ""ram_gb"": 16, ""storage_gb"": 1024}",good,active,2024-12-17,17800.00,2027-01-06 00:00:00+00,low,"[{""code"": ""high_downtime"", ""detail"": ""27 hours of downtime in 12 months"", ""weight"": 0.10}, {""code"": ""score"", ""detail"": ""baseline_rules v1.0.0, horizon 30 days"", ""weight"": 0.100}]",,,2024-12-24 00:00:00+00,2026-09-21 12:36:10.142818+00,60694a33-64df-4703-bb1f-20bc3948e683,
d75e02fd-d967-4233-a08e-d0aa4ac7d55c,928e1185-3903-4639-bd6e-0fe5d4e1bd5e,bf145be9-a3ed-43c6-8b63-9ac65a15909b,1c4df881-cca6-49a3-9b2e-6a87a781ef63,AST-IT-PC-00388,ITPC-278123,Acer,Veriton X2680,"{""cpu"": ""i5-10500"", ""ram_gb"": 8, ""storage_gb"": 512}",fair,active,2024-01-26,17000.00,2027-02-09 00:00:00+00,medium,"[{""code"": ""repeat_failure"", ""detail"": ""2 corrective jobs in 12 months"", ""weight"": 0.12}, {""code"": ""high_downtime"", ""detail"": ""42 hours of downtime in 12 months"", ""weight"": 0.10}, {""code"": ""no_active_warranty"", ""detail"": ""no warranty currently covers this asset"", ""weight"": 0.05}, {""code"": ""score"", ""detail"": ""baseline_rules v1.0.0, horizon 30 days"", ""weight"": 0.270}]",,,2024-02-02 00:00:00+00,2026-09-21 12:36:10.142818+00,60694a33-64df-4703-bb1f-20bc3948e683,
938cecdf-b574-44e1-a02a-d14cc7a7cca1,928e1185-3903-4639-bd6e-0fe5d4e1bd5e,42a0fa0c-5355-4ca9-b2c2-a1b6993ee48b,8703fd82-ea7e-461c-bacc-18cd5a7c3d3b,AST-IT-PC-00364,ITPC-913516,Asus,ExpertCenter D500,"{""cpu"": ""i5-11400"", ""ram_gb"": 32, ""storage_gb"": 512}",fair,active,2022-06-30,19400.00,2027-02-05 12:36:10.142818+00,medium,"[{""code"": ""age_high"", ""detail"": ""85% of expected life consumed"", ""weight"": 0.15}, {""code"": ""no_active_warranty"", ""detail"": ""no warranty currently covers this asset"", ""weight"": 0.05}, {""code"": ""score"", ""detail"": ""baseline_rules v1.0.0, horizon 30 days"", ""weight"": 0.200}]",,,2022-07-07 00:00:00+00,2026-09-21 12:36:10.142818+00,60694a33-64df-4703-bb1f-20bc3948e683,
00defa2d-8dd8-4c89-a8be-d8d1dcbadf62,928e1185-3903-4639-bd6e-0fe5d4e1bd5e,ce1019d0-93ab-4aad-a9c1-504e7de174b1,6ff17eb7-5c04-40ff-83f8-043b4cb1c45c,AST-IT-PC-00340,ITPC-458914,HP,ProDesk 600 G6,"{""cpu"": ""i7-10700"", ""ram_gb"": 16, ""storage_gb"": 512}",good,active,2020-12-15,22600.00,2026-06-07 12:36:10.142818+00,high,"[{""code"": ""age_near_or_past_useful_life"", ""detail"": ""115% of expected life consumed"", ""weight"": 0.30}, {""code"": ""maintenance_overdue"", ""detail"": ""106 days overdue"", ""weight"": 0.30}, {""code"": ""no_active_warranty"", ""detail"": ""no warranty currently covers this asset"", ""weight"": 0.05}, {""code"": ""score"", ""detail"": ""baseline_rules v1.0.0, horizon 30 days"", ""weight"": 0.650}]",,,2020-12-22 00:00:00+00,2026-09-21 12:36:10.142818+00,60694a33-64df-4703-bb1f-20bc3948e683,
c53a84af-7d6a-4f56-afe7-b028c32f28ea,928e1185-3903-4639-bd6e-0fe5d4e1bd5e,477a6a8f-fc3e-46c4-9661-b8e18aa51458,8703fd82-ea7e-461c-bacc-18cd5a7c3d3b,AST-IT-PC-00292,ITPC-215378,Lenovo,ThinkCentre M70q,"{""cpu"": ""i7-10700"", ""ram_gb"": 16, ""storage_gb"": 512}",fair,active,2021-02-03,18600.00,2027-02-23 12:36:10.142818+00,medium,"[{""code"": ""age_near_or_past_useful_life"", ""detail"": ""113% of expected life consumed"", ""weight"": 0.30}, {""code"": ""no_active_warranty"", ""detail"": ""no warranty currently covers this asset"", ""weight"": 0.05}, {""code"": ""score"", ""detail"": ""baseline_rules v1.0.0, horizon 30 days"", ""weight"": 0.350}]",,,2021-02-10 00:00:00+00,2026-09-21 12:36:10.142818+00,60694a33-64df-4703-bb1f-20bc3948e683,
467e9c3f-f4d6-4e94-8754-103c91accc9f,928e1185-3903-4639-bd6e-0fe5d4e1bd5e,0807df48-ba0b-4ac3-ba93-906a9ddd9acb,8703fd82-ea7e-461c-bacc-18cd5a7c3d3b,AST-IT-PC-00268,ITPC-872274,Acer,Veriton X2680,"{""cpu"": ""i7-10700"", ""ram_gb"": 32, ""storage_gb"": 256}",good,active,2020-10-13,23400.00,2026-12-21 12:36:10.142818+00,medium,"[{""code"": ""age_near_or_past_useful_life"", ""detail"": ""119% of expected life consumed"", ""weight"": 0.30}, {""code"": ""no_active_warranty"", ""detail"": ""no warranty currently covers this asset"", ""weight"": 0.05}, {""code"": ""score"", ""detail"": ""baseline_rules v1.0.0, horizon 30 days"", ""weight"": 0.350}]",,,2020-10-20 00:00:00+00,2026-09-21 12:36:10.142818+00,60694a33-64df-4703-bb1f-20bc3948e683,
e77faed2-8148-414a-b43c-1e0519f3e995,928e1185-3903-4639-bd6e-0fe5d4e1bd5e,9c9b191e-d225-40f7-8f83-7360ac682d26,6ff17eb7-5c04-40ff-83f8-043b4cb1c45c,AST-IT-PC-00244,ITPC-905996,Asus,ExpertCenter D500,"{""cpu"": ""i5-11400"", ""ram_gb"": 8, ""storage_gb"": 512}",fair,active,2022-04-14,17800.00,2026-06-29 12:36:10.142818+00,high,"[{""code"": ""age_high"", ""detail"": ""89% of expected life consumed"", ""weight"": 0.15}, {""code"": ""maintenance_overdue"", ""detail"": ""84 days overdue"", ""weight"": 0.30}, {""code"": ""no_active_warranty"", ""detail"": ""no warranty currently covers this asset"", ""weight"": 0.05}, {""code"": ""score"", ""detail"": ""baseline_rules v1.0.0, horizon 30 days"", ""weight"": 0.500}]",,,2022-04-21 00:00:00+00,2026-09-21 12:36:10.142818+00,60694a33-64df-4703-bb1f-20bc3948e683,
9f891e35-0ad6-48e1-a6c9-1e705b762a46,928e1185-3903-4639-bd6e-0fe5d4e1bd5e,bf145be9-a3ed-43c6-8b63-9ac65a15909b,1c4df881-cca6-49a3-9b2e-6a87a781ef63,AST-IT-PC-00220,ITPC-446457,HP,ProDesk 600 G6,"{""cpu"": ""i5-10500"", ""ram_gb"": 8, ""storage_gb"": 256}",good,active,2021-11-07,21000.00,2026-12-23 12:36:10.142818+00,medium,"[{""code"": ""age_near_or_past_useful_life"", ""detail"": ""97% of expected life consumed"", ""weight"": 0.30}, {""code"": ""no_active_warranty"", ""detail"": ""no warranty currently covers this asset"", ""weight"": 0.05}, {""code"": ""score"", ""detail"": ""baseline_rules v1.0.0, horizon 30 days"", ""weight"": 0.350}]",,,2021-11-14 00:00:00+00,2026-09-21 12:36:10.142818+00,60694a33-64df-4703-bb1f-20bc3948e683,
9ed52322-f33c-4619-893c-71eda69e8700,928e1185-3903-4639-bd6e-0fe5d4e1bd5e,42a0fa0c-5355-4ca9-b2c2-a1b6993ee48b,8703fd82-ea7e-461c-bacc-18cd5a7c3d3b,AST-IT-PC-00196,ITPC-312362,Dell,OptiPlex 7090,"{""cpu"": ""i5-10500"", ""ram_gb"": 16, ""storage_gb"": 1024}",good,active,2025-12-23,18600.00,2027-01-17 00:00:00+00,low,"[{""code"": ""no_active_warranty"", ""detail"": ""no warranty currently covers this asset"", ""weight"": 0.05}, {""code"": ""score"", ""detail"": ""baseline_rules v1.0.0, horizon 30 days"", ""weight"": 0.050}]",,,2025-12-30 00:00:00+00,2026-09-21 12:36:10.142818+00,60694a33-64df-4703-bb1f-20bc3948e683,
3ae86300-9fe1-4552-a316-34c040785fbb,928e1185-3903-4639-bd6e-0fe5d4e1bd5e,ce1019d0-93ab-4aad-a9c1-504e7de174b1,6ff17eb7-5c04-40ff-83f8-043b4cb1c45c,AST-IT-PC-00172,ITPC-834998,Lenovo,ThinkCentre M70q,"{""cpu"": ""i5-11400"", ""ram_gb"": 32, ""storage_gb"": 256}",good,active,2024-07-28,17800.00,2027-02-13 00:00:00+00,low,"[{""code"": ""high_downtime"", ""detail"": ""19 hours of downtime in 12 months"", ""weight"": 0.10}, {""code"": ""score"", ""detail"": ""baseline_rules v1.0.0, horizon 30 days"", ""weight"": 0.100}]",,,2024-08-04 00:00:00+00,2026-09-21 12:36:10.142818+00,60694a33-64df-4703-bb1f-20bc3948e683,
a6f7dee7-6d93-4ca9-b28b-dfbbbfd3e24b,928e1185-3903-4639-bd6e-0fe5d4e1bd5e,8ce58e75-8b56-44e0-b303-308ab877a282,1c4df881-cca6-49a3-9b2e-6a87a781ef63,AST-IT-PC-00148,ITPC-522314,Acer,Veriton X2680,"{""cpu"": ""i5-10500"", ""ram_gb"": 32, ""storage_gb"": 1024}",new,active,2024-01-27,17000.00,2026-02-15 00:00:00+00,medium,"[{""code"": ""maintenance_overdue"", ""detail"": ""219 days overdue"", ""weight"": 0.30}, {""code"": ""no_active_warranty"", ""detail"": ""no warranty currently covers this asset"", ""weight"": 0.05}, {""code"": ""score"", ""detail"": ""baseline_rules v1.0.0, horizon 30 days"", ""weight"": 0.350}]",,,2024-02-03 00:00:00+00,2026-09-21 12:36:10.142818+00,60694a33-64df-4703-bb1f-20bc3948e683,
7731c589-5c32-4851-92e4-e210de77438b,928e1185-3903-4639-bd6e-0fe5d4e1bd5e,477a6a8f-fc3e-46c4-9661-b8e18aa51458,8703fd82-ea7e-461c-bacc-18cd5a7c3d3b,AST-IT-PC-00124,ITPC-965723,Asus,ExpertCenter D500,"{""cpu"": ""i7-10700"", ""ram_gb"": 32, ""storage_gb"": 256}",good,active,2021-02-23,17000.00,2026-04-13 12:36:10.142818+00,high,"[{""code"": ""age_near_or_past_useful_life"", ""detail"": ""112% of expected life consumed"", ""weight"": 0.30}, {""code"": ""maintenance_overdue"", ""detail"": ""161 days overdue"", ""weight"": 0.30}, {""code"": ""no_active_warranty"", ""detail"": ""no warranty currently covers this asset"", ""weight"": 0.05}, {""code"": ""score"", ""detail"": ""baseline_rules v1.0.0, horizon 30 days"", ""weight"": 0.650}]",,,2021-03-02 00:00:00+00,2026-09-21 12:36:10.142818+00,60694a33-64df-4703-bb1f-20bc3948e683,
251bed42-7dd7-48e3-a3f9-dfb761afc8ed,928e1185-3903-4639-bd6e-0fe5d4e1bd5e,0807df48-ba0b-4ac3-ba93-906a9ddd9acb,8703fd82-ea7e-461c-bacc-18cd5a7c3d3b,AST-IT-PC-00100,ITPC-374260,HP,ProDesk 600 G6,"{""cpu"": ""i5-10500"", ""ram_gb"": 32, ""storage_gb"": 256}",good,active,2021-01-08,22600.00,2027-03-03 12:36:10.142818+00,high,"[{""code"": ""age_near_or_past_useful_life"", ""detail"": ""114% of expected life consumed"", ""weight"": 0.30}, {""code"": ""high_downtime"", ""detail"": ""20 hours of downtime in 12 months"", ""weight"": 0.10}, {""code"": ""no_active_warranty"", ""detail"": ""no warranty currently covers this asset"", ""weight"": 0.05}, {""code"": ""score"", ""detail"": ""baseline_rules v1.0.0, horizon 30 days"", ""weight"": 0.450}]",,,2021-01-15 00:00:00+00,2026-09-21 12:36:10.142818+00,60694a33-64df-4703-bb1f-20bc3948e683,
a7c85299-962a-4747-881b-c1a5317dac4f,928e1185-3903-4639-bd6e-0fe5d4e1bd5e,9c9b191e-d225-40f7-8f83-7360ac682d26,6ff17eb7-5c04-40ff-83f8-043b4cb1c45c,AST-IT-PC-00076,ITPC-970039,Dell,OptiPlex 7090,"{""cpu"": ""i5-10500"", ""ram_gb"": 32, ""storage_gb"": 256}",good,active,2023-04-25,20200.00,2026-11-22 12:36:10.142818+00,low,"[{""code"": ""no_active_warranty"", ""detail"": ""no warranty currently covers this asset"", ""weight"": 0.05}, {""code"": ""score"", ""detail"": ""baseline_rules v1.0.0, horizon 30 days"", ""weight"": 0.050}]",,,2023-05-02 00:00:00+00,2026-09-21 12:36:10.142818+00,60694a33-64df-4703-bb1f-20bc3948e683,
feae09a8-0423-4693-87bd-eef373cf5e66,928e1185-3903-4639-bd6e-0fe5d4e1bd5e,bf145be9-a3ed-43c6-8b63-9ac65a15909b,1c4df881-cca6-49a3-9b2e-6a87a781ef63,AST-IT-PC-00052,ITPC-841216,Lenovo,ThinkCentre M70q,"{""cpu"": ""i5-10500"", ""ram_gb"": 8, ""storage_gb"": 512}",fair,active,2021-04-03,21000.00,2026-05-25 12:36:10.142818+00,critical,"[{""code"": ""age_near_or_past_useful_life"", ""detail"": ""109% of expected life consumed"", ""weight"": 0.30}, {""code"": ""maintenance_overdue"", ""detail"": ""119 days overdue"", ""weight"": 0.30}, {""code"": ""high_downtime"", ""detail"": ""45 hours of downtime in 12 months"", ""weight"": 0.10}, {""code"": ""no_active_warranty"", ""detail"": ""no warranty currently covers this asset"", ""weight"": 0.05}, {""code"": ""score"", ""detail"": ""baseline_rules v1.0.0, horizon 30 days"", ""weight"": 0.750}]",,,2021-04-10 00:00:00+00,2026-09-21 12:36:10.142818+00,60694a33-64df-4703-bb1f-20bc3948e683,
d1e816bd-892d-47e8-950e-be78e217a167,928e1185-3903-4639-bd6e-0fe5d4e1bd5e,42a0fa0c-5355-4ca9-b2c2-a1b6993ee48b,8703fd82-ea7e-461c-bacc-18cd5a7c3d3b,AST-IT-PC-00028,ITPC-965173,Acer,Veriton X2680,"{""cpu"": ""i5-11400"", ""ram_gb"": 16, ""storage_gb"": 1024}",fair,active,2024-03-21,20200.00,2026-10-07 00:00:00+00,low,"[{""code"": ""maintenance_due_within_horizon"", ""detail"": ""15 days to next service"", ""weight"": 0.15}, {""code"": ""score"", ""detail"": ""baseline_rules v1.0.0, horizon 30 days"", ""weight"": 0.150}]",,,2024-03-28 00:00:00+00,2026-09-21 12:36:10.142818+00,60694a33-64df-4703-bb1f-20bc3948e683,
492b34f7-fece-449d-8260-c5a62b7cccc1,928e1185-3903-4639-bd6e-0fe5d4e1bd5e,ce1019d0-93ab-4aad-a9c1-504e7de174b1,6ff17eb7-5c04-40ff-83f8-043b4cb1c45c,AST-IT-PC-00004,ITPC-431547,Asus,ExpertCenter D500,"{""cpu"": ""i5-10500"", ""ram_gb"": 32, ""storage_gb"": 256}",fair,active,2025-07-17,19400.00,2026-08-11 00:00:00+00,medium,"[{""code"": ""maintenance_overdue"", ""detail"": ""42 days overdue"", ""weight"": 0.30}, {""code"": ""score"", ""detail"": ""baseline_rules v1.0.0, horizon 30 days"", ""weight"": 0.300}]",,,2025-07-24 00:00:00+00,2026-09-21 12:36:10.142818+00,60694a33-64df-4703-bb1f-20bc3948e683,
5b180a2d-fd86-434f-b41f-04e1069b019f,928e1185-3903-4639-bd6e-0fe5d4e1bd5e,93723cd6-95df-412a-ae14-7ffbe9982442,176f3f16-3ab1-409e-8c10-9631bea0edcc,AST-IT-PC-00389,ITPC-831013,Asus,ExpertCenter D500,"{""cpu"": ""i7-10700"", ""ram_gb"": 8, ""storage_gb"": 512}",new,active,2022-05-17,19400.00,2026-09-29 12:36:10.142818+00,medium,"[{""code"": ""age_high"", ""detail"": ""87% of expected life consumed"", ""weight"": 0.15}, {""code"": ""maintenance_due_within_horizon"", ""detail"": ""8 days to next service"", ""weight"": 0.15}, {""code"": ""no_active_warranty"", ""detail"": ""no warranty currently covers this asset"", ""weight"": 0.05}, {""code"": ""score"", ""detail"": ""baseline_rules v1.0.0, horizon 30 days"", ""weight"": 0.350}]",,,2022-05-24 00:00:00+00,2026-09-21 12:36:10.142818+00,60694a33-64df-4703-bb1f-20bc3948e683,
c1dc41f3-c50b-4af7-8fc3-2ec1a2bf50e6,928e1185-3903-4639-bd6e-0fe5d4e1bd5e,a794d2a5-d422-4ca5-97b2-a4c30210ff52,176f3f16-3ab1-409e-8c10-9631bea0edcc,AST-IT-PC-00365,ITPC-594365,HP,ProDesk 600 G6,"{""cpu"": ""i7-10700"", ""ram_gb"": 8, ""storage_gb"": 256}",new,active,2024-03-11,18600.00,2026-09-27 00:00:00+00,medium,"[{""code"": ""maintenance_due_within_horizon"", ""detail"": ""5 days to next service"", ""weight"": 0.15}, {""code"": ""no_active_warranty"", ""detail"": ""no warranty currently covers this asset"", ""weight"": 0.05}, {""code"": ""score"", ""detail"": ""baseline_rules v1.0.0, horizon 30 days"", ""weight"": 0.200}]",,,2024-03-18 00:00:00+00,2026-09-21 12:36:10.142818+00,60694a33-64df-4703-bb1f-20bc3948e683,
acd3f6f5-1018-4ffe-90ad-61ad1b0b9104,928e1185-3903-4639-bd6e-0fe5d4e1bd5e,02bca8b1-2624-4782-8cf9-81f6abe4f201,750c04a5-63c4-42c6-a7c4-b3aa1de4eebf,AST-IT-PC-00341,ITPC-974243,Dell,OptiPlex 7090,"{""cpu"": ""i5-11400"", ""ram_gb"": 8, ""storage_gb"": 512}",good,active,2021-09-19,23400.00,2027-03-08 12:36:10.142818+00,medium,"[{""code"": ""age_near_or_past_useful_life"", ""detail"": ""100% of expected life consumed"", ""weight"": 0.30}, {""code"": ""no_active_warranty"", ""detail"": ""no warranty currently covers this asset"", ""weight"": 0.05}, {""code"": ""score"", ""detail"": ""baseline_rules v1.0.0, horizon 30 days"", ""weight"": 0.350}]",,,2021-09-26 00:00:00+00,2026-09-21 12:36:10.142818+00,60694a33-64df-4703-bb1f-20bc3948e683,
ac75cc82-7428-4641-bea9-532ecb63c32c,928e1185-3903-4639-bd6e-0fe5d4e1bd5e,5b86b773-2072-4cf6-ac59-aa6ed5c9e277,05d038a0-b4a2-40fb-9ac6-eecfcf9cda47,AST-IT-PC-00317,ITPC-485614,Lenovo,ThinkCentre M70q,"{""cpu"": ""i5-10500"", ""ram_gb"": 32, ""storage_gb"": 1024}",good,active,2019-08-30,17800.00,2026-09-16 12:36:10.142818+00,high,"[{""code"": ""age_near_or_past_useful_life"", ""detail"": ""141% of expected life consumed"", ""weight"": 0.30}, {""code"": ""maintenance_overdue"", ""detail"": ""5 days overdue"", ""weight"": 0.30}, {""code"": ""no_active_warranty"", ""detail"": ""no warranty currently covers this asset"", ""weight"": 0.05}, {""code"": ""score"", ""detail"": ""baseline_rules v1.0.0, horizon 30 days"", ""weight"": 0.650}]",,,2019-09-06 00:00:00+00,2026-09-21 12:36:10.142818+00,60694a33-64df-4703-bb1f-20bc3948e683,
9892c8cd-4af3-4919-b0fd-35f0fc590402,928e1185-3903-4639-bd6e-0fe5d4e1bd5e,ad7545d1-5dd0-4c6a-9a2b-f8865e75563f,05d038a0-b4a2-40fb-9ac6-eecfcf9cda47,AST-IT-PC-00245,ITPC-679670,HP,ProDesk 600 G6,"{""cpu"": ""i5-11400"", ""ram_gb"": 32, ""storage_gb"": 512}",good,active,2021-09-03,23400.00,2026-03-21 12:36:10.142818+00,high,"[{""code"": ""age_near_or_past_useful_life"", ""detail"": ""101% of expected life consumed"", ""weight"": 0.30}, {""code"": ""maintenance_overdue"", ""detail"": ""184 days overdue"", ""weight"": 0.30}, {""code"": ""no_active_warranty"", ""detail"": ""no warranty currently covers this asset"", ""weight"": 0.05}, {""code"": ""score"", ""detail"": ""baseline_rules v1.0.0, horizon 30 days"", ""weight"": 0.650}]",,,2021-09-10 00:00:00+00,2026-09-21 12:36:10.142818+00,60694a33-64df-4703-bb1f-20bc3948e683,
e6f4bed8-af08-40f5-bbaf-7020b24c6ec8,928e1185-3903-4639-bd6e-0fe5d4e1bd5e,a794d2a5-d422-4ca5-97b2-a4c30210ff52,176f3f16-3ab1-409e-8c10-9631bea0edcc,AST-IT-PC-00197,ITPC-319999,Lenovo,ThinkCentre M70q,"{""cpu"": ""i5-10500"", ""ram_gb"": 16, ""storage_gb"": 512}",good,active,2023-11-13,18600.00,2026-11-27 12:36:10.142818+00,low,"[{""code"": ""warranty_expiring"", ""detail"": ""52 days of warranty cover left"", ""weight"": 0.05}, {""code"": ""score"", ""detail"": ""baseline_rules v1.0.0, horizon 30 days"", ""weight"": 0.050}]",,,2023-11-20 00:00:00+00,2026-09-21 12:36:10.142818+00,60694a33-64df-4703-bb1f-20bc3948e683,
4e61fe04-52d1-4ec4-81a2-d84e9095e51a,928e1185-3903-4639-bd6e-0fe5d4e1bd5e,1396d3ba-cbf5-462b-9ba0-f055e43663f9,176f3f16-3ab1-409e-8c10-9631bea0edcc,AST-IT-PC-00125,ITPC-808944,HP,ProDesk 600 G6,"{""cpu"": ""i5-10500"", ""ram_gb"": 8, ""storage_gb"": 1024}",new,active,2020-09-13,20200.00,2027-02-24 12:36:10.142818+00,medium,"[{""code"": ""age_near_or_past_useful_life"", ""detail"": ""120% of expected life consumed"", ""weight"": 0.30}, {""code"": ""no_active_warranty"", ""detail"": ""no warranty currently covers this asset"", ""weight"": 0.05}, {""code"": ""score"", ""detail"": ""baseline_rules v1.0.0, horizon 30 days"", ""weight"": 0.350}]",,,2020-09-20 00:00:00+00,2026-09-21 12:36:10.142818+00,60694a33-64df-4703-bb1f-20bc3948e683,
ffccac1c-4cbe-4bc4-aa1c-2125a8f19c0f,928e1185-3903-4639-bd6e-0fe5d4e1bd5e,ba4b9298-99d3-4aa9-8d04-f4d0d933550d,750c04a5-63c4-42c6-a7c4-b3aa1de4eebf,AST-IT-PC-00101,ITPC-177719,Dell,OptiPlex 7090,"{""cpu"": ""i7-10700"", ""ram_gb"": 32, ""storage_gb"": 512}",good,active,2023-11-28,19400.00,2026-02-21 12:36:10.142818+00,medium,"[{""code"": ""maintenance_overdue"", ""detail"": ""212 days overdue"", ""weight"": 0.30}, {""code"": ""score"", ""detail"": ""baseline_rules v1.0.0, horizon 30 days"", ""weight"": 0.300}]",,,2023-12-05 00:00:00+00,2026-09-21 12:36:10.142818+00,60694a33-64df-4703-bb1f-20bc3948e683,
bfa86baa-0ad9-4f2a-aa92-8d30c1a896c0,928e1185-3903-4639-bd6e-0fe5d4e1bd5e,ad7545d1-5dd0-4c6a-9a2b-f8865e75563f,05d038a0-b4a2-40fb-9ac6-eecfcf9cda47,AST-IT-PC-00077,ITPC-440716,Lenovo,ThinkCentre M70q,"{""cpu"": ""i5-11400"", ""ram_gb"": 8, ""storage_gb"": 256}",good,active,2025-02-28,20200.00,2026-09-21 00:00:00+00,medium,"[{""code"": ""maintenance_overdue"", ""detail"": ""1 days overdue"", ""weight"": 0.30}, {""code"": ""score"", ""detail"": ""baseline_rules v1.0.0, horizon 30 days"", ""weight"": 0.300}]",,,2025-03-07 00:00:00+00,2026-09-21 12:36:10.142818+00,60694a33-64df-4703-bb1f-20bc3948e683,
b56623e1-e600-49ad-8df4-452662607678,928e1185-3903-4639-bd6e-0fe5d4e1bd5e,93723cd6-95df-412a-ae14-7ffbe9982442,176f3f16-3ab1-409e-8c10-9631bea0edcc,AST-IT-PC-00053,ITPC-883345,Acer,Veriton X2680,"{""cpu"": ""i5-11400"", ""ram_gb"": 32, ""storage_gb"": 1024}",failed,active,2025-12-15,22600.00,2027-01-09 00:00:00+00,medium,"[{""code"": ""condition_failed"", ""detail"": ""condition reported as failed"", ""weight"": 0.30}, {""code"": ""score"", ""detail"": ""baseline_rules v1.0.0, horizon 30 days"", ""weight"": 0.300}]",,,2025-12-22 00:00:00+00,2026-09-21 12:36:10.142818+00,60694a33-64df-4703-bb1f-20bc3948e683,
cfc72e12-fcbf-40d6-bf14-67922dcc4a04,928e1185-3903-4639-bd6e-0fe5d4e1bd5e,a794d2a5-d422-4ca5-97b2-a4c30210ff52,176f3f16-3ab1-409e-8c10-9631bea0edcc,AST-IT-PC-00029,ITPC-621692,Asus,ExpertCenter D500,"{""cpu"": ""i7-10700"", ""ram_gb"": 16, ""storage_gb"": 512}",good,active,2022-08-30,21800.00,2026-09-16 12:36:10.142818+00,high,"[{""code"": ""age_high"", ""detail"": ""81% of expected life consumed"", ""weight"": 0.15}, {""code"": ""maintenance_overdue"", ""detail"": ""5 days overdue"", ""weight"": 0.30}, {""code"": ""no_active_warranty"", ""detail"": ""no warranty currently covers this asset"", ""weight"": 0.05}, {""code"": ""score"", ""detail"": ""baseline_rules v1.0.0, horizon 30 days"", ""weight"": 0.500}]",,,2022-09-06 00:00:00+00,2026-09-21 12:36:10.142818+00,60694a33-64df-4703-bb1f-20bc3948e683,
d665aa34-1dd4-4ce5-bdc8-35f114226aba,928e1185-3903-4639-bd6e-0fe5d4e1bd5e,02bca8b1-2624-4782-8cf9-81f6abe4f201,750c04a5-63c4-42c6-a7c4-b3aa1de4eebf,AST-IT-PC-00005,ITPC-676262,HP,ProDesk 600 G6,"{""cpu"": ""i5-11400"", ""ram_gb"": 32, ""storage_gb"": 1024}",good,active,2022-11-08,17800.00,2026-11-02 12:36:10.142818+00,medium,"[{""code"": ""age_high"", ""detail"": ""77% of expected life consumed"", ""weight"": 0.15}, {""code"": ""no_active_warranty"", ""detail"": ""no warranty currently covers this asset"", ""weight"": 0.05}, {""code"": ""score"", ""detail"": ""baseline_rules v1.0.0, horizon 30 days"", ""weight"": 0.200}]",,,2022-11-15 00:00:00+00,2026-09-21 12:36:10.142818+00,60694a33-64df-4703-bb1f-20bc3948e683,
df24033b-cd63-4f07-b572-956d7e526142,95ef5f39-7726-40fc-a96e-a70dc1197538,b430dfa5-4f26-4ce2-bba1-b6ed3b2eefd4,1c4df881-cca6-49a3-9b2e-6a87a781ef63,AST-IT-MONITOR-00414,ITMONITOR-742481,ViewSonic,V22HD,"{""size_in"": 27, ""resolution"": ""1920x1080""}",good,active,2025-09-06,3900.00,2026-10-06 00:00:00+00,low,"[{""code"": ""maintenance_due_within_horizon"", ""detail"": ""14 days to next service"", ""weight"": 0.15}, {""code"": ""score"", ""detail"": ""baseline_rules v1.0.0, horizon 30 days"", ""weight"": 0.150}]",,,2025-09-13 00:00:00+00,2026-09-21 12:36:10.142818+00,60694a33-64df-4703-bb1f-20bc3948e683,
4098a313-3526-4a48-b037-63d4b65f1bd8,95ef5f39-7726-40fc-a96e-a70dc1197538,0a9ffe3b-a3e2-439e-a1a8-f299379438e2,6ff17eb7-5c04-40ff-83f8-043b4cb1c45c,AST-IT-MONITOR-00294,ITMONITOR-671400,ViewSonic,V25HD,"{""size_in"": 27, ""resolution"": ""1920x1080""}",poor,active,2024-06-23,4860.00,2027-07-23 00:00:00+00,low,"[{""code"": ""condition_poor"", ""detail"": ""condition reported as poor"", ""weight"": 0.15}, {""code"": ""score"", ""detail"": ""baseline_rules v1.0.0, horizon 30 days"", ""weight"": 0.150}]",,,2024-06-30 00:00:00+00,2026-09-21 12:36:10.142818+00,60694a33-64df-4703-bb1f-20bc3948e683,
acc30ced-aad3-45a5-9adb-8b1b9e5928fd,95ef5f39-7726-40fc-a96e-a70dc1197538,b430dfa5-4f26-4ce2-bba1-b6ed3b2eefd4,1c4df881-cca6-49a3-9b2e-6a87a781ef63,AST-IT-MONITOR-00246,ITMONITOR-216786,ViewSonic,V22HD,"{""size_in"": 27, ""resolution"": ""1920x1080""}",good,active,2021-05-30,4860.00,2024-12-04 12:36:10.142818+00,high,"[{""code"": ""age_high"", ""detail"": ""89% of expected life consumed"", ""weight"": 0.15}, {""code"": ""maintenance_overdue"", ""detail"": ""656 days overdue"", ""weight"": 0.30}, {""code"": ""no_active_warranty"", ""detail"": ""no warranty currently covers this asset"", ""weight"": 0.05}, {""code"": ""score"", ""detail"": ""baseline_rules v1.0.0, horizon 30 days"", ""weight"": 0.500}]",,,2021-06-06 00:00:00+00,2026-09-21 12:36:10.142818+00,60694a33-64df-4703-bb1f-20bc3948e683,
dc33516b-7ef5-4ab7-ba42-8a67085316cf,95ef5f39-7726-40fc-a96e-a70dc1197538,023a8b57-58c8-49be-b50f-d5bf95d912a1,6ff17eb7-5c04-40ff-83f8-043b4cb1c45c,AST-IT-MONITOR-00198,ITMONITOR-124263,Samsung,V23HD,"{""size_in"": 22, ""resolution"": ""2560x1440""}",failed,active,2023-11-01,4540.00,2026-12-15 12:36:10.142818+00,high,"[{""code"": ""high_downtime"", ""detail"": ""42 hours of downtime in 12 months"", ""weight"": 0.10}, {""code"": ""repair_cost_ratio_high"", ""detail"": ""12-month repair cost exceeds 40% of purchase cost"", ""weight"": 0.10}, {""code"": ""condition_failed"", ""detail"": ""condition reported as failed"", ""weight"": 0.30}, {""code"": ""no_active_warranty"", ""detail"": ""no warranty currently covers this asset"", ""weight"": 0.05}, {""code"": ""score"", ""detail"": ""baseline_rules v1.0.0, horizon 30 days"", ""weight"": 0.550}]",,,2023-11-08 00:00:00+00,2026-09-21 12:36:10.142818+00,60694a33-64df-4703-bb1f-20bc3948e683,
ade45384-6902-4859-b141-c33368d487e4,95ef5f39-7726-40fc-a96e-a70dc1197538,67bdcd67-117b-453f-88c9-25b12a0565e7,1c4df881-cca6-49a3-9b2e-6a87a781ef63,AST-IT-MONITOR-00174,ITMONITOR-455122,LG,V26HD,"{""size_in"": 27, ""resolution"": ""1920x1080""}",good,active,2025-05-03,4860.00,2027-06-02 00:00:00+00,low,"[{""code"": ""score"", ""detail"": ""baseline_rules v1.0.0, horizon 30 days"", ""weight"": 0.000}]",,,2025-05-10 00:00:00+00,2026-09-21 12:36:10.142818+00,60694a33-64df-4703-bb1f-20bc3948e683,
8b894a48-f7a5-48c0-b378-441c6254db45,95ef5f39-7726-40fc-a96e-a70dc1197538,4f677013-b830-462d-a160-59ec1cdb41ec,8703fd82-ea7e-461c-bacc-18cd5a7c3d3b,AST-IT-MONITOR-00150,ITMONITOR-459367,LG,V22HD,"{""size_in"": 27, ""resolution"": ""2560x1440""}",new,active,2024-09-15,4860.00,2026-10-15 00:00:00+00,low,"[{""code"": ""maintenance_due_within_horizon"", ""detail"": ""23 days to next service"", ""weight"": 0.15}, {""code"": ""score"", ""detail"": ""baseline_rules v1.0.0, horizon 30 days"", ""weight"": 0.150}]",,,2024-09-22 00:00:00+00,2026-09-21 12:36:10.142818+00,60694a33-64df-4703-bb1f-20bc3948e683,
6069757f-cd21-439d-8ac9-f9e3e7692ac4,95ef5f39-7726-40fc-a96e-a70dc1197538,14b66bd0-87c7-4b31-b195-99a166e255b1,1c4df881-cca6-49a3-9b2e-6a87a781ef63,AST-IT-MONITOR-00102,ITMONITOR-420320,LG,V24HD,"{""size_in"": 27, ""resolution"": ""1920x1080""}",good,active,2025-03-30,3900.00,2027-04-29 00:00:00+00,low,"[{""code"": ""score"", ""detail"": ""baseline_rules v1.0.0, horizon 30 days"", ""weight"": 0.000}]",,,2025-04-06 00:00:00+00,2026-09-21 12:36:10.142818+00,60694a33-64df-4703-bb1f-20bc3948e683,
b67ba49d-5a99-43d3-a29d-4bcb36416da3,95ef5f39-7726-40fc-a96e-a70dc1197538,b430dfa5-4f26-4ce2-bba1-b6ed3b2eefd4,1c4df881-cca6-49a3-9b2e-6a87a781ef63,AST-IT-MONITOR-00078,ITMONITOR-343758,ViewSonic,V22HD,"{""size_in"": 24, ""resolution"": ""2560x1440""}",fair,active,2021-10-19,4860.00,2027-08-14 12:36:10.142818+00,medium,"[{""code"": ""age_high"", ""detail"": ""82% of expected life consumed"", ""weight"": 0.15}, {""code"": ""no_active_warranty"", ""detail"": ""no warranty currently covers this asset"", ""weight"": 0.05}, {""code"": ""score"", ""detail"": ""baseline_rules v1.0.0, horizon 30 days"", ""weight"": 0.200}]",,,2021-10-26 00:00:00+00,2026-09-21 12:36:10.142818+00,60694a33-64df-4703-bb1f-20bc3948e683,
eb79ed9c-6c26-44a9-87c9-3fd848f081af,95ef5f39-7726-40fc-a96e-a70dc1197538,4c2ec75b-86b2-44fa-94e9-0ac0abe593cc,8703fd82-ea7e-461c-bacc-18cd5a7c3d3b,AST-IT-MONITOR-00054,ITMONITOR-127124,Samsung,V24HD,"{""size_in"": 24, ""resolution"": ""2560x1440""}",good,active,2022-01-02,5180.00,2027-05-20 12:36:10.142818+00,medium,"[{""code"": ""age_high"", ""detail"": ""79% of expected life consumed"", ""weight"": 0.15}, {""code"": ""high_downtime"", ""detail"": ""22 hours of downtime in 12 months"", ""weight"": 0.10}, {""code"": ""repair_cost_ratio_high"", ""detail"": ""12-month repair cost exceeds 40% of purchase cost"", ""weight"": 0.10}, {""code"": ""no_active_warranty"", ""detail"": ""no warranty currently covers this asset"", ""weight"": 0.05}, {""code"": ""score"", ""detail"": ""baseline_rules v1.0.0, horizon 30 days"", ""weight"": 0.400}]",,,2022-01-09 00:00:00+00,2026-09-21 12:36:10.142818+00,60694a33-64df-4703-bb1f-20bc3948e683,
3ed7d4f8-3cf0-473e-b99c-41174bfcb033,95ef5f39-7726-40fc-a96e-a70dc1197538,67bdcd67-117b-453f-88c9-25b12a0565e7,1c4df881-cca6-49a3-9b2e-6a87a781ef63,AST-IT-MONITOR-00006,ITMONITOR-389981,ViewSonic,V26HD,"{""size_in"": 24, ""resolution"": ""1920x1080""}",good,active,2022-01-14,3900.00,2026-12-17 12:36:10.142818+00,medium,"[{""code"": ""age_high"", ""detail"": ""78% of expected life consumed"", ""weight"": 0.15}, {""code"": ""no_active_warranty"", ""detail"": ""no warranty currently covers this asset"", ""weight"": 0.05}, {""code"": ""score"", ""detail"": ""baseline_rules v1.0.0, horizon 30 days"", ""weight"": 0.200}]",,,2022-01-21 00:00:00+00,2026-09-21 12:36:10.142818+00,60694a33-64df-4703-bb1f-20bc3948e683,
30a265bf-80e0-4b58-b2bc-109fb2ad3f0c,95ef5f39-7726-40fc-a96e-a70dc1197538,fd093c49-0da4-4fb9-b4ca-3354e21aeeed,176f3f16-3ab1-409e-8c10-9631bea0edcc,AST-IT-MONITOR-00415,ITMONITOR-616689,LG,V26HD,"{""size_in"": 24, ""resolution"": ""2560x1440""}",poor,active,2025-03-08,4860.00,2027-04-07 00:00:00+00,low,"[{""code"": ""condition_poor"", ""detail"": ""condition reported as poor"", ""weight"": 0.15}, {""code"": ""score"", ""detail"": ""baseline_rules v1.0.0, horizon 30 days"", ""weight"": 0.150}]",,,2025-03-15 00:00:00+00,2026-09-21 12:36:10.142818+00,60694a33-64df-4703-bb1f-20bc3948e683,
d255a2f3-289b-49ea-8952-48145ddd3b66,95ef5f39-7726-40fc-a96e-a70dc1197538,1234f84e-b9c0-4ae7-a4a5-d80ccaff9edd,05d038a0-b4a2-40fb-9ac6-eecfcf9cda47,AST-IT-MONITOR-00367,ITMONITOR-110699,Dell,V23HD,"{""size_in"": 22, ""resolution"": ""1920x1080""}",fair,active,2021-10-26,4860.00,2027-02-04 12:36:10.142818+00,medium,"[{""code"": ""age_high"", ""detail"": ""82% of expected life consumed"", ""weight"": 0.15}, {""code"": ""no_active_warranty"", ""detail"": ""no warranty currently covers this asset"", ""weight"": 0.05}, {""code"": ""score"", ""detail"": ""baseline_rules v1.0.0, horizon 30 days"", ""weight"": 0.200}]",,,2021-11-02 00:00:00+00,2026-09-21 12:36:10.142818+00,60694a33-64df-4703-bb1f-20bc3948e683,
17a2734c-6aa6-48c0-84f5-1b0e160aec8e,95ef5f39-7726-40fc-a96e-a70dc1197538,c3046ac9-0b25-4639-993e-d7963242f60a,176f3f16-3ab1-409e-8c10-9631bea0edcc,AST-IT-MONITOR-00343,ITMONITOR-168244,Samsung,V25HD,"{""size_in"": 27, ""resolution"": ""2560x1440""}",good,active,2022-04-01,5500.00,2027-02-06 12:36:10.142818+00,medium,"[{""code"": ""age_high"", ""detail"": ""75% of expected life consumed"", ""weight"": 0.15}, {""code"": ""no_active_warranty"", ""detail"": ""no warranty currently covers this asset"", ""weight"": 0.05}, {""code"": ""score"", ""detail"": ""baseline_rules v1.0.0, horizon 30 days"", ""weight"": 0.200}]",,,2022-04-08 00:00:00+00,2026-09-21 12:36:10.142818+00,60694a33-64df-4703-bb1f-20bc3948e683,
e51260f5-0015-4e26-88f9-5a64df4c33dc,95ef5f39-7726-40fc-a96e-a70dc1197538,e514cc00-3301-4d64-af38-4cd4294f1363,176f3f16-3ab1-409e-8c10-9631bea0edcc,AST-IT-MONITOR-00319,ITMONITOR-220166,Samsung,V25HD,"{""size_in"": 27, ""resolution"": ""2560x1440""}",good,active,2025-06-25,5500.00,2027-07-25 00:00:00+00,low,"[{""code"": ""no_active_warranty"", ""detail"": ""no warranty currently covers this asset"", ""weight"": 0.05}, {""code"": ""score"", ""detail"": ""baseline_rules v1.0.0, horizon 30 days"", ""weight"": 0.050}]",,,2025-07-02 00:00:00+00,2026-09-21 12:36:10.142818+00,60694a33-64df-4703-bb1f-20bc3948e683,
4583c822-fe79-46d2-a2e8-d81a024ecca1,95ef5f39-7726-40fc-a96e-a70dc1197538,b9ee01aa-284d-41fc-92e0-1e2c29704a3b,750c04a5-63c4-42c6-a7c4-b3aa1de4eebf,AST-IT-MONITOR-00295,ITMONITOR-276907,Samsung,V23HD,"{""size_in"": 24, ""resolution"": ""2560x1440""}",fair,active,2023-02-20,4220.00,2027-09-04 12:36:10.142818+00,low,"[{""code"": ""no_active_warranty"", ""detail"": ""no warranty currently covers this asset"", ""weight"": 0.05}, {""code"": ""score"", ""detail"": ""baseline_rules v1.0.0, horizon 30 days"", ""weight"": 0.050}]",,,2023-02-27 00:00:00+00,2026-09-21 12:36:10.142818+00,60694a33-64df-4703-bb1f-20bc3948e683,
fa0fde54-e0ec-48fd-b277-26f430e908a9,95ef5f39-7726-40fc-a96e-a70dc1197538,5a904d7b-02c7-4a5f-8de4-8106644afe6f,05d038a0-b4a2-40fb-9ac6-eecfcf9cda47,AST-IT-MONITOR-00271,ITMONITOR-355836,LG,V26HD,"{""size_in"": 24, ""resolution"": ""2560x1440""}",good,active,2020-02-27,3900.00,2026-12-01 12:36:10.142818+00,medium,"[{""code"": ""age_near_or_past_useful_life"", ""detail"": ""109% of expected life consumed"", ""weight"": 0.30}, {""code"": ""no_active_warranty"", ""detail"": ""no warranty currently covers this asset"", ""weight"": 0.05}, {""code"": ""score"", ""detail"": ""baseline_rules v1.0.0, horizon 30 days"", ""weight"": 0.350}]",,,2020-03-05 00:00:00+00,2026-09-21 12:36:10.142818+00,60694a33-64df-4703-bb1f-20bc3948e683,
a379b836-3bd9-412f-82dd-3bdeef2c9290,95ef5f39-7726-40fc-a96e-a70dc1197538,fd093c49-0da4-4fb9-b4ca-3354e21aeeed,176f3f16-3ab1-409e-8c10-9631bea0edcc,AST-IT-MONITOR-00247,ITMONITOR-991245,LG,V24HD,"{""size_in"": 22, ""resolution"": ""1920x1080""}",fair,active,2022-10-20,4540.00,2027-07-25 12:36:10.142818+00,low,"[{""code"": ""no_active_warranty"", ""detail"": ""no warranty currently covers this asset"", ""weight"": 0.05}, {""code"": ""score"", ""detail"": ""baseline_rules v1.0.0, horizon 30 days"", ""weight"": 0.050}]",,,2022-10-27 00:00:00+00,2026-09-21 12:36:10.142818+00,60694a33-64df-4703-bb1f-20bc3948e683,
04c8e7dc-dd09-4c2c-8722-818f6d0e1661,95ef5f39-7726-40fc-a96e-a70dc1197538,7d91cdbd-8e9f-4416-aff0-b59104bd3dee,750c04a5-63c4-42c6-a7c4-b3aa1de4eebf,AST-IT-MONITOR-00223,ITMONITOR-118417,Samsung,V22HD,"{""size_in"": 27, ""resolution"": ""1920x1080""}",good,active,2025-09-24,5180.00,2026-10-24 00:00:00+00,low,"[{""code"": ""no_active_warranty"", ""detail"": ""no warranty currently covers this asset"", ""weight"": 0.05}, {""code"": ""score"", ""detail"": ""baseline_rules v1.0.0, horizon 30 days"", ""weight"": 0.050}]",,,2025-10-01 00:00:00+00,2026-09-21 12:36:10.142818+00,60694a33-64df-4703-bb1f-20bc3948e683,
354fdcb6-3bbd-41f9-8a81-9e4267b24248,95ef5f39-7726-40fc-a96e-a70dc1197538,1234f84e-b9c0-4ae7-a4a5-d80ccaff9edd,05d038a0-b4a2-40fb-9ac6-eecfcf9cda47,AST-IT-MONITOR-00199,ITMONITOR-965529,Samsung,V24HD,"{""size_in"": 22, ""resolution"": ""2560x1440""}",new,active,2021-10-24,4220.00,2026-12-22 12:36:10.142818+00,medium,"[{""code"": ""age_high"", ""detail"": ""82% of expected life consumed"", ""weight"": 0.15}, {""code"": ""no_active_warranty"", ""detail"": ""no warranty currently covers this asset"", ""weight"": 0.05}, {""code"": ""score"", ""detail"": ""baseline_rules v1.0.0, horizon 30 days"", ""weight"": 0.200}]",,,2021-10-31 00:00:00+00,2026-09-21 12:36:10.142818+00,60694a33-64df-4703-bb1f-20bc3948e683,
a78b7c1c-1bf8-4fe7-abe4-0990dc205c25,95ef5f39-7726-40fc-a96e-a70dc1197538,c3046ac9-0b25-4639-993e-d7963242f60a,176f3f16-3ab1-409e-8c10-9631bea0edcc,AST-IT-MONITOR-00175,ITMONITOR-623814,ViewSonic,V22HD,"{""size_in"": 22, ""resolution"": ""1920x1080""}",good,active,2024-08-13,4540.00,2027-09-12 00:00:00+00,low,"[{""code"": ""high_downtime"", ""detail"": ""46 hours of downtime in 12 months"", ""weight"": 0.10}, {""code"": ""no_active_warranty"", ""detail"": ""no warranty currently covers this asset"", ""weight"": 0.05}, {""code"": ""score"", ""detail"": ""baseline_rules v1.0.0, horizon 30 days"", ""weight"": 0.150}]",,,2024-08-20 00:00:00+00,2026-09-21 12:36:10.142818+00,60694a33-64df-4703-bb1f-20bc3948e683,
fc761770-1dc0-49bc-b933-0cc49f5bedf6,95ef5f39-7726-40fc-a96e-a70dc1197538,e514cc00-3301-4d64-af38-4cd4294f1363,176f3f16-3ab1-409e-8c10-9631bea0edcc,AST-IT-MONITOR-00151,ITMONITOR-183858,LG,V26HD,"{""size_in"": 22, ""resolution"": ""1920x1080""}",poor,active,2025-05-12,5500.00,2025-06-11 00:00:00+00,high,"[{""code"": ""maintenance_overdue"", ""detail"": ""468 days overdue"", ""weight"": 0.30}, {""code"": ""high_downtime"", ""detail"": ""30 hours of downtime in 12 months"", ""weight"": 0.10}, {""code"": ""repair_cost_ratio_high"", ""detail"": ""12-month repair cost exceeds 40% of purchase cost"", ""weight"": 0.10}, {""code"": ""condition_poor"", ""detail"": ""condition reported as poor"", ""weight"": 0.15}, {""code"": ""score"", ""detail"": ""baseline_rules v1.0.0, horizon 30 days"", ""weight"": 0.650}]",,,2025-05-19 00:00:00+00,2026-09-21 12:36:10.142818+00,60694a33-64df-4703-bb1f-20bc3948e683,
3ab59424-9410-4b42-b9e5-d78807291d63,95ef5f39-7726-40fc-a96e-a70dc1197538,5a904d7b-02c7-4a5f-8de4-8106644afe6f,05d038a0-b4a2-40fb-9ac6-eecfcf9cda47,AST-IT-MONITOR-00103,ITMONITOR-475986,Dell,V23HD,"{""size_in"": 27, ""resolution"": ""2560x1440""}",good,active,2025-07-11,3900.00,2027-08-10 00:00:00+00,medium,"[{""code"": ""high_downtime"", ""detail"": ""35 hours of downtime in 12 months"", ""weight"": 0.10}, {""code"": ""repair_cost_ratio_high"", ""detail"": ""12-month repair cost exceeds 40% of purchase cost"", ""weight"": 0.10}, {""code"": ""score"", ""detail"": ""baseline_rules v1.0.0, horizon 30 days"", ""weight"": 0.200}]",,,2025-07-18 00:00:00+00,2026-09-21 12:36:10.142818+00,60694a33-64df-4703-bb1f-20bc3948e683,
02063a1f-4ed1-4ba3-9cb9-21d108d2cd27,95ef5f39-7726-40fc-a96e-a70dc1197538,fd093c49-0da4-4fb9-b4ca-3354e21aeeed,176f3f16-3ab1-409e-8c10-9631bea0edcc,AST-IT-MONITOR-00079,ITMONITOR-916091,Samsung,V26HD,"{""size_in"": 27, ""resolution"": ""1920x1080""}",new,active,2023-07-04,3900.00,2027-03-02 12:36:10.142818+00,low,"[{""code"": ""no_active_warranty"", ""detail"": ""no warranty currently covers this asset"", ""weight"": 0.05}, {""code"": ""score"", ""detail"": ""baseline_rules v1.0.0, horizon 30 days"", ""weight"": 0.050}]",,,2023-07-11 00:00:00+00,2026-09-21 12:36:10.142818+00,60694a33-64df-4703-bb1f-20bc3948e683,
cf054a8c-c5c7-4de9-95e1-26fdb049691f,95ef5f39-7726-40fc-a96e-a70dc1197538,c3046ac9-0b25-4639-993e-d7963242f60a,176f3f16-3ab1-409e-8c10-9631bea0edcc,AST-IT-MONITOR-00007,ITMONITOR-489810,Samsung,V22HD,"{""size_in"": 24, ""resolution"": ""2560x1440""}",fair,active,2019-09-04,5500.00,2027-03-23 12:36:10.142818+00,medium,"[{""code"": ""age_near_or_past_useful_life"", ""detail"": ""117% of expected life consumed"", ""weight"": 0.30}, {""code"": ""no_active_warranty"", ""detail"": ""no warranty currently covers this asset"", ""weight"": 0.05}, {""code"": ""score"", ""detail"": ""baseline_rules v1.0.0, horizon 30 days"", ""weight"": 0.350}]",,,2019-09-11 00:00:00+00,2026-09-21 12:36:10.142818+00,60694a33-64df-4703-bb1f-20bc3948e683,
780d5016-e349-4058-9e86-3624c70718da,95ef5f39-7726-40fc-a96e-a70dc1197538,ed0c4695-23ba-41bb-bb52-4fc110fc0fde,1c4df881-cca6-49a3-9b2e-6a87a781ef63,AST-IT-MONITOR-00368,ITMONITOR-728906,LG,V24HD,"{""size_in"": 24, ""resolution"": ""2560x1440""}",good,active,2021-09-04,5500.00,2027-07-17 12:36:10.142818+00,medium,"[{""code"": ""age_high"", ""detail"": ""84% of expected life consumed"", ""weight"": 0.15}, {""code"": ""no_active_warranty"", ""detail"": ""no warranty currently covers this asset"", ""weight"": 0.05}, {""code"": ""score"", ""detail"": ""baseline_rules v1.0.0, horizon 30 days"", ""weight"": 0.200}]",,,2021-09-11 00:00:00+00,2026-09-21 12:36:10.142818+00,60694a33-64df-4703-bb1f-20bc3948e683,
ee55ba20-d337-48fe-8bc9-b159b86e830e,95ef5f39-7726-40fc-a96e-a70dc1197538,b685a49b-8c4c-437f-9738-80d6a2ab8af5,8703fd82-ea7e-461c-bacc-18cd5a7c3d3b,AST-IT-MONITOR-00344,ITMONITOR-873273,Samsung,V24HD,"{""size_in"": 27, ""resolution"": ""2560x1440""}",good,active,2023-06-26,4220.00,2027-05-04 12:36:10.142818+00,low,"[{""code"": ""no_active_warranty"", ""detail"": ""no warranty currently covers this asset"", ""weight"": 0.05}, {""code"": ""score"", ""detail"": ""baseline_rules v1.0.0, horizon 30 days"", ""weight"": 0.050}]",,,2023-07-03 00:00:00+00,2026-09-21 12:36:10.142818+00,60694a33-64df-4703-bb1f-20bc3948e683,
0218c3e2-2634-4525-b048-1eaf770b2fcc,95ef5f39-7726-40fc-a96e-a70dc1197538,ab9714cb-122f-4204-a820-6d7257a3057c,6ff17eb7-5c04-40ff-83f8-043b4cb1c45c,AST-IT-MONITOR-00320,ITMONITOR-220613,ViewSonic,V26HD,"{""size_in"": 24, ""resolution"": ""1920x1080""}",good,active,2024-11-17,5180.00,2026-12-17 00:00:00+00,low,"[{""code"": ""score"", ""detail"": ""baseline_rules v1.0.0, horizon 30 days"", ""weight"": 0.000}]",,,2024-11-24 00:00:00+00,2026-09-21 12:36:10.142818+00,60694a33-64df-4703-bb1f-20bc3948e683,
f5ee5902-a563-412d-a2d0-cf4c114e2737,95ef5f39-7726-40fc-a96e-a70dc1197538,226f67de-eecb-4041-b2fd-00c436b1b82f,1c4df881-cca6-49a3-9b2e-6a87a781ef63,AST-IT-MONITOR-00296,ITMONITOR-765534,Dell,V22HD,"{""size_in"": 27, ""resolution"": ""1920x1080""}",good,active,2024-04-13,4220.00,2027-05-13 00:00:00+00,low,"[{""code"": ""score"", ""detail"": ""baseline_rules v1.0.0, horizon 30 days"", ""weight"": 0.000}]",,,2024-04-20 00:00:00+00,2026-09-21 12:36:10.142818+00,60694a33-64df-4703-bb1f-20bc3948e683,
2fe14b92-c446-4660-a72a-61b6719cad31,95ef5f39-7726-40fc-a96e-a70dc1197538,0ea1b587-0390-4fcf-a4cd-e82e2caef624,8703fd82-ea7e-461c-bacc-18cd5a7c3d3b,AST-IT-MONITOR-00272,ITMONITOR-186516,LG,V26HD,"{""size_in"": 22, ""resolution"": ""2560x1440""}",good,active,2020-08-14,4860.00,2027-05-09 12:36:10.142818+00,medium,"[{""code"": ""age_near_or_past_useful_life"", ""detail"": ""102% of expected life consumed"", ""weight"": 0.30}, {""code"": ""no_active_warranty"", ""detail"": ""no warranty currently covers this asset"", ""weight"": 0.05}, {""code"": ""score"", ""detail"": ""baseline_rules v1.0.0, horizon 30 days"", ""weight"": 0.350}]",,,2020-08-21 00:00:00+00,2026-09-21 12:36:10.142818+00,60694a33-64df-4703-bb1f-20bc3948e683,
b31162f4-123e-45c1-ae96-363e37c60e3d,95ef5f39-7726-40fc-a96e-a70dc1197538,418ec156-f12e-4b21-8e3c-9546e326d2f3,1c4df881-cca6-49a3-9b2e-6a87a781ef63,AST-IT-MONITOR-00224,ITMONITOR-984240,Samsung,V25HD,"{""size_in"": 27, ""resolution"": ""1920x1080""}",good,active,2023-08-01,4540.00,2026-11-15 12:36:10.142818+00,low,"[{""code"": ""no_active_warranty"", ""detail"": ""no warranty currently covers this asset"", ""weight"": 0.05}, {""code"": ""score"", ""detail"": ""baseline_rules v1.0.0, horizon 30 days"", ""weight"": 0.050}]",,,2023-08-08 00:00:00+00,2026-09-21 12:36:10.142818+00,60694a33-64df-4703-bb1f-20bc3948e683,
78fee29f-1ab3-481f-a56e-48e8d3c88c9b,95ef5f39-7726-40fc-a96e-a70dc1197538,ed0c4695-23ba-41bb-bb52-4fc110fc0fde,1c4df881-cca6-49a3-9b2e-6a87a781ef63,AST-IT-MONITOR-00200,ITMONITOR-898272,LG,V23HD,"{""size_in"": 24, ""resolution"": ""2560x1440""}",good,active,2020-10-19,4220.00,2027-04-07 12:36:10.142818+00,medium,"[{""code"": ""age_near_or_past_useful_life"", ""detail"": ""99% of expected life consumed"", ""weight"": 0.30}, {""code"": ""no_active_warranty"", ""detail"": ""no warranty currently covers this asset"", ""weight"": 0.05}, {""code"": ""score"", ""detail"": ""baseline_rules v1.0.0, horizon 30 days"", ""weight"": 0.350}]",,,2020-10-26 00:00:00+00,2026-09-21 12:36:10.142818+00,60694a33-64df-4703-bb1f-20bc3948e683,
557ddf37-cad5-4934-9ab5-4a03168676b0,95ef5f39-7726-40fc-a96e-a70dc1197538,b685a49b-8c4c-437f-9738-80d6a2ab8af5,8703fd82-ea7e-461c-bacc-18cd5a7c3d3b,AST-IT-MONITOR-00176,ITMONITOR-247565,Samsung,V23HD,"{""size_in"": 22, ""resolution"": ""1920x1080""}",good,active,2023-06-01,4540.00,2027-06-22 12:36:10.142818+00,low,"[{""code"": ""no_active_warranty"", ""detail"": ""no warranty currently covers this asset"", ""weight"": 0.05}, {""code"": ""score"", ""detail"": ""baseline_rules v1.0.0, horizon 30 days"", ""weight"": 0.050}]",,,2023-06-08 00:00:00+00,2026-09-21 12:36:10.142818+00,60694a33-64df-4703-bb1f-20bc3948e683,
d14c21c8-70a3-4904-92b1-ad45b911977e,95ef5f39-7726-40fc-a96e-a70dc1197538,ab9714cb-122f-4204-a820-6d7257a3057c,6ff17eb7-5c04-40ff-83f8-043b4cb1c45c,AST-IT-MONITOR-00152,ITMONITOR-701832,Dell,V22HD,"{""size_in"": 24, ""resolution"": ""2560x1440""}",good,active,2020-03-04,5500.00,2026-01-08 12:36:10.142818+00,high,"[{""code"": ""age_near_or_past_useful_life"", ""detail"": ""109% of expected life consumed"", ""weight"": 0.30}, {""code"": ""maintenance_overdue"", ""detail"": ""256 days overdue"", ""weight"": 0.30}, {""code"": ""no_active_warranty"", ""detail"": ""no warranty currently covers this asset"", ""weight"": 0.05}, {""code"": ""score"", ""detail"": ""baseline_rules v1.0.0, horizon 30 days"", ""weight"": 0.650}]",,,2020-03-11 00:00:00+00,2026-09-21 12:36:10.142818+00,60694a33-64df-4703-bb1f-20bc3948e683,
c959dc42-2d2b-43c5-96a6-dda889bcc167,95ef5f39-7726-40fc-a96e-a70dc1197538,226f67de-eecb-4041-b2fd-00c436b1b82f,1c4df881-cca6-49a3-9b2e-6a87a781ef63,AST-IT-MONITOR-00128,ITMONITOR-114831,Samsung,V23HD,"{""size_in"": 22, ""resolution"": ""2560x1440""}",fair,active,2021-02-28,4220.00,2025-10-09 12:36:10.142818+00,high,"[{""code"": ""age_near_or_past_useful_life"", ""detail"": ""93% of expected life consumed"", ""weight"": 0.30}, {""code"": ""maintenance_overdue"", ""detail"": ""347 days overdue"", ""weight"": 0.30}, {""code"": ""no_active_warranty"", ""detail"": ""no warranty currently covers this asset"", ""weight"": 0.05}, {""code"": ""score"", ""detail"": ""baseline_rules v1.0.0, horizon 30 days"", ""weight"": 0.650}]",,,2021-03-07 00:00:00+00,2026-09-21 12:36:10.142818+00,60694a33-64df-4703-bb1f-20bc3948e683,
f14a2705-e72f-4f75-9267-c718ab043d5c,95ef5f39-7726-40fc-a96e-a70dc1197538,0ea1b587-0390-4fcf-a4cd-e82e2caef624,8703fd82-ea7e-461c-bacc-18cd5a7c3d3b,AST-IT-MONITOR-00104,ITMONITOR-127322,ViewSonic,V24HD,"{""size_in"": 22, ""resolution"": ""1920x1080""}",good,active,2023-06-06,3900.00,2027-09-11 12:36:10.142818+00,low,"[{""code"": ""no_active_warranty"", ""detail"": ""no warranty currently covers this asset"", ""weight"": 0.05}, {""code"": ""score"", ""detail"": ""baseline_rules v1.0.0, horizon 30 days"", ""weight"": 0.050}]",,,2023-06-13 00:00:00+00,2026-09-21 12:36:10.142818+00,60694a33-64df-4703-bb1f-20bc3948e683,
c8b0db7a-6259-4630-8235-dec7c52f6f0a,95ef5f39-7726-40fc-a96e-a70dc1197538,418ec156-f12e-4b21-8e3c-9546e326d2f3,1c4df881-cca6-49a3-9b2e-6a87a781ef63,AST-IT-MONITOR-00056,ITMONITOR-151765,Samsung,V22HD,"{""size_in"": 27, ""resolution"": ""1920x1080""}",new,active,2024-09-23,3900.00,2026-10-23 00:00:00+00,low,"[{""code"": ""warranty_expiring"", ""detail"": ""2 days of warranty cover left"", ""weight"": 0.05}, {""code"": ""score"", ""detail"": ""baseline_rules v1.0.0, horizon 30 days"", ""weight"": 0.050}]",,,2024-09-30 00:00:00+00,2026-09-21 12:36:10.142818+00,60694a33-64df-4703-bb1f-20bc3948e683,
adf83cf1-86a1-4704-ae53-7954a12191ad,95ef5f39-7726-40fc-a96e-a70dc1197538,ed0c4695-23ba-41bb-bb52-4fc110fc0fde,1c4df881-cca6-49a3-9b2e-6a87a781ef63,AST-IT-MONITOR-00032,ITMONITOR-256332,ViewSonic,V26HD,"{""size_in"": 24, ""resolution"": ""1920x1080""}",good,active,2025-09-25,4860.00,2026-10-25 00:00:00+00,low,"[{""code"": ""score"", ""detail"": ""baseline_rules v1.0.0, horizon 30 days"", ""weight"": 0.000}]",,,2025-10-02 00:00:00+00,2026-09-21 12:36:10.142818+00,60694a33-64df-4703-bb1f-20bc3948e683,
6ee79af7-d7b1-4915-af81-f1bd110dfdd0,95ef5f39-7726-40fc-a96e-a70dc1197538,824bea60-5daa-4553-8a8a-d2d710545d90,05d038a0-b4a2-40fb-9ac6-eecfcf9cda47,AST-IT-MONITOR-00393,ITMONITOR-652347,ViewSonic,V22HD,"{""size_in"": 22, ""resolution"": ""2560x1440""}",new,lost,2021-02-23,5500.00,2027-02-20 12:36:10.142818+00,medium,"[{""code"": ""age_near_or_past_useful_life"", ""detail"": ""93% of expected life consumed"", ""weight"": 0.30}, {""code"": ""no_active_warranty"", ""detail"": ""no warranty currently covers this asset"", ""weight"": 0.05}, {""code"": ""score"", ""detail"": ""baseline_rules v1.0.0, horizon 30 days"", ""weight"": 0.350}]",,,2021-03-02 00:00:00+00,2026-09-21 12:36:10.142818+00,60694a33-64df-4703-bb1f-20bc3948e683,
522dd78e-ecfe-476b-8f6a-d003524ff49c,95ef5f39-7726-40fc-a96e-a70dc1197538,faabc42b-93b2-4e8b-9e4d-2abd46f82d9c,176f3f16-3ab1-409e-8c10-9631bea0edcc,AST-IT-MONITOR-00369,ITMONITOR-895091,Dell,V24HD,"{""size_in"": 22, ""resolution"": ""2560x1440""}",poor,active,2025-07-30,5500.00,2027-08-29 00:00:00+00,medium,"[{""code"": ""condition_poor"", ""detail"": ""condition reported as poor"", ""weight"": 0.15}, {""code"": ""no_active_warranty"", ""detail"": ""no warranty currently covers this asset"", ""weight"": 0.05}, {""code"": ""score"", ""detail"": ""baseline_rules v1.0.0, horizon 30 days"", ""weight"": 0.200}]",,,2025-08-06 00:00:00+00,2026-09-21 12:36:10.142818+00,60694a33-64df-4703-bb1f-20bc3948e683,
77d94d70-fb5a-495e-85b4-96ae4e89e840,95ef5f39-7726-40fc-a96e-a70dc1197538,fdf5ec3c-73f4-4613-932b-6e5cd1d028e1,750c04a5-63c4-42c6-a7c4-b3aa1de4eebf,AST-IT-MONITOR-00345,ITMONITOR-757472,Samsung,V25HD,"{""size_in"": 22, ""resolution"": ""2560x1440""}",good,active,2023-06-10,4540.00,2027-07-01 12:36:10.142818+00,low,"[{""code"": ""no_active_warranty"", ""detail"": ""no warranty currently covers this asset"", ""weight"": 0.05}, {""code"": ""score"", ""detail"": ""baseline_rules v1.0.0, horizon 30 days"", ""weight"": 0.050}]",,,2023-06-17 00:00:00+00,2026-09-21 12:36:10.142818+00,60694a33-64df-4703-bb1f-20bc3948e683,
e1b94a6d-4fbc-4df4-a56c-0c00a7c98a2f,95ef5f39-7726-40fc-a96e-a70dc1197538,6be6af1f-cc41-4d06-a82f-74acaf9fff13,05d038a0-b4a2-40fb-9ac6-eecfcf9cda47,AST-IT-MONITOR-00321,ITMONITOR-540049,Samsung,V24HD,"{""size_in"": 27, ""resolution"": ""2560x1440""}",good,active,2024-07-15,3900.00,2027-08-14 00:00:00+00,low,"[{""code"": ""score"", ""detail"": ""baseline_rules v1.0.0, horizon 30 days"", ""weight"": 0.000}]",,,2024-07-22 00:00:00+00,2026-09-21 12:36:10.142818+00,60694a33-64df-4703-bb1f-20bc3948e683,
207d9595-f982-4e50-805c-5a1f17cb1a0c,95ef5f39-7726-40fc-a96e-a70dc1197538,75741c19-7bc5-4f13-8bcd-5543dbab11a6,05d038a0-b4a2-40fb-9ac6-eecfcf9cda47,AST-IT-MONITOR-00297,ITMONITOR-396146,Dell,V23HD,"{""size_in"": 24, ""resolution"": ""1920x1080""}",fair,active,2023-06-02,5500.00,2027-01-25 12:36:10.142818+00,low,"[{""code"": ""no_active_warranty"", ""detail"": ""no warranty currently covers this asset"", ""weight"": 0.05}, {""code"": ""score"", ""detail"": ""baseline_rules v1.0.0, horizon 30 days"", ""weight"": 0.050}]",,,2023-06-09 00:00:00+00,2026-09-21 12:36:10.142818+00,60694a33-64df-4703-bb1f-20bc3948e683,
2ce7cee8-e996-4e70-bfc7-7c70725db820,95ef5f39-7726-40fc-a96e-a70dc1197538,931086a7-6352-430d-894b-6363e4ac4388,750c04a5-63c4-42c6-a7c4-b3aa1de4eebf,AST-IT-MONITOR-00249,ITMONITOR-917351,Samsung,V22HD,"{""size_in"": 27, ""resolution"": ""2560x1440""}",good,active,2020-11-15,3900.00,2027-02-21 12:36:10.142818+00,medium,"[{""code"": ""age_near_or_past_useful_life"", ""detail"": ""97% of expected life consumed"", ""weight"": 0.30}, {""code"": ""no_active_warranty"", ""detail"": ""no warranty currently covers this asset"", ""weight"": 0.05}, {""code"": ""score"", ""detail"": ""baseline_rules v1.0.0, horizon 30 days"", ""weight"": 0.350}]",,,2020-11-22 00:00:00+00,2026-09-21 12:36:10.142818+00,60694a33-64df-4703-bb1f-20bc3948e683,
55411313-a3ad-41c9-a9ef-96390c3a9c17,95ef5f39-7726-40fc-a96e-a70dc1197538,824bea60-5daa-4553-8a8a-d2d710545d90,05d038a0-b4a2-40fb-9ac6-eecfcf9cda47,AST-IT-MONITOR-00225,ITMONITOR-948355,Samsung,V25HD,"{""size_in"": 24, ""resolution"": ""1920x1080""}",fair,active,2024-04-14,4540.00,2027-07-16 12:36:10.142818+00,low,"[{""code"": ""no_active_warranty"", ""detail"": ""no warranty currently covers this asset"", ""weight"": 0.05}, {""code"": ""score"", ""detail"": ""baseline_rules v1.0.0, horizon 30 days"", ""weight"": 0.050}]",,,2024-04-21 00:00:00+00,2026-09-21 12:36:10.142818+00,60694a33-64df-4703-bb1f-20bc3948e683,
50683c77-6921-4848-8436-c79df5d37707,95ef5f39-7726-40fc-a96e-a70dc1197538,faabc42b-93b2-4e8b-9e4d-2abd46f82d9c,176f3f16-3ab1-409e-8c10-9631bea0edcc,AST-IT-MONITOR-00201,ITMONITOR-759923,LG,V23HD,"{""size_in"": 27, ""resolution"": ""2560x1440""}",good,active,2021-04-17,5500.00,2026-12-17 12:36:10.142818+00,medium,"[{""code"": ""age_near_or_past_useful_life"", ""detail"": ""91% of expected life consumed"", ""weight"": 0.30}, {""code"": ""no_active_warranty"", ""detail"": ""no warranty currently covers this asset"", ""weight"": 0.05}, {""code"": ""score"", ""detail"": ""baseline_rules v1.0.0, horizon 30 days"", ""weight"": 0.350}]",,,2021-04-24 00:00:00+00,2026-09-21 12:36:10.142818+00,60694a33-64df-4703-bb1f-20bc3948e683,
975c440e-0dd5-4765-8d8b-60c806ec6768,95ef5f39-7726-40fc-a96e-a70dc1197538,fdf5ec3c-73f4-4613-932b-6e5cd1d028e1,750c04a5-63c4-42c6-a7c4-b3aa1de4eebf,AST-IT-MONITOR-00177,ITMONITOR-772894,Samsung,V26HD,"{""size_in"": 24, ""resolution"": ""1920x1080""}",fair,active,2022-09-21,3900.00,2027-05-23 12:36:10.142818+00,medium,"[{""code"": ""high_downtime"", ""detail"": ""18 hours of downtime in 12 months"", ""weight"": 0.10}, {""code"": ""repair_cost_ratio_high"", ""detail"": ""12-month repair cost exceeds 40% of purchase cost"", ""weight"": 0.10}, {""code"": ""no_active_warranty"", ""detail"": ""no warranty currently covers this asset"", ""weight"": 0.05}, {""code"": ""score"", ""detail"": ""baseline_rules v1.0.0, horizon 30 days"", ""weight"": 0.250}]",,,2022-09-28 00:00:00+00,2026-09-21 12:36:10.142818+00,60694a33-64df-4703-bb1f-20bc3948e683,
960e8af4-d574-4bf8-964b-3043938a0877,95ef5f39-7726-40fc-a96e-a70dc1197538,6be6af1f-cc41-4d06-a82f-74acaf9fff13,05d038a0-b4a2-40fb-9ac6-eecfcf9cda47,AST-IT-MONITOR-00153,ITMONITOR-219322,ViewSonic,V24HD,"{""size_in"": 24, ""resolution"": ""1920x1080""}",new,lost,2022-01-01,5500.00,2026-11-07 12:36:10.142818+00,medium,"[{""code"": ""age_high"", ""detail"": ""79% of expected life consumed"", ""weight"": 0.15}, {""code"": ""no_active_warranty"", ""detail"": ""no warranty currently covers this asset"", ""weight"": 0.05}, {""code"": ""score"", ""detail"": ""baseline_rules v1.0.0, horizon 30 days"", ""weight"": 0.200}]",,,2022-01-08 00:00:00+00,2026-09-21 12:36:10.142818+00,60694a33-64df-4703-bb1f-20bc3948e683,
34773136-a9f4-4c28-b192-10768afd174c,95ef5f39-7726-40fc-a96e-a70dc1197538,75741c19-7bc5-4f13-8bcd-5543dbab11a6,05d038a0-b4a2-40fb-9ac6-eecfcf9cda47,AST-IT-MONITOR-00129,ITMONITOR-656470,LG,V23HD,"{""size_in"": 22, ""resolution"": ""2560x1440""}",good,active,2021-10-04,4220.00,2027-08-11 12:36:10.142818+00,medium,"[{""code"": ""age_high"", ""detail"": ""83% of expected life consumed"", ""weight"": 0.15}, {""code"": ""no_active_warranty"", ""detail"": ""no warranty currently covers this asset"", ""weight"": 0.05}, {""code"": ""score"", ""detail"": ""baseline_rules v1.0.0, horizon 30 days"", ""weight"": 0.200}]",,,2021-10-11 00:00:00+00,2026-09-21 12:36:10.142818+00,60694a33-64df-4703-bb1f-20bc3948e683,
c0b8349c-e0a9-4f3f-837a-b9d2777f893d,95ef5f39-7726-40fc-a96e-a70dc1197538,d640dd11-70ae-4fdc-af12-97b61c1003e1,176f3f16-3ab1-409e-8c10-9631bea0edcc,AST-IT-MONITOR-00105,ITMONITOR-657854,LG,V26HD,"{""size_in"": 22, ""resolution"": ""1920x1080""}",fair,active,2022-03-19,4540.00,2027-03-16 12:36:10.142818+00,medium,"[{""code"": ""age_high"", ""detail"": ""75% of expected life consumed"", ""weight"": 0.15}, {""code"": ""no_active_warranty"", ""detail"": ""no warranty currently covers this asset"", ""weight"": 0.05}, {""code"": ""score"", ""detail"": ""baseline_rules v1.0.0, horizon 30 days"", ""weight"": 0.200}]",,,2022-03-26 00:00:00+00,2026-09-21 12:36:10.142818+00,60694a33-64df-4703-bb1f-20bc3948e683,
92afb581-bd72-4fb9-94e1-bb09563e01f2,95ef5f39-7726-40fc-a96e-a70dc1197538,931086a7-6352-430d-894b-6363e4ac4388,750c04a5-63c4-42c6-a7c4-b3aa1de4eebf,AST-IT-MONITOR-00081,ITMONITOR-496965,Dell,V22HD,"{""size_in"": 22, ""resolution"": ""1920x1080""}",good,active,2021-09-23,5180.00,2026-11-22 12:36:10.142818+00,medium,"[{""code"": ""age_high"", ""detail"": ""83% of expected life consumed"", ""weight"": 0.15}, {""code"": ""no_active_warranty"", ""detail"": ""no warranty currently covers this asset"", ""weight"": 0.05}, {""code"": ""score"", ""detail"": ""baseline_rules v1.0.0, horizon 30 days"", ""weight"": 0.200}]",,,2021-09-30 00:00:00+00,2026-09-21 12:36:10.142818+00,60694a33-64df-4703-bb1f-20bc3948e683,
227534e4-4950-4fbb-8288-54788dd08861,95ef5f39-7726-40fc-a96e-a70dc1197538,faabc42b-93b2-4e8b-9e4d-2abd46f82d9c,176f3f16-3ab1-409e-8c10-9631bea0edcc,AST-IT-MONITOR-00033,ITMONITOR-202832,LG,V23HD,"{""size_in"": 27, ""resolution"": ""2560x1440""}",good,active,2025-02-03,3900.00,2026-03-05 00:00:00+00,medium,"[{""code"": ""maintenance_overdue"", ""detail"": ""201 days overdue"", ""weight"": 0.30}, {""code"": ""score"", ""detail"": ""baseline_rules v1.0.0, horizon 30 days"", ""weight"": 0.300}]",,,2025-02-10 00:00:00+00,2026-09-21 12:36:10.142818+00,60694a33-64df-4703-bb1f-20bc3948e683,
8c923525-b653-4851-a2f4-3fb498911b7d,6b10649a-5c67-48f5-b4b7-9040805a9348,01ff8df6-208a-40fd-bc27-a79a4733d467,1c4df881-cca6-49a3-9b2e-6a87a781ef63,AST-IT-LAPTOP-00418,ITLAPTOP-658721,Lenovo,ProBook 442,"{""cpu"": ""i7-1165G7"", ""ram_gb"": 16, ""screen_in"": 13}",failed,active,2023-03-27,25000.00,2026-05-23 12:36:10.142818+00,critical,"[{""code"": ""age_high"", ""detail"": ""87% of expected life consumed"", ""weight"": 0.15}, {""code"": ""maintenance_overdue"", ""detail"": ""121 days overdue"", ""weight"": 0.30}, {""code"": ""high_downtime"", ""detail"": ""32 hours of downtime in 12 months"", ""weight"": 0.10}, {""code"": ""condition_failed"", ""detail"": ""condition reported as failed"", ""weight"": 0.30}, {""code"": ""no_active_warranty"", ""detail"": ""no warranty currently covers this asset"", ""weight"": 0.05}, {""code"": ""score"", ""detail"": ""baseline_rules v1.0.0, horizon 30 days"", ""weight"": 0.900}]",,,2023-04-03 00:00:00+00,2026-09-21 12:36:10.142818+00,60694a33-64df-4703-bb1f-20bc3948e683,
094e9be1-4250-4720-8fd0-0413662d1900,6b10649a-5c67-48f5-b4b7-9040805a9348,a6ec99b6-0c5e-460f-9bcc-b385a07737c1,8703fd82-ea7e-461c-bacc-18cd5a7c3d3b,AST-IT-LAPTOP-00394,ITLAPTOP-601834,Lenovo,ProBook 440,"{""cpu"": ""i7-1165G7"", ""ram_gb"": 8, ""screen_in"": 15}",poor,active,2023-11-19,30200.00,2026-12-27 12:36:10.142818+00,medium,"[{""code"": ""age_high"", ""detail"": ""71% of expected life consumed"", ""weight"": 0.15}, {""code"": ""condition_poor"", ""detail"": ""condition reported as poor"", ""weight"": 0.15}, {""code"": ""no_active_warranty"", ""detail"": ""no warranty currently covers this asset"", ""weight"": 0.05}, {""code"": ""score"", ""detail"": ""baseline_rules v1.0.0, horizon 30 days"", ""weight"": 0.350}]",,,2023-11-26 00:00:00+00,2026-09-21 12:36:10.142818+00,60694a33-64df-4703-bb1f-20bc3948e683,
f9cde054-6c1e-462f-84c1-3cd2a49e251a,6b10649a-5c67-48f5-b4b7-9040805a9348,85499f3b-df0c-46e7-b412-0e86014d2d23,8703fd82-ea7e-461c-bacc-18cd5a7c3d3b,AST-IT-LAPTOP-00370,ITLAPTOP-922094,Dell,ProBook 442,"{""cpu"": ""i7-1165G7"", ""ram_gb"": 8, ""screen_in"": 15}",good,active,2023-03-19,28900.00,2027-02-28 12:36:10.142818+00,medium,"[{""code"": ""age_high"", ""detail"": ""88% of expected life consumed"", ""weight"": 0.15}, {""code"": ""no_active_warranty"", ""detail"": ""no warranty currently covers this asset"", ""weight"": 0.05}, {""code"": ""score"", ""detail"": ""baseline_rules v1.0.0, horizon 30 days"", ""weight"": 0.200}]",,,2023-03-26 00:00:00+00,2026-09-21 12:36:10.142818+00,60694a33-64df-4703-bb1f-20bc3948e683,
66c97b08-7569-4abe-a6cc-83804009f001,6b10649a-5c67-48f5-b4b7-9040805a9348,aee1dad1-5904-4a33-8893-b1744b8c9818,6ff17eb7-5c04-40ff-83f8-043b4cb1c45c,AST-IT-LAPTOP-00346,ITLAPTOP-864003,Dell,ProBook 444,"{""cpu"": ""i7-1165G7"", ""ram_gb"": 16, ""screen_in"": 13}",good,active,2023-03-13,34100.00,2026-04-12 12:36:10.142818+00,high,"[{""code"": ""age_high"", ""detail"": ""88% of expected life consumed"", ""weight"": 0.15}, {""code"": ""maintenance_overdue"", ""detail"": ""162 days overdue"", ""weight"": 0.30}, {""code"": ""no_active_warranty"", ""detail"": ""no warranty currently covers this asset"", ""weight"": 0.05}, {""code"": ""score"", ""detail"": ""baseline_rules v1.0.0, horizon 30 days"", ""weight"": 0.500}]",,,2023-03-20 00:00:00+00,2026-09-21 12:36:10.142818+00,60694a33-64df-4703-bb1f-20bc3948e683,
034a8b7f-433c-4cab-b207-1fc181783f0d,6b10649a-5c67-48f5-b4b7-9040805a9348,8f91eff9-f399-4920-bb43-f748de8dba53,1c4df881-cca6-49a3-9b2e-6a87a781ef63,AST-IT-LAPTOP-00322,ITLAPTOP-174192,HP,ProBook 442,"{""cpu"": ""i7-1165G7"", ""ram_gb"": 16, ""screen_in"": 13}",good,active,2025-09-22,28900.00,2026-10-17 00:00:00+00,medium,"[{""code"": ""maintenance_due_within_horizon"", ""detail"": ""25 days to next service"", ""weight"": 0.15}, {""code"": ""high_downtime"", ""detail"": ""18 hours of downtime in 12 months"", ""weight"": 0.10}, {""code"": ""score"", ""detail"": ""baseline_rules v1.0.0, horizon 30 days"", ""weight"": 0.250}]",,,2025-09-29 00:00:00+00,2026-09-21 12:36:10.142818+00,60694a33-64df-4703-bb1f-20bc3948e683,
c6d03084-f5a9-424a-b550-03cded5331ad,6b10649a-5c67-48f5-b4b7-9040805a9348,df3d8ea3-3aa6-4212-a736-6a16b4ecb804,8703fd82-ea7e-461c-bacc-18cd5a7c3d3b,AST-IT-LAPTOP-00298,ITLAPTOP-607213,Dell,ProBook 442,"{""cpu"": ""i7-1165G7"", ""ram_gb"": 8, ""screen_in"": 13}",good,active,2020-06-30,34100.00,2026-11-21 12:36:10.142818+00,medium,"[{""code"": ""age_near_or_past_useful_life"", ""detail"": ""156% of expected life consumed"", ""weight"": 0.30}, {""code"": ""no_active_warranty"", ""detail"": ""no warranty currently covers this asset"", ""weight"": 0.05}, {""code"": ""score"", ""detail"": ""baseline_rules v1.0.0, horizon 30 days"", ""weight"": 0.350}]",,,2020-07-07 00:00:00+00,2026-09-21 12:36:10.142818+00,60694a33-64df-4703-bb1f-20bc3948e683,
99cb7ad9-b2b7-451a-9134-e0d7c92449f6,6b10649a-5c67-48f5-b4b7-9040805a9348,32c3a1d1-37ba-4b9c-9c41-80de762168b5,6ff17eb7-5c04-40ff-83f8-043b4cb1c45c,AST-IT-LAPTOP-00274,ITLAPTOP-886496,Lenovo,ProBook 441,"{""cpu"": ""i7-1165G7"", ""ram_gb"": 8, ""screen_in"": 14}",fair,active,2023-07-06,28900.00,2026-11-08 12:36:10.142818+00,medium,"[{""code"": ""age_high"", ""detail"": ""80% of expected life consumed"", ""weight"": 0.15}, {""code"": ""high_downtime"", ""detail"": ""29 hours of downtime in 12 months"", ""weight"": 0.10}, {""code"": ""no_active_warranty"", ""detail"": ""no warranty currently covers this asset"", ""weight"": 0.05}, {""code"": ""score"", ""detail"": ""baseline_rules v1.0.0, horizon 30 days"", ""weight"": 0.300}]",,,2023-07-13 00:00:00+00,2026-09-21 12:36:10.142818+00,60694a33-64df-4703-bb1f-20bc3948e683,
41a54514-80ef-4746-a97f-53647586466a,6b10649a-5c67-48f5-b4b7-9040805a9348,01ff8df6-208a-40fd-bc27-a79a4733d467,1c4df881-cca6-49a3-9b2e-6a87a781ef63,AST-IT-LAPTOP-00250,ITLAPTOP-149771,Dell,ProBook 443,"{""cpu"": ""i7-1165G7"", ""ram_gb"": 16, ""screen_in"": 15}",good,active,2022-10-21,32800.00,2027-02-16 12:36:10.142818+00,medium,"[{""code"": ""age_near_or_past_useful_life"", ""detail"": ""98% of expected life consumed"", ""weight"": 0.30}, {""code"": ""no_active_warranty"", ""detail"": ""no warranty currently covers this asset"", ""weight"": 0.05}, {""code"": ""score"", ""detail"": ""baseline_rules v1.0.0, horizon 30 days"", ""weight"": 0.350}]",,,2022-10-28 00:00:00+00,2026-09-21 12:36:10.142818+00,60694a33-64df-4703-bb1f-20bc3948e683,
35adb947-a42f-48dc-8aa1-88bb765de796,6b10649a-5c67-48f5-b4b7-9040805a9348,a6ec99b6-0c5e-460f-9bcc-b385a07737c1,8703fd82-ea7e-461c-bacc-18cd5a7c3d3b,AST-IT-LAPTOP-00226,ITLAPTOP-760780,Lenovo,ProBook 442,"{""cpu"": ""i7-1165G7"", ""ram_gb"": 8, ""screen_in"": 15}",good,active,2022-04-14,25000.00,2026-11-18 12:36:10.142818+00,medium,"[{""code"": ""age_near_or_past_useful_life"", ""detail"": ""111% of expected life consumed"", ""weight"": 0.30}, {""code"": ""no_active_warranty"", ""detail"": ""no warranty currently covers this asset"", ""weight"": 0.05}, {""code"": ""score"", ""detail"": ""baseline_rules v1.0.0, horizon 30 days"", ""weight"": 0.350}]",,,2022-04-21 00:00:00+00,2026-09-21 12:36:10.142818+00,60694a33-64df-4703-bb1f-20bc3948e683,
333c3235-57bd-41f1-933e-95f1ea8b288e,6b10649a-5c67-48f5-b4b7-9040805a9348,85499f3b-df0c-46e7-b412-0e86014d2d23,8703fd82-ea7e-461c-bacc-18cd5a7c3d3b,AST-IT-LAPTOP-00202,ITLAPTOP-378819,Lenovo,ProBook 440,"{""cpu"": ""i7-1165G7"", ""ram_gb"": 8, ""screen_in"": 15}",good,active,2019-12-02,32800.00,2027-03-14 12:36:10.142818+00,medium,"[{""code"": ""age_near_or_past_useful_life"", ""detail"": ""170% of expected life consumed"", ""weight"": 0.30}, {""code"": ""no_active_warranty"", ""detail"": ""no warranty currently covers this asset"", ""weight"": 0.05}, {""code"": ""score"", ""detail"": ""baseline_rules v1.0.0, horizon 30 days"", ""weight"": 0.350}]",,,2019-12-09 00:00:00+00,2026-09-21 12:36:10.142818+00,60694a33-64df-4703-bb1f-20bc3948e683,
f99f741b-31d6-465b-b4c9-1521fe24372c,6b10649a-5c67-48f5-b4b7-9040805a9348,aee1dad1-5904-4a33-8893-b1744b8c9818,6ff17eb7-5c04-40ff-83f8-043b4cb1c45c,AST-IT-LAPTOP-00178,ITLAPTOP-203757,Lenovo,ProBook 443,"{""cpu"": ""i7-1165G7"", ""ram_gb"": 8, ""screen_in"": 13}",failed,active,2025-06-22,28900.00,2027-01-13 00:00:00+00,medium,"[{""code"": ""high_downtime"", ""detail"": ""46 hours of downtime in 12 months"", ""weight"": 0.10}, {""code"": ""condition_failed"", ""detail"": ""condition reported as failed"", ""weight"": 0.30}, {""code"": ""score"", ""detail"": ""baseline_rules v1.0.0, horizon 30 days"", ""weight"": 0.400}]",,,2025-06-29 00:00:00+00,2026-09-21 12:36:10.142818+00,60694a33-64df-4703-bb1f-20bc3948e683,
ff96bdb1-62cb-46af-af07-46dc3cf98d7f,6b10649a-5c67-48f5-b4b7-9040805a9348,8f91eff9-f399-4920-bb43-f748de8dba53,1c4df881-cca6-49a3-9b2e-6a87a781ef63,AST-IT-LAPTOP-00154,ITLAPTOP-940402,Lenovo,ProBook 443,"{""cpu"": ""i7-1165G7"", ""ram_gb"": 8, ""screen_in"": 15}",fair,active,2021-05-24,30200.00,2026-12-26 12:36:10.142818+00,high,"[{""code"": ""age_near_or_past_useful_life"", ""detail"": ""133% of expected life consumed"", ""weight"": 0.30}, {""code"": ""high_downtime"", ""detail"": ""33 hours of downtime in 12 months"", ""weight"": 0.10}, {""code"": ""no_active_warranty"", ""detail"": ""no warranty currently covers this asset"", ""weight"": 0.05}, {""code"": ""score"", ""detail"": ""baseline_rules v1.0.0, horizon 30 days"", ""weight"": 0.450}]",,,2021-05-31 00:00:00+00,2026-09-21 12:36:10.142818+00,60694a33-64df-4703-bb1f-20bc3948e683,
6ab4df89-1b50-4b6a-962d-92d3ef5ddc4c,6b10649a-5c67-48f5-b4b7-9040805a9348,df3d8ea3-3aa6-4212-a736-6a16b4ecb804,8703fd82-ea7e-461c-bacc-18cd5a7c3d3b,AST-IT-LAPTOP-00130,ITLAPTOP-686566,Lenovo,ProBook 443,"{""cpu"": ""i7-1165G7"", ""ram_gb"": 16, ""screen_in"": 14}",good,active,2020-02-03,32800.00,2026-07-23 12:36:10.142818+00,high,"[{""code"": ""age_near_or_past_useful_life"", ""detail"": ""166% of expected life consumed"", ""weight"": 0.30}, {""code"": ""maintenance_overdue"", ""detail"": ""60 days overdue"", ""weight"": 0.30}, {""code"": ""no_active_warranty"", ""detail"": ""no warranty currently covers this asset"", ""weight"": 0.05}, {""code"": ""score"", ""detail"": ""baseline_rules v1.0.0, horizon 30 days"", ""weight"": 0.650}]",,,2020-02-10 00:00:00+00,2026-09-21 12:36:10.142818+00,60694a33-64df-4703-bb1f-20bc3948e683,
23d8e810-f123-417e-ac55-fb506dc961e4,6b10649a-5c67-48f5-b4b7-9040805a9348,32c3a1d1-37ba-4b9c-9c41-80de762168b5,6ff17eb7-5c04-40ff-83f8-043b4cb1c45c,AST-IT-LAPTOP-00106,ITLAPTOP-148565,HP,ProBook 444,"{""cpu"": ""i7-1165G7"", ""ram_gb"": 8, ""screen_in"": 14}",good,active,2019-10-04,28900.00,2027-03-07 12:36:10.142818+00,medium,"[{""code"": ""age_near_or_past_useful_life"", ""detail"": ""174% of expected life consumed"", ""weight"": 0.30}, {""code"": ""no_active_warranty"", ""detail"": ""no warranty currently covers this asset"", ""weight"": 0.05}, {""code"": ""score"", ""detail"": ""baseline_rules v1.0.0, horizon 30 days"", ""weight"": 0.350}]",,,2019-10-11 00:00:00+00,2026-09-21 12:36:10.142818+00,60694a33-64df-4703-bb1f-20bc3948e683,
9a328951-6f87-4694-900b-d16dfc676cae,6b10649a-5c67-48f5-b4b7-9040805a9348,01ff8df6-208a-40fd-bc27-a79a4733d467,1c4df881-cca6-49a3-9b2e-6a87a781ef63,AST-IT-LAPTOP-00082,ITLAPTOP-446566,HP,ProBook 441,"{""cpu"": ""i7-1165G7"", ""ram_gb"": 8, ""screen_in"": 14}",poor,active,2023-07-07,32800.00,2026-10-23 12:36:10.142818+00,medium,"[{""code"": ""age_high"", ""detail"": ""80% of expected life consumed"", ""weight"": 0.15}, {""code"": ""condition_poor"", ""detail"": ""condition reported as poor"", ""weight"": 0.15}, {""code"": ""no_active_warranty"", ""detail"": ""no warranty currently covers this asset"", ""weight"": 0.05}, {""code"": ""score"", ""detail"": ""baseline_rules v1.0.0, horizon 30 days"", ""weight"": 0.350}]",,,2023-07-14 00:00:00+00,2026-09-21 12:36:10.142818+00,60694a33-64df-4703-bb1f-20bc3948e683,
1373f268-b4a1-4773-bd7d-0def0ca0662c,6b10649a-5c67-48f5-b4b7-9040805a9348,aee1dad1-5904-4a33-8893-b1744b8c9818,6ff17eb7-5c04-40ff-83f8-043b4cb1c45c,AST-IT-LAPTOP-00010,ITLAPTOP-399119,HP,ProBook 441,"{""cpu"": ""i7-1165G7"", ""ram_gb"": 16, ""screen_in"": 14}",new,active,2024-12-03,25000.00,2026-12-23 00:00:00+00,low,"[{""code"": ""no_active_warranty"", ""detail"": ""no warranty currently covers this asset"", ""weight"": 0.05}, {""code"": ""score"", ""detail"": ""baseline_rules v1.0.0, horizon 30 days"", ""weight"": 0.050}]",,,2024-12-10 00:00:00+00,2026-09-21 12:36:10.142818+00,60694a33-64df-4703-bb1f-20bc3948e683,
ced1fc40-c2f8-4143-8f8b-84292cdaace1,6b10649a-5c67-48f5-b4b7-9040805a9348,3288eed1-6ae3-45da-acb7-12c603a5bfed,05d038a0-b4a2-40fb-9ac6-eecfcf9cda47,AST-IT-LAPTOP-00419,ITLAPTOP-172708,Dell,ProBook 443,"{""cpu"": ""i7-1165G7"", ""ram_gb"": 8, ""screen_in"": 14}",fair,active,2023-01-05,34100.00,2026-11-26 12:36:10.142818+00,high,"[{""code"": ""age_near_or_past_useful_life"", ""detail"": ""93% of expected life consumed"", ""weight"": 0.30}, {""code"": ""high_downtime"", ""detail"": ""46 hours of downtime in 12 months"", ""weight"": 0.10}, {""code"": ""no_active_warranty"", ""detail"": ""no warranty currently covers this asset"", ""weight"": 0.05}, {""code"": ""score"", ""detail"": ""baseline_rules v1.0.0, horizon 30 days"", ""weight"": 0.450}]",,,2023-01-12 00:00:00+00,2026-09-21 12:36:10.142818+00,60694a33-64df-4703-bb1f-20bc3948e683,
c9447499-81c6-4239-9254-400f41a45ed8,6b10649a-5c67-48f5-b4b7-9040805a9348,2d3df51d-7064-4e69-9149-61bba0212bb9,176f3f16-3ab1-409e-8c10-9631bea0edcc,AST-IT-LAPTOP-00395,ITLAPTOP-788815,HP,ProBook 442,"{""cpu"": ""i7-1165G7"", ""ram_gb"": 8, ""screen_in"": 15}",fair,active,2022-10-30,34100.00,2026-12-08 12:36:10.142818+00,medium,"[{""code"": ""age_near_or_past_useful_life"", ""detail"": ""97% of expected life consumed"", ""weight"": 0.30}, {""code"": ""no_active_warranty"", ""detail"": ""no warranty currently covers this asset"", ""weight"": 0.05}, {""code"": ""score"", ""detail"": ""baseline_rules v1.0.0, horizon 30 days"", ""weight"": 0.350}]",,,2022-11-06 00:00:00+00,2026-09-21 12:36:10.142818+00,60694a33-64df-4703-bb1f-20bc3948e683,
63f8c423-fb57-4736-8283-17d293b8db97,6b10649a-5c67-48f5-b4b7-9040805a9348,b82c31fb-e089-421b-a0d9-9c5e117bb57f,750c04a5-63c4-42c6-a7c4-b3aa1de4eebf,AST-IT-LAPTOP-00371,ITLAPTOP-408465,Dell,ProBook 440,"{""cpu"": ""i7-1165G7"", ""ram_gb"": 16, ""screen_in"": 14}",good,active,2022-01-21,30200.00,2027-03-12 12:36:10.142818+00,medium,"[{""code"": ""age_near_or_past_useful_life"", ""detail"": ""117% of expected life consumed"", ""weight"": 0.30}, {""code"": ""no_active_warranty"", ""detail"": ""no warranty currently covers this asset"", ""weight"": 0.05}, {""code"": ""score"", ""detail"": ""baseline_rules v1.0.0, horizon 30 days"", ""weight"": 0.350}]",,,2022-01-28 00:00:00+00,2026-09-21 12:36:10.142818+00,60694a33-64df-4703-bb1f-20bc3948e683,
15707320-cbb1-4984-a776-895049448c18,6b10649a-5c67-48f5-b4b7-9040805a9348,73fdb59c-ac31-400e-bf53-3b4e19b20c10,176f3f16-3ab1-409e-8c10-9631bea0edcc,AST-IT-LAPTOP-00323,ITLAPTOP-495054,Dell,ProBook 442,"{""cpu"": ""i7-1165G7"", ""ram_gb"": 8, ""screen_in"": 13}",new,active,2023-04-08,25000.00,2026-10-30 12:36:10.142818+00,medium,"[{""code"": ""age_high"", ""detail"": ""86% of expected life consumed"", ""weight"": 0.15}, {""code"": ""no_active_warranty"", ""detail"": ""no warranty currently covers this asset"", ""weight"": 0.05}, {""code"": ""score"", ""detail"": ""baseline_rules v1.0.0, horizon 30 days"", ""weight"": 0.200}]",,,2023-04-15 00:00:00+00,2026-09-21 12:36:10.142818+00,60694a33-64df-4703-bb1f-20bc3948e683,
76b9ca71-81f5-4dbe-bdb1-24e3de0f1c26,6b10649a-5c67-48f5-b4b7-9040805a9348,af21c725-bf6f-4560-aa7b-6019030410ea,750c04a5-63c4-42c6-a7c4-b3aa1de4eebf,AST-IT-LAPTOP-00299,ITLAPTOP-475637,Dell,ProBook 441,"{""cpu"": ""i7-1165G7"", ""ram_gb"": 16, ""screen_in"": 15}",fair,active,2023-08-23,34100.00,2026-10-14 12:36:10.142818+00,high,"[{""code"": ""age_high"", ""detail"": ""77% of expected life consumed"", ""weight"": 0.15}, {""code"": ""maintenance_due_within_horizon"", ""detail"": ""23 days to next service"", ""weight"": 0.15}, {""code"": ""high_downtime"", ""detail"": ""24 hours of downtime in 12 months"", ""weight"": 0.10}, {""code"": ""no_active_warranty"", ""detail"": ""no warranty currently covers this asset"", ""weight"": 0.05}, {""code"": ""score"", ""detail"": ""baseline_rules v1.0.0, horizon 30 days"", ""weight"": 0.450}]",,,2023-08-30 00:00:00+00,2026-09-21 12:36:10.142818+00,60694a33-64df-4703-bb1f-20bc3948e683,
d71c37c1-f089-4ce6-924f-1bfd30fd360c,6b10649a-5c67-48f5-b4b7-9040805a9348,5bac9e47-d100-44c8-b570-0db31ea21fad,05d038a0-b4a2-40fb-9ac6-eecfcf9cda47,AST-IT-LAPTOP-00275,ITLAPTOP-676664,Dell,ProBook 440,"{""cpu"": ""i7-1165G7"", ""ram_gb"": 16, ""screen_in"": 15}",good,active,2021-06-19,32800.00,2026-11-08 12:36:10.142818+00,medium,"[{""code"": ""age_near_or_past_useful_life"", ""detail"": ""131% of expected life consumed"", ""weight"": 0.30}, {""code"": ""no_active_warranty"", ""detail"": ""no warranty currently covers this asset"", ""weight"": 0.05}, {""code"": ""score"", ""detail"": ""baseline_rules v1.0.0, horizon 30 days"", ""weight"": 0.350}]",,,2021-06-26 00:00:00+00,2026-09-21 12:36:10.142818+00,60694a33-64df-4703-bb1f-20bc3948e683,
0d4c6f27-4d61-4ee8-9e95-199882ab6329,6b10649a-5c67-48f5-b4b7-9040805a9348,3288eed1-6ae3-45da-acb7-12c603a5bfed,05d038a0-b4a2-40fb-9ac6-eecfcf9cda47,AST-IT-LAPTOP-00251,ITLAPTOP-251968,Lenovo,ProBook 440,"{""cpu"": ""i7-1165G7"", ""ram_gb"": 16, ""screen_in"": 15}",fair,active,2021-05-24,31500.00,2027-01-16 12:36:10.142818+00,medium,"[{""code"": ""age_near_or_past_useful_life"", ""detail"": ""133% of expected life consumed"", ""weight"": 0.30}, {""code"": ""no_active_warranty"", ""detail"": ""no warranty currently covers this asset"", ""weight"": 0.05}, {""code"": ""score"", ""detail"": ""baseline_rules v1.0.0, horizon 30 days"", ""weight"": 0.350}]",,,2021-05-31 00:00:00+00,2026-09-21 12:36:10.142818+00,60694a33-64df-4703-bb1f-20bc3948e683,
661926d4-ef61-4388-b957-a43f3ac66a78,6b10649a-5c67-48f5-b4b7-9040805a9348,2d3df51d-7064-4e69-9149-61bba0212bb9,176f3f16-3ab1-409e-8c10-9631bea0edcc,AST-IT-LAPTOP-00227,ITLAPTOP-217663,Lenovo,ProBook 442,"{""cpu"": ""i7-1165G7"", ""ram_gb"": 8, ""screen_in"": 14}",good,active,2022-04-23,26300.00,2027-01-22 12:36:10.142818+00,medium,"[{""code"": ""age_near_or_past_useful_life"", ""detail"": ""110% of expected life consumed"", ""weight"": 0.30}, {""code"": ""no_active_warranty"", ""detail"": ""no warranty currently covers this asset"", ""weight"": 0.05}, {""code"": ""score"", ""detail"": ""baseline_rules v1.0.0, horizon 30 days"", ""weight"": 0.350}]",,,2022-04-30 00:00:00+00,2026-09-21 12:36:10.142818+00,60694a33-64df-4703-bb1f-20bc3948e683,
791324a4-7f04-4c2d-a81f-df66cf7bb9d9,6b10649a-5c67-48f5-b4b7-9040805a9348,b82c31fb-e089-421b-a0d9-9c5e117bb57f,750c04a5-63c4-42c6-a7c4-b3aa1de4eebf,AST-IT-LAPTOP-00203,ITLAPTOP-842285,HP,ProBook 444,"{""cpu"": ""i7-1165G7"", ""ram_gb"": 16, ""screen_in"": 13}",good,lost,2021-08-26,28900.00,2026-09-24 12:36:10.142818+00,high,"[{""code"": ""age_near_or_past_useful_life"", ""detail"": ""127% of expected life consumed"", ""weight"": 0.30}, {""code"": ""maintenance_due_within_horizon"", ""detail"": ""3 days to next service"", ""weight"": 0.15}, {""code"": ""no_active_warranty"", ""detail"": ""no warranty currently covers this asset"", ""weight"": 0.05}, {""code"": ""score"", ""detail"": ""baseline_rules v1.0.0, horizon 30 days"", ""weight"": 0.500}]",,,2021-09-02 00:00:00+00,2026-09-21 12:36:10.142818+00,60694a33-64df-4703-bb1f-20bc3948e683,
bde8dd16-74c6-404d-89e8-7d957b0e0e67,6b10649a-5c67-48f5-b4b7-9040805a9348,73fdb59c-ac31-400e-bf53-3b4e19b20c10,176f3f16-3ab1-409e-8c10-9631bea0edcc,AST-IT-LAPTOP-00155,ITLAPTOP-503271,Dell,ProBook 440,"{""cpu"": ""i7-1165G7"", ""ram_gb"": 8, ""screen_in"": 14}",good,active,2022-08-05,28900.00,2026-11-06 12:36:10.142818+00,medium,"[{""code"": ""age_near_or_past_useful_life"", ""detail"": ""103% of expected life consumed"", ""weight"": 0.30}, {""code"": ""no_active_warranty"", ""detail"": ""no warranty currently covers this asset"", ""weight"": 0.05}, {""code"": ""score"", ""detail"": ""baseline_rules v1.0.0, horizon 30 days"", ""weight"": 0.350}]",,,2022-08-12 00:00:00+00,2026-09-21 12:36:10.142818+00,60694a33-64df-4703-bb1f-20bc3948e683,
577d2037-fa1a-4502-ad03-655b700478ab,6b10649a-5c67-48f5-b4b7-9040805a9348,af21c725-bf6f-4560-aa7b-6019030410ea,750c04a5-63c4-42c6-a7c4-b3aa1de4eebf,AST-IT-LAPTOP-00131,ITLAPTOP-155938,Dell,ProBook 442,"{""cpu"": ""i7-1165G7"", ""ram_gb"": 8, ""screen_in"": 13}",good,active,2024-12-14,32800.00,2027-01-03 00:00:00+00,low,"[{""code"": ""score"", ""detail"": ""baseline_rules v1.0.0, horizon 30 days"", ""weight"": 0.000}]",,,2024-12-21 00:00:00+00,2026-09-21 12:36:10.142818+00,60694a33-64df-4703-bb1f-20bc3948e683,
a695b6b5-5239-46ee-a55e-2da1a73b49f9,6b10649a-5c67-48f5-b4b7-9040805a9348,5bac9e47-d100-44c8-b570-0db31ea21fad,05d038a0-b4a2-40fb-9ac6-eecfcf9cda47,AST-IT-LAPTOP-00107,ITLAPTOP-357719,Dell,ProBook 443,"{""cpu"": ""i7-1165G7"", ""ram_gb"": 8, ""screen_in"": 15}",good,active,2022-04-21,31500.00,2027-02-26 12:36:10.142818+00,medium,"[{""code"": ""age_near_or_past_useful_life"", ""detail"": ""111% of expected life consumed"", ""weight"": 0.30}, {""code"": ""no_active_warranty"", ""detail"": ""no warranty currently covers this asset"", ""weight"": 0.05}, {""code"": ""score"", ""detail"": ""baseline_rules v1.0.0, horizon 30 days"", ""weight"": 0.350}]",,,2022-04-28 00:00:00+00,2026-09-21 12:36:10.142818+00,60694a33-64df-4703-bb1f-20bc3948e683,
be235f20-06e4-4da9-b9da-d609b91c58ef,6b10649a-5c67-48f5-b4b7-9040805a9348,3288eed1-6ae3-45da-acb7-12c603a5bfed,05d038a0-b4a2-40fb-9ac6-eecfcf9cda47,AST-IT-LAPTOP-00083,ITLAPTOP-410063,HP,ProBook 444,"{""cpu"": ""i7-1165G7"", ""ram_gb"": 16, ""screen_in"": 14}",good,active,2020-08-25,32800.00,2026-12-28 12:36:10.142818+00,medium,"[{""code"": ""age_near_or_past_useful_life"", ""detail"": ""152% of expected life consumed"", ""weight"": 0.30}, {""code"": ""no_active_warranty"", ""detail"": ""no warranty currently covers this asset"", ""weight"": 0.05}, {""code"": ""score"", ""detail"": ""baseline_rules v1.0.0, horizon 30 days"", ""weight"": 0.350}]",,,2020-09-01 00:00:00+00,2026-09-21 12:36:10.142818+00,60694a33-64df-4703-bb1f-20bc3948e683,
0d30e518-585c-4756-a7f3-19caeba33493,6b10649a-5c67-48f5-b4b7-9040805a9348,2d3df51d-7064-4e69-9149-61bba0212bb9,176f3f16-3ab1-409e-8c10-9631bea0edcc,AST-IT-LAPTOP-00059,ITLAPTOP-193699,HP,ProBook 444,"{""cpu"": ""i7-1165G7"", ""ram_gb"": 8, ""screen_in"": 14}",good,active,2023-08-23,25000.00,2026-10-23 12:36:10.142818+00,medium,"[{""code"": ""age_high"", ""detail"": ""77% of expected life consumed"", ""weight"": 0.15}, {""code"": ""high_downtime"", ""detail"": ""32 hours of downtime in 12 months"", ""weight"": 0.10}, {""code"": ""no_active_warranty"", ""detail"": ""no warranty currently covers this asset"", ""weight"": 0.05}, {""code"": ""score"", ""detail"": ""baseline_rules v1.0.0, horizon 30 days"", ""weight"": 0.300}]",,,2023-08-30 00:00:00+00,2026-09-21 12:36:10.142818+00,60694a33-64df-4703-bb1f-20bc3948e683,
531d06f2-dc97-4727-8bae-d4929105d722,6b10649a-5c67-48f5-b4b7-9040805a9348,b82c31fb-e089-421b-a0d9-9c5e117bb57f,750c04a5-63c4-42c6-a7c4-b3aa1de4eebf,AST-IT-LAPTOP-00035,ITLAPTOP-141147,HP,ProBook 443,"{""cpu"": ""i7-1165G7"", ""ram_gb"": 8, ""screen_in"": 13}",good,active,2025-08-06,25000.00,2027-02-27 00:00:00+00,low,"[{""code"": ""score"", ""detail"": ""baseline_rules v1.0.0, horizon 30 days"", ""weight"": 0.000}]",,,2025-08-13 00:00:00+00,2026-09-21 12:36:10.142818+00,60694a33-64df-4703-bb1f-20bc3948e683,
b69fd306-6b06-4c59-961a-d2a3cd1a97e8,6b10649a-5c67-48f5-b4b7-9040805a9348,87c202bd-5d44-4042-accc-214381d58ab5,05d038a0-b4a2-40fb-9ac6-eecfcf9cda47,AST-IT-LAPTOP-00011,ITLAPTOP-503844,Lenovo,ProBook 442,"{""cpu"": ""i7-1165G7"", ""ram_gb"": 8, ""screen_in"": 14}",good,active,2022-08-30,30200.00,2027-01-22 12:36:10.142818+00,medium,"[{""code"": ""age_near_or_past_useful_life"", ""detail"": ""102% of expected life consumed"", ""weight"": 0.30}, {""code"": ""no_active_warranty"", ""detail"": ""no warranty currently covers this asset"", ""weight"": 0.05}, {""code"": ""score"", ""detail"": ""baseline_rules v1.0.0, horizon 30 days"", ""weight"": 0.350}]",,,2022-09-06 00:00:00+00,2026-09-21 12:36:10.142818+00,60694a33-64df-4703-bb1f-20bc3948e683,
8a02e139-2263-48a9-95f4-7b9103da437a,d722453f-11da-442f-b41b-15b9deacbe80,ce1019d0-93ab-4aad-a9c1-504e7de174b1,6ff17eb7-5c04-40ff-83f8-043b4cb1c45c,AST-FURN-DESK-00396,,Upper Office Works,Desk-120cm,"{""material"": ""MDF"", ""width_cm"": 180}",good,active,2021-04-09,4640.00,2026-11-21 12:36:10.142818+00,low,"[{""code"": ""no_active_warranty"", ""detail"": ""no warranty currently covers this asset"", ""weight"": 0.05}, {""code"": ""score"", ""detail"": ""baseline_rules v1.0.0, horizon 30 days"", ""weight"": 0.050}]",,,2021-04-16 00:00:00+00,2026-09-21 12:36:10.142818+00,60694a33-64df-4703-bb1f-20bc3948e683,
62ef7d8e-1a3c-41d8-a044-9fefde078224,d722453f-11da-442f-b41b-15b9deacbe80,8ce58e75-8b56-44e0-b303-308ab877a282,1c4df881-cca6-49a3-9b2e-6a87a781ef63,AST-FURN-DESK-00372,,Upper Office Works,Desk-160cm,"{""material"": ""steel_wood"", ""width_cm"": 160}",new,active,2022-07-16,4120.00,2027-05-02 12:36:10.142818+00,low,"[{""code"": ""no_active_warranty"", ""detail"": ""no warranty currently covers this asset"", ""weight"": 0.05}, {""code"": ""score"", ""detail"": ""baseline_rules v1.0.0, horizon 30 days"", ""weight"": 0.050}]",,,2022-07-23 00:00:00+00,2026-09-21 12:36:10.142818+00,60694a33-64df-4703-bb1f-20bc3948e683,
0fa4e66e-4e83-4f2f-9a3f-118ba0e74086,d722453f-11da-442f-b41b-15b9deacbe80,477a6a8f-fc3e-46c4-9661-b8e18aa51458,8703fd82-ea7e-461c-bacc-18cd5a7c3d3b,AST-FURN-DESK-00348,,Upper Office Works,Desk-160cm,"{""material"": ""steel_wood"", ""width_cm"": 160}",fair,active,2025-09-17,4640.00,2027-10-17 00:00:00+00,low,"[{""code"": ""score"", ""detail"": ""baseline_rules v1.0.0, horizon 30 days"", ""weight"": 0.000}]",,,2025-09-24 00:00:00+00,2026-09-21 12:36:10.142818+00,60694a33-64df-4703-bb1f-20bc3948e683,
47b98c8a-75a2-4a6b-bdee-42b3794b60f2,d722453f-11da-442f-b41b-15b9deacbe80,0807df48-ba0b-4ac3-ba93-906a9ddd9acb,8703fd82-ea7e-461c-bacc-18cd5a7c3d3b,AST-FURN-DESK-00324,,Upper Office Works,Desk-120cm,"{""material"": ""steel_wood"", ""width_cm"": 180}",good,active,2024-06-21,3860.00,2028-07-20 00:00:00+00,low,"[{""code"": ""score"", ""detail"": ""baseline_rules v1.0.0, horizon 30 days"", ""weight"": 0.000}]",,,2024-06-28 00:00:00+00,2026-09-21 12:36:10.142818+00,60694a33-64df-4703-bb1f-20bc3948e683,
e1bf7f4c-ce10-43d5-9f59-55740d26d991,d722453f-11da-442f-b41b-15b9deacbe80,9c9b191e-d225-40f7-8f83-7360ac682d26,6ff17eb7-5c04-40ff-83f8-043b4cb1c45c,AST-FURN-DESK-00300,,Upper Office Works,Desk-160cm,"{""material"": ""steel_wood"", ""width_cm"": 160}",fair,active,2023-04-28,3860.00,2025-02-05 12:36:10.142818+00,medium,"[{""code"": ""maintenance_overdue"", ""detail"": ""593 days overdue"", ""weight"": 0.30}, {""code"": ""no_active_warranty"", ""detail"": ""no warranty currently covers this asset"", ""weight"": 0.05}, {""code"": ""score"", ""detail"": ""baseline_rules v1.0.0, horizon 30 days"", ""weight"": 0.350}]",,,2023-05-05 00:00:00+00,2026-09-21 12:36:10.142818+00,60694a33-64df-4703-bb1f-20bc3948e683,
4ab023fe-56e3-4b29-8558-badc2ded9fa5,d722453f-11da-442f-b41b-15b9deacbe80,bf145be9-a3ed-43c6-8b63-9ac65a15909b,1c4df881-cca6-49a3-9b2e-6a87a781ef63,AST-FURN-DESK-00276,,Upper Office Works,Desk-120cm,"{""material"": ""steel_wood"", ""width_cm"": 140}",good,active,2024-02-29,4640.00,2028-03-29 00:00:00+00,low,"[{""code"": ""score"", ""detail"": ""baseline_rules v1.0.0, horizon 30 days"", ""weight"": 0.000}]",,,2024-03-07 00:00:00+00,2026-09-21 12:36:10.142818+00,60694a33-64df-4703-bb1f-20bc3948e683,
a5d788c6-fc55-45f7-932d-e22ecba6057b,d722453f-11da-442f-b41b-15b9deacbe80,ce1019d0-93ab-4aad-a9c1-504e7de174b1,6ff17eb7-5c04-40ff-83f8-043b4cb1c45c,AST-FURN-DESK-00228,,Upper Office Works,Desk-120cm,"{""material"": ""steel_wood"", ""width_cm"": 180}",good,active,2023-12-31,4120.00,2027-07-21 12:36:10.142818+00,low,"[{""code"": ""no_active_warranty"", ""detail"": ""no warranty currently covers this asset"", ""weight"": 0.05}, {""code"": ""score"", ""detail"": ""baseline_rules v1.0.0, horizon 30 days"", ""weight"": 0.050}]",,,2024-01-07 00:00:00+00,2026-09-21 12:36:10.142818+00,60694a33-64df-4703-bb1f-20bc3948e683,
0ae665b9-f018-405a-870f-327a23153262,d722453f-11da-442f-b41b-15b9deacbe80,8ce58e75-8b56-44e0-b303-308ab877a282,1c4df881-cca6-49a3-9b2e-6a87a781ef63,AST-FURN-DESK-00204,,Upper Office Works,Desk-120cm,"{""material"": ""MDF"", ""width_cm"": 180}",good,active,2022-05-30,4380.00,2028-09-03 12:36:10.142818+00,low,"[{""code"": ""high_downtime"", ""detail"": ""26 hours of downtime in 12 months"", ""weight"": 0.10}, {""code"": ""no_active_warranty"", ""detail"": ""no warranty currently covers this asset"", ""weight"": 0.05}, {""code"": ""score"", ""detail"": ""baseline_rules v1.0.0, horizon 30 days"", ""weight"": 0.150}]",,,2022-06-06 00:00:00+00,2026-09-21 12:36:10.142818+00,60694a33-64df-4703-bb1f-20bc3948e683,
a5aceaf8-bc0a-44c4-ac3f-d64e1d271a80,d722453f-11da-442f-b41b-15b9deacbe80,477a6a8f-fc3e-46c4-9661-b8e18aa51458,8703fd82-ea7e-461c-bacc-18cd5a7c3d3b,AST-FURN-DESK-00180,,Upper Office Works,Desk-120cm,"{""material"": ""steel_wood"", ""width_cm"": 120}",good,active,2025-10-21,3860.00,2027-11-20 00:00:00+00,low,"[{""code"": ""no_active_warranty"", ""detail"": ""no warranty currently covers this asset"", ""weight"": 0.05}, {""code"": ""score"", ""detail"": ""baseline_rules v1.0.0, horizon 30 days"", ""weight"": 0.050}]",,,2025-10-28 00:00:00+00,2026-09-21 12:36:10.142818+00,60694a33-64df-4703-bb1f-20bc3948e683,
93876c21-0c9e-49a9-a24a-11e0cd8433fa,d722453f-11da-442f-b41b-15b9deacbe80,0807df48-ba0b-4ac3-ba93-906a9ddd9acb,8703fd82-ea7e-461c-bacc-18cd5a7c3d3b,AST-FURN-DESK-00156,,Upper Office Works,Desk-140cm,"{""material"": ""steel_wood"", ""width_cm"": 120}",fair,active,2024-08-15,4640.00,2027-04-27 12:36:10.142818+00,low,"[{""code"": ""score"", ""detail"": ""baseline_rules v1.0.0, horizon 30 days"", ""weight"": 0.000}]",,,2024-08-22 00:00:00+00,2026-09-21 12:36:10.142818+00,60694a33-64df-4703-bb1f-20bc3948e683,
86c0433f-8e2c-4945-88f5-eb61ecf775ce,d722453f-11da-442f-b41b-15b9deacbe80,9c9b191e-d225-40f7-8f83-7360ac682d26,6ff17eb7-5c04-40ff-83f8-043b4cb1c45c,AST-FURN-DESK-00132,,Upper Office Works,Desk-140cm,"{""material"": ""MDF"", ""width_cm"": 160}",good,active,2023-09-28,4640.00,2028-01-08 12:36:10.142818+00,low,"[{""code"": ""no_active_warranty"", ""detail"": ""no warranty currently covers this asset"", ""weight"": 0.05}, {""code"": ""score"", ""detail"": ""baseline_rules v1.0.0, horizon 30 days"", ""weight"": 0.050}]",,,2023-10-05 00:00:00+00,2026-09-21 12:36:10.142818+00,60694a33-64df-4703-bb1f-20bc3948e683,
922c2b56-f70b-43d9-962d-02990e718976,d722453f-11da-442f-b41b-15b9deacbe80,bf145be9-a3ed-43c6-8b63-9ac65a15909b,1c4df881-cca6-49a3-9b2e-6a87a781ef63,AST-FURN-DESK-00108,,Upper Office Works,Desk-160cm,"{""material"": ""steel_wood"", ""width_cm"": 120}",new,active,2025-02-16,3860.00,2027-03-18 00:00:00+00,low,"[{""code"": ""score"", ""detail"": ""baseline_rules v1.0.0, horizon 30 days"", ""weight"": 0.000}]",,,2025-02-23 00:00:00+00,2026-09-21 12:36:10.142818+00,60694a33-64df-4703-bb1f-20bc3948e683,
4ac924ac-9b8a-423d-898b-6bdb5b1eecbe,d722453f-11da-442f-b41b-15b9deacbe80,42a0fa0c-5355-4ca9-b2c2-a1b6993ee48b,8703fd82-ea7e-461c-bacc-18cd5a7c3d3b,AST-FURN-DESK-00084,,Upper Office Works,Desk-180cm,"{""material"": ""MDF"", ""width_cm"": 120}",new,active,2023-07-12,4120.00,2028-03-10 12:36:10.142818+00,low,"[{""code"": ""no_active_warranty"", ""detail"": ""no warranty currently covers this asset"", ""weight"": 0.05}, {""code"": ""score"", ""detail"": ""baseline_rules v1.0.0, horizon 30 days"", ""weight"": 0.050}]",,,2023-07-19 00:00:00+00,2026-09-21 12:36:10.142818+00,60694a33-64df-4703-bb1f-20bc3948e683,
a97d79b8-bf69-45bf-86ff-a5a488ddf88c,d722453f-11da-442f-b41b-15b9deacbe80,ce1019d0-93ab-4aad-a9c1-504e7de174b1,6ff17eb7-5c04-40ff-83f8-043b4cb1c45c,AST-FURN-DESK-00060,,Upper Office Works,Desk-180cm,"{""material"": ""MDF"", ""width_cm"": 160}",fair,active,2020-01-06,4120.00,2027-08-20 12:36:10.142818+00,low,"[{""code"": ""high_downtime"", ""detail"": ""26 hours of downtime in 12 months"", ""weight"": 0.10}, {""code"": ""no_active_warranty"", ""detail"": ""no warranty currently covers this asset"", ""weight"": 0.05}, {""code"": ""score"", ""detail"": ""baseline_rules v1.0.0, horizon 30 days"", ""weight"": 0.150}]",,,2020-01-13 00:00:00+00,2026-09-21 12:36:10.142818+00,60694a33-64df-4703-bb1f-20bc3948e683,
b9069e48-d8db-4a30-856f-59c0b9ec67c5,d722453f-11da-442f-b41b-15b9deacbe80,477a6a8f-fc3e-46c4-9661-b8e18aa51458,8703fd82-ea7e-461c-bacc-18cd5a7c3d3b,AST-FURN-DESK-00012,,Upper Office Works,Desk-140cm,"{""material"": ""MDF"", ""width_cm"": 160}",fair,active,2025-03-05,3600.00,2027-04-04 00:00:00+00,low,"[{""code"": ""high_downtime"", ""detail"": ""46 hours of downtime in 12 months"", ""weight"": 0.10}, {""code"": ""score"", ""detail"": ""baseline_rules v1.0.0, horizon 30 days"", ""weight"": 0.100}]",,,2025-03-12 00:00:00+00,2026-09-21 12:36:10.142818+00,60694a33-64df-4703-bb1f-20bc3948e683,
5bf7bd29-a12f-4781-b9d0-bfd54f897868,d722453f-11da-442f-b41b-15b9deacbe80,02bca8b1-2624-4782-8cf9-81f6abe4f201,750c04a5-63c4-42c6-a7c4-b3aa1de4eebf,AST-FURN-DESK-00397,,Upper Office Works,Desk-120cm,"{""material"": ""steel_wood"", ""width_cm"": 180}",fair,active,2021-11-14,3860.00,2027-01-10 12:36:10.142818+00,medium,"[{""code"": ""high_downtime"", ""detail"": ""19 hours of downtime in 12 months"", ""weight"": 0.10}, {""code"": ""repair_cost_ratio_high"", ""detail"": ""12-month repair cost exceeds 40% of purchase cost"", ""weight"": 0.10}, {""code"": ""no_active_warranty"", ""detail"": ""no warranty currently covers this asset"", ""weight"": 0.05}, {""code"": ""score"", ""detail"": ""baseline_rules v1.0.0, horizon 30 days"", ""weight"": 0.250}]",,,2021-11-21 00:00:00+00,2026-09-21 12:36:10.142818+00,60694a33-64df-4703-bb1f-20bc3948e683,
abb6c3a1-f251-46da-ba51-4b52d59fd74c,d722453f-11da-442f-b41b-15b9deacbe80,5b86b773-2072-4cf6-ac59-aa6ed5c9e277,05d038a0-b4a2-40fb-9ac6-eecfcf9cda47,AST-FURN-DESK-00373,,Upper Office Works,Desk-120cm,"{""material"": ""MDF"", ""width_cm"": 160}",good,active,2023-05-24,4380.00,2028-04-16 12:36:10.142818+00,low,"[{""code"": ""no_active_warranty"", ""detail"": ""no warranty currently covers this asset"", ""weight"": 0.05}, {""code"": ""score"", ""detail"": ""baseline_rules v1.0.0, horizon 30 days"", ""weight"": 0.050}]",,,2023-05-31 00:00:00+00,2026-09-21 12:36:10.142818+00,60694a33-64df-4703-bb1f-20bc3948e683,
b3b640b7-af1f-444d-9c49-2fb6751baa85,d722453f-11da-442f-b41b-15b9deacbe80,ba4b9298-99d3-4aa9-8d04-f4d0d933550d,750c04a5-63c4-42c6-a7c4-b3aa1de4eebf,AST-FURN-DESK-00325,,Upper Office Works,Desk-180cm,"{""material"": ""MDF"", ""width_cm"": 120}",good,active,2024-04-17,4120.00,2027-06-18 12:36:10.142818+00,low,"[{""code"": ""no_active_warranty"", ""detail"": ""no warranty currently covers this asset"", ""weight"": 0.05}, {""code"": ""score"", ""detail"": ""baseline_rules v1.0.0, horizon 30 days"", ""weight"": 0.050}]",,,2024-04-24 00:00:00+00,2026-09-21 12:36:10.142818+00,60694a33-64df-4703-bb1f-20bc3948e683,
4c171fa3-11db-4b74-8748-5918e0c0ed3e,d722453f-11da-442f-b41b-15b9deacbe80,ad7545d1-5dd0-4c6a-9a2b-f8865e75563f,05d038a0-b4a2-40fb-9ac6-eecfcf9cda47,AST-FURN-DESK-00301,,Upper Office Works,Desk-160cm,"{""material"": ""MDF"", ""width_cm"": 180}",fair,active,2020-11-11,3860.00,2028-08-20 12:36:10.142818+00,low,"[{""code"": ""no_active_warranty"", ""detail"": ""no warranty currently covers this asset"", ""weight"": 0.05}, {""code"": ""score"", ""detail"": ""baseline_rules v1.0.0, horizon 30 days"", ""weight"": 0.050}]",,,2020-11-18 00:00:00+00,2026-09-21 12:36:10.142818+00,60694a33-64df-4703-bb1f-20bc3948e683,
c637be88-832d-4bc8-8f0f-74fc8315daaf,d722453f-11da-442f-b41b-15b9deacbe80,93723cd6-95df-412a-ae14-7ffbe9982442,176f3f16-3ab1-409e-8c10-9631bea0edcc,AST-FURN-DESK-00277,,Upper Office Works,Desk-120cm,"{""material"": ""MDF"", ""width_cm"": 140}",new,active,2019-11-13,4120.00,2027-12-29 12:36:10.142818+00,low,"[{""code"": ""no_active_warranty"", ""detail"": ""no warranty currently covers this asset"", ""weight"": 0.05}, {""code"": ""score"", ""detail"": ""baseline_rules v1.0.0, horizon 30 days"", ""weight"": 0.050}]",,,2019-11-20 00:00:00+00,2026-09-21 12:36:10.142818+00,60694a33-64df-4703-bb1f-20bc3948e683,
77298c56-0546-402f-a366-edf9d1119649,d722453f-11da-442f-b41b-15b9deacbe80,02bca8b1-2624-4782-8cf9-81f6abe4f201,750c04a5-63c4-42c6-a7c4-b3aa1de4eebf,AST-FURN-DESK-00229,,Upper Office Works,Desk-140cm,"{""material"": ""steel_wood"", ""width_cm"": 120}",good,active,2024-01-15,3860.00,2026-11-01 12:36:10.142818+00,low,"[{""code"": ""no_active_warranty"", ""detail"": ""no warranty currently covers this asset"", ""weight"": 0.05}, {""code"": ""score"", ""detail"": ""baseline_rules v1.0.0, horizon 30 days"", ""weight"": 0.050}]",,,2024-01-22 00:00:00+00,2026-09-21 12:36:10.142818+00,60694a33-64df-4703-bb1f-20bc3948e683,
b999618a-3839-43e4-b43e-9ed94a450cda,d722453f-11da-442f-b41b-15b9deacbe80,5b86b773-2072-4cf6-ac59-aa6ed5c9e277,05d038a0-b4a2-40fb-9ac6-eecfcf9cda47,AST-FURN-DESK-00205,,Upper Office Works,Desk-120cm,"{""material"": ""steel_wood"", ""width_cm"": 180}",good,active,2024-05-16,4120.00,2025-02-26 12:36:10.142818+00,medium,"[{""code"": ""maintenance_overdue"", ""detail"": ""572 days overdue"", ""weight"": 0.30}, {""code"": ""score"", ""detail"": ""baseline_rules v1.0.0, horizon 30 days"", ""weight"": 0.300}]",,,2024-05-23 00:00:00+00,2026-09-21 12:36:10.142818+00,60694a33-64df-4703-bb1f-20bc3948e683,
5eed4c5e-144f-412a-89ad-04edeca9f995,d722453f-11da-442f-b41b-15b9deacbe80,1396d3ba-cbf5-462b-9ba0-f055e43663f9,176f3f16-3ab1-409e-8c10-9631bea0edcc,AST-FURN-DESK-00181,,Upper Office Works,Desk-140cm,"{""material"": ""steel_wood"", ""width_cm"": 160}",good,active,2022-07-02,4120.00,2028-04-03 12:36:10.142818+00,low,"[{""code"": ""no_active_warranty"", ""detail"": ""no warranty currently covers this asset"", ""weight"": 0.05}, {""code"": ""score"", ""detail"": ""baseline_rules v1.0.0, horizon 30 days"", ""weight"": 0.050}]",,,2022-07-09 00:00:00+00,2026-09-21 12:36:10.142818+00,60694a33-64df-4703-bb1f-20bc3948e683,
03193ec4-3de2-4fd6-b4a7-87e5697fb3b4,d722453f-11da-442f-b41b-15b9deacbe80,ba4b9298-99d3-4aa9-8d04-f4d0d933550d,750c04a5-63c4-42c6-a7c4-b3aa1de4eebf,AST-FURN-DESK-00157,,Upper Office Works,Desk-180cm,"{""material"": ""steel_wood"", ""width_cm"": 140}",poor,active,2026-02-12,4380.00,2028-03-13 00:00:00+00,low,"[{""code"": ""condition_poor"", ""detail"": ""condition reported as poor"", ""weight"": 0.15}, {""code"": ""score"", ""detail"": ""baseline_rules v1.0.0, horizon 30 days"", ""weight"": 0.150}]",,,2026-02-19 00:00:00+00,2026-09-21 12:36:10.142818+00,60694a33-64df-4703-bb1f-20bc3948e683,
9f4d7c57-ada0-4305-8d3f-125034f1ab1f,d722453f-11da-442f-b41b-15b9deacbe80,93723cd6-95df-412a-ae14-7ffbe9982442,176f3f16-3ab1-409e-8c10-9631bea0edcc,AST-FURN-DESK-00109,,Upper Office Works,Desk-160cm,"{""material"": ""steel_wood"", ""width_cm"": 160}",fair,active,2025-08-24,4380.00,2027-09-23 00:00:00+00,low,"[{""code"": ""score"", ""detail"": ""baseline_rules v1.0.0, horizon 30 days"", ""weight"": 0.000}]",,,2025-08-31 00:00:00+00,2026-09-21 12:36:10.142818+00,60694a33-64df-4703-bb1f-20bc3948e683,
5bca1677-8958-4130-99fc-234307930124,d722453f-11da-442f-b41b-15b9deacbe80,02bca8b1-2624-4782-8cf9-81f6abe4f201,750c04a5-63c4-42c6-a7c4-b3aa1de4eebf,AST-FURN-DESK-00061,,Upper Office Works,Desk-180cm,"{""material"": ""MDF"", ""width_cm"": 180}",fair,active,2024-11-17,3600.00,2026-12-17 00:00:00+00,low,"[{""code"": ""score"", ""detail"": ""baseline_rules v1.0.0, horizon 30 days"", ""weight"": 0.000}]",,,2024-11-24 00:00:00+00,2026-09-21 12:36:10.142818+00,60694a33-64df-4703-bb1f-20bc3948e683,
c43aa763-01ff-49c7-ae22-3fb3366e2668,d722453f-11da-442f-b41b-15b9deacbe80,5b86b773-2072-4cf6-ac59-aa6ed5c9e277,05d038a0-b4a2-40fb-9ac6-eecfcf9cda47,AST-FURN-DESK-00037,,Upper Office Works,Desk-180cm,"{""material"": ""steel_wood"", ""width_cm"": 140}",good,active,2021-09-27,3860.00,2027-09-01 12:36:10.142818+00,low,"[{""code"": ""no_active_warranty"", ""detail"": ""no warranty currently covers this asset"", ""weight"": 0.05}, {""code"": ""score"", ""detail"": ""baseline_rules v1.0.0, horizon 30 days"", ""weight"": 0.050}]",,,2021-10-04 00:00:00+00,2026-09-21 12:36:10.142818+00,60694a33-64df-4703-bb1f-20bc3948e683,
ef825d0e-252d-4533-a0f6-6e2c16149ea2,d0e25360-20be-40a4-b4d4-f150206a2e30,fdf5ec3c-73f4-4613-932b-6e5cd1d028e1,750c04a5-63c4-42c6-a7c4-b3aa1de4eebf,AST-FAC-AC-00401,FACAC-202899,Sharp,Split 18K,"{""btu"": 24000, ""type"": ""split""}",fair,lost,2023-07-04,25200.00,2026-11-08 12:36:10.142818+00,low,"[{""code"": ""no_active_warranty"", ""detail"": ""no warranty currently covers this asset"", ""weight"": 0.05}, {""code"": ""score"", ""detail"": ""baseline_rules v1.0.0, horizon 30 days"", ""weight"": 0.050}]",,,2023-07-11 00:00:00+00,2026-09-21 12:36:10.142818+00,60694a33-64df-4703-bb1f-20bc3948e683,
f7afe2cc-0cda-4958-889a-434d67d83d7c,d0e25360-20be-40a4-b4d4-f150206a2e30,6be6af1f-cc41-4d06-a82f-74acaf9fff13,05d038a0-b4a2-40fb-9ac6-eecfcf9cda47,AST-FAC-AC-00377,FACAC-497721,Carrier,Split 12K,"{""btu"": 12000, ""type"": ""split""}",good,active,2022-08-11,33600.00,2026-11-26 12:36:10.142818+00,low,"[{""code"": ""no_active_warranty"", ""detail"": ""no warranty currently covers this asset"", ""weight"": 0.05}, {""code"": ""score"", ""detail"": ""baseline_rules v1.0.0, horizon 30 days"", ""weight"": 0.050}]",,,2022-08-18 00:00:00+00,2026-09-21 12:36:10.142818+00,60694a33-64df-4703-bb1f-20bc3948e683,
cd86ca79-4209-43fa-8dc0-ce6f23a485df,d0e25360-20be-40a4-b4d4-f150206a2e30,75741c19-7bc5-4f13-8bcd-5543dbab11a6,05d038a0-b4a2-40fb-9ac6-eecfcf9cda47,AST-FAC-AC-00353,FACAC-445298,Sharp,Split 18K,"{""btu"": 24000, ""type"": ""split""}",good,active,2025-08-28,25200.00,2026-06-24 00:00:00+00,medium,"[{""code"": ""maintenance_overdue"", ""detail"": ""90 days overdue"", ""weight"": 0.30}, {""code"": ""score"", ""detail"": ""baseline_rules v1.0.0, horizon 30 days"", ""weight"": 0.300}]",,,2025-09-04 00:00:00+00,2026-09-21 12:36:10.142818+00,60694a33-64df-4703-bb1f-20bc3948e683,
c6c338df-b90f-4081-a380-6802bc2f3c0a,d0e25360-20be-40a4-b4d4-f150206a2e30,d640dd11-70ae-4fdc-af12-97b61c1003e1,176f3f16-3ab1-409e-8c10-9631bea0edcc,AST-FAC-AC-00329,FACAC-354610,Fresh,Split 18K,"{""btu"": 18000, ""type"": ""split""}",good,active,2023-06-23,21000.00,2026-04-15 12:36:10.142818+00,medium,"[{""code"": ""maintenance_overdue"", ""detail"": ""159 days overdue"", ""weight"": 0.30}, {""code"": ""no_active_warranty"", ""detail"": ""no warranty currently covers this asset"", ""weight"": 0.05}, {""code"": ""score"", ""detail"": ""baseline_rules v1.0.0, horizon 30 days"", ""weight"": 0.350}]",,,2023-06-30 00:00:00+00,2026-09-21 12:36:10.142818+00,60694a33-64df-4703-bb1f-20bc3948e683,
16b21293-b6a2-480f-a726-5a1c87cec645,d0e25360-20be-40a4-b4d4-f150206a2e30,931086a7-6352-430d-894b-6363e4ac4388,750c04a5-63c4-42c6-a7c4-b3aa1de4eebf,AST-FAC-AC-00305,FACAC-362979,Fresh,Split 24K,"{""btu"": 24000, ""type"": ""split""}",good,active,2023-05-29,21000.00,2026-11-10 12:36:10.142818+00,low,"[{""code"": ""high_downtime"", ""detail"": ""22 hours of downtime in 12 months"", ""weight"": 0.10}, {""code"": ""no_active_warranty"", ""detail"": ""no warranty currently covers this asset"", ""weight"": 0.05}, {""code"": ""score"", ""detail"": ""baseline_rules v1.0.0, horizon 30 days"", ""weight"": 0.150}]",,,2023-06-05 00:00:00+00,2026-09-21 12:36:10.142818+00,60694a33-64df-4703-bb1f-20bc3948e683,
3e9a4522-5167-4379-91f6-60f4d5ad68a9,d0e25360-20be-40a4-b4d4-f150206a2e30,824bea60-5daa-4553-8a8a-d2d710545d90,05d038a0-b4a2-40fb-9ac6-eecfcf9cda47,AST-FAC-AC-00281,FACAC-210799,Sharp,Split 12K,"{""btu"": 12000, ""type"": ""split""}",good,active,2022-07-10,33600.00,2026-09-17 12:36:10.142818+00,high,"[{""code"": ""maintenance_overdue"", ""detail"": ""4 days overdue"", ""weight"": 0.30}, {""code"": ""high_downtime"", ""detail"": ""20 hours of downtime in 12 months"", ""weight"": 0.10}, {""code"": ""no_active_warranty"", ""detail"": ""no warranty currently covers this asset"", ""weight"": 0.05}, {""code"": ""score"", ""detail"": ""baseline_rules v1.0.0, horizon 30 days"", ""weight"": 0.450}]",,,2022-07-17 00:00:00+00,2026-09-21 12:36:10.142818+00,60694a33-64df-4703-bb1f-20bc3948e683,
c0c4170c-358b-4feb-8bd4-65e3caea002f,d0e25360-20be-40a4-b4d4-f150206a2e30,faabc42b-93b2-4e8b-9e4d-2abd46f82d9c,176f3f16-3ab1-409e-8c10-9631bea0edcc,AST-FAC-AC-00257,FACAC-937645,Fresh,Split 24K,"{""btu"": 12000, ""type"": ""split""}",good,lost,2020-06-10,25200.00,2026-11-30 12:36:10.142818+00,medium,"[{""code"": ""age_high"", ""detail"": ""79% of expected life consumed"", ""weight"": 0.15}, {""code"": ""no_active_warranty"", ""detail"": ""no warranty currently covers this asset"", ""weight"": 0.05}, {""code"": ""score"", ""detail"": ""baseline_rules v1.0.0, horizon 30 days"", ""weight"": 0.200}]",,,2020-06-17 00:00:00+00,2026-09-21 12:36:10.142818+00,60694a33-64df-4703-bb1f-20bc3948e683,
8345b397-c894-4634-ad3e-981860ed4ff8,d0e25360-20be-40a4-b4d4-f150206a2e30,fdf5ec3c-73f4-4613-932b-6e5cd1d028e1,750c04a5-63c4-42c6-a7c4-b3aa1de4eebf,AST-FAC-AC-00233,FACAC-303645,Fresh,Split 18K,"{""btu"": 24000, ""type"": ""split""}",good,active,2019-12-15,29400.00,2026-12-16 12:36:10.142818+00,medium,"[{""code"": ""age_high"", ""detail"": ""85% of expected life consumed"", ""weight"": 0.15}, {""code"": ""no_active_warranty"", ""detail"": ""no warranty currently covers this asset"", ""weight"": 0.05}, {""code"": ""score"", ""detail"": ""baseline_rules v1.0.0, horizon 30 days"", ""weight"": 0.200}]",,,2019-12-22 00:00:00+00,2026-09-21 12:36:10.142818+00,60694a33-64df-4703-bb1f-20bc3948e683,
ed91931d-3607-464f-a50c-794c0b6d6e7f,d0e25360-20be-40a4-b4d4-f150206a2e30,75741c19-7bc5-4f13-8bcd-5543dbab11a6,05d038a0-b4a2-40fb-9ac6-eecfcf9cda47,AST-FAC-AC-00185,FACAC-143464,Carrier,Split 24K,"{""btu"": 12000, ""type"": ""split""}",good,active,2024-06-13,33600.00,2026-10-01 00:00:00+00,low,"[{""code"": ""maintenance_due_within_horizon"", ""detail"": ""9 days to next service"", ""weight"": 0.15}, {""code"": ""score"", ""detail"": ""baseline_rules v1.0.0, horizon 30 days"", ""weight"": 0.150}]",,,2024-06-20 00:00:00+00,2026-09-21 12:36:10.142818+00,60694a33-64df-4703-bb1f-20bc3948e683,
152bd1ea-1a45-4b8f-8395-fb34927e301b,d0e25360-20be-40a4-b4d4-f150206a2e30,824bea60-5daa-4553-8a8a-d2d710545d90,05d038a0-b4a2-40fb-9ac6-eecfcf9cda47,AST-FAC-AC-00113,FACAC-337981,Carrier,Split 12K,"{""btu"": 24000, ""type"": ""split""}",good,active,2020-07-30,33600.00,2026-06-21 12:36:10.142818+00,high,"[{""code"": ""age_high"", ""detail"": ""77% of expected life consumed"", ""weight"": 0.15}, {""code"": ""maintenance_overdue"", ""detail"": ""92 days overdue"", ""weight"": 0.30}, {""code"": ""no_active_warranty"", ""detail"": ""no warranty currently covers this asset"", ""weight"": 0.05}, {""code"": ""score"", ""detail"": ""baseline_rules v1.0.0, horizon 30 days"", ""weight"": 0.500}]",,,2020-08-06 00:00:00+00,2026-09-21 12:36:10.142818+00,60694a33-64df-4703-bb1f-20bc3948e683,
9039c585-128a-496e-91c2-7567e83b7b1b,d0e25360-20be-40a4-b4d4-f150206a2e30,fdf5ec3c-73f4-4613-932b-6e5cd1d028e1,750c04a5-63c4-42c6-a7c4-b3aa1de4eebf,AST-FAC-AC-00065,FACAC-128650,Sharp,Split 18K,"{""btu"": 12000, ""type"": ""split""}",fair,active,2026-01-06,25200.00,2026-11-02 00:00:00+00,low,"[{""code"": ""score"", ""detail"": ""baseline_rules v1.0.0, horizon 30 days"", ""weight"": 0.000}]",,,2026-01-13 00:00:00+00,2026-09-21 12:36:10.142818+00,60694a33-64df-4703-bb1f-20bc3948e683,
3673afb5-08c2-4510-aca4-37914bedfc03,d0e25360-20be-40a4-b4d4-f150206a2e30,6be6af1f-cc41-4d06-a82f-74acaf9fff13,05d038a0-b4a2-40fb-9ac6-eecfcf9cda47,AST-FAC-AC-00041,FACAC-703495,Carrier,Split 12K,"{""btu"": 12000, ""type"": ""split""}",fair,active,2020-06-17,33600.00,2026-09-28 12:36:10.142818+00,medium,"[{""code"": ""age_high"", ""detail"": ""78% of expected life consumed"", ""weight"": 0.15}, {""code"": ""maintenance_due_within_horizon"", ""detail"": ""7 days to next service"", ""weight"": 0.15}, {""code"": ""no_active_warranty"", ""detail"": ""no warranty currently covers this asset"", ""weight"": 0.05}, {""code"": ""score"", ""detail"": ""baseline_rules v1.0.0, horizon 30 days"", ""weight"": 0.350}]",,,2020-06-24 00:00:00+00,2026-09-21 12:36:10.142818+00,60694a33-64df-4703-bb1f-20bc3948e683,
148003af-a85e-4d2b-8321-332aa956264e,d0e25360-20be-40a4-b4d4-f150206a2e30,75741c19-7bc5-4f13-8bcd-5543dbab11a6,05d038a0-b4a2-40fb-9ac6-eecfcf9cda47,AST-FAC-AC-00017,FACAC-473241,Carrier,Split 18K,"{""btu"": 18000, ""type"": ""split""}",good,active,2024-10-30,21000.00,2026-05-23 00:00:00+00,medium,"[{""code"": ""maintenance_overdue"", ""detail"": ""122 days overdue"", ""weight"": 0.30}, {""code"": ""no_active_warranty"", ""detail"": ""no warranty currently covers this asset"", ""weight"": 0.05}, {""code"": ""score"", ""detail"": ""baseline_rules v1.0.0, horizon 30 days"", ""weight"": 0.350}]",,,2024-11-06 00:00:00+00,2026-09-21 12:36:10.142818+00,60694a33-64df-4703-bb1f-20bc3948e683,
8d82556a-4880-422b-925a-842e8f303d08,ff750985-39b3-490c-ae1d-fc28825b511f,df3d8ea3-3aa6-4212-a736-6a16b4ecb804,8703fd82-ea7e-461c-bacc-18cd5a7c3d3b,AST-FAC-UPS-00354,FACUPS-974531,PowerGuard,PG-1000VA,"{""va"": 2500, ""battery_type"": ""SLA""}",good,active,2025-05-28,8350.00,2025-12-24 00:00:00+00,medium,"[{""code"": ""maintenance_overdue"", ""detail"": ""272 days overdue"", ""weight"": 0.30}, {""code"": ""high_downtime"", ""detail"": ""40 hours of downtime in 12 months"", ""weight"": 0.10}, {""code"": ""score"", ""detail"": ""baseline_rules v1.0.0, horizon 30 days"", ""weight"": 0.400}]",,,2025-06-04 00:00:00+00,2026-09-21 12:36:10.142818+00,60694a33-64df-4703-bb1f-20bc3948e683,
88bab730-e065-4622-ae76-1cfd1f3662dd,ff750985-39b3-490c-ae1d-fc28825b511f,32c3a1d1-37ba-4b9c-9c41-80de762168b5,6ff17eb7-5c04-40ff-83f8-043b4cb1c45c,AST-FAC-UPS-00330,FACUPS-508298,PowerGuard,PG-1500VA,"{""va"": 2500, ""battery_type"": ""SLA""}",new,active,2020-07-18,7400.00,2027-02-24 12:36:10.142818+00,medium,"[{""code"": ""age_near_or_past_useful_life"", ""detail"": ""124% of expected life consumed"", ""weight"": 0.30}, {""code"": ""no_active_warranty"", ""detail"": ""no warranty currently covers this asset"", ""weight"": 0.05}, {""code"": ""score"", ""detail"": ""baseline_rules v1.0.0, horizon 30 days"", ""weight"": 0.350}]",,,2020-07-25 00:00:00+00,2026-09-21 12:36:10.142818+00,60694a33-64df-4703-bb1f-20bc3948e683,
a4d012bc-5210-436e-b313-d524ce50eec4,ff750985-39b3-490c-ae1d-fc28825b511f,01ff8df6-208a-40fd-bc27-a79a4733d467,1c4df881-cca6-49a3-9b2e-6a87a781ef63,AST-FAC-UPS-00306,FACUPS-598041,PowerGuard,PG-1500VA,"{""va"": 1000, ""battery_type"": ""SLA""}",new,active,2020-03-02,7400.00,2027-01-19 12:36:10.142818+00,medium,"[{""code"": ""age_near_or_past_useful_life"", ""detail"": ""131% of expected life consumed"", ""weight"": 0.30}, {""code"": ""no_active_warranty"", ""detail"": ""no warranty currently covers this asset"", ""weight"": 0.05}, {""code"": ""score"", ""detail"": ""baseline_rules v1.0.0, horizon 30 days"", ""weight"": 0.350}]",,,2020-03-09 00:00:00+00,2026-09-21 12:36:10.142818+00,60694a33-64df-4703-bb1f-20bc3948e683,
39082336-9803-4031-95a8-c5eee23e98b6,ff750985-39b3-490c-ae1d-fc28825b511f,85499f3b-df0c-46e7-b412-0e86014d2d23,8703fd82-ea7e-461c-bacc-18cd5a7c3d3b,AST-FAC-UPS-00258,FACUPS-361849,PowerGuard,PG-1500VA,"{""va"": 2500, ""battery_type"": ""SLA""}",fair,active,2023-03-02,10250.00,2026-07-04 12:36:10.142818+00,high,"[{""code"": ""age_high"", ""detail"": ""71% of expected life consumed"", ""weight"": 0.15}, {""code"": ""maintenance_overdue"", ""detail"": ""79 days overdue"", ""weight"": 0.30}, {""code"": ""no_active_warranty"", ""detail"": ""no warranty currently covers this asset"", ""weight"": 0.05}, {""code"": ""score"", ""detail"": ""baseline_rules v1.0.0, horizon 30 days"", ""weight"": 0.500}]",,,2023-03-09 00:00:00+00,2026-09-21 12:36:10.142818+00,60694a33-64df-4703-bb1f-20bc3948e683,
1366efcf-9b11-4708-8821-07867e9c25c6,ff750985-39b3-490c-ae1d-fc28825b511f,8f91eff9-f399-4920-bb43-f748de8dba53,1c4df881-cca6-49a3-9b2e-6a87a781ef63,AST-FAC-UPS-00210,FACUPS-247078,PowerGuard,PG-2000VA,"{""va"": 1500, ""battery_type"": ""SLA""}",good,active,2023-07-02,11200.00,2027-02-13 12:36:10.142818+00,low,"[{""code"": ""no_active_warranty"", ""detail"": ""no warranty currently covers this asset"", ""weight"": 0.05}, {""code"": ""score"", ""detail"": ""baseline_rules v1.0.0, horizon 30 days"", ""weight"": 0.050}]",,,2023-07-09 00:00:00+00,2026-09-21 12:36:10.142818+00,60694a33-64df-4703-bb1f-20bc3948e683,
89e43624-0d65-4ead-9c78-15a7b1de7d1c,ff750985-39b3-490c-ae1d-fc28825b511f,df3d8ea3-3aa6-4212-a736-6a16b4ecb804,8703fd82-ea7e-461c-bacc-18cd5a7c3d3b,AST-FAC-UPS-00186,FACUPS-889335,PowerGuard,PG-1500VA,"{""va"": 2000, ""battery_type"": ""SLA""}",good,active,2023-06-26,11200.00,2026-01-07 12:36:10.142818+00,medium,"[{""code"": ""maintenance_overdue"", ""detail"": ""257 days overdue"", ""weight"": 0.30}, {""code"": ""no_active_warranty"", ""detail"": ""no warranty currently covers this asset"", ""weight"": 0.05}, {""code"": ""score"", ""detail"": ""baseline_rules v1.0.0, horizon 30 days"", ""weight"": 0.350}]",,,2023-07-03 00:00:00+00,2026-09-21 12:36:10.142818+00,60694a33-64df-4703-bb1f-20bc3948e683,
5094c415-bfc6-4ad7-97eb-9ee6e1da6df2,ff750985-39b3-490c-ae1d-fc28825b511f,32c3a1d1-37ba-4b9c-9c41-80de762168b5,6ff17eb7-5c04-40ff-83f8-043b4cb1c45c,AST-FAC-UPS-00162,FACUPS-840084,PowerGuard,PG-1000VA,"{""va"": 1500, ""battery_type"": ""SLA""}",good,active,2021-04-21,9300.00,2026-10-15 12:36:10.142818+00,high,"[{""code"": ""age_near_or_past_useful_life"", ""detail"": ""108% of expected life consumed"", ""weight"": 0.30}, {""code"": ""maintenance_due_within_horizon"", ""detail"": ""24 days to next service"", ""weight"": 0.15}, {""code"": ""no_active_warranty"", ""detail"": ""no warranty currently covers this asset"", ""weight"": 0.05}, {""code"": ""score"", ""detail"": ""baseline_rules v1.0.0, horizon 30 days"", ""weight"": 0.500}]",,,2021-04-28 00:00:00+00,2026-09-21 12:36:10.142818+00,60694a33-64df-4703-bb1f-20bc3948e683,
3d82df37-eb31-4789-9182-1acf8c0a0d77,ff750985-39b3-490c-ae1d-fc28825b511f,01ff8df6-208a-40fd-bc27-a79a4733d467,1c4df881-cca6-49a3-9b2e-6a87a781ef63,AST-FAC-UPS-00138,FACUPS-518789,PowerGuard,PG-2500VA,"{""va"": 2000, ""battery_type"": ""SLA""}",good,active,2020-05-21,10250.00,2026-03-11 12:36:10.142818+00,high,"[{""code"": ""age_near_or_past_useful_life"", ""detail"": ""127% of expected life consumed"", ""weight"": 0.30}, {""code"": ""maintenance_overdue"", ""detail"": ""194 days overdue"", ""weight"": 0.30}, {""code"": ""no_active_warranty"", ""detail"": ""no warranty currently covers this asset"", ""weight"": 0.05}, {""code"": ""score"", ""detail"": ""baseline_rules v1.0.0, horizon 30 days"", ""weight"": 0.650}]",,,2020-05-28 00:00:00+00,2026-09-21 12:36:10.142818+00,60694a33-64df-4703-bb1f-20bc3948e683,
35d6700e-4f92-4e38-81dd-2df78f813e43,ff750985-39b3-490c-ae1d-fc28825b511f,a6ec99b6-0c5e-460f-9bcc-b385a07737c1,8703fd82-ea7e-461c-bacc-18cd5a7c3d3b,AST-FAC-UPS-00114,FACUPS-741917,PowerGuard,PG-2500VA,"{""va"": 2500, ""battery_type"": ""SLA""}",new,active,2023-01-20,7400.00,2026-01-17 12:36:10.142818+00,high,"[{""code"": ""age_high"", ""detail"": ""73% of expected life consumed"", ""weight"": 0.15}, {""code"": ""maintenance_overdue"", ""detail"": ""247 days overdue"", ""weight"": 0.30}, {""code"": ""no_active_warranty"", ""detail"": ""no warranty currently covers this asset"", ""weight"": 0.05}, {""code"": ""score"", ""detail"": ""baseline_rules v1.0.0, horizon 30 days"", ""weight"": 0.500}]",,,2023-01-27 00:00:00+00,2026-09-21 12:36:10.142818+00,60694a33-64df-4703-bb1f-20bc3948e683,
4b91b883-e1a1-4b8f-8e28-5d1a77c73478,ff750985-39b3-490c-ae1d-fc28825b511f,85499f3b-df0c-46e7-b412-0e86014d2d23,8703fd82-ea7e-461c-bacc-18cd5a7c3d3b,AST-FAC-UPS-00090,FACUPS-186342,PowerGuard,PG-2000VA,"{""va"": 1500, ""battery_type"": ""SLA""}",good,active,2020-08-23,11200.00,2026-08-08 12:36:10.142818+00,high,"[{""code"": ""age_near_or_past_useful_life"", ""detail"": ""122% of expected life consumed"", ""weight"": 0.30}, {""code"": ""maintenance_overdue"", ""detail"": ""44 days overdue"", ""weight"": 0.30}, {""code"": ""no_active_warranty"", ""detail"": ""no warranty currently covers this asset"", ""weight"": 0.05}, {""code"": ""score"", ""detail"": ""baseline_rules v1.0.0, horizon 30 days"", ""weight"": 0.650}]",,,2020-08-30 00:00:00+00,2026-09-21 12:36:10.142818+00,60694a33-64df-4703-bb1f-20bc3948e683,
1f161153-09ea-4bea-9501-621fd6755072,ff750985-39b3-490c-ae1d-fc28825b511f,8f91eff9-f399-4920-bb43-f748de8dba53,1c4df881-cca6-49a3-9b2e-6a87a781ef63,AST-FAC-UPS-00042,FACUPS-835058,PowerGuard,PG-1000VA,"{""va"": 1000, ""battery_type"": ""SLA""}",good,active,2022-10-21,7400.00,2027-02-04 12:36:10.142818+00,medium,"[{""code"": ""age_high"", ""detail"": ""78% of expected life consumed"", ""weight"": 0.15}, {""code"": ""no_active_warranty"", ""detail"": ""no warranty currently covers this asset"", ""weight"": 0.05}, {""code"": ""score"", ""detail"": ""baseline_rules v1.0.0, horizon 30 days"", ""weight"": 0.200}]",,,2022-10-28 00:00:00+00,2026-09-21 12:36:10.142818+00,60694a33-64df-4703-bb1f-20bc3948e683,
5c69d63a-79af-4855-9496-8dbeddd207ad,ff750985-39b3-490c-ae1d-fc28825b511f,df3d8ea3-3aa6-4212-a736-6a16b4ecb804,8703fd82-ea7e-461c-bacc-18cd5a7c3d3b,AST-FAC-UPS-00018,FACUPS-876471,PowerGuard,PG-1500VA,"{""va"": 1000, ""battery_type"": ""SLA""}",fair,active,2025-02-27,10250.00,2026-09-20 00:00:00+00,medium,"[{""code"": ""maintenance_overdue"", ""detail"": ""2 days overdue"", ""weight"": 0.30}, {""code"": ""score"", ""detail"": ""baseline_rules v1.0.0, horizon 30 days"", ""weight"": 0.300}]",,,2025-03-06 00:00:00+00,2026-09-21 12:36:10.142818+00,60694a33-64df-4703-bb1f-20bc3948e683,
88b32d42-dcd3-42a3-b781-e29c49719c8c,dcef2060-f580-4ab7-a9eb-745c55d8e893,87c202bd-5d44-4042-accc-214381d58ab5,05d038a0-b4a2-40fb-9ac6-eecfcf9cda47,AST-IT-PRINTER-00403,ITPRINTER-196889,HP,LaserJet M425,{},good,active,2023-03-07,10900.00,2026-07-28 12:36:10.142818+00,high,"[{""code"": ""age_high"", ""detail"": ""71% of expected life consumed"", ""weight"": 0.15}, {""code"": ""maintenance_overdue"", ""detail"": ""55 days overdue"", ""weight"": 0.30}, {""code"": ""no_active_warranty"", ""detail"": ""no warranty currently covers this asset"", ""weight"": 0.05}, {""code"": ""score"", ""detail"": ""baseline_rules v1.0.0, horizon 30 days"", ""weight"": 0.500}]",,,2023-03-14 00:00:00+00,2026-09-21 12:36:10.142818+00,60694a33-64df-4703-bb1f-20bc3948e683,
e5c2b61b-a977-4e3c-9312-2053fe84ac7e,dcef2060-f580-4ab7-a9eb-745c55d8e893,73fdb59c-ac31-400e-bf53-3b4e19b20c10,176f3f16-3ab1-409e-8c10-9631bea0edcc,AST-IT-PRINTER-00379,ITPRINTER-448451,HP,LaserJet M416,{},good,active,2022-12-23,10900.00,2026-10-02 12:36:10.142818+00,medium,"[{""code"": ""age_high"", ""detail"": ""75% of expected life consumed"", ""weight"": 0.15}, {""code"": ""maintenance_due_within_horizon"", ""detail"": ""11 days to next service"", ""weight"": 0.15}, {""code"": ""no_active_warranty"", ""detail"": ""no warranty currently covers this asset"", ""weight"": 0.05}, {""code"": ""score"", ""detail"": ""baseline_rules v1.0.0, horizon 30 days"", ""weight"": 0.350}]",,,2022-12-30 00:00:00+00,2026-09-21 12:36:10.142818+00,60694a33-64df-4703-bb1f-20bc3948e683,
5d5065e5-7989-4060-be8b-e06b5adafc3f,4b27503f-1f69-4ff3-bbc6-f31d8394bbe6,8ce58e75-8b56-44e0-b303-308ab877a282,1c4df881-cca6-49a3-9b2e-6a87a781ef63,AST-IT-SWITCH-00260,ITSWITCH-753137,MikroTik,SW-16G,"{""ports"": 48, ""speed_gbps"": 1}",good,active,2022-11-05,13700.00,2027-07-20 12:36:10.142818+00,low,"[{""code"": ""no_active_warranty"", ""detail"": ""no warranty currently covers this asset"", ""weight"": 0.05}, {""code"": ""score"", ""detail"": ""baseline_rules v1.0.0, horizon 30 days"", ""weight"": 0.050}]",,,2022-11-12 00:00:00+00,2026-09-21 12:36:10.142818+00,60694a33-64df-4703-bb1f-20bc3948e683,
6b5815e3-1f9c-4f33-aa53-1136a98be71d,dcef2060-f580-4ab7-a9eb-745c55d8e893,af21c725-bf6f-4560-aa7b-6019030410ea,750c04a5-63c4-42c6-a7c4-b3aa1de4eebf,AST-IT-PRINTER-00355,ITPRINTER-757220,HP,LaserJet M428,{},good,active,2019-11-03,11750.00,2026-09-22 12:36:10.142818+00,high,"[{""code"": ""age_near_or_past_useful_life"", ""detail"": ""138% of expected life consumed"", ""weight"": 0.30}, {""code"": ""maintenance_due_within_horizon"", ""detail"": ""1 days to next service"", ""weight"": 0.15}, {""code"": ""no_active_warranty"", ""detail"": ""no warranty currently covers this asset"", ""weight"": 0.05}, {""code"": ""score"", ""detail"": ""baseline_rules v1.0.0, horizon 30 days"", ""weight"": 0.500}]",,,2019-11-10 00:00:00+00,2026-09-21 12:36:10.142818+00,60694a33-64df-4703-bb1f-20bc3948e683,
28b38db8-79d2-4c6b-9367-59cddcddd78a,dcef2060-f580-4ab7-a9eb-745c55d8e893,3288eed1-6ae3-45da-acb7-12c603a5bfed,05d038a0-b4a2-40fb-9ac6-eecfcf9cda47,AST-IT-PRINTER-00307,ITPRINTER-185856,Brother,LaserJet M409,{},good,active,2025-03-11,9200.00,2026-12-01 00:00:00+00,low,"[{""code"": ""score"", ""detail"": ""baseline_rules v1.0.0, horizon 30 days"", ""weight"": 0.000}]",,,2025-03-18 00:00:00+00,2026-09-21 12:36:10.142818+00,60694a33-64df-4703-bb1f-20bc3948e683,
1e2d69e1-a40a-4f04-b631-df9223aade50,dcef2060-f580-4ab7-a9eb-745c55d8e893,b82c31fb-e089-421b-a0d9-9c5e117bb57f,750c04a5-63c4-42c6-a7c4-b3aa1de4eebf,AST-IT-PRINTER-00259,ITPRINTER-725331,Canon,LaserJet M420,{},fair,active,2020-04-07,12600.00,2026-09-30 12:36:10.142818+00,high,"[{""code"": ""age_near_or_past_useful_life"", ""detail"": ""129% of expected life consumed"", ""weight"": 0.30}, {""code"": ""maintenance_due_within_horizon"", ""detail"": ""9 days to next service"", ""weight"": 0.15}, {""code"": ""no_active_warranty"", ""detail"": ""no warranty currently covers this asset"", ""weight"": 0.05}, {""code"": ""score"", ""detail"": ""baseline_rules v1.0.0, horizon 30 days"", ""weight"": 0.500}]",,,2020-04-14 00:00:00+00,2026-09-21 12:36:10.142818+00,60694a33-64df-4703-bb1f-20bc3948e683,
e35e601c-6f78-4408-ba55-dcbc531ccba7,dcef2060-f580-4ab7-a9eb-745c55d8e893,af21c725-bf6f-4560-aa7b-6019030410ea,750c04a5-63c4-42c6-a7c4-b3aa1de4eebf,AST-IT-PRINTER-00187,ITPRINTER-235456,Brother,LaserJet M410,{},good,active,2023-06-16,10900.00,2026-04-15 12:36:10.142818+00,high,"[{""code"": ""maintenance_overdue"", ""detail"": ""159 days overdue"", ""weight"": 0.30}, {""code"": ""high_downtime"", ""detail"": ""20 hours of downtime in 12 months"", ""weight"": 0.10}, {""code"": ""no_active_warranty"", ""detail"": ""no warranty currently covers this asset"", ""weight"": 0.05}, {""code"": ""score"", ""detail"": ""baseline_rules v1.0.0, horizon 30 days"", ""weight"": 0.450}]",,,2023-06-23 00:00:00+00,2026-09-21 12:36:10.142818+00,60694a33-64df-4703-bb1f-20bc3948e683,
5810bbf3-f562-4d77-bf97-38ff07955a20,dcef2060-f580-4ab7-a9eb-745c55d8e893,5bac9e47-d100-44c8-b570-0db31ea21fad,05d038a0-b4a2-40fb-9ac6-eecfcf9cda47,AST-IT-PRINTER-00163,ITPRINTER-577755,Canon,LaserJet M424,{},good,active,2021-11-26,12600.00,2026-12-01 12:36:10.142818+00,medium,"[{""code"": ""age_near_or_past_useful_life"", ""detail"": ""96% of expected life consumed"", ""weight"": 0.30}, {""code"": ""no_active_warranty"", ""detail"": ""no warranty currently covers this asset"", ""weight"": 0.05}, {""code"": ""score"", ""detail"": ""baseline_rules v1.0.0, horizon 30 days"", ""weight"": 0.350}]",,,2021-12-03 00:00:00+00,2026-09-21 12:36:10.142818+00,60694a33-64df-4703-bb1f-20bc3948e683,
550154dc-5d4f-47b3-8703-91791bbf8896,dcef2060-f580-4ab7-a9eb-745c55d8e893,3288eed1-6ae3-45da-acb7-12c603a5bfed,05d038a0-b4a2-40fb-9ac6-eecfcf9cda47,AST-IT-PRINTER-00139,ITPRINTER-453912,Canon,LaserJet M419,{},good,active,2024-10-12,10900.00,2026-11-01 00:00:00+00,low,"[{""code"": ""warranty_expiring"", ""detail"": ""21 days of warranty cover left"", ""weight"": 0.05}, {""code"": ""score"", ""detail"": ""baseline_rules v1.0.0, horizon 30 days"", ""weight"": 0.050}]",,,2024-10-19 00:00:00+00,2026-09-21 12:36:10.142818+00,60694a33-64df-4703-bb1f-20bc3948e683,
f5eb43b5-b632-457f-adf3-d3493046df2c,dcef2060-f580-4ab7-a9eb-745c55d8e893,b82c31fb-e089-421b-a0d9-9c5e117bb57f,750c04a5-63c4-42c6-a7c4-b3aa1de4eebf,AST-IT-PRINTER-00091,ITPRINTER-842707,HP,LaserJet M410,{},good,active,2024-12-22,10900.00,2027-01-11 00:00:00+00,low,"[{""code"": ""score"", ""detail"": ""baseline_rules v1.0.0, horizon 30 days"", ""weight"": 0.000}]",,,2024-12-29 00:00:00+00,2026-09-21 12:36:10.142818+00,60694a33-64df-4703-bb1f-20bc3948e683,
a6cea4e8-cdc6-439d-81e3-f91db2425a10,dcef2060-f580-4ab7-a9eb-745c55d8e893,87c202bd-5d44-4042-accc-214381d58ab5,05d038a0-b4a2-40fb-9ac6-eecfcf9cda47,AST-IT-PRINTER-00067,ITPRINTER-364438,Brother,LaserJet M400,{},fair,active,2025-04-05,12600.00,2026-12-26 00:00:00+00,low,"[{""code"": ""high_downtime"", ""detail"": ""21 hours of downtime in 12 months"", ""weight"": 0.10}, {""code"": ""score"", ""detail"": ""baseline_rules v1.0.0, horizon 30 days"", ""weight"": 0.100}]",,,2025-04-12 00:00:00+00,2026-09-21 12:36:10.142818+00,60694a33-64df-4703-bb1f-20bc3948e683,
cf5ba2e7-6b94-4dbc-a003-1566cc9ec1d6,dcef2060-f580-4ab7-a9eb-745c55d8e893,73fdb59c-ac31-400e-bf53-3b4e19b20c10,176f3f16-3ab1-409e-8c10-9631bea0edcc,AST-IT-PRINTER-00043,ITPRINTER-395495,HP,LaserJet M412,{},good,active,2025-07-10,10900.00,2026-12-02 00:00:00+00,low,"[{""code"": ""score"", ""detail"": ""baseline_rules v1.0.0, horizon 30 days"", ""weight"": 0.000}]",,,2025-07-17 00:00:00+00,2026-09-21 12:36:10.142818+00,60694a33-64df-4703-bb1f-20bc3948e683,
3041d632-b087-486d-a685-e3fdfd992ebd,dcef2060-f580-4ab7-a9eb-745c55d8e893,af21c725-bf6f-4560-aa7b-6019030410ea,750c04a5-63c4-42c6-a7c4-b3aa1de4eebf,AST-IT-PRINTER-00019,ITPRINTER-229594,Brother,LaserJet M425,{},fair,active,2026-03-09,12600.00,2026-12-04 00:00:00+00,low,"[{""code"": ""score"", ""detail"": ""baseline_rules v1.0.0, horizon 30 days"", ""weight"": 0.000}]",,,2026-03-16 00:00:00+00,2026-09-21 12:36:10.142818+00,60694a33-64df-4703-bb1f-20bc3948e683,
832c7574-047b-40be-beda-2beb93318b0b,4b27503f-1f69-4ff3-bbc6-f31d8394bbe6,477a6a8f-fc3e-46c4-9661-b8e18aa51458,8703fd82-ea7e-461c-bacc-18cd5a7c3d3b,AST-IT-SWITCH-00404,ITSWITCH-947219,Cisco,SW-8G,"{""ports"": 48, ""speed_gbps"": 1}",fair,active,2025-10-18,13700.00,2026-11-17 00:00:00+00,low,"[{""code"": ""no_active_warranty"", ""detail"": ""no warranty currently covers this asset"", ""weight"": 0.05}, {""code"": ""score"", ""detail"": ""baseline_rules v1.0.0, horizon 30 days"", ""weight"": 0.050}]",,,2025-10-25 00:00:00+00,2026-09-21 12:36:10.142818+00,60694a33-64df-4703-bb1f-20bc3948e683,
2cfb2fa5-b3ce-42e3-a573-6689222edd4c,4b27503f-1f69-4ff3-bbc6-f31d8394bbe6,0807df48-ba0b-4ac3-ba93-906a9ddd9acb,8703fd82-ea7e-461c-bacc-18cd5a7c3d3b,AST-IT-SWITCH-00380,ITSWITCH-174161,Cisco,SW-24G,"{""ports"": 8, ""speed_gbps"": 1}",poor,active,2023-02-12,12100.00,2027-03-28 12:36:10.142818+00,medium,"[{""code"": ""condition_poor"", ""detail"": ""condition reported as poor"", ""weight"": 0.15}, {""code"": ""no_active_warranty"", ""detail"": ""no warranty currently covers this asset"", ""weight"": 0.05}, {""code"": ""score"", ""detail"": ""baseline_rules v1.0.0, horizon 30 days"", ""weight"": 0.200}]",,,2023-02-19 00:00:00+00,2026-09-21 12:36:10.142818+00,60694a33-64df-4703-bb1f-20bc3948e683,
1cc709ca-b880-4b67-80ce-50f03f595673,4b27503f-1f69-4ff3-bbc6-f31d8394bbe6,9c9b191e-d225-40f7-8f83-7360ac682d26,6ff17eb7-5c04-40ff-83f8-043b4cb1c45c,AST-IT-SWITCH-00356,ITSWITCH-701577,MikroTik,SW-24G,"{""ports"": 48, ""speed_gbps"": 1}",good,active,2023-07-16,10500.00,2027-01-09 12:36:10.142818+00,low,"[{""code"": ""no_active_warranty"", ""detail"": ""no warranty currently covers this asset"", ""weight"": 0.05}, {""code"": ""score"", ""detail"": ""baseline_rules v1.0.0, horizon 30 days"", ""weight"": 0.050}]",,,2023-07-23 00:00:00+00,2026-09-21 12:36:10.142818+00,60694a33-64df-4703-bb1f-20bc3948e683,
c280c1ba-cd7b-4693-84e1-812891f1a559,4b27503f-1f69-4ff3-bbc6-f31d8394bbe6,bf145be9-a3ed-43c6-8b63-9ac65a15909b,1c4df881-cca6-49a3-9b2e-6a87a781ef63,AST-IT-SWITCH-00332,ITSWITCH-629602,MikroTik,SW-24G,"{""ports"": 8, ""speed_gbps"": 1}",good,active,2023-08-16,10500.00,2025-06-20 12:36:10.142818+00,medium,"[{""code"": ""maintenance_overdue"", ""detail"": ""458 days overdue"", ""weight"": 0.30}, {""code"": ""no_active_warranty"", ""detail"": ""no warranty currently covers this asset"", ""weight"": 0.05}, {""code"": ""score"", ""detail"": ""baseline_rules v1.0.0, horizon 30 days"", ""weight"": 0.350}]",,,2023-08-23 00:00:00+00,2026-09-21 12:36:10.142818+00,60694a33-64df-4703-bb1f-20bc3948e683,
ac6dd7f1-28c7-406e-9da4-8c7f1feffe78,4b27503f-1f69-4ff3-bbc6-f31d8394bbe6,42a0fa0c-5355-4ca9-b2c2-a1b6993ee48b,8703fd82-ea7e-461c-bacc-18cd5a7c3d3b,AST-IT-SWITCH-00308,ITSWITCH-330722,Cisco,SW-8G,"{""ports"": 8, ""speed_gbps"": 1}",new,active,2023-06-29,10500.00,2027-03-26 12:36:10.142818+00,low,"[{""code"": ""no_active_warranty"", ""detail"": ""no warranty currently covers this asset"", ""weight"": 0.05}, {""code"": ""score"", ""detail"": ""baseline_rules v1.0.0, horizon 30 days"", ""weight"": 0.050}]",,,2023-07-06 00:00:00+00,2026-09-21 12:36:10.142818+00,60694a33-64df-4703-bb1f-20bc3948e683,
4f9d1a2d-6a7b-4392-a598-894acb28d19b,4b27503f-1f69-4ff3-bbc6-f31d8394bbe6,ce1019d0-93ab-4aad-a9c1-504e7de174b1,6ff17eb7-5c04-40ff-83f8-043b4cb1c45c,AST-IT-SWITCH-00284,ITSWITCH-495556,TP-Link,SW-8G,"{""ports"": 24, ""speed_gbps"": 1}",good,active,2022-09-23,12100.00,2027-01-01 12:36:10.142818+00,low,"[{""code"": ""no_active_warranty"", ""detail"": ""no warranty currently covers this asset"", ""weight"": 0.05}, {""code"": ""score"", ""detail"": ""baseline_rules v1.0.0, horizon 30 days"", ""weight"": 0.050}]",,,2022-09-30 00:00:00+00,2026-09-21 12:36:10.142818+00,60694a33-64df-4703-bb1f-20bc3948e683,
c436bbce-52e1-4e34-9045-cf81fa01bd57,4b27503f-1f69-4ff3-bbc6-f31d8394bbe6,477a6a8f-fc3e-46c4-9661-b8e18aa51458,8703fd82-ea7e-461c-bacc-18cd5a7c3d3b,AST-IT-SWITCH-00236,ITSWITCH-760121,MikroTik,SW-24G,"{""ports"": 48, ""speed_gbps"": 1}",good,active,2026-01-28,10500.00,2027-02-27 00:00:00+00,low,"[{""code"": ""no_active_warranty"", ""detail"": ""no warranty currently covers this asset"", ""weight"": 0.05}, {""code"": ""score"", ""detail"": ""baseline_rules v1.0.0, horizon 30 days"", ""weight"": 0.050}]",,,2026-02-04 00:00:00+00,2026-09-21 12:36:10.142818+00,60694a33-64df-4703-bb1f-20bc3948e683,
00467cc1-0ce5-4719-920d-17bb7fc50ded,4b27503f-1f69-4ff3-bbc6-f31d8394bbe6,0807df48-ba0b-4ac3-ba93-906a9ddd9acb,8703fd82-ea7e-461c-bacc-18cd5a7c3d3b,AST-IT-SWITCH-00212,ITSWITCH-192820,Cisco,SW-16G,"{""ports"": 48, ""speed_gbps"": 1}",good,active,2020-04-19,10500.00,2026-11-01 12:36:10.142818+00,high,"[{""code"": ""age_near_or_past_useful_life"", ""detail"": ""92% of expected life consumed"", ""weight"": 0.30}, {""code"": ""high_downtime"", ""detail"": ""27 hours of downtime in 12 months"", ""weight"": 0.10}, {""code"": ""no_active_warranty"", ""detail"": ""no warranty currently covers this asset"", ""weight"": 0.05}, {""code"": ""score"", ""detail"": ""baseline_rules v1.0.0, horizon 30 days"", ""weight"": 0.450}]",,,2020-04-26 00:00:00+00,2026-09-21 12:36:10.142818+00,60694a33-64df-4703-bb1f-20bc3948e683,
88aa52f8-d735-4d98-9d6d-abf71c2080af,4b27503f-1f69-4ff3-bbc6-f31d8394bbe6,9c9b191e-d225-40f7-8f83-7360ac682d26,6ff17eb7-5c04-40ff-83f8-043b4cb1c45c,AST-IT-SWITCH-00188,ITSWITCH-876763,MikroTik,SW-8G,"{""ports"": 48, ""speed_gbps"": 1}",fair,active,2019-11-26,13700.00,2026-02-22 12:36:10.142818+00,high,"[{""code"": ""age_near_or_past_useful_life"", ""detail"": ""97% of expected life consumed"", ""weight"": 0.30}, {""code"": ""maintenance_overdue"", ""detail"": ""211 days overdue"", ""weight"": 0.30}, {""code"": ""no_active_warranty"", ""detail"": ""no warranty currently covers this asset"", ""weight"": 0.05}, {""code"": ""score"", ""detail"": ""baseline_rules v1.0.0, horizon 30 days"", ""weight"": 0.650}]",,,2019-12-03 00:00:00+00,2026-09-21 12:36:10.142818+00,60694a33-64df-4703-bb1f-20bc3948e683,
7250124f-2dc4-4492-b322-56162422c764,4b27503f-1f69-4ff3-bbc6-f31d8394bbe6,bf145be9-a3ed-43c6-8b63-9ac65a15909b,1c4df881-cca6-49a3-9b2e-6a87a781ef63,AST-IT-SWITCH-00164,ITSWITCH-339727,Cisco,SW-8G,"{""ports"": 24, ""speed_gbps"": 1}",good,active,2025-03-27,15300.00,2027-04-26 00:00:00+00,low,"[{""code"": ""no_active_warranty"", ""detail"": ""no warranty currently covers this asset"", ""weight"": 0.05}, {""code"": ""score"", ""detail"": ""baseline_rules v1.0.0, horizon 30 days"", ""weight"": 0.050}]",,,2025-04-03 00:00:00+00,2026-09-21 12:36:10.142818+00,60694a33-64df-4703-bb1f-20bc3948e683,
efb5ac45-3c44-4ec3-9ee3-52e15db58160,4b27503f-1f69-4ff3-bbc6-f31d8394bbe6,42a0fa0c-5355-4ca9-b2c2-a1b6993ee48b,8703fd82-ea7e-461c-bacc-18cd5a7c3d3b,AST-IT-SWITCH-00140,ITSWITCH-610749,TP-Link,SW-24G,"{""ports"": 8, ""speed_gbps"": 1}",good,active,2025-12-15,12100.00,2027-01-14 00:00:00+00,low,"[{""code"": ""score"", ""detail"": ""baseline_rules v1.0.0, horizon 30 days"", ""weight"": 0.000}]",,,2025-12-22 00:00:00+00,2026-09-21 12:36:10.142818+00,60694a33-64df-4703-bb1f-20bc3948e683,
62cfaba8-7d2a-48b9-ae1f-ba04b998cd16,4b27503f-1f69-4ff3-bbc6-f31d8394bbe6,ce1019d0-93ab-4aad-a9c1-504e7de174b1,6ff17eb7-5c04-40ff-83f8-043b4cb1c45c,AST-IT-SWITCH-00116,ITSWITCH-899243,Cisco,SW-8G,"{""ports"": 48, ""speed_gbps"": 1}",good,active,2019-11-07,13700.00,2027-02-01 12:36:10.142818+00,medium,"[{""code"": ""age_near_or_past_useful_life"", ""detail"": ""98% of expected life consumed"", ""weight"": 0.30}, {""code"": ""no_active_warranty"", ""detail"": ""no warranty currently covers this asset"", ""weight"": 0.05}, {""code"": ""score"", ""detail"": ""baseline_rules v1.0.0, horizon 30 days"", ""weight"": 0.350}]",,,2019-11-14 00:00:00+00,2026-09-21 12:36:10.142818+00,60694a33-64df-4703-bb1f-20bc3948e683,
559c20fe-2de3-400c-a520-08dc16f99239,4b27503f-1f69-4ff3-bbc6-f31d8394bbe6,8ce58e75-8b56-44e0-b303-308ab877a282,1c4df881-cca6-49a3-9b2e-6a87a781ef63,AST-IT-SWITCH-00092,ITSWITCH-413363,TP-Link,SW-8G,"{""ports"": 8, ""speed_gbps"": 1}",good,active,2021-11-23,15300.00,2027-03-11 12:36:10.142818+00,low,"[{""code"": ""no_active_warranty"", ""detail"": ""no warranty currently covers this asset"", ""weight"": 0.05}, {""code"": ""score"", ""detail"": ""baseline_rules v1.0.0, horizon 30 days"", ""weight"": 0.050}]",,,2021-11-30 00:00:00+00,2026-09-21 12:36:10.142818+00,60694a33-64df-4703-bb1f-20bc3948e683,
714404dd-0ea9-4606-8617-a537135a8c97,4b27503f-1f69-4ff3-bbc6-f31d8394bbe6,477a6a8f-fc3e-46c4-9661-b8e18aa51458,8703fd82-ea7e-461c-bacc-18cd5a7c3d3b,AST-IT-SWITCH-00068,ITSWITCH-747945,Cisco,SW-16G,"{""ports"": 8, ""speed_gbps"": 1}",fair,active,2022-01-29,12100.00,2025-12-16 12:36:10.142818+00,medium,"[{""code"": ""maintenance_overdue"", ""detail"": ""279 days overdue"", ""weight"": 0.30}, {""code"": ""no_active_warranty"", ""detail"": ""no warranty currently covers this asset"", ""weight"": 0.05}, {""code"": ""score"", ""detail"": ""baseline_rules v1.0.0, horizon 30 days"", ""weight"": 0.350}]",,,2022-02-05 00:00:00+00,2026-09-21 12:36:10.142818+00,60694a33-64df-4703-bb1f-20bc3948e683,
3dbc67c6-5c4d-429b-b3c0-77fe16988f3e,4b27503f-1f69-4ff3-bbc6-f31d8394bbe6,0807df48-ba0b-4ac3-ba93-906a9ddd9acb,8703fd82-ea7e-461c-bacc-18cd5a7c3d3b,AST-IT-SWITCH-00044,ITSWITCH-554767,TP-Link,SW-16G,"{""ports"": 8, ""speed_gbps"": 1}",fair,active,2024-01-05,15300.00,2027-04-23 12:36:10.142818+00,low,"[{""code"": ""score"", ""detail"": ""baseline_rules v1.0.0, horizon 30 days"", ""weight"": 0.000}]",,,2024-01-12 00:00:00+00,2026-09-21 12:36:10.142818+00,60694a33-64df-4703-bb1f-20bc3948e683,
72f2dc4f-7955-452b-a802-069fbd246bca,4b27503f-1f69-4ff3-bbc6-f31d8394bbe6,9c9b191e-d225-40f7-8f83-7360ac682d26,6ff17eb7-5c04-40ff-83f8-043b4cb1c45c,AST-IT-SWITCH-00020,ITSWITCH-372577,TP-Link,SW-24G,"{""ports"": 24, ""speed_gbps"": 1}",new,active,2021-09-04,15300.00,2025-01-12 12:36:10.142818+00,high,"[{""code"": ""age_high"", ""detail"": ""72% of expected life consumed"", ""weight"": 0.15}, {""code"": ""maintenance_overdue"", ""detail"": ""617 days overdue"", ""weight"": 0.30}, {""code"": ""no_active_warranty"", ""detail"": ""no warranty currently covers this asset"", ""weight"": 0.05}, {""code"": ""score"", ""detail"": ""baseline_rules v1.0.0, horizon 30 days"", ""weight"": 0.500}]",,,2021-09-11 00:00:00+00,2026-09-21 12:36:10.142818+00,60694a33-64df-4703-bb1f-20bc3948e683,
00222747-db35-4e0a-86df-e34d11f449b3,f4f70d56-e321-4804-9b2d-7bd5ea0e9255,0a9ffe3b-a3e2-439e-a1a8-f299379438e2,6ff17eb7-5c04-40ff-83f8-043b4cb1c45c,AST-LAB-OSC-00406,LABOSC-643789,LabLine,OSC-106,"{""channels"": 2, ""bandwidth_mhz"": 300}",good,active,2022-05-23,62000.00,2027-02-20 12:36:10.142818+00,low,"[{""code"": ""no_active_warranty"", ""detail"": ""no warranty currently covers this asset"", ""weight"": 0.05}, {""code"": ""score"", ""detail"": ""baseline_rules v1.0.0, horizon 30 days"", ""weight"": 0.050}]",,,2022-05-30 00:00:00+00,2026-09-21 12:36:10.142818+00,60694a33-64df-4703-bb1f-20bc3948e683,
1e33351a-317b-41ce-8c95-23d0ba4fb3bb,f4f70d56-e321-4804-9b2d-7bd5ea0e9255,14b66bd0-87c7-4b31-b195-99a166e255b1,1c4df881-cca6-49a3-9b2e-6a87a781ef63,AST-LAB-OSC-00382,LABOSC-981571,LabLine,OSC-106,"{""channels"": 2, ""bandwidth_mhz"": 200}",fair,active,2025-03-10,71500.00,2026-04-09 00:00:00+00,medium,"[{""code"": ""maintenance_overdue"", ""detail"": ""166 days overdue"", ""weight"": 0.30}, {""code"": ""score"", ""detail"": ""baseline_rules v1.0.0, horizon 30 days"", ""weight"": 0.300}]",,,2025-03-17 00:00:00+00,2026-09-21 12:36:10.142818+00,60694a33-64df-4703-bb1f-20bc3948e683,
a8fec32f-4bde-47d0-aa4e-8c058ce61ec8,f4f70d56-e321-4804-9b2d-7bd5ea0e9255,b430dfa5-4f26-4ce2-bba1-b6ed3b2eefd4,1c4df881-cca6-49a3-9b2e-6a87a781ef63,AST-LAB-OSC-00358,LABOSC-631186,LabLine,OSC-108,"{""channels"": 2, ""bandwidth_mhz"": 300}",good,active,2024-11-02,81000.00,2026-12-02 00:00:00+00,low,"[{""code"": ""no_active_warranty"", ""detail"": ""no warranty currently covers this asset"", ""weight"": 0.05}, {""code"": ""score"", ""detail"": ""baseline_rules v1.0.0, horizon 30 days"", ""weight"": 0.050}]",,,2024-11-09 00:00:00+00,2026-09-21 12:36:10.142818+00,60694a33-64df-4703-bb1f-20bc3948e683,
34875e76-b807-41d4-8133-023d994186f5,f4f70d56-e321-4804-9b2d-7bd5ea0e9255,4c2ec75b-86b2-44fa-94e9-0ac0abe593cc,8703fd82-ea7e-461c-bacc-18cd5a7c3d3b,AST-LAB-OSC-00334,LABOSC-952366,LabLine,OSC-109,"{""channels"": 4, ""bandwidth_mhz"": 100}",good,active,2023-07-14,62000.00,2027-02-24 12:36:10.142818+00,low,"[{""code"": ""no_active_warranty"", ""detail"": ""no warranty currently covers this asset"", ""weight"": 0.05}, {""code"": ""score"", ""detail"": ""baseline_rules v1.0.0, horizon 30 days"", ""weight"": 0.050}]",,,2023-07-21 00:00:00+00,2026-09-21 12:36:10.142818+00,60694a33-64df-4703-bb1f-20bc3948e683,
67797a5f-d034-4d25-bfcd-aa7b31367225,f4f70d56-e321-4804-9b2d-7bd5ea0e9255,023a8b57-58c8-49be-b50f-d5bf95d912a1,6ff17eb7-5c04-40ff-83f8-043b4cb1c45c,AST-LAB-OSC-00310,LABOSC-582858,LabLine,OSC-102,"{""channels"": 2, ""bandwidth_mhz"": 200}",good,active,2020-06-26,81000.00,2026-11-02 12:36:10.142818+00,low,"[{""code"": ""no_active_warranty"", ""detail"": ""no warranty currently covers this asset"", ""weight"": 0.05}, {""code"": ""score"", ""detail"": ""baseline_rules v1.0.0, horizon 30 days"", ""weight"": 0.050}]",,,2020-07-03 00:00:00+00,2026-09-21 12:36:10.142818+00,60694a33-64df-4703-bb1f-20bc3948e683,
84680d23-d8b1-45bd-ba2d-92acc232d29f,f4f70d56-e321-4804-9b2d-7bd5ea0e9255,67bdcd67-117b-453f-88c9-25b12a0565e7,1c4df881-cca6-49a3-9b2e-6a87a781ef63,AST-LAB-OSC-00286,LABOSC-154767,LabLine,OSC-100,"{""channels"": 2, ""bandwidth_mhz"": 200}",good,active,2023-03-20,81000.00,2025-06-24 12:36:10.142818+00,medium,"[{""code"": ""maintenance_overdue"", ""detail"": ""454 days overdue"", ""weight"": 0.30}, {""code"": ""no_active_warranty"", ""detail"": ""no warranty currently covers this asset"", ""weight"": 0.05}, {""code"": ""score"", ""detail"": ""baseline_rules v1.0.0, horizon 30 days"", ""weight"": 0.350}]",,,2023-03-27 00:00:00+00,2026-09-21 12:36:10.142818+00,60694a33-64df-4703-bb1f-20bc3948e683,
cde48c12-3a09-4ca8-a061-50fc175bfb86,f4f70d56-e321-4804-9b2d-7bd5ea0e9255,4f677013-b830-462d-a160-59ec1cdb41ec,8703fd82-ea7e-461c-bacc-18cd5a7c3d3b,AST-LAB-OSC-00262,LABOSC-870279,LabLine,OSC-109,"{""channels"": 4, ""bandwidth_mhz"": 100}",fair,active,2022-01-03,62000.00,2027-06-29 12:36:10.142818+00,low,"[{""code"": ""high_downtime"", ""detail"": ""20 hours of downtime in 12 months"", ""weight"": 0.10}, {""code"": ""no_active_warranty"", ""detail"": ""no warranty currently covers this asset"", ""weight"": 0.05}, {""code"": ""score"", ""detail"": ""baseline_rules v1.0.0, horizon 30 days"", ""weight"": 0.150}]",,,2022-01-10 00:00:00+00,2026-09-21 12:36:10.142818+00,60694a33-64df-4703-bb1f-20bc3948e683,
0bd6559f-9592-40f3-8c97-fde0cb50e6b4,f4f70d56-e321-4804-9b2d-7bd5ea0e9255,0a9ffe3b-a3e2-439e-a1a8-f299379438e2,6ff17eb7-5c04-40ff-83f8-043b4cb1c45c,AST-LAB-OSC-00238,LABOSC-426894,LabLine,OSC-103,"{""channels"": 2, ""bandwidth_mhz"": 300}",good,active,2021-03-01,90500.00,2027-08-27 12:36:10.142818+00,low,"[{""code"": ""no_active_warranty"", ""detail"": ""no warranty currently covers this asset"", ""weight"": 0.05}, {""code"": ""score"", ""detail"": ""baseline_rules v1.0.0, horizon 30 days"", ""weight"": 0.050}]",,,2021-03-08 00:00:00+00,2026-09-21 12:36:10.142818+00,60694a33-64df-4703-bb1f-20bc3948e683,
03d0f3b4-1d04-4940-994b-2a431fd5dd7b,f4f70d56-e321-4804-9b2d-7bd5ea0e9255,14b66bd0-87c7-4b31-b195-99a166e255b1,1c4df881-cca6-49a3-9b2e-6a87a781ef63,AST-LAB-OSC-00214,LABOSC-489555,LabLine,OSC-107,"{""channels"": 4, ""bandwidth_mhz"": 200}",good,active,2024-01-04,81000.00,2027-03-20 12:36:10.142818+00,low,"[{""code"": ""no_active_warranty"", ""detail"": ""no warranty currently covers this asset"", ""weight"": 0.05}, {""code"": ""score"", ""detail"": ""baseline_rules v1.0.0, horizon 30 days"", ""weight"": 0.050}]",,,2024-01-11 00:00:00+00,2026-09-21 12:36:10.142818+00,60694a33-64df-4703-bb1f-20bc3948e683,
3676339e-daad-4af9-a8b4-c9c82b19884b,f4f70d56-e321-4804-9b2d-7bd5ea0e9255,4c2ec75b-86b2-44fa-94e9-0ac0abe593cc,8703fd82-ea7e-461c-bacc-18cd5a7c3d3b,AST-LAB-OSC-00166,LABOSC-562982,LabLine,OSC-107,"{""channels"": 2, ""bandwidth_mhz"": 300}",new,active,2021-07-10,81000.00,2027-04-01 12:36:10.142818+00,low,"[{""code"": ""no_active_warranty"", ""detail"": ""no warranty currently covers this asset"", ""weight"": 0.05}, {""code"": ""score"", ""detail"": ""baseline_rules v1.0.0, horizon 30 days"", ""weight"": 0.050}]",,,2021-07-17 00:00:00+00,2026-09-21 12:36:10.142818+00,60694a33-64df-4703-bb1f-20bc3948e683,
a3985487-ac7c-4e99-944f-0072c21a653a,f4f70d56-e321-4804-9b2d-7bd5ea0e9255,023a8b57-58c8-49be-b50f-d5bf95d912a1,6ff17eb7-5c04-40ff-83f8-043b4cb1c45c,AST-LAB-OSC-00142,LABOSC-531294,LabLine,OSC-101,"{""channels"": 2, ""bandwidth_mhz"": 200}",good,active,2023-10-18,90500.00,2027-05-12 12:36:10.142818+00,low,"[{""code"": ""no_active_warranty"", ""detail"": ""no warranty currently covers this asset"", ""weight"": 0.05}, {""code"": ""score"", ""detail"": ""baseline_rules v1.0.0, horizon 30 days"", ""weight"": 0.050}]",,,2023-10-25 00:00:00+00,2026-09-21 12:36:10.142818+00,60694a33-64df-4703-bb1f-20bc3948e683,
a91c1213-d486-49c1-a3de-e25a79c1d1ef,f4f70d56-e321-4804-9b2d-7bd5ea0e9255,67bdcd67-117b-453f-88c9-25b12a0565e7,1c4df881-cca6-49a3-9b2e-6a87a781ef63,AST-LAB-OSC-00118,LABOSC-656883,LabLine,OSC-105,"{""channels"": 4, ""bandwidth_mhz"": 300}",good,lost,2019-10-15,81000.00,2027-08-05 12:36:10.142818+00,low,"[{""code"": ""no_active_warranty"", ""detail"": ""no warranty currently covers this asset"", ""weight"": 0.05}, {""code"": ""score"", ""detail"": ""baseline_rules v1.0.0, horizon 30 days"", ""weight"": 0.050}]",,,2019-10-22 00:00:00+00,2026-09-21 12:36:10.142818+00,60694a33-64df-4703-bb1f-20bc3948e683,
05e4cda7-5c0e-42e9-ad92-ce1ccf7dfdd7,f4f70d56-e321-4804-9b2d-7bd5ea0e9255,4f677013-b830-462d-a160-59ec1cdb41ec,8703fd82-ea7e-461c-bacc-18cd5a7c3d3b,AST-LAB-OSC-00094,LABOSC-367661,LabLine,OSC-101,"{""channels"": 2, ""bandwidth_mhz"": 200}",new,active,2020-06-20,81000.00,2027-03-15 12:36:10.142818+00,low,"[{""code"": ""no_active_warranty"", ""detail"": ""no warranty currently covers this asset"", ""weight"": 0.05}, {""code"": ""score"", ""detail"": ""baseline_rules v1.0.0, horizon 30 days"", ""weight"": 0.050}]",,,2020-06-27 00:00:00+00,2026-09-21 12:36:10.142818+00,60694a33-64df-4703-bb1f-20bc3948e683,
bfcd160b-2fa1-4ad5-b810-c6f9f87aa97b,f4f70d56-e321-4804-9b2d-7bd5ea0e9255,0a9ffe3b-a3e2-439e-a1a8-f299379438e2,6ff17eb7-5c04-40ff-83f8-043b4cb1c45c,AST-LAB-OSC-00070,LABOSC-840366,LabLine,OSC-103,"{""channels"": 2, ""bandwidth_mhz"": 300}",good,active,2020-10-09,71500.00,2027-05-31 12:36:10.142818+00,low,"[{""code"": ""no_active_warranty"", ""detail"": ""no warranty currently covers this asset"", ""weight"": 0.05}, {""code"": ""score"", ""detail"": ""baseline_rules v1.0.0, horizon 30 days"", ""weight"": 0.050}]",,,2020-10-16 00:00:00+00,2026-09-21 12:36:10.142818+00,60694a33-64df-4703-bb1f-20bc3948e683,
5b8d0c64-483b-4314-99b9-b7b2bd631d03,f01bbdb0-5e6b-46f9-bc6c-97ce11922f55,ed0c4695-23ba-41bb-bb52-4fc110fc0fde,1c4df881-cca6-49a3-9b2e-6a87a781ef63,AST-FURN-CHAIR-00254,,Upper Office Works,Ergo-Basic,{},new,active,2025-12-14,2470.00,,low,"[{""code"": ""no_maintenance_schedule"", ""detail"": ""asset has no active maintenance template"", ""weight"": 0.05}, {""code"": ""no_active_warranty"", ""detail"": ""no warranty currently covers this asset"", ""weight"": 0.05}, {""code"": ""score"", ""detail"": ""baseline_rules v1.0.0, horizon 30 days"", ""weight"": 0.100}]",,,2025-12-21 00:00:00+00,2026-09-21 12:36:10.142818+00,60694a33-64df-4703-bb1f-20bc3948e683,60694a33-64df-4703-bb1f-20bc3948e683
7271a00c-aaf2-46f7-8db2-61a619752ba0,f01bbdb0-5e6b-46f9-bc6c-97ce11922f55,7d91cdbd-8e9f-4416-aff0-b59104bd3dee,750c04a5-63c4-42c6-a7c4-b3aa1de4eebf,AST-FURN-CHAIR-00110,,Upper Office Works,Ergo-Plus,{},good,active,2021-09-21,2470.00,,medium,"[{""code"": ""age_high"", ""detail"": ""71% of expected life consumed"", ""weight"": 0.15}, {""code"": ""no_maintenance_schedule"", ""detail"": ""asset has no active maintenance template"", ""weight"": 0.05}, {""code"": ""no_active_warranty"", ""detail"": ""no warranty currently covers this asset"", ""weight"": 0.05}, {""code"": ""score"", ""detail"": ""baseline_rules v1.0.0, horizon 30 days"", ""weight"": 0.250}]",,,2021-09-28 00:00:00+00,2026-09-21 12:36:10.142818+00,60694a33-64df-4703-bb1f-20bc3948e683,60694a33-64df-4703-bb1f-20bc3948e683
3960555e-67e5-4205-b407-297b45207d44,f01bbdb0-5e6b-46f9-bc6c-97ce11922f55,7d91cdbd-8e9f-4416-aff0-b59104bd3dee,750c04a5-63c4-42c6-a7c4-b3aa1de4eebf,AST-FURN-CHAIR-00255,,Upper Office Works,Ergo-Pro,{},good,active,2019-10-14,2090.00,,medium,"[{""code"": ""age_near_or_past_useful_life"", ""detail"": ""99% of expected life consumed"", ""weight"": 0.30}, {""code"": ""no_maintenance_schedule"", ""detail"": ""asset has no active maintenance template"", ""weight"": 0.05}, {""code"": ""no_active_warranty"", ""detail"": ""no warranty currently covers this asset"", ""weight"": 0.05}, {""code"": ""score"", ""detail"": ""baseline_rules v1.0.0, horizon 30 days"", ""weight"": 0.400}]",,,2019-10-21 00:00:00+00,2026-09-21 12:36:10.142818+00,60694a33-64df-4703-bb1f-20bc3948e683,60694a33-64df-4703-bb1f-20bc3948e683
846ab98f-982f-4fad-84db-55c6284b5870,f01bbdb0-5e6b-46f9-bc6c-97ce11922f55,01ff8df6-208a-40fd-bc27-a79a4733d467,1c4df881-cca6-49a3-9b2e-6a87a781ef63,AST-FURN-CHAIR-00135,,Upper Office Works,Ergo-Plus,{},good,active,2020-11-01,1900.00,,medium,"[{""code"": ""age_high"", ""detail"": ""84% of expected life consumed"", ""weight"": 0.15}, {""code"": ""no_maintenance_schedule"", ""detail"": ""asset has no active maintenance template"", ""weight"": 0.05}, {""code"": ""no_active_warranty"", ""detail"": ""no warranty currently covers this asset"", ""weight"": 0.05}, {""code"": ""score"", ""detail"": ""baseline_rules v1.0.0, horizon 30 days"", ""weight"": 0.250}]",,,2020-11-08 00:00:00+00,2026-09-21 12:36:10.142818+00,60694a33-64df-4703-bb1f-20bc3948e683,60694a33-64df-4703-bb1f-20bc3948e683
9eeb8a16-0b51-4d19-8a04-42908b4ca3a4,06e541d2-a9a0-47e4-96ff-9533e92db5b6,ce1019d0-93ab-4aad-a9c1-504e7de174b1,6ff17eb7-5c04-40ff-83f8-043b4cb1c45c,AST-FURN-CAB-00016,,Upper Office Works,Cabinet-2D,{},good,active,2019-12-29,3020.00,,low,"[{""code"": ""no_maintenance_schedule"", ""detail"": ""asset has no active maintenance template"", ""weight"": 0.05}, {""code"": ""no_active_warranty"", ""detail"": ""no warranty currently covers this asset"", ""weight"": 0.05}, {""code"": ""score"", ""detail"": ""baseline_rules v1.0.0, horizon 30 days"", ""weight"": 0.100}]",,,2020-01-05 00:00:00+00,2026-09-21 12:36:10.142818+00,60694a33-64df-4703-bb1f-20bc3948e683,60694a33-64df-4703-bb1f-20bc3948e683
2a528e66-b617-4e91-a3d2-ec0f6796529d,9fc46e12-92c2-4613-b9b1-dd8845412769,b9ee01aa-284d-41fc-92e0-1e2c29704a3b,750c04a5-63c4-42c6-a7c4-b3aa1de4eebf,AST-IT-PROJ-00405,ITPROJ-127674,Epson,BeamPro 102,"{""lumens"": 4500, ""lamp_hours"": 2086}",good,active,2019-08-31,18700.00,,high,"[{""code"": ""age_near_or_past_useful_life"", ""detail"": ""176% of expected life consumed"", ""weight"": 0.30}, {""code"": ""no_maintenance_schedule"", ""detail"": ""asset has no active maintenance template"", ""weight"": 0.05}, {""code"": ""high_downtime"", ""detail"": ""38 hours of downtime in 12 months"", ""weight"": 0.10}, {""code"": ""no_active_warranty"", ""detail"": ""no warranty currently covers this asset"", ""weight"": 0.05}, {""code"": ""score"", ""detail"": ""baseline_rules v1.0.0, horizon 30 days"", ""weight"": 0.500}]",,,2019-09-07 00:00:00+00,2026-09-21 12:36:10.142818+00,60694a33-64df-4703-bb1f-20bc3948e683,60694a33-64df-4703-bb1f-20bc3948e683
f03b2ffe-314e-43ee-ab40-699977bc2253,9fc46e12-92c2-4613-b9b1-dd8845412769,5bac9e47-d100-44c8-b570-0db31ea21fad,05d038a0-b4a2-40fb-9ac6-eecfcf9cda47,AST-IT-PROJ-00309,ITPROJ-397236,Epson,BeamPro 107,"{""lumens"": 4500, ""lamp_hours"": 1230}",good,active,2020-03-24,16600.00,,medium,"[{""code"": ""age_near_or_past_useful_life"", ""detail"": ""162% of expected life consumed"", ""weight"": 0.30}, {""code"": ""no_maintenance_schedule"", ""detail"": ""asset has no active maintenance template"", ""weight"": 0.05}, {""code"": ""no_active_warranty"", ""detail"": ""no warranty currently covers this asset"", ""weight"": 0.05}, {""code"": ""score"", ""detail"": ""baseline_rules v1.0.0, horizon 30 days"", ""weight"": 0.400}]",,,2020-03-31 00:00:00+00,2026-09-21 12:36:10.142818+00,60694a33-64df-4703-bb1f-20bc3948e683,60694a33-64df-4703-bb1f-20bc3948e683
027bcbe3-1df7-4e1b-8002-9f246d505d52,9fc46e12-92c2-4613-b9b1-dd8845412769,418ec156-f12e-4b21-8e3c-9546e326d2f3,1c4df881-cca6-49a3-9b2e-6a87a781ef63,AST-IT-PROJ-00261,ITPROJ-851367,Epson,BeamPro 119,"{""lumens"": 3500, ""lamp_hours"": 1926}",fair,active,2025-09-24,16600.00,,low,"[{""code"": ""no_maintenance_schedule"", ""detail"": ""asset has no active maintenance template"", ""weight"": 0.05}, {""code"": ""score"", ""detail"": ""baseline_rules v1.0.0, horizon 30 days"", ""weight"": 0.050}]",,,2025-10-01 00:00:00+00,2026-09-21 12:36:10.142818+00,60694a33-64df-4703-bb1f-20bc3948e683,60694a33-64df-4703-bb1f-20bc3948e683
df9ccf62-d5a2-492f-96e6-2e39bbf5a148,f0a14b69-c0ce-4372-ae3d-ae946d801d82,fdf5ec3c-73f4-4613-932b-6e5cd1d028e1,750c04a5-63c4-42c6-a7c4-b3aa1de4eebf,AST-LAB-3DP-00335,LAB3DP-463961,LabLine,FDM-200,"{""build_mm"": ""220x220x250"", ""filament"": ""ABS""}",fair,active,2022-10-27,35400.00,,low,"[{""code"": ""no_maintenance_schedule"", ""detail"": ""asset has no active maintenance template"", ""weight"": 0.05}, {""code"": ""no_active_warranty"", ""detail"": ""no warranty currently covers this asset"", ""weight"": 0.05}, {""code"": ""score"", ""detail"": ""baseline_rules v1.0.0, horizon 30 days"", ""weight"": 0.100}]",,,2022-11-03 00:00:00+00,2026-09-21 12:36:10.142818+00,60694a33-64df-4703-bb1f-20bc3948e683,60694a33-64df-4703-bb1f-20bc3948e683
ac62ddf3-4b43-4054-8d4f-806e398b66be,f0a14b69-c0ce-4372-ae3d-ae946d801d82,02bca8b1-2624-4782-8cf9-81f6abe4f201,750c04a5-63c4-42c6-a7c4-b3aa1de4eebf,AST-LAB-3DP-00191,LAB3DP-230364,LabLine,FDM-201,"{""build_mm"": ""220x220x250"", ""filament"": ""PLA""}",good,active,2021-07-21,35400.00,,medium,"[{""code"": ""age_high"", ""detail"": ""86% of expected life consumed"", ""weight"": 0.15}, {""code"": ""no_maintenance_schedule"", ""detail"": ""asset has no active maintenance template"", ""weight"": 0.05}, {""code"": ""no_active_warranty"", ""detail"": ""no warranty currently covers this asset"", ""weight"": 0.05}, {""code"": ""score"", ""detail"": ""baseline_rules v1.0.0, horizon 30 days"", ""weight"": 0.250}]",,,2021-07-28 00:00:00+00,2026-09-21 12:36:10.142818+00,60694a33-64df-4703-bb1f-20bc3948e683,60694a33-64df-4703-bb1f-20bc3948e683
e4e5787f-00c2-4d1f-abd0-bdc25b66e652,f0a14b69-c0ce-4372-ae3d-ae946d801d82,ba4b9298-99d3-4aa9-8d04-f4d0d933550d,750c04a5-63c4-42c6-a7c4-b3aa1de4eebf,AST-LAB-3DP-00023,LAB3DP-946449,LabLine,FDM-202,"{""build_mm"": ""220x220x250"", ""filament"": ""PETG""}",good,active,2025-09-24,35400.00,,low,"[{""code"": ""no_maintenance_schedule"", ""detail"": ""asset has no active maintenance template"", ""weight"": 0.05}, {""code"": ""score"", ""detail"": ""baseline_rules v1.0.0, horizon 30 days"", ""weight"": 0.050}]",,,2025-10-01 00:00:00+00,2026-09-21 12:36:10.142818+00,60694a33-64df-4703-bb1f-20bc3948e683,60694a33-64df-4703-bb1f-20bc3948e683
aecdd574-5cba-40f2-9e7e-6d54fb7c510c,928e1185-3903-4639-bd6e-0fe5d4e1bd5e,0807df48-ba0b-4ac3-ba93-906a9ddd9acb,8703fd82-ea7e-461c-bacc-18cd5a7c3d3b,AST-IT-PC-00312,ITPC-687574,Lenovo,ThinkCentre M70q,"{""cpu"": ""i7-10700"", ""ram_gb"": 8, ""storage_gb"": 512}",good,active,2023-12-10,23400.00,2026-03-08 12:36:10.142818+00,medium,"[{""code"": ""maintenance_overdue"", ""detail"": ""197 days overdue"", ""weight"": 0.30}, {""code"": ""score"", ""detail"": ""baseline_rules v1.0.0, horizon 30 days"", ""weight"": 0.300}]",,,2023-12-17 00:00:00+00,2026-09-21 12:36:10.142818+00,60694a33-64df-4703-bb1f-20bc3948e683,60694a33-64df-4703-bb1f-20bc3948e683
c65f7887-6a1a-4831-9988-958b9904ccb5,928e1185-3903-4639-bd6e-0fe5d4e1bd5e,02bca8b1-2624-4782-8cf9-81f6abe4f201,750c04a5-63c4-42c6-a7c4-b3aa1de4eebf,AST-IT-PC-00313,ITPC-361775,Acer,Veriton X2680,"{""cpu"": ""i5-11400"", ""ram_gb"": 16, ""storage_gb"": 1024}",good,active,2021-06-07,21000.00,2027-01-16 12:36:10.142818+00,medium,"[{""code"": ""age_near_or_past_useful_life"", ""detail"": ""106% of expected life consumed"", ""weight"": 0.30}, {""code"": ""no_active_warranty"", ""detail"": ""no warranty currently covers this asset"", ""weight"": 0.05}, {""code"": ""score"", ""detail"": ""baseline_rules v1.0.0, horizon 30 days"", ""weight"": 0.350}]",,,2021-06-14 00:00:00+00,2026-09-21 12:36:10.142818+00,60694a33-64df-4703-bb1f-20bc3948e683,60694a33-64df-4703-bb1f-20bc3948e683
71f54917-6557-42c9-9b86-23fbed57dd77,928e1185-3903-4639-bd6e-0fe5d4e1bd5e,faabc42b-93b2-4e8b-9e4d-2abd46f82d9c,176f3f16-3ab1-409e-8c10-9631bea0edcc,AST-IT-PC-00193,ITPC-302575,Acer,Veriton X2680,"{""cpu"": ""i5-10500"", ""ram_gb"": 8, ""storage_gb"": 512}",good,active,2023-09-02,18600.00,2026-09-16 00:00:00+00,medium,"[{""code"": ""maintenance_overdue"", ""detail"": ""6 days overdue"", ""weight"": 0.30}, {""code"": ""no_active_warranty"", ""detail"": ""no warranty currently covers this asset"", ""weight"": 0.05}, {""code"": ""score"", ""detail"": ""baseline_rules v1.0.0, horizon 30 days"", ""weight"": 0.350}]",,,2023-09-09 00:00:00+00,2026-09-21 12:36:10.142818+00,60694a33-64df-4703-bb1f-20bc3948e683,60694a33-64df-4703-bb1f-20bc3948e683
f119e457-5bd6-454a-8571-954ae1dabebe,928e1185-3903-4639-bd6e-0fe5d4e1bd5e,b82c31fb-e089-421b-a0d9-9c5e117bb57f,750c04a5-63c4-42c6-a7c4-b3aa1de4eebf,AST-IT-PC-00410,ITPC-445433,HP,ProDesk 600 G6,"{""cpu"": ""i5-10500"", ""ram_gb"": 16, ""storage_gb"": 256}",new,active,2023-02-25,17000.00,2027-03-14 12:36:10.142818+00,medium,"[{""code"": ""age_high"", ""detail"": ""71% of expected life consumed"", ""weight"": 0.15}, {""code"": ""no_active_warranty"", ""detail"": ""no warranty currently covers this asset"", ""weight"": 0.05}, {""code"": ""score"", ""detail"": ""baseline_rules v1.0.0, horizon 30 days"", ""weight"": 0.200}]",,,2023-03-04 00:00:00+00,2026-09-21 12:36:10.142818+00,60694a33-64df-4703-bb1f-20bc3948e683,60694a33-64df-4703-bb1f-20bc3948e683
5cfc3af1-69c9-4cbc-b8a2-d02787ae490c,928e1185-3903-4639-bd6e-0fe5d4e1bd5e,87c202bd-5d44-4042-accc-214381d58ab5,05d038a0-b4a2-40fb-9ac6-eecfcf9cda47,AST-IT-PC-00194,ITPC-830792,Asus,ExpertCenter D500,"{""cpu"": ""i5-11400"", ""ram_gb"": 16, ""storage_gb"": 256}",fair,active,2022-10-11,23400.00,2026-12-30 12:36:10.142818+00,medium,"[{""code"": ""age_high"", ""detail"": ""79% of expected life consumed"", ""weight"": 0.15}, {""code"": ""high_downtime"", ""detail"": ""31 hours of downtime in 12 months"", ""weight"": 0.10}, {""code"": ""no_active_warranty"", ""detail"": ""no warranty currently covers this asset"", ""weight"": 0.05}, {""code"": ""score"", ""detail"": ""baseline_rules v1.0.0, horizon 30 days"", ""weight"": 0.300}]",,,2022-10-18 00:00:00+00,2026-09-21 12:36:10.142818+00,60694a33-64df-4703-bb1f-20bc3948e683,60694a33-64df-4703-bb1f-20bc3948e683
b5bb0998-6f28-4de8-9c16-f7b0f89a8fab,928e1185-3903-4639-bd6e-0fe5d4e1bd5e,73fdb59c-ac31-400e-bf53-3b4e19b20c10,176f3f16-3ab1-409e-8c10-9631bea0edcc,AST-IT-PC-00122,ITPC-794917,Lenovo,ThinkCentre M70q,"{""cpu"": ""i5-10500"", ""ram_gb"": 16, ""storage_gb"": 256}",fair,active,2024-01-23,21800.00,2026-08-10 00:00:00+00,medium,"[{""code"": ""maintenance_overdue"", ""detail"": ""43 days overdue"", ""weight"": 0.30}, {""code"": ""high_downtime"", ""detail"": ""37 hours of downtime in 12 months"", ""weight"": 0.10}, {""code"": ""score"", ""detail"": ""baseline_rules v1.0.0, horizon 30 days"", ""weight"": 0.400}]",,,2024-01-30 00:00:00+00,2026-09-21 12:36:10.142818+00,60694a33-64df-4703-bb1f-20bc3948e683,60694a33-64df-4703-bb1f-20bc3948e683
705c5a2b-c805-4e10-a24e-21003aea575a,928e1185-3903-4639-bd6e-0fe5d4e1bd5e,ed0c4695-23ba-41bb-bb52-4fc110fc0fde,1c4df881-cca6-49a3-9b2e-6a87a781ef63,AST-IT-PC-00074,ITPC-299606,Asus,ExpertCenter D500,"{""cpu"": ""i7-10700"", ""ram_gb"": 32, ""storage_gb"": 512}",fair,active,2020-01-01,21000.00,2026-12-30 12:36:10.142818+00,high,"[{""code"": ""age_near_or_past_useful_life"", ""detail"": ""134% of expected life consumed"", ""weight"": 0.30}, {""code"": ""repeat_failure"", ""detail"": ""2 corrective jobs in 12 months"", ""weight"": 0.12}, {""code"": ""high_downtime"", ""detail"": ""37 hours of downtime in 12 months"", ""weight"": 0.10}, {""code"": ""no_active_warranty"", ""detail"": ""no warranty currently covers this asset"", ""weight"": 0.05}, {""code"": ""score"", ""detail"": ""baseline_rules v1.0.0, horizon 30 days"", ""weight"": 0.570}]",,,2020-01-08 00:00:00+00,2026-09-21 12:36:10.142818+00,60694a33-64df-4703-bb1f-20bc3948e683,60694a33-64df-4703-bb1f-20bc3948e683
6ee3f64c-dbc6-43bd-9038-4e46f80f61e7,928e1185-3903-4639-bd6e-0fe5d4e1bd5e,b9ee01aa-284d-41fc-92e0-1e2c29704a3b,750c04a5-63c4-42c6-a7c4-b3aa1de4eebf,AST-IT-PC-00411,ITPC-307008,Dell,OptiPlex 7090,"{""cpu"": ""i7-10700"", ""ram_gb"": 32, ""storage_gb"": 256}",good,active,2023-08-02,21800.00,2027-02-21 12:36:10.142818+00,low,"[{""code"": ""no_active_warranty"", ""detail"": ""no warranty currently covers this asset"", ""weight"": 0.05}, {""code"": ""score"", ""detail"": ""baseline_rules v1.0.0, horizon 30 days"", ""weight"": 0.050}]",,,2023-08-09 00:00:00+00,2026-09-21 12:36:10.142818+00,60694a33-64df-4703-bb1f-20bc3948e683,60694a33-64df-4703-bb1f-20bc3948e683
208e425b-b6b6-4230-ae64-59cb64d5691e,928e1185-3903-4639-bd6e-0fe5d4e1bd5e,1234f84e-b9c0-4ae7-a4a5-d80ccaff9edd,05d038a0-b4a2-40fb-9ac6-eecfcf9cda47,AST-IT-PC-00339,ITPC-827203,Asus,ExpertCenter D500,"{""cpu"": ""i5-11400"", ""ram_gb"": 32, ""storage_gb"": 1024}",good,active,2024-02-15,23400.00,2027-03-01 00:00:00+00,low,"[{""code"": ""no_active_warranty"", ""detail"": ""no warranty currently covers this asset"", ""weight"": 0.05}, {""code"": ""score"", ""detail"": ""baseline_rules v1.0.0, horizon 30 days"", ""weight"": 0.050}]",,,2024-02-22 00:00:00+00,2026-09-21 12:36:10.142818+00,60694a33-64df-4703-bb1f-20bc3948e683,60694a33-64df-4703-bb1f-20bc3948e683
0904bb12-7ee3-42c6-a227-ea8e25578af1,928e1185-3903-4639-bd6e-0fe5d4e1bd5e,ba4b9298-99d3-4aa9-8d04-f4d0d933550d,750c04a5-63c4-42c6-a7c4-b3aa1de4eebf,AST-IT-PC-00315,ITPC-296183,HP,ProDesk 600 G6,"{""cpu"": ""i5-10500"", ""ram_gb"": 32, ""storage_gb"": 512}",good,active,2024-05-22,17000.00,2026-06-11 00:00:00+00,medium,"[{""code"": ""maintenance_overdue"", ""detail"": ""103 days overdue"", ""weight"": 0.30}, {""code"": ""no_active_warranty"", ""detail"": ""no warranty currently covers this asset"", ""weight"": 0.05}, {""code"": ""score"", ""detail"": ""baseline_rules v1.0.0, horizon 30 days"", ""weight"": 0.350}]",,,2024-05-29 00:00:00+00,2026-09-21 12:36:10.142818+00,60694a33-64df-4703-bb1f-20bc3948e683,60694a33-64df-4703-bb1f-20bc3948e683
f673a17d-c8b6-428b-8939-69282c6e5d8c,928e1185-3903-4639-bd6e-0fe5d4e1bd5e,bf145be9-a3ed-43c6-8b63-9ac65a15909b,1c4df881-cca6-49a3-9b2e-6a87a781ef63,AST-IT-PC-00243,ITPC-556785,Acer,Veriton X2680,"{""cpu"": ""i5-11400"", ""ram_gb"": 16, ""storage_gb"": 256}",poor,active,2023-01-13,20200.00,2027-01-20 12:36:10.142818+00,high,"[{""code"": ""age_high"", ""detail"": ""74% of expected life consumed"", ""weight"": 0.15}, {""code"": ""high_downtime"", ""detail"": ""45 hours of downtime in 12 months"", ""weight"": 0.10}, {""code"": ""condition_poor"", ""detail"": ""condition reported as poor"", ""weight"": 0.15}, {""code"": ""no_active_warranty"", ""detail"": ""no warranty currently covers this asset"", ""weight"": 0.05}, {""code"": ""score"", ""detail"": ""baseline_rules v1.0.0, horizon 30 days"", ""weight"": 0.450}]",,,2023-01-20 00:00:00+00,2026-09-21 12:36:10.142818+00,60694a33-64df-4703-bb1f-20bc3948e683,60694a33-64df-4703-bb1f-20bc3948e683
dcb7221f-6af8-4e32-b60a-f83b5c6879e5,928e1185-3903-4639-bd6e-0fe5d4e1bd5e,ba4b9298-99d3-4aa9-8d04-f4d0d933550d,750c04a5-63c4-42c6-a7c4-b3aa1de4eebf,AST-IT-PC-00219,ITPC-649694,Asus,ExpertCenter D500,"{""cpu"": ""i5-11400"", ""ram_gb"": 32, ""storage_gb"": 1024}",good,active,2021-02-21,17000.00,2026-12-19 12:36:10.142818+00,medium,"[{""code"": ""age_near_or_past_useful_life"", ""detail"": ""112% of expected life consumed"", ""weight"": 0.30}, {""code"": ""no_active_warranty"", ""detail"": ""no warranty currently covers this asset"", ""weight"": 0.05}, {""code"": ""score"", ""detail"": ""baseline_rules v1.0.0, horizon 30 days"", ""weight"": 0.350}]",,,2021-02-28 00:00:00+00,2026-09-21 12:36:10.142818+00,60694a33-64df-4703-bb1f-20bc3948e683,60694a33-64df-4703-bb1f-20bc3948e683
c5abff57-b36f-45b9-87a2-4217ccab877b,928e1185-3903-4639-bd6e-0fe5d4e1bd5e,b82c31fb-e089-421b-a0d9-9c5e117bb57f,750c04a5-63c4-42c6-a7c4-b3aa1de4eebf,AST-IT-PC-00195,ITPC-219980,HP,ProDesk 600 G6,"{""cpu"": ""i5-10500"", ""ram_gb"": 32, ""storage_gb"": 256}",fair,active,2019-09-25,17800.00,2027-03-05 12:36:10.142818+00,medium,"[{""code"": ""age_near_or_past_useful_life"", ""detail"": ""140% of expected life consumed"", ""weight"": 0.30}, {""code"": ""no_active_warranty"", ""detail"": ""no warranty currently covers this asset"", ""weight"": 0.05}, {""code"": ""score"", ""detail"": ""baseline_rules v1.0.0, horizon 30 days"", ""weight"": 0.350}]",,,2019-10-02 00:00:00+00,2026-09-21 12:36:10.142818+00,60694a33-64df-4703-bb1f-20bc3948e683,60694a33-64df-4703-bb1f-20bc3948e683
3d90a462-fed8-47bf-a23e-2cdeb2156e0d,928e1185-3903-4639-bd6e-0fe5d4e1bd5e,7d91cdbd-8e9f-4416-aff0-b59104bd3dee,750c04a5-63c4-42c6-a7c4-b3aa1de4eebf,AST-IT-PC-00412,ITPC-306841,Lenovo,ThinkCentre M70q,"{""cpu"": ""i7-10700"", ""ram_gb"": 16, ""storage_gb"": 1024}",new,active,2019-12-19,21800.00,2026-10-02 12:36:10.142818+00,high,"[{""code"": ""age_near_or_past_useful_life"", ""detail"": ""135% of expected life consumed"", ""weight"": 0.30}, {""code"": ""maintenance_due_within_horizon"", ""detail"": ""11 days to next service"", ""weight"": 0.15}, {""code"": ""no_active_warranty"", ""detail"": ""no warranty currently covers this asset"", ""weight"": 0.05}, {""code"": ""score"", ""detail"": ""baseline_rules v1.0.0, horizon 30 days"", ""weight"": 0.500}]",,,2019-12-26 00:00:00+00,2026-09-21 12:36:10.142818+00,60694a33-64df-4703-bb1f-20bc3948e683,60694a33-64df-4703-bb1f-20bc3948e683
5b4809a7-4f15-46fb-b133-afd4a28a73f9,928e1185-3903-4639-bd6e-0fe5d4e1bd5e,df3d8ea3-3aa6-4212-a736-6a16b4ecb804,8703fd82-ea7e-461c-bacc-18cd5a7c3d3b,AST-IT-PC-00293,ITPC-699291,Acer,Veriton X2680,"{""cpu"": ""i7-10700"", ""ram_gb"": 8, ""storage_gb"": 512}",poor,active,2023-11-05,21800.00,2027-02-02 12:36:10.142818+00,medium,"[{""code"": ""repeat_failure"", ""detail"": ""2 corrective jobs in 12 months"", ""weight"": 0.12}, {""code"": ""high_downtime"", ""detail"": ""62 hours of downtime in 12 months"", ""weight"": 0.10}, {""code"": ""condition_poor"", ""detail"": ""condition reported as poor"", ""weight"": 0.15}, {""code"": ""no_active_warranty"", ""detail"": ""no warranty currently covers this asset"", ""weight"": 0.05}, {""code"": ""score"", ""detail"": ""baseline_rules v1.0.0, horizon 30 days"", ""weight"": 0.420}]",,,2023-11-12 00:00:00+00,2026-09-21 12:36:10.142818+00,60694a33-64df-4703-bb1f-20bc3948e683,60694a33-64df-4703-bb1f-20bc3948e683
e3ca20a7-3a04-4b03-b11b-ebd573ac0b16,928e1185-3903-4639-bd6e-0fe5d4e1bd5e,fd093c49-0da4-4fb9-b4ca-3354e21aeeed,176f3f16-3ab1-409e-8c10-9631bea0edcc,AST-IT-PC-00269,ITPC-276031,Asus,ExpertCenter D500,"{""cpu"": ""i7-10700"", ""ram_gb"": 32, ""storage_gb"": 256}",good,active,2019-10-02,22600.00,2026-10-21 12:36:10.142818+00,high,"[{""code"": ""age_near_or_past_useful_life"", ""detail"": ""139% of expected life consumed"", ""weight"": 0.30}, {""code"": ""maintenance_due_within_horizon"", ""detail"": ""30 days to next service"", ""weight"": 0.15}, {""code"": ""no_active_warranty"", ""detail"": ""no warranty currently covers this asset"", ""weight"": 0.05}, {""code"": ""score"", ""detail"": ""baseline_rules v1.0.0, horizon 30 days"", ""weight"": 0.500}]",,,2019-10-09 00:00:00+00,2026-09-21 12:36:10.142818+00,60694a33-64df-4703-bb1f-20bc3948e683,60694a33-64df-4703-bb1f-20bc3948e683
7e17f67a-33f4-4f80-b984-1a3286ff1ea6,928e1185-3903-4639-bd6e-0fe5d4e1bd5e,ce1019d0-93ab-4aad-a9c1-504e7de174b1,6ff17eb7-5c04-40ff-83f8-043b4cb1c45c,AST-IT-PC-00221,ITPC-668527,Dell,OptiPlex 7090,"{""cpu"": ""i7-10700"", ""ram_gb"": 16, ""storage_gb"": 256}",good,active,2025-06-02,20200.00,2026-12-24 00:00:00+00,low,"[{""code"": ""score"", ""detail"": ""baseline_rules v1.0.0, horizon 30 days"", ""weight"": 0.000}]",,,2025-06-09 00:00:00+00,2026-09-21 12:36:10.142818+00,60694a33-64df-4703-bb1f-20bc3948e683,60694a33-64df-4703-bb1f-20bc3948e683
98626642-760f-4c56-be38-4909419ce830,928e1185-3903-4639-bd6e-0fe5d4e1bd5e,8ce58e75-8b56-44e0-b303-308ab877a282,1c4df881-cca6-49a3-9b2e-6a87a781ef63,AST-IT-PC-00173,ITPC-710122,Acer,Veriton X2680,"{""cpu"": ""i5-11400"", ""ram_gb"": 16, ""storage_gb"": 256}",good,active,2025-03-30,23400.00,2026-10-21 00:00:00+00,low,"[{""code"": ""maintenance_due_within_horizon"", ""detail"": ""29 days to next service"", ""weight"": 0.15}, {""code"": ""score"", ""detail"": ""baseline_rules v1.0.0, horizon 30 days"", ""weight"": 0.150}]",,,2025-04-06 00:00:00+00,2026-09-21 12:36:10.142818+00,60694a33-64df-4703-bb1f-20bc3948e683,60694a33-64df-4703-bb1f-20bc3948e683
19376259-e7c6-474d-a274-b4a7dd0aa995,95ef5f39-7726-40fc-a96e-a70dc1197538,418ec156-f12e-4b21-8e3c-9546e326d2f3,1c4df881-cca6-49a3-9b2e-6a87a781ef63,AST-IT-MONITOR-00318,ITMONITOR-839976,ViewSonic,V23HD,"{""size_in"": 22, ""resolution"": ""2560x1440""}",good,active,2021-11-03,3900.00,2027-05-02 12:36:10.142818+00,medium,"[{""code"": ""age_high"", ""detail"": ""81% of expected life consumed"", ""weight"": 0.15}, {""code"": ""no_active_warranty"", ""detail"": ""no warranty currently covers this asset"", ""weight"": 0.05}, {""code"": ""score"", ""detail"": ""baseline_rules v1.0.0, horizon 30 days"", ""weight"": 0.200}]",,,2021-11-10 00:00:00+00,2026-09-21 12:36:10.142818+00,60694a33-64df-4703-bb1f-20bc3948e683,60694a33-64df-4703-bb1f-20bc3948e683
dc0fc700-5aa9-4efc-9307-56f149b156a7,95ef5f39-7726-40fc-a96e-a70dc1197538,bf145be9-a3ed-43c6-8b63-9ac65a15909b,1c4df881-cca6-49a3-9b2e-6a87a781ef63,AST-IT-MONITOR-00222,ITMONITOR-435329,ViewSonic,V25HD,"{""size_in"": 27, ""resolution"": ""1920x1080""}",good,active,2020-10-31,4220.00,2027-05-05 12:36:10.142818+00,medium,"[{""code"": ""age_near_or_past_useful_life"", ""detail"": ""98% of expected life consumed"", ""weight"": 0.30}, {""code"": ""no_active_warranty"", ""detail"": ""no warranty currently covers this asset"", ""weight"": 0.05}, {""code"": ""score"", ""detail"": ""baseline_rules v1.0.0, horizon 30 days"", ""weight"": 0.350}]",,,2020-11-07 00:00:00+00,2026-09-21 12:36:10.142818+00,60694a33-64df-4703-bb1f-20bc3948e683,60694a33-64df-4703-bb1f-20bc3948e683
3ce9eaa4-4252-40cd-a354-288ba4a4d128,95ef5f39-7726-40fc-a96e-a70dc1197538,87c202bd-5d44-4042-accc-214381d58ab5,05d038a0-b4a2-40fb-9ac6-eecfcf9cda47,AST-IT-MONITOR-00126,ITMONITOR-230634,Samsung,V24HD,"{""size_in"": 24, ""resolution"": ""2560x1440""}",good,active,2022-06-19,5180.00,2027-07-24 12:36:10.142818+00,medium,"[{""code"": ""age_high"", ""detail"": ""71% of expected life consumed"", ""weight"": 0.15}, {""code"": ""no_active_warranty"", ""detail"": ""no warranty currently covers this asset"", ""weight"": 0.05}, {""code"": ""score"", ""detail"": ""baseline_rules v1.0.0, horizon 30 days"", ""weight"": 0.200}]",,,2022-06-26 00:00:00+00,2026-09-21 12:36:10.142818+00,60694a33-64df-4703-bb1f-20bc3948e683,60694a33-64df-4703-bb1f-20bc3948e683
b4e30e96-1933-41e2-9ffd-614c7b67316a,95ef5f39-7726-40fc-a96e-a70dc1197538,1396d3ba-cbf5-462b-9ba0-f055e43663f9,176f3f16-3ab1-409e-8c10-9631bea0edcc,AST-IT-MONITOR-00391,ITMONITOR-546034,ViewSonic,V24HD,"{""size_in"": 24, ""resolution"": ""1920x1080""}",new,active,2020-02-23,5180.00,2027-07-31 12:36:10.142818+00,medium,"[{""code"": ""age_near_or_past_useful_life"", ""detail"": ""110% of expected life consumed"", ""weight"": 0.30}, {""code"": ""no_active_warranty"", ""detail"": ""no warranty currently covers this asset"", ""weight"": 0.05}, {""code"": ""score"", ""detail"": ""baseline_rules v1.0.0, horizon 30 days"", ""weight"": 0.350}]",,,2020-03-01 00:00:00+00,2026-09-21 12:36:10.142818+00,60694a33-64df-4703-bb1f-20bc3948e683,60694a33-64df-4703-bb1f-20bc3948e683
0fc29b73-82f0-491f-b0b8-7e2eaa9010e4,95ef5f39-7726-40fc-a96e-a70dc1197538,bf145be9-a3ed-43c6-8b63-9ac65a15909b,1c4df881-cca6-49a3-9b2e-6a87a781ef63,AST-IT-MONITOR-00127,ITMONITOR-309635,Dell,V26HD,"{""size_in"": 24, ""resolution"": ""2560x1440""}",good,active,2021-09-30,4220.00,2027-09-15 12:36:10.142818+00,medium,"[{""code"": ""age_high"", ""detail"": ""83% of expected life consumed"", ""weight"": 0.15}, {""code"": ""no_active_warranty"", ""detail"": ""no warranty currently covers this asset"", ""weight"": 0.05}, {""code"": ""score"", ""detail"": ""baseline_rules v1.0.0, horizon 30 days"", ""weight"": 0.200}]",,,2021-10-07 00:00:00+00,2026-09-21 12:36:10.142818+00,60694a33-64df-4703-bb1f-20bc3948e683,60694a33-64df-4703-bb1f-20bc3948e683
15b13eef-3186-47a2-8ae9-2a2bc925632b,95ef5f39-7726-40fc-a96e-a70dc1197538,fd093c49-0da4-4fb9-b4ca-3354e21aeeed,176f3f16-3ab1-409e-8c10-9631bea0edcc,AST-IT-MONITOR-00031,ITMONITOR-663546,LG,V23HD,"{""size_in"": 24, ""resolution"": ""1920x1080""}",poor,active,2024-11-10,4540.00,2026-12-10 00:00:00+00,medium,"[{""code"": ""condition_poor"", ""detail"": ""condition reported as poor"", ""weight"": 0.15}, {""code"": ""no_active_warranty"", ""detail"": ""no warranty currently covers this asset"", ""weight"": 0.05}, {""code"": ""score"", ""detail"": ""baseline_rules v1.0.0, horizon 30 days"", ""weight"": 0.200}]",,,2024-11-17 00:00:00+00,2026-09-21 12:36:10.142818+00,60694a33-64df-4703-bb1f-20bc3948e683,60694a33-64df-4703-bb1f-20bc3948e683
06624745-a046-4355-82c3-608dd9eb74f9,95ef5f39-7726-40fc-a96e-a70dc1197538,85499f3b-df0c-46e7-b412-0e86014d2d23,8703fd82-ea7e-461c-bacc-18cd5a7c3d3b,AST-IT-MONITOR-00416,ITMONITOR-216265,Dell,V26HD,"{""size_in"": 24, ""resolution"": ""2560x1440""}",good,active,2022-06-21,4860.00,2027-06-15 12:36:10.142818+00,medium,"[{""code"": ""age_high"", ""detail"": ""71% of expected life consumed"", ""weight"": 0.15}, {""code"": ""no_active_warranty"", ""detail"": ""no warranty currently covers this asset"", ""weight"": 0.05}, {""code"": ""score"", ""detail"": ""baseline_rules v1.0.0, horizon 30 days"", ""weight"": 0.200}]",,,2022-06-28 00:00:00+00,2026-09-21 12:36:10.142818+00,60694a33-64df-4703-bb1f-20bc3948e683,60694a33-64df-4703-bb1f-20bc3948e683
3e06ea64-6076-4b71-ad89-42bc0b61986d,95ef5f39-7726-40fc-a96e-a70dc1197538,df3d8ea3-3aa6-4212-a736-6a16b4ecb804,8703fd82-ea7e-461c-bacc-18cd5a7c3d3b,AST-IT-MONITOR-00392,ITMONITOR-914723,LG,V24HD,"{""size_in"": 22, ""resolution"": ""1920x1080""}",good,active,2020-02-20,4860.00,2026-12-21 12:36:10.142818+00,medium,"[{""code"": ""age_near_or_past_useful_life"", ""detail"": ""110% of expected life consumed"", ""weight"": 0.30}, {""code"": ""no_active_warranty"", ""detail"": ""no warranty currently covers this asset"", ""weight"": 0.05}, {""code"": ""score"", ""detail"": ""baseline_rules v1.0.0, horizon 30 days"", ""weight"": 0.350}]",,,2020-02-27 00:00:00+00,2026-09-21 12:36:10.142818+00,60694a33-64df-4703-bb1f-20bc3948e683,60694a33-64df-4703-bb1f-20bc3948e683
a5b79db8-1d3b-4a94-9623-2d3fb1999e87,95ef5f39-7726-40fc-a96e-a70dc1197538,0a9ffe3b-a3e2-439e-a1a8-f299379438e2,6ff17eb7-5c04-40ff-83f8-043b4cb1c45c,AST-IT-MONITOR-00248,ITMONITOR-867398,ViewSonic,V23HD,"{""size_in"": 24, ""resolution"": ""1920x1080""}",new,active,2020-05-10,3900.00,2027-01-09 12:36:10.142818+00,medium,"[{""code"": ""age_near_or_past_useful_life"", ""detail"": ""106% of expected life consumed"", ""weight"": 0.30}, {""code"": ""no_active_warranty"", ""detail"": ""no warranty currently covers this asset"", ""weight"": 0.05}, {""code"": ""score"", ""detail"": ""baseline_rules v1.0.0, horizon 30 days"", ""weight"": 0.350}]",,,2020-05-17 00:00:00+00,2026-09-21 12:36:10.142818+00,60694a33-64df-4703-bb1f-20bc3948e683,60694a33-64df-4703-bb1f-20bc3948e683
70bbe4d2-7c10-4be7-bf34-781164f9f6e8,95ef5f39-7726-40fc-a96e-a70dc1197538,1234f84e-b9c0-4ae7-a4a5-d80ccaff9edd,05d038a0-b4a2-40fb-9ac6-eecfcf9cda47,AST-IT-MONITOR-00080,ITMONITOR-691862,LG,V23HD,"{""size_in"": 22, ""resolution"": ""1920x1080""}",good,active,2021-08-02,4220.00,2026-12-07 12:36:10.142818+00,medium,"[{""code"": ""age_high"", ""detail"": ""86% of expected life consumed"", ""weight"": 0.15}, {""code"": ""no_active_warranty"", ""detail"": ""no warranty currently covers this asset"", ""weight"": 0.05}, {""code"": ""score"", ""detail"": ""baseline_rules v1.0.0, horizon 30 days"", ""weight"": 0.200}]",,,2021-08-09 00:00:00+00,2026-09-21 12:36:10.142818+00,60694a33-64df-4703-bb1f-20bc3948e683,60694a33-64df-4703-bb1f-20bc3948e683
0cd380da-7e0d-4741-9dca-9231f00f845e,95ef5f39-7726-40fc-a96e-a70dc1197538,1234f84e-b9c0-4ae7-a4a5-d80ccaff9edd,05d038a0-b4a2-40fb-9ac6-eecfcf9cda47,AST-IT-MONITOR-00008,ITMONITOR-891511,Samsung,V23HD,"{""size_in"": 27, ""resolution"": ""2560x1440""}",good,active,2024-07-23,4860.00,2027-08-22 00:00:00+00,low,"[{""code"": ""score"", ""detail"": ""baseline_rules v1.0.0, horizon 30 days"", ""weight"": 0.000}]",,,2024-07-30 00:00:00+00,2026-09-21 12:36:10.142818+00,60694a33-64df-4703-bb1f-20bc3948e683,60694a33-64df-4703-bb1f-20bc3948e683
87b9834f-3c9b-446d-a2c7-acb1961a7c54,95ef5f39-7726-40fc-a96e-a70dc1197538,226f67de-eecb-4041-b2fd-00c436b1b82f,1c4df881-cca6-49a3-9b2e-6a87a781ef63,AST-IT-MONITOR-00417,ITMONITOR-658360,LG,V25HD,"{""size_in"": 24, ""resolution"": ""2560x1440""}",fair,active,2021-04-15,4540.00,2025-12-13 12:36:10.142818+00,high,"[{""code"": ""age_near_or_past_useful_life"", ""detail"": ""91% of expected life consumed"", ""weight"": 0.30}, {""code"": ""maintenance_overdue"", ""detail"": ""282 days overdue"", ""weight"": 0.30}, {""code"": ""no_active_warranty"", ""detail"": ""no warranty currently covers this asset"", ""weight"": 0.05}, {""code"": ""score"", ""detail"": ""baseline_rules v1.0.0, horizon 30 days"", ""weight"": 0.650}]",,,2021-04-22 00:00:00+00,2026-09-21 12:36:10.142818+00,60694a33-64df-4703-bb1f-20bc3948e683,60694a33-64df-4703-bb1f-20bc3948e683
f1d526bd-6c8e-4843-991a-a72d9b467218,95ef5f39-7726-40fc-a96e-a70dc1197538,7d91cdbd-8e9f-4416-aff0-b59104bd3dee,750c04a5-63c4-42c6-a7c4-b3aa1de4eebf,AST-IT-MONITOR-00273,ITMONITOR-104997,Samsung,V26HD,"{""size_in"": 27, ""resolution"": ""1920x1080""}",good,active,2025-07-25,4220.00,2027-08-24 00:00:00+00,low,"[{""code"": ""no_active_warranty"", ""detail"": ""no warranty currently covers this asset"", ""weight"": 0.05}, {""code"": ""score"", ""detail"": ""baseline_rules v1.0.0, horizon 30 days"", ""weight"": 0.050}]",,,2025-08-01 00:00:00+00,2026-09-21 12:36:10.142818+00,60694a33-64df-4703-bb1f-20bc3948e683,60694a33-64df-4703-bb1f-20bc3948e683
faf94263-3003-43b6-8daf-84fdd8c41d87,95ef5f39-7726-40fc-a96e-a70dc1197538,1234f84e-b9c0-4ae7-a4a5-d80ccaff9edd,05d038a0-b4a2-40fb-9ac6-eecfcf9cda47,AST-IT-MONITOR-00057,ITMONITOR-632472,LG,V26HD,"{""size_in"": 27, ""resolution"": ""1920x1080""}",good,active,2025-11-11,4220.00,2026-12-11 00:00:00+00,low,"[{""code"": ""high_downtime"", ""detail"": ""18 hours of downtime in 12 months"", ""weight"": 0.10}, {""code"": ""no_active_warranty"", ""detail"": ""no warranty currently covers this asset"", ""weight"": 0.05}, {""code"": ""score"", ""detail"": ""baseline_rules v1.0.0, horizon 30 days"", ""weight"": 0.150}]",,,2025-11-18 00:00:00+00,2026-09-21 12:36:10.142818+00,60694a33-64df-4703-bb1f-20bc3948e683,60694a33-64df-4703-bb1f-20bc3948e683
e223b2f9-09d2-4edc-bc76-8163122571b6,95ef5f39-7726-40fc-a96e-a70dc1197538,3288eed1-6ae3-45da-acb7-12c603a5bfed,05d038a0-b4a2-40fb-9ac6-eecfcf9cda47,AST-IT-MONITOR-00009,ITMONITOR-564308,LG,V22HD,"{""size_in"": 24, ""resolution"": ""1920x1080""}",good,active,2020-01-06,4220.00,2026-12-21 12:36:10.142818+00,medium,"[{""code"": ""age_near_or_past_useful_life"", ""detail"": ""112% of expected life consumed"", ""weight"": 0.30}, {""code"": ""no_active_warranty"", ""detail"": ""no warranty currently covers this asset"", ""weight"": 0.05}, {""code"": ""score"", ""detail"": ""baseline_rules v1.0.0, horizon 30 days"", ""weight"": 0.350}]",,,2020-01-13 00:00:00+00,2026-09-21 12:36:10.142818+00,60694a33-64df-4703-bb1f-20bc3948e683,60694a33-64df-4703-bb1f-20bc3948e683
ab5bc906-ecb3-4539-baae-74b24206906a,6b10649a-5c67-48f5-b4b7-9040805a9348,4c2ec75b-86b2-44fa-94e9-0ac0abe593cc,8703fd82-ea7e-461c-bacc-18cd5a7c3d3b,AST-IT-LAPTOP-00347,ITLAPTOP-944302,Lenovo,ProBook 443,"{""cpu"": ""i7-1165G7"", ""ram_gb"": 16, ""screen_in"": 13}",fair,active,2024-08-08,31500.00,2026-03-01 00:00:00+00,medium,"[{""code"": ""maintenance_overdue"", ""detail"": ""205 days overdue"", ""weight"": 0.30}, {""code"": ""no_active_warranty"", ""detail"": ""no warranty currently covers this asset"", ""weight"": 0.05}, {""code"": ""score"", ""detail"": ""baseline_rules v1.0.0, horizon 30 days"", ""weight"": 0.350}]",,,2024-08-15 00:00:00+00,2026-09-21 12:36:10.142818+00,60694a33-64df-4703-bb1f-20bc3948e683,60694a33-64df-4703-bb1f-20bc3948e683
866bf58d-cff4-4719-b726-3357fb436e70,6b10649a-5c67-48f5-b4b7-9040805a9348,0a9ffe3b-a3e2-439e-a1a8-f299379438e2,6ff17eb7-5c04-40ff-83f8-043b4cb1c45c,AST-IT-LAPTOP-00179,ITLAPTOP-957301,Dell,ProBook 442,"{""cpu"": ""i7-1165G7"", ""ram_gb"": 16, ""screen_in"": 15}",good,active,2023-01-20,34100.00,2027-01-12 12:36:10.142818+00,medium,"[{""code"": ""age_near_or_past_useful_life"", ""detail"": ""92% of expected life consumed"", ""weight"": 0.30}, {""code"": ""no_active_warranty"", ""detail"": ""no warranty currently covers this asset"", ""weight"": 0.05}, {""code"": ""score"", ""detail"": ""baseline_rules v1.0.0, horizon 30 days"", ""weight"": 0.350}]",,,2023-01-27 00:00:00+00,2026-09-21 12:36:10.142818+00,60694a33-64df-4703-bb1f-20bc3948e683,60694a33-64df-4703-bb1f-20bc3948e683
788bb250-6b48-4e09-88ff-9b97b0e0941c,d722453f-11da-442f-b41b-15b9deacbe80,bf145be9-a3ed-43c6-8b63-9ac65a15909b,1c4df881-cca6-49a3-9b2e-6a87a781ef63,AST-FURN-DESK-00036,,Upper Office Works,Desk-140cm,"{""material"": ""MDF"", ""width_cm"": 140}",good,active,2022-02-20,4120.00,2027-08-17 12:36:10.142818+00,low,"[{""code"": ""no_active_warranty"", ""detail"": ""no warranty currently covers this asset"", ""weight"": 0.05}, {""code"": ""score"", ""detail"": ""baseline_rules v1.0.0, horizon 30 days"", ""weight"": 0.050}]",,,2022-02-27 00:00:00+00,2026-09-21 12:36:10.142818+00,60694a33-64df-4703-bb1f-20bc3948e683,60694a33-64df-4703-bb1f-20bc3948e683
6b923bd3-542e-495c-ad1d-ef5555cc61e6,d722453f-11da-442f-b41b-15b9deacbe80,75741c19-7bc5-4f13-8bcd-5543dbab11a6,05d038a0-b4a2-40fb-9ac6-eecfcf9cda47,AST-FURN-DESK-00253,,Upper Office Works,Desk-180cm,"{""material"": ""MDF"", ""width_cm"": 160}",good,active,2021-01-21,4640.00,2027-09-02 12:36:10.142818+00,low,"[{""code"": ""no_active_warranty"", ""detail"": ""no warranty currently covers this asset"", ""weight"": 0.05}, {""code"": ""score"", ""detail"": ""baseline_rules v1.0.0, horizon 30 days"", ""weight"": 0.050}]",,,2021-01-28 00:00:00+00,2026-09-21 12:36:10.142818+00,60694a33-64df-4703-bb1f-20bc3948e683,60694a33-64df-4703-bb1f-20bc3948e683
cfefaee4-e424-4c7a-957e-e76ccabe8504,d722453f-11da-442f-b41b-15b9deacbe80,b9ee01aa-284d-41fc-92e0-1e2c29704a3b,750c04a5-63c4-42c6-a7c4-b3aa1de4eebf,AST-FURN-DESK-00133,,Upper Office Works,Desk-120cm,"{""material"": ""steel_wood"", ""width_cm"": 180}",good,active,2022-02-16,4120.00,2028-05-18 12:36:10.142818+00,low,"[{""code"": ""no_active_warranty"", ""detail"": ""no warranty currently covers this asset"", ""weight"": 0.05}, {""code"": ""score"", ""detail"": ""baseline_rules v1.0.0, horizon 30 days"", ""weight"": 0.050}]",,,2022-02-23 00:00:00+00,2026-09-21 12:36:10.142818+00,60694a33-64df-4703-bb1f-20bc3948e683,60694a33-64df-4703-bb1f-20bc3948e683
80a9c3df-bb15-4fd7-8c87-326df788dfb5,d722453f-11da-442f-b41b-15b9deacbe80,5b86b773-2072-4cf6-ac59-aa6ed5c9e277,05d038a0-b4a2-40fb-9ac6-eecfcf9cda47,AST-FURN-DESK-00013,,Upper Office Works,Desk-140cm,"{""material"": ""MDF"", ""width_cm"": 180}",good,active,2024-01-30,4380.00,2028-09-16 12:36:10.142818+00,low,"[{""code"": ""no_active_warranty"", ""detail"": ""no warranty currently covers this asset"", ""weight"": 0.05}, {""code"": ""score"", ""detail"": ""baseline_rules v1.0.0, horizon 30 days"", ""weight"": 0.050}]",,,2024-02-06 00:00:00+00,2026-09-21 12:36:10.142818+00,60694a33-64df-4703-bb1f-20bc3948e683,60694a33-64df-4703-bb1f-20bc3948e683
8c7db0db-6f83-4007-95db-8ac6eca67355,d0e25360-20be-40a4-b4d4-f150206a2e30,c3046ac9-0b25-4639-993e-d7963242f60a,176f3f16-3ab1-409e-8c10-9631bea0edcc,AST-FAC-AC-00209,FACAC-610397,Sharp,Split 18K,"{""btu"": 18000, ""type"": ""split""}",good,active,2020-04-14,29400.00,2026-10-14 12:36:10.142818+00,medium,"[{""code"": ""age_high"", ""detail"": ""80% of expected life consumed"", ""weight"": 0.15}, {""code"": ""maintenance_due_within_horizon"", ""detail"": ""23 days to next service"", ""weight"": 0.15}, {""code"": ""no_active_warranty"", ""detail"": ""no warranty currently covers this asset"", ""weight"": 0.05}, {""code"": ""score"", ""detail"": ""baseline_rules v1.0.0, horizon 30 days"", ""weight"": 0.350}]",,,2020-04-21 00:00:00+00,2026-09-21 12:36:10.142818+00,60694a33-64df-4703-bb1f-20bc3948e683,60694a33-64df-4703-bb1f-20bc3948e683
3f9432fa-7e81-4556-9d2c-124f5477fa22,d0e25360-20be-40a4-b4d4-f150206a2e30,0807df48-ba0b-4ac3-ba93-906a9ddd9acb,8703fd82-ea7e-461c-bacc-18cd5a7c3d3b,AST-FAC-AC-00161,FACAC-136488,Sharp,Split 12K,"{""btu"": 18000, ""type"": ""split""}",good,active,2022-11-27,21000.00,2026-11-30 12:36:10.142818+00,low,"[{""code"": ""no_active_warranty"", ""detail"": ""no warranty currently covers this asset"", ""weight"": 0.05}, {""code"": ""score"", ""detail"": ""baseline_rules v1.0.0, horizon 30 days"", ""weight"": 0.050}]",,,2022-12-04 00:00:00+00,2026-09-21 12:36:10.142818+00,60694a33-64df-4703-bb1f-20bc3948e683,60694a33-64df-4703-bb1f-20bc3948e683
2e348b1b-ebc3-45cc-9e4c-b6e68da6846f,ff750985-39b3-490c-ae1d-fc28825b511f,bf145be9-a3ed-43c6-8b63-9ac65a15909b,1c4df881-cca6-49a3-9b2e-6a87a781ef63,AST-FAC-UPS-00378,FACUPS-781949,PowerGuard,PG-2000VA,"{""va"": 1000, ""battery_type"": ""SLA""}",new,active,2020-02-03,7400.00,2026-10-27 12:36:10.142818+00,medium,"[{""code"": ""age_near_or_past_useful_life"", ""detail"": ""133% of expected life consumed"", ""weight"": 0.30}, {""code"": ""no_active_warranty"", ""detail"": ""no warranty currently covers this asset"", ""weight"": 0.05}, {""code"": ""score"", ""detail"": ""baseline_rules v1.0.0, horizon 30 days"", ""weight"": 0.350}]",,,2020-02-10 00:00:00+00,2026-09-21 12:36:10.142818+00,60694a33-64df-4703-bb1f-20bc3948e683,60694a33-64df-4703-bb1f-20bc3948e683
5f8c097d-479b-4729-8172-b86640868e2e,ff750985-39b3-490c-ae1d-fc28825b511f,faabc42b-93b2-4e8b-9e4d-2abd46f82d9c,176f3f16-3ab1-409e-8c10-9631bea0edcc,AST-FAC-UPS-00282,FACUPS-822364,PowerGuard,PG-1500VA,"{""va"": 1000, ""battery_type"": ""SLA""}",new,active,2025-04-29,7400.00,2026-11-20 00:00:00+00,low,"[{""code"": ""score"", ""detail"": ""baseline_rules v1.0.0, horizon 30 days"", ""weight"": 0.000}]",,,2025-05-06 00:00:00+00,2026-09-21 12:36:10.142818+00,60694a33-64df-4703-bb1f-20bc3948e683,60694a33-64df-4703-bb1f-20bc3948e683
d6609890-892c-403a-8f4a-12d47e59305d,ff750985-39b3-490c-ae1d-fc28825b511f,b430dfa5-4f26-4ce2-bba1-b6ed3b2eefd4,1c4df881-cca6-49a3-9b2e-6a87a781ef63,AST-FAC-UPS-00234,FACUPS-460560,PowerGuard,PG-2500VA,"{""va"": 1000, ""battery_type"": ""SLA""}",good,active,2024-09-28,7400.00,2026-10-18 00:00:00+00,low,"[{""code"": ""maintenance_due_within_horizon"", ""detail"": ""26 days to next service"", ""weight"": 0.15}, {""code"": ""score"", ""detail"": ""baseline_rules v1.0.0, horizon 30 days"", ""weight"": 0.150}]",,,2024-10-05 00:00:00+00,2026-09-21 12:36:10.142818+00,60694a33-64df-4703-bb1f-20bc3948e683,60694a33-64df-4703-bb1f-20bc3948e683
633bf4fc-958e-469f-be48-c49a8c2cd116,ff750985-39b3-490c-ae1d-fc28825b511f,b685a49b-8c4c-437f-9738-80d6a2ab8af5,8703fd82-ea7e-461c-bacc-18cd5a7c3d3b,AST-FAC-UPS-00066,FACUPS-585326,PowerGuard,PG-1000VA,"{""va"": 1500, ""battery_type"": ""SLA""}",good,active,2021-09-11,11200.00,2027-03-14 12:36:10.142818+00,medium,"[{""code"": ""age_near_or_past_useful_life"", ""detail"": ""101% of expected life consumed"", ""weight"": 0.30}, {""code"": ""no_active_warranty"", ""detail"": ""no warranty currently covers this asset"", ""weight"": 0.05}, {""code"": ""score"", ""detail"": ""baseline_rules v1.0.0, horizon 30 days"", ""weight"": 0.350}]",,,2021-09-18 00:00:00+00,2026-09-21 12:36:10.142818+00,60694a33-64df-4703-bb1f-20bc3948e683,60694a33-64df-4703-bb1f-20bc3948e683
b2c3d66b-cd4d-4d43-a9c5-dc6d5d8ffcb0,dcef2060-f580-4ab7-a9eb-745c55d8e893,7d91cdbd-8e9f-4416-aff0-b59104bd3dee,750c04a5-63c4-42c6-a7c4-b3aa1de4eebf,AST-IT-PRINTER-00283,ITPRINTER-306059,HP,LaserJet M403,{},poor,active,2024-12-13,9200.00,2026-05-07 00:00:00+00,high,"[{""code"": ""maintenance_overdue"", ""detail"": ""138 days overdue"", ""weight"": 0.30}, {""code"": ""condition_poor"", ""detail"": ""condition reported as poor"", ""weight"": 0.15}, {""code"": ""score"", ""detail"": ""baseline_rules v1.0.0, horizon 30 days"", ""weight"": 0.450}]",,,2024-12-20 00:00:00+00,2026-09-21 12:36:10.142818+00,60694a33-64df-4703-bb1f-20bc3948e683,60694a33-64df-4703-bb1f-20bc3948e683
9f10b9a6-6866-4168-868e-891c259876a7,dcef2060-f580-4ab7-a9eb-745c55d8e893,477a6a8f-fc3e-46c4-9661-b8e18aa51458,8703fd82-ea7e-461c-bacc-18cd5a7c3d3b,AST-IT-PRINTER-00235,ITPRINTER-437930,Brother,LaserJet M415,{},fair,active,2024-03-17,10900.00,2026-04-06 00:00:00+00,medium,"[{""code"": ""maintenance_overdue"", ""detail"": ""169 days overdue"", ""weight"": 0.30}, {""code"": ""no_active_warranty"", ""detail"": ""no warranty currently covers this asset"", ""weight"": 0.05}, {""code"": ""score"", ""detail"": ""baseline_rules v1.0.0, horizon 30 days"", ""weight"": 0.350}]",,,2024-03-24 00:00:00+00,2026-09-21 12:36:10.142818+00,60694a33-64df-4703-bb1f-20bc3948e683,60694a33-64df-4703-bb1f-20bc3948e683
88eda7bd-e742-460d-8b55-e98dd5b359e4,dcef2060-f580-4ab7-a9eb-745c55d8e893,a794d2a5-d422-4ca5-97b2-a4c30210ff52,176f3f16-3ab1-409e-8c10-9631bea0edcc,AST-IT-PRINTER-00211,ITPRINTER-582719,Brother,LaserJet M413,{},fair,active,2024-03-25,9200.00,2026-12-10 00:00:00+00,low,"[{""code"": ""no_active_warranty"", ""detail"": ""no warranty currently covers this asset"", ""weight"": 0.05}, {""code"": ""score"", ""detail"": ""baseline_rules v1.0.0, horizon 30 days"", ""weight"": 0.050}]",,,2024-04-01 00:00:00+00,2026-09-21 12:36:10.142818+00,60694a33-64df-4703-bb1f-20bc3948e683,60694a33-64df-4703-bb1f-20bc3948e683
f1454554-d325-4d7d-991d-befe1b8f2ea7,dcef2060-f580-4ab7-a9eb-745c55d8e893,0807df48-ba0b-4ac3-ba93-906a9ddd9acb,8703fd82-ea7e-461c-bacc-18cd5a7c3d3b,AST-IT-PRINTER-00115,ITPRINTER-229366,Canon,LaserJet M404,{},good,active,2025-08-06,9200.00,2026-12-29 00:00:00+00,low,"[{""code"": ""score"", ""detail"": ""baseline_rules v1.0.0, horizon 30 days"", ""weight"": 0.000}]",,,2025-08-13 00:00:00+00,2026-09-21 12:36:10.142818+00,60694a33-64df-4703-bb1f-20bc3948e683,60694a33-64df-4703-bb1f-20bc3948e683
59a67054-892a-476c-93d1-41fc04fbb793,f4f70d56-e321-4804-9b2d-7bd5ea0e9255,75741c19-7bc5-4f13-8bcd-5543dbab11a6,05d038a0-b4a2-40fb-9ac6-eecfcf9cda47,AST-LAB-OSC-00022,LABOSC-690497,LabLine,OSC-108,"{""channels"": 2, ""bandwidth_mhz"": 200}",poor,active,2023-08-29,81000.00,2026-12-14 12:36:10.142818+00,medium,"[{""code"": ""high_downtime"", ""detail"": ""17 hours of downtime in 12 months"", ""weight"": 0.10}, {""code"": ""condition_poor"", ""detail"": ""condition reported as poor"", ""weight"": 0.15}, {""code"": ""no_active_warranty"", ""detail"": ""no warranty currently covers this asset"", ""weight"": 0.05}, {""code"": ""score"", ""detail"": ""baseline_rules v1.0.0, horizon 30 days"", ""weight"": 0.300}]",,,2023-09-05 00:00:00+00,2026-09-21 12:36:10.142818+00,60694a33-64df-4703-bb1f-20bc3948e683,60694a33-64df-4703-bb1f-20bc3948e683
