id,asset_id,actor_user_id,event_type,from_location_id,to_location_id,from_custodian_user_id,to_custodian_user_id,event_data,occurred_at
624b5217-ada2-4540-94df-f27085ff8baa,31cb68c4-04b9-459f-a319-f54f64093777,60694a33-64df-4703-bb1f-20bc3948e683,created,,226f67de-eecb-4041-b2fd-00c436b1b82f,,1c4df881-cca6-49a3-9b2e-6a87a781ef63,"{""source"": ""initial registration"", ""asset_tag"": ""AST-IT-PC-00408""}",2023-12-11 00:00:00+00
73e60d63-d981-4f74-8e7a-cad11497e03f,7db9993a-c311-4055-9ee8-5ed5c9175837,60694a33-64df-4703-bb1f-20bc3948e683,imported,,0ea1b587-0390-4fcf-a4cd-e82e2caef624,,8703fd82-ea7e-461c-bacc-18cd5a7c3d3b,"{""source"": ""initial registration"", ""asset_tag"": ""AST-IT-PC-00384""}",2024-12-01 00:00:00+00
84614462-f77c-4d7e-80d5-3872cab17eb3,f21f1a4e-f67b-4afc-831b-02970ae18b92,60694a33-64df-4703-bb1f-20bc3948e683,imported,,8090e173-233a-4c47-9778-d4fe6f272e43,,6ff17eb7-5c04-40ff-83f8-043b4cb1c45c,"{""source"": ""initial registration"", ""asset_tag"": ""AST-IT-PC-00360""}",2026-03-10 00:00:00+00
ca354542-f40f-4017-b77d-7ee56b74ba13,e5f03288-56b5-4e41-aeae-32ac9ca686ed,60694a33-64df-4703-bb1f-20bc3948e683,imported,,418ec156-f12e-4b21-8e3c-9546e326d2f3,,1c4df881-cca6-49a3-9b2e-6a87a781ef63,"{""source"": ""initial registration"", ""asset_tag"": ""AST-IT-PC-00336""}",2023-09-19 00:00:00+00
84b84cf6-f1c1-4f77-8968-04789aa32a3b,aecdd574-5cba-40f2-9e7e-6d54fb7c510c,60694a33-64df-4703-bb1f-20bc3948e683,created,,ed0c4695-23ba-41bb-bb52-4fc110fc0fde,,1c4df881-cca6-49a3-9b2e-6a87a781ef63,"{""source"": ""initial registration"", ""asset_tag"": ""AST-IT-PC-00312""}",2023-12-17 00:00:00+00
e474998c-4a76-4cfa-86de-b035835fc1bc,a3ebae3a-8830-4d9f-bb39-31f1ff5256b6,60694a33-64df-4703-bb1f-20bc3948e683,imported,,b685a49b-8c4c-437f-9738-80d6a2ab8af5,,8703fd82-ea7e-461c-bacc-18cd5a7c3d3b,"{""source"": ""initial registration"", ""asset_tag"": ""AST-IT-PC-00288""}",2021-02-18 00:00:00+00
38c6fc51-58e6-4c66-b482-80aff73d9a7d,767d8649-57ab-4a11-82c7-39d328b1e970,60694a33-64df-4703-bb1f-20bc3948e683,imported,,ab9714cb-122f-4204-a820-6d7257a3057c,,6ff17eb7-5c04-40ff-83f8-043b4cb1c45c,"{""source"": ""initial registration"", ""asset_tag"": ""AST-IT-PC-00264""}",2025-08-22 00:00:00+00
aa34e832-3d43-4ca1-9482-d713e726794c,0f96dd5e-bc40-479b-a4a8-935f141761fe,60694a33-64df-4703-bb1f-20bc3948e683,imported,,226f67de-eecb-4041-b2fd-00c436b1b82f,,1c4df881-cca6-49a3-9b2e-6a87a781ef63,"{""source"": ""initial registration"", ""asset_tag"": ""AST-IT-PC-00240""}",2020-12-21 00:00:00+00
e3748cfe-fe9c-4b1c-8e25-55469db46238,902ff40c-5768-4b41-9986-00b4bd120b9e,60694a33-64df-4703-bb1f-20bc3948e683,imported,,0ea1b587-0390-4fcf-a4cd-e82e2caef624,,8703fd82-ea7e-461c-bacc-18cd5a7c3d3b,"{""source"": ""initial registration"", ""asset_tag"": ""AST-IT-PC-00216""}",2019-10-19 00:00:00+00
0c407409-a342-4e96-9634-2b5426ccc968,be876a33-d7c0-4e02-8380-c51b35ca0220,60694a33-64df-4703-bb1f-20bc3948e683,created,,8090e173-233a-4c47-9778-d4fe6f272e43,,6ff17eb7-5c04-40ff-83f8-043b4cb1c45c,"{""source"": ""initial registration"", ""asset_tag"": ""AST-IT-PC-00192""}",2022-02-26 00:00:00+00
64a7cd8b-480a-4889-a554-fa740de21fd1,664b8874-680a-4a42-bcca-60369d3b4d1d,60694a33-64df-4703-bb1f-20bc3948e683,imported,,418ec156-f12e-4b21-8e3c-9546e326d2f3,,1c4df881-cca6-49a3-9b2e-6a87a781ef63,"{""source"": ""initial registration"", ""asset_tag"": ""AST-IT-PC-00168""}",2026-02-21 00:00:00+00
5b4cc87e-4119-49a2-bd76-20396aeda751,e831ff11-fd59-4d48-b375-c4e0f4c5617a,60694a33-64df-4703-bb1f-20bc3948e683,imported,,ed0c4695-23ba-41bb-bb52-4fc110fc0fde,,1c4df881-cca6-49a3-9b2e-6a87a781ef63,"{""source"": ""initial registration"", ""asset_tag"": ""AST-IT-PC-00144""}",2025-10-09 00:00:00+00
0ff3bdc0-d61c-4011-829e-365171926e78,09691387-05cc-4ad0-ac05-f45203433926,60694a33-64df-4703-bb1f-20bc3948e683,imported,,b685a49b-8c4c-437f-9738-80d6a2ab8af5,,8703fd82-ea7e-461c-bacc-18cd5a7c3d3b,"{""source"": ""initial registration"", ""asset_tag"": ""AST-IT-PC-00120""}",2022-01-30 00:00:00+00
232d79a1-efac-4c6a-8664-74b16bb13f45,e202e999-36c0-49e9-b8c4-b6bc1f7e4ec0,60694a33-64df-4703-bb1f-20bc3948e683,imported,,ab9714cb-122f-4204-a820-6d7257a3057c,,6ff17eb7-5c04-40ff-83f8-043b4cb1c45c,"{""source"": ""initial registration"", ""asset_tag"": ""AST-IT-PC-00096""}",2020-08-30 00:00:00+00
b047c348-fd86-4253-9210-3552c3febf47,7373faf9-f1ab-4151-8d65-0131be6b082b,60694a33-64df-4703-bb1f-20bc3948e683,imported,,226f67de-eecb-4041-b2fd-00c436b1b82f,,1c4df881-cca6-49a3-9b2e-6a87a781ef63,"{""source"": ""initial registration"", ""asset_tag"": ""AST-IT-PC-00072""}",2025-11-28 00:00:00+00
88951991-4f15-4980-a016-ea58c203eefb,561b6196-43a5-4372-8f1d-d4a03781a5a2,60694a33-64df-4703-bb1f-20bc3948e683,imported,,0ea1b587-0390-4fcf-a4cd-e82e2caef624,,8703fd82-ea7e-461c-bacc-18cd5a7c3d3b,"{""source"": ""initial registration"", ""asset_tag"": ""AST-IT-PC-00048""}",2020-06-29 00:00:00+00
420c28f4-3930-439b-98e3-623188550bfb,046e7a1f-65e3-4413-a967-02db1733f3c9,60694a33-64df-4703-bb1f-20bc3948e683,created,,8090e173-233a-4c47-9778-d4fe6f272e43,,6ff17eb7-5c04-40ff-83f8-043b4cb1c45c,"{""source"": ""initial registration"", ""asset_tag"": ""AST-IT-PC-00024""}",2020-06-08 00:00:00+00
c0c6f71c-bb08-4a64-8950-007407d2d729,8d80a20f-fff3-4b6e-b62c-e0e4380099f0,60694a33-64df-4703-bb1f-20bc3948e683,imported,,75741c19-7bc5-4f13-8bcd-5543dbab11a6,,05d038a0-b4a2-40fb-9ac6-eecfcf9cda47,"{""source"": ""initial registration"", ""asset_tag"": ""AST-IT-PC-00409""}",2023-11-18 00:00:00+00
8250f1ad-0ad9-46b1-ba34-47a32cdb6cbd,eb7f1eea-5650-44c2-8ffa-c20c9becfef2,60694a33-64df-4703-bb1f-20bc3948e683,created,,d640dd11-70ae-4fdc-af12-97b61c1003e1,,176f3f16-3ab1-409e-8c10-9631bea0edcc,"{""source"": ""initial registration"", ""asset_tag"": ""AST-IT-PC-00385""}",2025-04-24 00:00:00+00
fe1a4967-f34f-403b-9c07-24f7a575e549,4c087f81-dfb3-4e3c-9ba1-8c19d03d83fa,60694a33-64df-4703-bb1f-20bc3948e683,created,,931086a7-6352-430d-894b-6363e4ac4388,,750c04a5-63c4-42c6-a7c4-b3aa1de4eebf,"{""source"": ""initial registration"", ""asset_tag"": ""AST-IT-PC-00361""}",2020-03-11 00:00:00+00
eb25500e-7013-4ebb-88a7-8faf5225a12d,44d5410e-1a30-4e0c-b328-29cc18a1a9b4,60694a33-64df-4703-bb1f-20bc3948e683,imported,,824bea60-5daa-4553-8a8a-d2d710545d90,,05d038a0-b4a2-40fb-9ac6-eecfcf9cda47,"{""source"": ""initial registration"", ""asset_tag"": ""AST-IT-PC-00337""}",2021-10-11 00:00:00+00
343e66a9-87e1-411c-84df-7c088a2842a2,c65f7887-6a1a-4831-9988-958b9904ccb5,60694a33-64df-4703-bb1f-20bc3948e683,imported,,faabc42b-93b2-4e8b-9e4d-2abd46f82d9c,,176f3f16-3ab1-409e-8c10-9631bea0edcc,"{""source"": ""initial registration"", ""asset_tag"": ""AST-IT-PC-00313""}",2021-06-14 00:00:00+00
5f445f13-8a18-4238-a1a1-d8ec61758815,6abcea14-9916-49c8-8c5f-9d530057e78e,60694a33-64df-4703-bb1f-20bc3948e683,created,,fdf5ec3c-73f4-4613-932b-6e5cd1d028e1,,750c04a5-63c4-42c6-a7c4-b3aa1de4eebf,"{""source"": ""initial registration"", ""asset_tag"": ""AST-IT-PC-00289""}",2023-11-09 00:00:00+00
0490295e-464f-4efd-b8a1-4588944e348c,8f165b3a-d1cc-4a8e-817d-8e846fdaad52,60694a33-64df-4703-bb1f-20bc3948e683,imported,,6be6af1f-cc41-4d06-a82f-74acaf9fff13,,05d038a0-b4a2-40fb-9ac6-eecfcf9cda47,"{""source"": ""initial registration"", ""asset_tag"": ""AST-IT-PC-00265""}",2025-01-31 00:00:00+00
3c091612-de3b-41a0-8405-6bd84a549b92,2d1c76b0-0687-4ae5-89f0-c1602947204e,60694a33-64df-4703-bb1f-20bc3948e683,imported,,75741c19-7bc5-4f13-8bcd-5543dbab11a6,,05d038a0-b4a2-40fb-9ac6-eecfcf9cda47,"{""source"": ""initial registration"", ""asset_tag"": ""AST-IT-PC-00241""}",2021-05-03 00:00:00+00
6014af65-1bcd-435f-8d99-323ced63b992,3bccdcad-d3c7-4a4e-bf83-b90afbc63449,60694a33-64df-4703-bb1f-20bc3948e683,imported,,d640dd11-70ae-4fdc-af12-97b61c1003e1,,176f3f16-3ab1-409e-8c10-9631bea0edcc,"{""source"": ""initial registration"", ""asset_tag"": ""AST-IT-PC-00217""}",2020-12-16 00:00:00+00
1366a88b-6970-4acf-9fb2-ad06da4b6b5c,71f54917-6557-42c9-9b86-23fbed57dd77,60694a33-64df-4703-bb1f-20bc3948e683,created,,931086a7-6352-430d-894b-6363e4ac4388,,750c04a5-63c4-42c6-a7c4-b3aa1de4eebf,"{""source"": ""initial registration"", ""asset_tag"": ""AST-IT-PC-00193""}",2023-09-09 00:00:00+00
6f258dd4-3d6f-475f-a3a5-03ef5a8b4e54,7e1a72c9-0412-4452-8066-422c8804ca1e,60694a33-64df-4703-bb1f-20bc3948e683,created,,824bea60-5daa-4553-8a8a-d2d710545d90,,05d038a0-b4a2-40fb-9ac6-eecfcf9cda47,"{""source"": ""initial registration"", ""asset_tag"": ""AST-IT-PC-00169""}",2022-07-13 00:00:00+00
bc7389ac-fff7-42de-a68f-b4d7c25508ae,0f4c7a75-2d96-4616-b8bc-9f44e09bbaed,60694a33-64df-4703-bb1f-20bc3948e683,imported,,faabc42b-93b2-4e8b-9e4d-2abd46f82d9c,,176f3f16-3ab1-409e-8c10-9631bea0edcc,"{""source"": ""initial registration"", ""asset_tag"": ""AST-IT-PC-00145""}",2019-11-02 00:00:00+00
1c08a385-78a4-4d60-bcf3-c45c8ddc5f0a,4320081c-3fba-4448-ba6f-8203202b5727,60694a33-64df-4703-bb1f-20bc3948e683,imported,,fdf5ec3c-73f4-4613-932b-6e5cd1d028e1,,750c04a5-63c4-42c6-a7c4-b3aa1de4eebf,"{""source"": ""initial registration"", ""asset_tag"": ""AST-IT-PC-00121""}",2024-04-24 00:00:00+00
f4adf17c-6aa3-4515-a1c7-058f11658181,b101094c-418f-4377-a230-d1b6020a074b,60694a33-64df-4703-bb1f-20bc3948e683,imported,,6be6af1f-cc41-4d06-a82f-74acaf9fff13,,05d038a0-b4a2-40fb-9ac6-eecfcf9cda47,"{""source"": ""initial registration"", ""asset_tag"": ""AST-IT-PC-00097""}",2022-10-18 00:00:00+00
c1b0250b-b0aa-496f-ac79-3a428f1cc5df,a1a32904-9882-4681-98af-9806952232f2,60694a33-64df-4703-bb1f-20bc3948e683,imported,,75741c19-7bc5-4f13-8bcd-5543dbab11a6,,05d038a0-b4a2-40fb-9ac6-eecfcf9cda47,"{""source"": ""initial registration"", ""asset_tag"": ""AST-IT-PC-00073""}",2021-04-06 00:00:00+00
7cd08ddd-ed19-479b-b51e-4f560a13366c,eeb669d0-65f9-44b2-adbb-070e72c28d31,60694a33-64df-4703-bb1f-20bc3948e683,created,,d640dd11-70ae-4fdc-af12-97b61c1003e1,,176f3f16-3ab1-409e-8c10-9631bea0edcc,"{""source"": ""initial registration"", ""asset_tag"": ""AST-IT-PC-00049""}",2021-03-21 00:00:00+00
d5ee91e4-df4b-4184-a04b-39eaabf99166,a084f3fb-5e03-4411-8766-3b435a234963,60694a33-64df-4703-bb1f-20bc3948e683,created,,931086a7-6352-430d-894b-6363e4ac4388,,750c04a5-63c4-42c6-a7c4-b3aa1de4eebf,"{""source"": ""initial registration"", ""asset_tag"": ""AST-IT-PC-00025""}",2024-08-26 00:00:00+00
60a6efea-5417-4791-a1af-41cace967ff2,30b21e6c-c1ff-4fa4-896a-27f455d33743,60694a33-64df-4703-bb1f-20bc3948e683,created,,824bea60-5daa-4553-8a8a-d2d710545d90,,05d038a0-b4a2-40fb-9ac6-eecfcf9cda47,"{""source"": ""initial registration"", ""asset_tag"": ""AST-IT-PC-00001""}",2020-05-26 00:00:00+00
4d4b321b-a719-4398-a639-afe2334a2c08,f119e457-5bd6-454a-8571-954ae1dabebe,60694a33-64df-4703-bb1f-20bc3948e683,imported,,df3d8ea3-3aa6-4212-a736-6a16b4ecb804,,8703fd82-ea7e-461c-bacc-18cd5a7c3d3b,"{""source"": ""initial registration"", ""asset_tag"": ""AST-IT-PC-00410""}",2023-03-04 00:00:00+00
e8e385a1-4fc9-4a3d-a3f4-29406e436243,662ca9de-7142-4aa3-a70f-9dd08da5988e,60694a33-64df-4703-bb1f-20bc3948e683,created,,32c3a1d1-37ba-4b9c-9c41-80de762168b5,,6ff17eb7-5c04-40ff-83f8-043b4cb1c45c,"{""source"": ""initial registration"", ""asset_tag"": ""AST-IT-PC-00386""}",2025-11-30 00:00:00+00
25bcaab3-9503-47a8-bc33-a6ddf10680a3,20efad78-2835-4974-9408-2a257bb2d775,60694a33-64df-4703-bb1f-20bc3948e683,imported,,01ff8df6-208a-40fd-bc27-a79a4733d467,,1c4df881-cca6-49a3-9b2e-6a87a781ef63,"{""source"": ""initial registration"", ""asset_tag"": ""AST-IT-PC-00362""}",2022-09-22 00:00:00+00
2426fdc4-af79-4706-81a5-600f90a929bb,9bacb1c9-e19c-438c-8fd6-ee6cbc6ff974,60694a33-64df-4703-bb1f-20bc3948e683,created,,a6ec99b6-0c5e-460f-9bcc-b385a07737c1,,8703fd82-ea7e-461c-bacc-18cd5a7c3d3b,"{""source"": ""initial registration"", ""asset_tag"": ""AST-IT-PC-00338""}",2023-02-07 00:00:00+00
9b69367b-0543-4b7c-8745-8bdbe1aaae7a,8218ff11-2182-44fe-97fb-972bf96abc6a,60694a33-64df-4703-bb1f-20bc3948e683,imported,,85499f3b-df0c-46e7-b412-0e86014d2d23,,8703fd82-ea7e-461c-bacc-18cd5a7c3d3b,"{""source"": ""initial registration"", ""asset_tag"": ""AST-IT-PC-00314""}",2020-05-26 00:00:00+00
47811e10-d774-4fc7-8b7f-f416cecdbdad,d68a19fd-c928-40aa-ab25-abf7a730da4d,60694a33-64df-4703-bb1f-20bc3948e683,created,,aee1dad1-5904-4a33-8893-b1744b8c9818,,6ff17eb7-5c04-40ff-83f8-043b4cb1c45c,"{""source"": ""initial registration"", ""asset_tag"": ""AST-IT-PC-00290""}",2021-06-06 00:00:00+00
3b94ce3c-b33a-44a9-afca-f0301fc6850a,a98f5bd9-7dda-4b45-9c3b-6e19a7e9727f,60694a33-64df-4703-bb1f-20bc3948e683,imported,,8f91eff9-f399-4920-bb43-f748de8dba53,,1c4df881-cca6-49a3-9b2e-6a87a781ef63,"{""source"": ""initial registration"", ""asset_tag"": ""AST-IT-PC-00266""}",2026-03-15 00:00:00+00
b260d9de-c91d-49ab-9f14-3dbf57169a69,e7d405e4-db4a-468d-8264-5e58464095a6,60694a33-64df-4703-bb1f-20bc3948e683,imported,,df3d8ea3-3aa6-4212-a736-6a16b4ecb804,,8703fd82-ea7e-461c-bacc-18cd5a7c3d3b,"{""source"": ""initial registration"", ""asset_tag"": ""AST-IT-PC-00242""}",2025-03-01 00:00:00+00
4289aff6-30eb-429d-89a4-1800d54e76eb,2d5bc2c7-dc50-40fc-913c-4556668916c1,60694a33-64df-4703-bb1f-20bc3948e683,imported,,32c3a1d1-37ba-4b9c-9c41-80de762168b5,,6ff17eb7-5c04-40ff-83f8-043b4cb1c45c,"{""source"": ""initial registration"", ""asset_tag"": ""AST-IT-PC-00218""}",2024-07-11 00:00:00+00
0f335069-7ac3-44d8-ac12-76f7616c11a6,5cfc3af1-69c9-4cbc-b8a2-d02787ae490c,60694a33-64df-4703-bb1f-20bc3948e683,imported,,01ff8df6-208a-40fd-bc27-a79a4733d467,,1c4df881-cca6-49a3-9b2e-6a87a781ef63,"{""source"": ""initial registration"", ""asset_tag"": ""AST-IT-PC-00194""}",2022-10-18 00:00:00+00
c1279e12-a4a3-422b-80bb-c1498431007f,2a95c80e-f99c-46f6-aefc-13b07447e4f2,60694a33-64df-4703-bb1f-20bc3948e683,created,,a6ec99b6-0c5e-460f-9bcc-b385a07737c1,,8703fd82-ea7e-461c-bacc-18cd5a7c3d3b,"{""source"": ""initial registration"", ""asset_tag"": ""AST-IT-PC-00170""}",2023-07-22 00:00:00+00
87eb7351-e057-4b7b-9b3a-2f23dbebf187,0a7c5b3a-78e2-4724-871a-63afc7e4a8c7,60694a33-64df-4703-bb1f-20bc3948e683,created,,85499f3b-df0c-46e7-b412-0e86014d2d23,,8703fd82-ea7e-461c-bacc-18cd5a7c3d3b,"{""source"": ""initial registration"", ""asset_tag"": ""AST-IT-PC-00146""}",2022-05-15 00:00:00+00
703bc719-8118-4587-8dd1-2b294f20999f,b5bb0998-6f28-4de8-9c16-f7b0f89a8fab,60694a33-64df-4703-bb1f-20bc3948e683,imported,,aee1dad1-5904-4a33-8893-b1744b8c9818,,6ff17eb7-5c04-40ff-83f8-043b4cb1c45c,"{""source"": ""initial registration"", ""asset_tag"": ""AST-IT-PC-00122""}",2024-01-30 00:00:00+00
70ec1258-283e-4fef-93e6-8194e0e30178,5a891d65-f24d-4ecd-8ec3-bacb20cebf3c,60694a33-64df-4703-bb1f-20bc3948e683,imported,,8f91eff9-f399-4920-bb43-f748de8dba53,,1c4df881-cca6-49a3-9b2e-6a87a781ef63,"{""source"": ""initial registration"", ""asset_tag"": ""AST-IT-PC-00098""}",2021-08-06 00:00:00+00
1abbcfe0-e93b-488f-8023-60dac4265130,705c5a2b-c805-4e10-a24e-21003aea575a,60694a33-64df-4703-bb1f-20bc3948e683,imported,,df3d8ea3-3aa6-4212-a736-6a16b4ecb804,,8703fd82-ea7e-461c-bacc-18cd5a7c3d3b,"{""source"": ""initial registration"", ""asset_tag"": ""AST-IT-PC-00074""}",2020-01-08 00:00:00+00
a1c88481-09f1-4409-a4a4-531e70ec7506,758966bb-b2e9-424e-ab0b-e43c40d38a27,60694a33-64df-4703-bb1f-20bc3948e683,imported,,32c3a1d1-37ba-4b9c-9c41-80de762168b5,,6ff17eb7-5c04-40ff-83f8-043b4cb1c45c,"{""source"": ""initial registration"", ""asset_tag"": ""AST-IT-PC-00050""}",2024-09-13 00:00:00+00
fc1d0b1f-418c-47b0-9fde-bcdafdeb6b4c,4f23bdf5-5666-4522-8c7b-e7d426485139,60694a33-64df-4703-bb1f-20bc3948e683,imported,,01ff8df6-208a-40fd-bc27-a79a4733d467,,1c4df881-cca6-49a3-9b2e-6a87a781ef63,"{""source"": ""initial registration"", ""asset_tag"": ""AST-IT-PC-00026""}",2023-10-02 00:00:00+00
1b53540a-0d03-48c4-8735-bca73eb02d74,28779917-20e7-4f6a-95be-2d2ba4e8ca04,60694a33-64df-4703-bb1f-20bc3948e683,created,,a6ec99b6-0c5e-460f-9bcc-b385a07737c1,,8703fd82-ea7e-461c-bacc-18cd5a7c3d3b,"{""source"": ""initial registration"", ""asset_tag"": ""AST-IT-PC-00002""}",2021-01-14 00:00:00+00
0bdbc5b8-a243-4eca-ba50-00d91b10bb08,6ee3f64c-dbc6-43bd-9038-4e46f80f61e7,60694a33-64df-4703-bb1f-20bc3948e683,imported,,af21c725-bf6f-4560-aa7b-6019030410ea,,750c04a5-63c4-42c6-a7c4-b3aa1de4eebf,"{""source"": ""initial registration"", ""asset_tag"": ""AST-IT-PC-00411""}",2023-08-09 00:00:00+00
9e656b21-c257-4435-b11f-618e760719ed,05ed6964-c513-46be-acb0-31ad366bf96f,60694a33-64df-4703-bb1f-20bc3948e683,imported,,5bac9e47-d100-44c8-b570-0db31ea21fad,,05d038a0-b4a2-40fb-9ac6-eecfcf9cda47,"{""source"": ""initial registration"", ""asset_tag"": ""AST-IT-PC-00387""}",2022-03-08 00:00:00+00
7bea9ca1-6332-44b1-90ef-a9c4378a395d,b37a6175-04d5-462d-8b1b-a4b431b06968,60694a33-64df-4703-bb1f-20bc3948e683,created,,3288eed1-6ae3-45da-acb7-12c603a5bfed,,05d038a0-b4a2-40fb-9ac6-eecfcf9cda47,"{""source"": ""initial registration"", ""asset_tag"": ""AST-IT-PC-00363""}",2022-06-07 00:00:00+00
70723d11-b800-4b6f-938b-b3f8a03a30c7,208e425b-b6b6-4230-ae64-59cb64d5691e,60694a33-64df-4703-bb1f-20bc3948e683,imported,,2d3df51d-7064-4e69-9149-61bba0212bb9,,176f3f16-3ab1-409e-8c10-9631bea0edcc,"{""source"": ""initial registration"", ""asset_tag"": ""AST-IT-PC-00339""}",2024-02-22 00:00:00+00
ad86e83b-d532-4659-8cfc-de8db8021c99,0904bb12-7ee3-42c6-a227-ea8e25578af1,60694a33-64df-4703-bb1f-20bc3948e683,imported,,b82c31fb-e089-421b-a0d9-9c5e117bb57f,,750c04a5-63c4-42c6-a7c4-b3aa1de4eebf,"{""source"": ""initial registration"", ""asset_tag"": ""AST-IT-PC-00315""}",2024-05-29 00:00:00+00
0111d4de-ae1a-4dee-befc-22eacca2dbbe,b24849d9-bc6f-4bae-868b-f55f389756b7,60694a33-64df-4703-bb1f-20bc3948e683,created,,87c202bd-5d44-4042-accc-214381d58ab5,,05d038a0-b4a2-40fb-9ac6-eecfcf9cda47,"{""source"": ""initial registration"", ""asset_tag"": ""AST-IT-PC-00291""}",2023-12-28 00:00:00+00
99990b28-7d74-4f2d-a539-c14bdb30b6f3,2789c348-fa0b-4242-8789-eb9d461f7c3b,60694a33-64df-4703-bb1f-20bc3948e683,imported,,73fdb59c-ac31-400e-bf53-3b4e19b20c10,,176f3f16-3ab1-409e-8c10-9631bea0edcc,"{""source"": ""initial registration"", ""asset_tag"": ""AST-IT-PC-00267""}",2024-05-05 00:00:00+00
21bf5e31-1da8-4386-a68c-03a878c0d3dc,f673a17d-c8b6-428b-8939-69282c6e5d8c,60694a33-64df-4703-bb1f-20bc3948e683,imported,,af21c725-bf6f-4560-aa7b-6019030410ea,,750c04a5-63c4-42c6-a7c4-b3aa1de4eebf,"{""source"": ""initial registration"", ""asset_tag"": ""AST-IT-PC-00243""}",2023-01-20 00:00:00+00
1e55d398-6b98-4bf5-83d6-8a035a54d4b3,dcb7221f-6af8-4e32-b60a-f83b5c6879e5,60694a33-64df-4703-bb1f-20bc3948e683,imported,,5bac9e47-d100-44c8-b570-0db31ea21fad,,05d038a0-b4a2-40fb-9ac6-eecfcf9cda47,"{""source"": ""initial registration"", ""asset_tag"": ""AST-IT-PC-00219""}",2021-02-28 00:00:00+00
ecb3c6ee-1a13-486a-9151-8cf71e6555b5,c5abff57-b36f-45b9-87a2-4217ccab877b,60694a33-64df-4703-bb1f-20bc3948e683,imported,,3288eed1-6ae3-45da-acb7-12c603a5bfed,,05d038a0-b4a2-40fb-9ac6-eecfcf9cda47,"{""source"": ""initial registration"", ""asset_tag"": ""AST-IT-PC-00195""}",2019-10-02 00:00:00+00
68b4167b-2817-4fd4-9022-6095b13284ad,6eb806c5-b66e-4d9e-9af2-dbae5444253e,60694a33-64df-4703-bb1f-20bc3948e683,imported,,2d3df51d-7064-4e69-9149-61bba0212bb9,,176f3f16-3ab1-409e-8c10-9631bea0edcc,"{""source"": ""initial registration"", ""asset_tag"": ""AST-IT-PC-00171""}",2021-09-26 00:00:00+00
9def9a5f-e773-49e1-87ee-05bfdcbe4006,ebe2d980-d775-4914-ae93-41bdbc59b29f,60694a33-64df-4703-bb1f-20bc3948e683,imported,,b82c31fb-e089-421b-a0d9-9c5e117bb57f,,750c04a5-63c4-42c6-a7c4-b3aa1de4eebf,"{""source"": ""initial registration"", ""asset_tag"": ""AST-IT-PC-00147""}",2022-05-06 00:00:00+00
56ef9ade-2bca-4d22-9be0-8f618a36ccc5,bae09e3e-c23c-42af-acc4-9c817f7ae7b4,60694a33-64df-4703-bb1f-20bc3948e683,imported,,87c202bd-5d44-4042-accc-214381d58ab5,,05d038a0-b4a2-40fb-9ac6-eecfcf9cda47,"{""source"": ""initial registration"", ""asset_tag"": ""AST-IT-PC-00123""}",2023-12-12 00:00:00+00
baf04ee3-530e-4779-b662-81c15cd5b2aa,8ab8ac6d-3c1c-4f30-bf7e-ae7188b0849f,60694a33-64df-4703-bb1f-20bc3948e683,created,,73fdb59c-ac31-400e-bf53-3b4e19b20c10,,176f3f16-3ab1-409e-8c10-9631bea0edcc,"{""source"": ""initial registration"", ""asset_tag"": ""AST-IT-PC-00099""}",2020-12-04 00:00:00+00
b76b4898-9e36-4be3-9e6c-2c7def49a559,92ce3f8a-bd0e-4821-b8bc-c63926a5c245,60694a33-64df-4703-bb1f-20bc3948e683,imported,,af21c725-bf6f-4560-aa7b-6019030410ea,,750c04a5-63c4-42c6-a7c4-b3aa1de4eebf,"{""source"": ""initial registration"", ""asset_tag"": ""AST-IT-PC-00075""}",2024-12-18 00:00:00+00
f86996fb-4df1-47a6-8b5f-042a3150e8e0,bb27f753-f37b-4322-b082-d044c2fa2831,60694a33-64df-4703-bb1f-20bc3948e683,imported,,5bac9e47-d100-44c8-b570-0db31ea21fad,,05d038a0-b4a2-40fb-9ac6-eecfcf9cda47,"{""source"": ""initial registration"", ""asset_tag"": ""AST-IT-PC-00051""}",2023-02-27 00:00:00+00
c0f41b33-00c0-40f2-81ae-c598ee3d2c3f,2e7ab091-06ac-45f3-a62a-fccf51ef2adf,60694a33-64df-4703-bb1f-20bc3948e683,created,,3288eed1-6ae3-45da-acb7-12c603a5bfed,,05d038a0-b4a2-40fb-9ac6-eecfcf9cda47,"{""source"": ""initial registration"", ""asset_tag"": ""AST-IT-PC-00027""}",2024-10-26 00:00:00+00
cd798342-14a7-4a5c-b5aa-a8b62e8db616,cf43734a-c8c9-4f6d-8fc1-a40c8df9440c,60694a33-64df-4703-bb1f-20bc3948e683,imported,,2d3df51d-7064-4e69-9149-61bba0212bb9,,176f3f16-3ab1-409e-8c10-9631bea0edcc,"{""source"": ""initial registration"", ""asset_tag"": ""AST-IT-PC-00003""}",2024-12-24 00:00:00+00
ec54fc13-b544-4e41-968e-377b694bc9be,3d90a462-fed8-47bf-a23e-2cdeb2156e0d,60694a33-64df-4703-bb1f-20bc3948e683,imported,,9c9b191e-d225-40f7-8f83-7360ac682d26,,6ff17eb7-5c04-40ff-83f8-043b4cb1c45c,"{""source"": ""initial registration"", ""asset_tag"": ""AST-IT-PC-00412""}",2019-12-26 00:00:00+00
d59bfa60-6676-41ab-a2e3-98e3bd152994,d75e02fd-d967-4233-a08e-d0aa4ac7d55c,60694a33-64df-4703-bb1f-20bc3948e683,imported,,bf145be9-a3ed-43c6-8b63-9ac65a15909b,,1c4df881-cca6-49a3-9b2e-6a87a781ef63,"{""source"": ""initial registration"", ""asset_tag"": ""AST-IT-PC-00388""}",2024-02-02 00:00:00+00
238cc31e-703e-423d-b346-4479715a4948,938cecdf-b574-44e1-a02a-d14cc7a7cca1,60694a33-64df-4703-bb1f-20bc3948e683,imported,,42a0fa0c-5355-4ca9-b2c2-a1b6993ee48b,,8703fd82-ea7e-461c-bacc-18cd5a7c3d3b,"{""source"": ""initial registration"", ""asset_tag"": ""AST-IT-PC-00364""}",2022-07-07 00:00:00+00
103b7795-ee9e-444b-b201-e955c3a9f1fc,00defa2d-8dd8-4c89-a8be-d8d1dcbadf62,60694a33-64df-4703-bb1f-20bc3948e683,created,,ce1019d0-93ab-4aad-a9c1-504e7de174b1,,6ff17eb7-5c04-40ff-83f8-043b4cb1c45c,"{""source"": ""initial registration"", ""asset_tag"": ""AST-IT-PC-00340""}",2020-12-22 00:00:00+00
7c430113-9c09-4543-a76b-c65b9a0fee15,5f802b6a-a3a0-49b6-8f19-9937419476ca,60694a33-64df-4703-bb1f-20bc3948e683,created,,8ce58e75-8b56-44e0-b303-308ab877a282,,1c4df881-cca6-49a3-9b2e-6a87a781ef63,"{""source"": ""initial registration"", ""asset_tag"": ""AST-IT-PC-00316""}",2020-02-25 00:00:00+00
d7feb6a7-6936-4af7-8530-5a79923b5f78,c53a84af-7d6a-4f56-afe7-b028c32f28ea,60694a33-64df-4703-bb1f-20bc3948e683,imported,,477a6a8f-fc3e-46c4-9661-b8e18aa51458,,8703fd82-ea7e-461c-bacc-18cd5a7c3d3b,"{""source"": ""initial registration"", ""asset_tag"": ""AST-IT-PC-00292""}",2021-02-10 00:00:00+00
4996311c-8ab0-4838-af19-8d0075fd2964,467e9c3f-f4d6-4e94-8754-103c91accc9f,60694a33-64df-4703-bb1f-20bc3948e683,imported,,0807df48-ba0b-4ac3-ba93-906a9ddd9acb,,8703fd82-ea7e-461c-bacc-18cd5a7c3d3b,"{""source"": ""initial registration"", ""asset_tag"": ""AST-IT-PC-00268""}",2020-10-20 00:00:00+00
72850559-fd0f-4878-b62b-7166c6d1966d,e77faed2-8148-414a-b43c-1e0519f3e995,60694a33-64df-4703-bb1f-20bc3948e683,created,,9c9b191e-d225-40f7-8f83-7360ac682d26,,6ff17eb7-5c04-40ff-83f8-043b4cb1c45c,"{""source"": ""initial registration"", ""asset_tag"": ""AST-IT-PC-00244""}",2022-04-21 00:00:00+00
2b4cd623-a454-4ce8-aa17-7e504749dd08,9f891e35-0ad6-48e1-a6c9-1e705b762a46,60694a33-64df-4703-bb1f-20bc3948e683,imported,,bf145be9-a3ed-43c6-8b63-9ac65a15909b,,1c4df881-cca6-49a3-9b2e-6a87a781ef63,"{""source"": ""initial registration"", ""asset_tag"": ""AST-IT-PC-00220""}",2021-11-14 00:00:00+00
355e5bb8-2c65-4dae-b42b-ac28a791be2b,9ed52322-f33c-4619-893c-71eda69e8700,60694a33-64df-4703-bb1f-20bc3948e683,imported,,42a0fa0c-5355-4ca9-b2c2-a1b6993ee48b,,8703fd82-ea7e-461c-bacc-18cd5a7c3d3b,"{""source"": ""initial registration"", ""asset_tag"": ""AST-IT-PC-00196""}",2025-12-30 00:00:00+00
82aeeaae-cd5c-4677-96fd-0caea8504d13,3ae86300-9fe1-4552-a316-34c040785fbb,60694a33-64df-4703-bb1f-20bc3948e683,imported,,ce1019d0-93ab-4aad-a9c1-504e7de174b1,,6ff17eb7-5c04-40ff-83f8-043b4cb1c45c,"{""source"": ""initial registration"", ""asset_tag"": ""AST-IT-PC-00172""}",2024-08-04 00:00:00+00
ebf2588b-92c4-44dc-9856-66b1a41d6447,a6f7dee7-6d93-4ca9-b28b-dfbbbfd3e24b,60694a33-64df-4703-bb1f-20bc3948e683,created,,8ce58e75-8b56-44e0-b303-308ab877a282,,1c4df881-cca6-49a3-9b2e-6a87a781ef63,"{""source"": ""initial registration"", ""asset_tag"": ""AST-IT-PC-00148""}",2024-02-03 00:00:00+00
8cea9985-20fd-409d-9255-78de8a4e4e20,7731c589-5c32-4851-92e4-e210de77438b,60694a33-64df-4703-bb1f-20bc3948e683,created,,477a6a8f-fc3e-46c4-9661-b8e18aa51458,,8703fd82-ea7e-461c-bacc-18cd5a7c3d3b,"{""source"": ""initial registration"", ""asset_tag"": ""AST-IT-PC-00124""}",2021-03-02 00:00:00+00
ced01a46-dc27-45d1-baa1-f5a42ab0c630,251bed42-7dd7-48e3-a3f9-dfb761afc8ed,60694a33-64df-4703-bb1f-20bc3948e683,imported,,0807df48-ba0b-4ac3-ba93-906a9ddd9acb,,8703fd82-ea7e-461c-bacc-18cd5a7c3d3b,"{""source"": ""initial registration"", ""asset_tag"": ""AST-IT-PC-00100""}",2021-01-15 00:00:00+00
f74ebdc6-16f9-4ca7-b7e5-21f857b4bdf4,a7c85299-962a-4747-881b-c1a5317dac4f,60694a33-64df-4703-bb1f-20bc3948e683,imported,,9c9b191e-d225-40f7-8f83-7360ac682d26,,6ff17eb7-5c04-40ff-83f8-043b4cb1c45c,"{""source"": ""initial registration"", ""asset_tag"": ""AST-IT-PC-00076""}",2023-05-02 00:00:00+00
5e2e5420-4dbe-427e-a61e-7661571cc1d5,feae09a8-0423-4693-87bd-eef373cf5e66,60694a33-64df-4703-bb1f-20bc3948e683,created,,bf145be9-a3ed-43c6-8b63-9ac65a15909b,,1c4df881-cca6-49a3-9b2e-6a87a781ef63,"{""source"": ""initial registration"", ""asset_tag"": ""AST-IT-PC-00052""}",2021-04-10 00:00:00+00
e0a1ba09-2e65-481b-885e-8182970b8c33,d1e816bd-892d-47e8-950e-be78e217a167,60694a33-64df-4703-bb1f-20bc3948e683,created,,42a0fa0c-5355-4ca9-b2c2-a1b6993ee48b,,8703fd82-ea7e-461c-bacc-18cd5a7c3d3b,"{""source"": ""initial registration"", ""asset_tag"": ""AST-IT-PC-00028""}",2024-03-28 00:00:00+00
560a0858-1689-4b94-bdd8-671cb66c8134,492b34f7-fece-449d-8260-c5a62b7cccc1,60694a33-64df-4703-bb1f-20bc3948e683,imported,,ce1019d0-93ab-4aad-a9c1-504e7de174b1,,6ff17eb7-5c04-40ff-83f8-043b4cb1c45c,"{""source"": ""initial registration"", ""asset_tag"": ""AST-IT-PC-00004""}",2025-07-24 00:00:00+00
1f94638f-8a69-4bc7-b207-1540b3ae8924,bc8a22a4-ebab-4318-a51c-5bb3bfc8c14d,60694a33-64df-4703-bb1f-20bc3948e683,created,,ad7545d1-5dd0-4c6a-9a2b-f8865e75563f,,05d038a0-b4a2-40fb-9ac6-eecfcf9cda47,"{""source"": ""initial registration"", ""asset_tag"": ""AST-IT-PC-00413""}",2025-09-08 00:00:00+00
4a37ff92-b125-4763-ab7d-9ad064b8b243,5b180a2d-fd86-434f-b41f-04e1069b019f,60694a33-64df-4703-bb1f-20bc3948e683,imported,,93723cd6-95df-412a-ae14-7ffbe9982442,,176f3f16-3ab1-409e-8c10-9631bea0edcc,"{""source"": ""initial registration"", ""asset_tag"": ""AST-IT-PC-00389""}",2022-05-24 00:00:00+00
2f23ac96-1f9e-41ab-ade4-974aaca669a0,c1dc41f3-c50b-4af7-8fc3-2ec1a2bf50e6,60694a33-64df-4703-bb1f-20bc3948e683,imported,,a794d2a5-d422-4ca5-97b2-a4c30210ff52,,176f3f16-3ab1-409e-8c10-9631bea0edcc,"{""source"": ""initial registration"", ""asset_tag"": ""AST-IT-PC-00365""}",2024-03-18 00:00:00+00
eb5a19d1-d95c-4142-8839-585721618f7a,acd3f6f5-1018-4ffe-90ad-61ad1b0b9104,60694a33-64df-4703-bb1f-20bc3948e683,created,,02bca8b1-2624-4782-8cf9-81f6abe4f201,,750c04a5-63c4-42c6-a7c4-b3aa1de4eebf,"{""source"": ""initial registration"", ""asset_tag"": ""AST-IT-PC-00341""}",2021-09-26 00:00:00+00
9ee85b3f-f898-4fad-a5a3-e73ea401aba6,ac75cc82-7428-4641-bea9-532ecb63c32c,60694a33-64df-4703-bb1f-20bc3948e683,imported,,5b86b773-2072-4cf6-ac59-aa6ed5c9e277,,05d038a0-b4a2-40fb-9ac6-eecfcf9cda47,"{""source"": ""initial registration"", ""asset_tag"": ""AST-IT-PC-00317""}",2019-09-06 00:00:00+00
923a4344-58ff-42ab-ad51-a37ca42b79a5,5b4809a7-4f15-46fb-b133-afd4a28a73f9,60694a33-64df-4703-bb1f-20bc3948e683,imported,,1396d3ba-cbf5-462b-9ba0-f055e43663f9,,176f3f16-3ab1-409e-8c10-9631bea0edcc,"{""source"": ""initial registration"", ""asset_tag"": ""AST-IT-PC-00293""}",2023-11-12 00:00:00+00
28e098f9-acfd-44dc-bd85-f3f46cb2570f,e3ca20a7-3a04-4b03-b11b-ebd573ac0b16,60694a33-64df-4703-bb1f-20bc3948e683,imported,,ba4b9298-99d3-4aa9-8d04-f4d0d933550d,,750c04a5-63c4-42c6-a7c4-b3aa1de4eebf,"{""source"": ""initial registration"", ""asset_tag"": ""AST-IT-PC-00269""}",2019-10-09 00:00:00+00
f12d8516-402b-4fee-a5f2-53ab0e466da8,9892c8cd-4af3-4919-b0fd-35f0fc590402,60694a33-64df-4703-bb1f-20bc3948e683,imported,,ad7545d1-5dd0-4c6a-9a2b-f8865e75563f,,05d038a0-b4a2-40fb-9ac6-eecfcf9cda47,"{""source"": ""initial registration"", ""asset_tag"": ""AST-IT-PC-00245""}",2021-09-10 00:00:00+00
e6d8383e-67cb-4a17-b165-253bc73fc58d,7e17f67a-33f4-4f80-b984-1a3286ff1ea6,60694a33-64df-4703-bb1f-20bc3948e683,created,,93723cd6-95df-412a-ae14-7ffbe9982442,,176f3f16-3ab1-409e-8c10-9631bea0edcc,"{""source"": ""initial registration"", ""asset_tag"": ""AST-IT-PC-00221""}",2025-06-09 00:00:00+00
ac312282-827d-431a-b938-17c43df3f011,e6f4bed8-af08-40f5-bbaf-7020b24c6ec8,60694a33-64df-4703-bb1f-20bc3948e683,imported,,a794d2a5-d422-4ca5-97b2-a4c30210ff52,,176f3f16-3ab1-409e-8c10-9631bea0edcc,"{""source"": ""initial registration"", ""asset_tag"": ""AST-IT-PC-00197""}",2023-11-20 00:00:00+00
4c83b0c2-bbca-4061-8d4b-2cb64b9a1a0f,98626642-760f-4c56-be38-4909419ce830,60694a33-64df-4703-bb1f-20bc3948e683,imported,,02bca8b1-2624-4782-8cf9-81f6abe4f201,,750c04a5-63c4-42c6-a7c4-b3aa1de4eebf,"{""source"": ""initial registration"", ""asset_tag"": ""AST-IT-PC-00173""}",2025-04-06 00:00:00+00
0bd0a5e3-dafa-4d5f-b8be-5d8bd5d95406,010c5824-b67f-49fd-b8d6-631b9108bc27,60694a33-64df-4703-bb1f-20bc3948e683,imported,,5b86b773-2072-4cf6-ac59-aa6ed5c9e277,,05d038a0-b4a2-40fb-9ac6-eecfcf9cda47,"{""source"": ""initial registration"", ""asset_tag"": ""AST-IT-PC-00149""}",2021-12-03 00:00:00+00
59fe4342-927d-45a0-9c72-96eae8f543d0,4e61fe04-52d1-4ec4-81a2-d84e9095e51a,60694a33-64df-4703-bb1f-20bc3948e683,imported,,1396d3ba-cbf5-462b-9ba0-f055e43663f9,,176f3f16-3ab1-409e-8c10-9631bea0edcc,"{""source"": ""initial registration"", ""asset_tag"": ""AST-IT-PC-00125""}",2020-09-20 00:00:00+00
396436a7-ac96-4ac9-a907-38055c1d8b8b,ffccac1c-4cbe-4bc4-aa1c-2125a8f19c0f,60694a33-64df-4703-bb1f-20bc3948e683,imported,,ba4b9298-99d3-4aa9-8d04-f4d0d933550d,,750c04a5-63c4-42c6-a7c4-b3aa1de4eebf,"{""source"": ""initial registration"", ""asset_tag"": ""AST-IT-PC-00101""}",2023-12-05 00:00:00+00
45d616ef-b7ad-462f-a070-a05ad2a81906,bfa86baa-0ad9-4f2a-aa92-8d30c1a896c0,60694a33-64df-4703-bb1f-20bc3948e683,created,,ad7545d1-5dd0-4c6a-9a2b-f8865e75563f,,05d038a0-b4a2-40fb-9ac6-eecfcf9cda47,"{""source"": ""initial registration"", ""asset_tag"": ""AST-IT-PC-00077""}",2025-03-07 00:00:00+00
b108e34f-ef10-41c7-864f-04b819a5ded1,b56623e1-e600-49ad-8df4-452662607678,60694a33-64df-4703-bb1f-20bc3948e683,imported,,93723cd6-95df-412a-ae14-7ffbe9982442,,176f3f16-3ab1-409e-8c10-9631bea0edcc,"{""source"": ""initial registration"", ""asset_tag"": ""AST-IT-PC-00053""}",2025-12-22 00:00:00+00
a6adf58c-7d3b-41cd-8910-1bc42b2974bd,cfc72e12-fcbf-40d6-bf14-67922dcc4a04,60694a33-64df-4703-bb1f-20bc3948e683,imported,,a794d2a5-d422-4ca5-97b2-a4c30210ff52,,176f3f16-3ab1-409e-8c10-9631bea0edcc,"{""source"": ""initial registration"", ""asset_tag"": ""AST-IT-PC-00029""}",2022-09-06 00:00:00+00
2702a80e-23c7-46a0-8de4-7a57e44947c5,d665aa34-1dd4-4ce5-bdc8-35f114226aba,60694a33-64df-4703-bb1f-20bc3948e683,imported,,02bca8b1-2624-4782-8cf9-81f6abe4f201,,750c04a5-63c4-42c6-a7c4-b3aa1de4eebf,"{""source"": ""initial registration"", ""asset_tag"": ""AST-IT-PC-00005""}",2022-11-15 00:00:00+00
999ef457-649d-4dcd-baa9-76c2dd75c87d,df24033b-cd63-4f07-b572-956d7e526142,60694a33-64df-4703-bb1f-20bc3948e683,imported,,b430dfa5-4f26-4ce2-bba1-b6ed3b2eefd4,,1c4df881-cca6-49a3-9b2e-6a87a781ef63,"{""source"": ""initial registration"", ""asset_tag"": ""AST-IT-MONITOR-00414""}",2025-09-13 00:00:00+00
fcf4fbf9-985e-4a9f-965a-3a5e9ab71ce1,4b614724-1bd6-4d20-9a0d-9353a9280b10,60694a33-64df-4703-bb1f-20bc3948e683,created,,4c2ec75b-86b2-44fa-94e9-0ac0abe593cc,,8703fd82-ea7e-461c-bacc-18cd5a7c3d3b,"{""source"": ""initial registration"", ""asset_tag"": ""AST-IT-MONITOR-00390""}",2024-04-08 00:00:00+00
5d09cab1-e105-47ea-9b1f-dfe4801f5da3,258bc94f-7a74-43f1-ba2c-839d856b65a4,60694a33-64df-4703-bb1f-20bc3948e683,imported,,023a8b57-58c8-49be-b50f-d5bf95d912a1,,6ff17eb7-5c04-40ff-83f8-043b4cb1c45c,"{""source"": ""initial registration"", ""asset_tag"": ""AST-IT-MONITOR-00366""}",2025-10-13 00:00:00+00
c064da6c-0a83-4623-a5e2-923fe4cf7d4c,add37b45-f343-40dc-b32d-301bb1f11b6a,60694a33-64df-4703-bb1f-20bc3948e683,imported,,67bdcd67-117b-453f-88c9-25b12a0565e7,,1c4df881-cca6-49a3-9b2e-6a87a781ef63,"{""source"": ""initial registration"", ""asset_tag"": ""AST-IT-MONITOR-00342""}",2023-09-07 00:00:00+00
8710201b-17e0-47bc-b53f-b1d00aa902a3,19376259-e7c6-474d-a274-b4a7dd0aa995,60694a33-64df-4703-bb1f-20bc3948e683,imported,,4f677013-b830-462d-a160-59ec1cdb41ec,,8703fd82-ea7e-461c-bacc-18cd5a7c3d3b,"{""source"": ""initial registration"", ""asset_tag"": ""AST-IT-MONITOR-00318""}",2021-11-10 00:00:00+00
41ead300-cdcf-48d1-a1e6-171a7f9eb0b2,4098a313-3526-4a48-b037-63d4b65f1bd8,60694a33-64df-4703-bb1f-20bc3948e683,imported,,0a9ffe3b-a3e2-439e-a1a8-f299379438e2,,6ff17eb7-5c04-40ff-83f8-043b4cb1c45c,"{""source"": ""initial registration"", ""asset_tag"": ""AST-IT-MONITOR-00294""}",2024-06-30 00:00:00+00
acd9861e-0858-4047-8b5a-ece6105f4ef3,ab65e716-a553-4163-8e14-81d2954dd14a,60694a33-64df-4703-bb1f-20bc3948e683,imported,,14b66bd0-87c7-4b31-b195-99a166e255b1,,1c4df881-cca6-49a3-9b2e-6a87a781ef63,"{""source"": ""initial registration"", ""asset_tag"": ""AST-IT-MONITOR-00270""}",2021-09-06 00:00:00+00
224f92d2-e143-4f18-85b4-d58c7b54c672,acc30ced-aad3-45a5-9adb-8b1b9e5928fd,60694a33-64df-4703-bb1f-20bc3948e683,created,,b430dfa5-4f26-4ce2-bba1-b6ed3b2eefd4,,1c4df881-cca6-49a3-9b2e-6a87a781ef63,"{""source"": ""initial registration"", ""asset_tag"": ""AST-IT-MONITOR-00246""}",2021-06-06 00:00:00+00
2a3342b5-5921-4025-89b5-810335206d50,dc0fc700-5aa9-4efc-9307-56f149b156a7,60694a33-64df-4703-bb1f-20bc3948e683,imported,,4c2ec75b-86b2-44fa-94e9-0ac0abe593cc,,8703fd82-ea7e-461c-bacc-18cd5a7c3d3b,"{""source"": ""initial registration"", ""asset_tag"": ""AST-IT-MONITOR-00222""}",2020-11-07 00:00:00+00
9b97f4a1-c6f2-439f-a9eb-a86781c75ac4,dc33516b-7ef5-4ab7-ba42-8a67085316cf,60694a33-64df-4703-bb1f-20bc3948e683,imported,,023a8b57-58c8-49be-b50f-d5bf95d912a1,,6ff17eb7-5c04-40ff-83f8-043b4cb1c45c,"{""source"": ""initial registration"", ""asset_tag"": ""AST-IT-MONITOR-00198""}",2023-11-08 00:00:00+00
8e754f20-e5b6-4c0a-b3e4-667209c420d0,ade45384-6902-4859-b141-c33368d487e4,60694a33-64df-4703-bb1f-20bc3948e683,imported,,67bdcd67-117b-453f-88c9-25b12a0565e7,,1c4df881-cca6-49a3-9b2e-6a87a781ef63,"{""source"": ""initial registration"", ""asset_tag"": ""AST-IT-MONITOR-00174""}",2025-05-10 00:00:00+00
67d2649f-6ee2-4af9-bc99-3e2681e79579,8b894a48-f7a5-48c0-b378-441c6254db45,60694a33-64df-4703-bb1f-20bc3948e683,imported,,4f677013-b830-462d-a160-59ec1cdb41ec,,8703fd82-ea7e-461c-bacc-18cd5a7c3d3b,"{""source"": ""initial registration"", ""asset_tag"": ""AST-IT-MONITOR-00150""}",2024-09-22 00:00:00+00
40dd5ab6-9114-4b8e-b123-fb77e83a2ccc,3ce9eaa4-4252-40cd-a354-288ba4a4d128,60694a33-64df-4703-bb1f-20bc3948e683,imported,,0a9ffe3b-a3e2-439e-a1a8-f299379438e2,,6ff17eb7-5c04-40ff-83f8-043b4cb1c45c,"{""source"": ""initial registration"", ""asset_tag"": ""AST-IT-MONITOR-00126""}",2022-06-26 00:00:00+00
5cb97179-70f9-4383-85ba-345b8a1ea81a,6069757f-cd21-439d-8ac9-f9e3e7692ac4,60694a33-64df-4703-bb1f-20bc3948e683,imported,,14b66bd0-87c7-4b31-b195-99a166e255b1,,1c4df881-cca6-49a3-9b2e-6a87a781ef63,"{""source"": ""initial registration"", ""asset_tag"": ""AST-IT-MONITOR-00102""}",2025-04-06 00:00:00+00
ef3ee2c9-0c5f-4a90-aafb-eaf5ec6f6a03,b67ba49d-5a99-43d3-a29d-4bcb36416da3,60694a33-64df-4703-bb1f-20bc3948e683,imported,,b430dfa5-4f26-4ce2-bba1-b6ed3b2eefd4,,1c4df881-cca6-49a3-9b2e-6a87a781ef63,"{""source"": ""initial registration"", ""asset_tag"": ""AST-IT-MONITOR-00078""}",2021-10-26 00:00:00+00
5d30741d-a2ad-4b09-9c28-9f98e55676f1,eb79ed9c-6c26-44a9-87c9-3fd848f081af,60694a33-64df-4703-bb1f-20bc3948e683,imported,,4c2ec75b-86b2-44fa-94e9-0ac0abe593cc,,8703fd82-ea7e-461c-bacc-18cd5a7c3d3b,"{""source"": ""initial registration"", ""asset_tag"": ""AST-IT-MONITOR-00054""}",2022-01-09 00:00:00+00
2a166cde-e004-4f83-b8fb-f61a2ce0828c,bb567931-c2a0-435a-9c53-b9a5fd409f8a,60694a33-64df-4703-bb1f-20bc3948e683,imported,,023a8b57-58c8-49be-b50f-d5bf95d912a1,,6ff17eb7-5c04-40ff-83f8-043b4cb1c45c,"{""source"": ""initial registration"", ""asset_tag"": ""AST-IT-MONITOR-00030""}",2020-11-26 00:00:00+00
b4add9e9-5880-4e55-ab8b-7c3ff1943a4a,3ed7d4f8-3cf0-473e-b99c-41174bfcb033,60694a33-64df-4703-bb1f-20bc3948e683,created,,67bdcd67-117b-453f-88c9-25b12a0565e7,,1c4df881-cca6-49a3-9b2e-6a87a781ef63,"{""source"": ""initial registration"", ""asset_tag"": ""AST-IT-MONITOR-00006""}",2022-01-21 00:00:00+00
6595290a-bfd6-4f81-8ab1-8657e7a1fe85,30a265bf-80e0-4b58-b2bc-109fb2ad3f0c,60694a33-64df-4703-bb1f-20bc3948e683,created,,fd093c49-0da4-4fb9-b4ca-3354e21aeeed,,176f3f16-3ab1-409e-8c10-9631bea0edcc,"{""source"": ""initial registration"", ""asset_tag"": ""AST-IT-MONITOR-00415""}",2025-03-15 00:00:00+00
d2426207-998e-49ec-a285-0db1486ac144,b4e30e96-1933-41e2-9ffd-614c7b67316a,60694a33-64df-4703-bb1f-20bc3948e683,imported,,7d91cdbd-8e9f-4416-aff0-b59104bd3dee,,750c04a5-63c4-42c6-a7c4-b3aa1de4eebf,"{""source"": ""initial registration"", ""asset_tag"": ""AST-IT-MONITOR-00391""}",2020-03-01 00:00:00+00
34513838-898a-4197-9260-45a1a22ab474,d255a2f3-289b-49ea-8952-48145ddd3b66,60694a33-64df-4703-bb1f-20bc3948e683,imported,,1234f84e-b9c0-4ae7-a4a5-d80ccaff9edd,,05d038a0-b4a2-40fb-9ac6-eecfcf9cda47,"{""source"": ""initial registration"", ""asset_tag"": ""AST-IT-MONITOR-00367""}",2021-11-02 00:00:00+00
de9d2492-2c2e-4012-ad06-807e10326bab,17a2734c-6aa6-48c0-84f5-1b0e160aec8e,60694a33-64df-4703-bb1f-20bc3948e683,imported,,c3046ac9-0b25-4639-993e-d7963242f60a,,176f3f16-3ab1-409e-8c10-9631bea0edcc,"{""source"": ""initial registration"", ""asset_tag"": ""AST-IT-MONITOR-00343""}",2022-04-08 00:00:00+00
dd3569ad-57fe-441a-acd0-10001f23cf8d,e51260f5-0015-4e26-88f9-5a64df4c33dc,60694a33-64df-4703-bb1f-20bc3948e683,created,,e514cc00-3301-4d64-af38-4cd4294f1363,,176f3f16-3ab1-409e-8c10-9631bea0edcc,"{""source"": ""initial registration"", ""asset_tag"": ""AST-IT-MONITOR-00319""}",2025-07-02 00:00:00+00
2821a579-0d3e-4303-910e-36a405771cb1,4583c822-fe79-46d2-a2e8-d81a024ecca1,60694a33-64df-4703-bb1f-20bc3948e683,imported,,b9ee01aa-284d-41fc-92e0-1e2c29704a3b,,750c04a5-63c4-42c6-a7c4-b3aa1de4eebf,"{""source"": ""initial registration"", ""asset_tag"": ""AST-IT-MONITOR-00295""}",2023-02-27 00:00:00+00
0ef8a9ed-d06b-4398-ad70-edf48e36f00f,fa0fde54-e0ec-48fd-b277-26f430e908a9,60694a33-64df-4703-bb1f-20bc3948e683,imported,,5a904d7b-02c7-4a5f-8de4-8106644afe6f,,05d038a0-b4a2-40fb-9ac6-eecfcf9cda47,"{""source"": ""initial registration"", ""asset_tag"": ""AST-IT-MONITOR-00271""}",2020-03-05 00:00:00+00
a99e0f3a-ab51-40d2-a87b-87828028ec4b,a379b836-3bd9-412f-82dd-3bdeef2c9290,60694a33-64df-4703-bb1f-20bc3948e683,imported,,fd093c49-0da4-4fb9-b4ca-3354e21aeeed,,176f3f16-3ab1-409e-8c10-9631bea0edcc,"{""source"": ""initial registration"", ""asset_tag"": ""AST-IT-MONITOR-00247""}",2022-10-27 00:00:00+00
d37e0c08-102b-4e38-8321-9e8de2151ffb,04c8e7dc-dd09-4c2c-8722-818f6d0e1661,60694a33-64df-4703-bb1f-20bc3948e683,imported,,7d91cdbd-8e9f-4416-aff0-b59104bd3dee,,750c04a5-63c4-42c6-a7c4-b3aa1de4eebf,"{""source"": ""initial registration"", ""asset_tag"": ""AST-IT-MONITOR-00223""}",2025-10-01 00:00:00+00
6d2d2f12-2e4e-4116-b697-f20a6b503553,354fdcb6-3bbd-41f9-8a81-9e4267b24248,60694a33-64df-4703-bb1f-20bc3948e683,created,,1234f84e-b9c0-4ae7-a4a5-d80ccaff9edd,,05d038a0-b4a2-40fb-9ac6-eecfcf9cda47,"{""source"": ""initial registration"", ""asset_tag"": ""AST-IT-MONITOR-00199""}",2021-10-31 00:00:00+00
861a2f0c-9cd9-4e01-8f1c-186744dc7834,a78b7c1c-1bf8-4fe7-abe4-0990dc205c25,60694a33-64df-4703-bb1f-20bc3948e683,imported,,c3046ac9-0b25-4639-993e-d7963242f60a,,176f3f16-3ab1-409e-8c10-9631bea0edcc,"{""source"": ""initial registration"", ""asset_tag"": ""AST-IT-MONITOR-00175""}",2024-08-20 00:00:00+00
0afd60f1-5dfb-48c1-b145-8933ca62b5d2,fc761770-1dc0-49bc-b933-0cc49f5bedf6,60694a33-64df-4703-bb1f-20bc3948e683,created,,e514cc00-3301-4d64-af38-4cd4294f1363,,176f3f16-3ab1-409e-8c10-9631bea0edcc,"{""source"": ""initial registration"", ""asset_tag"": ""AST-IT-MONITOR-00151""}",2025-05-19 00:00:00+00
1ac4a0ff-4849-499c-8986-ea1b5944203a,0fc29b73-82f0-491f-b0b8-7e2eaa9010e4,60694a33-64df-4703-bb1f-20bc3948e683,imported,,b9ee01aa-284d-41fc-92e0-1e2c29704a3b,,750c04a5-63c4-42c6-a7c4-b3aa1de4eebf,"{""source"": ""initial registration"", ""asset_tag"": ""AST-IT-MONITOR-00127""}",2021-10-07 00:00:00+00
94b5694f-3f2c-4aff-a0bd-9c8cc33b58c5,3ab59424-9410-4b42-b9e5-d78807291d63,60694a33-64df-4703-bb1f-20bc3948e683,imported,,5a904d7b-02c7-4a5f-8de4-8106644afe6f,,05d038a0-b4a2-40fb-9ac6-eecfcf9cda47,"{""source"": ""initial registration"", ""asset_tag"": ""AST-IT-MONITOR-00103""}",2025-07-18 00:00:00+00
0e774d22-69c1-4c9e-b9c2-d4ef59f57989,02063a1f-4ed1-4ba3-9cb9-21d108d2cd27,60694a33-64df-4703-bb1f-20bc3948e683,created,,fd093c49-0da4-4fb9-b4ca-3354e21aeeed,,176f3f16-3ab1-409e-8c10-9631bea0edcc,"{""source"": ""initial registration"", ""asset_tag"": ""AST-IT-MONITOR-00079""}",2023-07-11 00:00:00+00
a45514c7-cc90-4c11-9054-5ad9b53b6ea9,4c863df2-82ce-480f-817f-dc8d6a07af09,60694a33-64df-4703-bb1f-20bc3948e683,imported,,7d91cdbd-8e9f-4416-aff0-b59104bd3dee,,750c04a5-63c4-42c6-a7c4-b3aa1de4eebf,"{""source"": ""initial registration"", ""asset_tag"": ""AST-IT-MONITOR-00055""}",2022-06-12 00:00:00+00
5826cd43-ab7e-4b0f-8721-efe00c768c17,15b13eef-3186-47a2-8ae9-2a2bc925632b,60694a33-64df-4703-bb1f-20bc3948e683,created,,1234f84e-b9c0-4ae7-a4a5-d80ccaff9edd,,05d038a0-b4a2-40fb-9ac6-eecfcf9cda47,"{""source"": ""initial registration"", ""asset_tag"": ""AST-IT-MONITOR-00031""}",2024-11-17 00:00:00+00
98431016-3b32-4c0b-9290-3785794e3384,cf054a8c-c5c7-4de9-95e1-26fdb049691f,60694a33-64df-4703-bb1f-20bc3948e683,imported,,c3046ac9-0b25-4639-993e-d7963242f60a,,176f3f16-3ab1-409e-8c10-9631bea0edcc,"{""source"": ""initial registration"", ""asset_tag"": ""AST-IT-MONITOR-00007""}",2019-09-11 00:00:00+00
f2d8b600-5226-4ce1-8f65-99fe8f1bb8cd,06624745-a046-4355-82c3-608dd9eb74f9,60694a33-64df-4703-bb1f-20bc3948e683,imported,,8090e173-233a-4c47-9778-d4fe6f272e43,,6ff17eb7-5c04-40ff-83f8-043b4cb1c45c,"{""source"": ""initial registration"", ""asset_tag"": ""AST-IT-MONITOR-00416""}",2022-06-28 00:00:00+00
e1d40c8b-d252-4433-98e3-63aa7353b17a,3e06ea64-6076-4b71-ad89-42bc0b61986d,60694a33-64df-4703-bb1f-20bc3948e683,created,,418ec156-f12e-4b21-8e3c-9546e326d2f3,,1c4df881-cca6-49a3-9b2e-6a87a781ef63,"{""source"": ""initial registration"", ""asset_tag"": ""AST-IT-MONITOR-00392""}",2020-02-27 00:00:00+00
3a21d106-a644-42f7-ab03-f8e030fb186e,780d5016-e349-4058-9e86-3624c70718da,60694a33-64df-4703-bb1f-20bc3948e683,created,,ed0c4695-23ba-41bb-bb52-4fc110fc0fde,,1c4df881-cca6-49a3-9b2e-6a87a781ef63,"{""source"": ""initial registration"", ""asset_tag"": ""AST-IT-MONITOR-00368""}",2021-09-11 00:00:00+00
a49b6d56-9a10-4d11-b698-4b341e00cbaf,ee55ba20-d337-48fe-8bc9-b159b86e830e,60694a33-64df-4703-bb1f-20bc3948e683,imported,,b685a49b-8c4c-437f-9738-80d6a2ab8af5,,8703fd82-ea7e-461c-bacc-18cd5a7c3d3b,"{""source"": ""initial registration"", ""asset_tag"": ""AST-IT-MONITOR-00344""}",2023-07-03 00:00:00+00
f8f616a7-3866-42ef-9a2f-2bcd469b38da,0218c3e2-2634-4525-b048-1eaf770b2fcc,60694a33-64df-4703-bb1f-20bc3948e683,imported,,ab9714cb-122f-4204-a820-6d7257a3057c,,6ff17eb7-5c04-40ff-83f8-043b4cb1c45c,"{""source"": ""initial registration"", ""asset_tag"": ""AST-IT-MONITOR-00320""}",2024-11-24 00:00:00+00
aec89cf7-956a-41b9-a0a6-3e1b46a5fa87,f5ee5902-a563-412d-a2d0-cf4c114e2737,60694a33-64df-4703-bb1f-20bc3948e683,created,,226f67de-eecb-4041-b2fd-00c436b1b82f,,1c4df881-cca6-49a3-9b2e-6a87a781ef63,"{""source"": ""initial registration"", ""asset_tag"": ""AST-IT-MONITOR-00296""}",2024-04-20 00:00:00+00
8a7afac4-50b3-4360-a6e0-8a1a597f315b,2fe14b92-c446-4660-a72a-61b6719cad31,60694a33-64df-4703-bb1f-20bc3948e683,imported,,0ea1b587-0390-4fcf-a4cd-e82e2caef624,,8703fd82-ea7e-461c-bacc-18cd5a7c3d3b,"{""source"": ""initial registration"", ""asset_tag"": ""AST-IT-MONITOR-00272""}",2020-08-21 00:00:00+00
d67926b9-f2e1-4e83-839a-ee0bd24ff46c,a5b79db8-1d3b-4a94-9623-2d3fb1999e87,60694a33-64df-4703-bb1f-20bc3948e683,created,,8090e173-233a-4c47-9778-d4fe6f272e43,,6ff17eb7-5c04-40ff-83f8-043b4cb1c45c,"{""source"": ""initial registration"", ""asset_tag"": ""AST-IT-MONITOR-00248""}",2020-05-17 00:00:00+00
98ca9eb5-6ea0-4c5e-8df9-dfb51b985ceb,b31162f4-123e-45c1-ae96-363e37c60e3d,60694a33-64df-4703-bb1f-20bc3948e683,imported,,418ec156-f12e-4b21-8e3c-9546e326d2f3,,1c4df881-cca6-49a3-9b2e-6a87a781ef63,"{""source"": ""initial registration"", ""asset_tag"": ""AST-IT-MONITOR-00224""}",2023-08-08 00:00:00+00
f9618e86-3fa6-428a-b9b9-c5c29dd8506f,78fee29f-1ab3-481f-a56e-48e8d3c88c9b,60694a33-64df-4703-bb1f-20bc3948e683,imported,,ed0c4695-23ba-41bb-bb52-4fc110fc0fde,,1c4df881-cca6-49a3-9b2e-6a87a781ef63,"{""source"": ""initial registration"", ""asset_tag"": ""AST-IT-MONITOR-00200""}",2020-10-26 00:00:00+00
a82228e9-1395-4645-9c5f-94beca13ecc2,557ddf37-cad5-4934-9ab5-4a03168676b0,60694a33-64df-4703-bb1f-20bc3948e683,imported,,b685a49b-8c4c-437f-9738-80d6a2ab8af5,,8703fd82-ea7e-461c-bacc-18cd5a7c3d3b,"{""source"": ""initial registration"", ""asset_tag"": ""AST-IT-MONITOR-00176""}",2023-06-08 00:00:00+00
ce6c5e9d-8a3b-455c-ba4b-32ff8e0c9f11,d14c21c8-70a3-4904-92b1-ad45b911977e,60694a33-64df-4703-bb1f-20bc3948e683,imported,,ab9714cb-122f-4204-a820-6d7257a3057c,,6ff17eb7-5c04-40ff-83f8-043b4cb1c45c,"{""source"": ""initial registration"", ""asset_tag"": ""AST-IT-MONITOR-00152""}",2020-03-11 00:00:00+00
2b20bd92-217c-4af6-b2fa-c139b12e9a5d,c959dc42-2d2b-43c5-96a6-dda889bcc167,60694a33-64df-4703-bb1f-20bc3948e683,imported,,226f67de-eecb-4041-b2fd-00c436b1b82f,,1c4df881-cca6-49a3-9b2e-6a87a781ef63,"{""source"": ""initial registration"", ""asset_tag"": ""AST-IT-MONITOR-00128""}",2021-03-07 00:00:00+00
725e9067-6ca7-4efd-967a-246625325fe8,f14a2705-e72f-4f75-9267-c718ab043d5c,60694a33-64df-4703-bb1f-20bc3948e683,created,,0ea1b587-0390-4fcf-a4cd-e82e2caef624,,8703fd82-ea7e-461c-bacc-18cd5a7c3d3b,"{""source"": ""initial registration"", ""asset_tag"": ""AST-IT-MONITOR-00104""}",2023-06-13 00:00:00+00
15b07833-9a32-4806-9af2-f349f6eb63fd,70bbe4d2-7c10-4be7-bf34-781164f9f6e8,60694a33-64df-4703-bb1f-20bc3948e683,imported,,8090e173-233a-4c47-9778-d4fe6f272e43,,6ff17eb7-5c04-40ff-83f8-043b4cb1c45c,"{""source"": ""initial registration"", ""asset_tag"": ""AST-IT-MONITOR-00080""}",2021-08-09 00:00:00+00
20d36eb2-ba88-4aec-8416-cb8c48b8d96d,c8b0db7a-6259-4630-8235-dec7c52f6f0a,60694a33-64df-4703-bb1f-20bc3948e683,created,,418ec156-f12e-4b21-8e3c-9546e326d2f3,,1c4df881-cca6-49a3-9b2e-6a87a781ef63,"{""source"": ""initial registration"", ""asset_tag"": ""AST-IT-MONITOR-00056""}",2024-09-30 00:00:00+00
21603809-5a0b-43fa-a4a4-77162aea9529,adf83cf1-86a1-4704-ae53-7954a12191ad,60694a33-64df-4703-bb1f-20bc3948e683,imported,,ed0c4695-23ba-41bb-bb52-4fc110fc0fde,,1c4df881-cca6-49a3-9b2e-6a87a781ef63,"{""source"": ""initial registration"", ""asset_tag"": ""AST-IT-MONITOR-00032""}",2025-10-02 00:00:00+00
2dd6abb8-60a4-4608-98cd-03f27608687c,0cd380da-7e0d-4741-9dca-9231f00f845e,60694a33-64df-4703-bb1f-20bc3948e683,created,,b685a49b-8c4c-437f-9738-80d6a2ab8af5,,8703fd82-ea7e-461c-bacc-18cd5a7c3d3b,"{""source"": ""initial registration"", ""asset_tag"": ""AST-IT-MONITOR-00008""}",2024-07-30 00:00:00+00
4f3d7973-302d-4bd8-8b65-1fd5242f1bea,87b9834f-3c9b-446d-a2c7-acb1961a7c54,60694a33-64df-4703-bb1f-20bc3948e683,imported,,931086a7-6352-430d-894b-6363e4ac4388,,750c04a5-63c4-42c6-a7c4-b3aa1de4eebf,"{""source"": ""initial registration"", ""asset_tag"": ""AST-IT-MONITOR-00417""}",2021-04-22 00:00:00+00
55725db1-b6a6-45c0-bfc0-f70970442b9a,6ee79af7-d7b1-4915-af81-f1bd110dfdd0,60694a33-64df-4703-bb1f-20bc3948e683,imported,,824bea60-5daa-4553-8a8a-d2d710545d90,,05d038a0-b4a2-40fb-9ac6-eecfcf9cda47,"{""source"": ""initial registration"", ""asset_tag"": ""AST-IT-MONITOR-00393""}",2021-03-02 00:00:00+00
7b957983-cfc6-4a8f-813e-37959a0e9988,522dd78e-ecfe-476b-8f6a-d003524ff49c,60694a33-64df-4703-bb1f-20bc3948e683,imported,,faabc42b-93b2-4e8b-9e4d-2abd46f82d9c,,176f3f16-3ab1-409e-8c10-9631bea0edcc,"{""source"": ""initial registration"", ""asset_tag"": ""AST-IT-MONITOR-00369""}",2025-08-06 00:00:00+00
f7a3ef4b-1b07-439c-a125-950807f7e327,77d94d70-fb5a-495e-85b4-96ae4e89e840,60694a33-64df-4703-bb1f-20bc3948e683,imported,,fdf5ec3c-73f4-4613-932b-6e5cd1d028e1,,750c04a5-63c4-42c6-a7c4-b3aa1de4eebf,"{""source"": ""initial registration"", ""asset_tag"": ""AST-IT-MONITOR-00345""}",2023-06-17 00:00:00+00
9f67bd00-5eae-48a6-8e25-f9d2002d5e71,e1b94a6d-4fbc-4df4-a56c-0c00a7c98a2f,60694a33-64df-4703-bb1f-20bc3948e683,created,,6be6af1f-cc41-4d06-a82f-74acaf9fff13,,05d038a0-b4a2-40fb-9ac6-eecfcf9cda47,"{""source"": ""initial registration"", ""asset_tag"": ""AST-IT-MONITOR-00321""}",2024-07-22 00:00:00+00
f6b78ae9-d2b8-4f43-970b-5de082d7a954,207d9595-f982-4e50-805c-5a1f17cb1a0c,60694a33-64df-4703-bb1f-20bc3948e683,imported,,75741c19-7bc5-4f13-8bcd-5543dbab11a6,,05d038a0-b4a2-40fb-9ac6-eecfcf9cda47,"{""source"": ""initial registration"", ""asset_tag"": ""AST-IT-MONITOR-00297""}",2023-06-09 00:00:00+00
3248b280-05de-46f2-9b2e-e94d82963a92,f1d526bd-6c8e-4843-991a-a72d9b467218,60694a33-64df-4703-bb1f-20bc3948e683,created,,d640dd11-70ae-4fdc-af12-97b61c1003e1,,176f3f16-3ab1-409e-8c10-9631bea0edcc,"{""source"": ""initial registration"", ""asset_tag"": ""AST-IT-MONITOR-00273""}",2025-08-01 00:00:00+00
358ecaf2-438b-4c43-90d9-4b9c46d64afa,2ce7cee8-e996-4e70-bfc7-7c70725db820,60694a33-64df-4703-bb1f-20bc3948e683,created,,931086a7-6352-430d-894b-6363e4ac4388,,750c04a5-63c4-42c6-a7c4-b3aa1de4eebf,"{""source"": ""initial registration"", ""asset_tag"": ""AST-IT-MONITOR-00249""}",2020-11-22 00:00:00+00
60ae4639-9dd8-43ec-b14d-a02830516319,55411313-a3ad-41c9-a9ef-96390c3a9c17,60694a33-64df-4703-bb1f-20bc3948e683,imported,,824bea60-5daa-4553-8a8a-d2d710545d90,,05d038a0-b4a2-40fb-9ac6-eecfcf9cda47,"{""source"": ""initial registration"", ""asset_tag"": ""AST-IT-MONITOR-00225""}",2024-04-21 00:00:00+00
48944502-e86c-4ae5-9049-bf0d2159b97e,50683c77-6921-4848-8436-c79df5d37707,60694a33-64df-4703-bb1f-20bc3948e683,created,,faabc42b-93b2-4e8b-9e4d-2abd46f82d9c,,176f3f16-3ab1-409e-8c10-9631bea0edcc,"{""source"": ""initial registration"", ""asset_tag"": ""AST-IT-MONITOR-00201""}",2021-04-24 00:00:00+00
156777de-163e-4ab8-94c6-697e7f96f95d,975c440e-0dd5-4765-8d8b-60c806ec6768,60694a33-64df-4703-bb1f-20bc3948e683,imported,,fdf5ec3c-73f4-4613-932b-6e5cd1d028e1,,750c04a5-63c4-42c6-a7c4-b3aa1de4eebf,"{""source"": ""initial registration"", ""asset_tag"": ""AST-IT-MONITOR-00177""}",2022-09-28 00:00:00+00
fad87479-d460-46f3-bfca-fbea37934de2,960e8af4-d574-4bf8-964b-3043938a0877,60694a33-64df-4703-bb1f-20bc3948e683,created,,6be6af1f-cc41-4d06-a82f-74acaf9fff13,,05d038a0-b4a2-40fb-9ac6-eecfcf9cda47,"{""source"": ""initial registration"", ""asset_tag"": ""AST-IT-MONITOR-00153""}",2022-01-08 00:00:00+00
a7d5ecdc-6e9a-4bac-bef3-1967b4021f1b,34773136-a9f4-4c28-b192-10768afd174c,60694a33-64df-4703-bb1f-20bc3948e683,imported,,75741c19-7bc5-4f13-8bcd-5543dbab11a6,,05d038a0-b4a2-40fb-9ac6-eecfcf9cda47,"{""source"": ""initial registration"", ""asset_tag"": ""AST-IT-MONITOR-00129""}",2021-10-11 00:00:00+00
916b0ec5-9c17-4d35-a8d6-dcb65cf2c6e8,c0b8349c-e0a9-4f3f-837a-b9d2777f893d,60694a33-64df-4703-bb1f-20bc3948e683,created,,d640dd11-70ae-4fdc-af12-97b61c1003e1,,176f3f16-3ab1-409e-8c10-9631bea0edcc,"{""source"": ""initial registration"", ""asset_tag"": ""AST-IT-MONITOR-00105""}",2022-03-26 00:00:00+00
7d6aa138-beb3-472a-aed3-e849bacc6e6b,92afb581-bd72-4fb9-94e1-bb09563e01f2,60694a33-64df-4703-bb1f-20bc3948e683,imported,,931086a7-6352-430d-894b-6363e4ac4388,,750c04a5-63c4-42c6-a7c4-b3aa1de4eebf,"{""source"": ""initial registration"", ""asset_tag"": ""AST-IT-MONITOR-00081""}",2021-09-30 00:00:00+00
26290316-1736-4dd7-bcd7-b5b170538bfc,faf94263-3003-43b6-8daf-84fdd8c41d87,60694a33-64df-4703-bb1f-20bc3948e683,imported,,824bea60-5daa-4553-8a8a-d2d710545d90,,05d038a0-b4a2-40fb-9ac6-eecfcf9cda47,"{""source"": ""initial registration"", ""asset_tag"": ""AST-IT-MONITOR-00057""}",2025-11-18 00:00:00+00
954ec9ec-8b3e-47ae-946d-5a3ff3aaa80f,227534e4-4950-4fbb-8288-54788dd08861,60694a33-64df-4703-bb1f-20bc3948e683,created,,faabc42b-93b2-4e8b-9e4d-2abd46f82d9c,,176f3f16-3ab1-409e-8c10-9631bea0edcc,"{""source"": ""initial registration"", ""asset_tag"": ""AST-IT-MONITOR-00033""}",2025-02-10 00:00:00+00
2a1ff28c-195e-42c8-8af5-c0e43419a185,e223b2f9-09d2-4edc-bc76-8163122571b6,60694a33-64df-4703-bb1f-20bc3948e683,created,,fdf5ec3c-73f4-4613-932b-6e5cd1d028e1,,750c04a5-63c4-42c6-a7c4-b3aa1de4eebf,"{""source"": ""initial registration"", ""asset_tag"": ""AST-IT-MONITOR-00009""}",2020-01-13 00:00:00+00
6aa51624-b94d-4fc5-8c96-b29775fc6b51,8c923525-b653-4851-a2f4-3fb498911b7d,60694a33-64df-4703-bb1f-20bc3948e683,imported,,01ff8df6-208a-40fd-bc27-a79a4733d467,,1c4df881-cca6-49a3-9b2e-6a87a781ef63,"{""source"": ""initial registration"", ""asset_tag"": ""AST-IT-LAPTOP-00418""}",2023-04-03 00:00:00+00
c6dde533-6ba8-4215-89b2-28d89155bdd5,094e9be1-4250-4720-8fd0-0413662d1900,60694a33-64df-4703-bb1f-20bc3948e683,imported,,a6ec99b6-0c5e-460f-9bcc-b385a07737c1,,8703fd82-ea7e-461c-bacc-18cd5a7c3d3b,"{""source"": ""initial registration"", ""asset_tag"": ""AST-IT-LAPTOP-00394""}",2023-11-26 00:00:00+00
4039dbcf-d8fa-4158-8178-b9e309ed7ffb,f9cde054-6c1e-462f-84c1-3cd2a49e251a,60694a33-64df-4703-bb1f-20bc3948e683,imported,,85499f3b-df0c-46e7-b412-0e86014d2d23,,8703fd82-ea7e-461c-bacc-18cd5a7c3d3b,"{""source"": ""initial registration"", ""asset_tag"": ""AST-IT-LAPTOP-00370""}",2023-03-26 00:00:00+00
f03c2de9-7f9d-4d0a-8843-5e8ea35222cc,66c97b08-7569-4abe-a6cc-83804009f001,60694a33-64df-4703-bb1f-20bc3948e683,imported,,aee1dad1-5904-4a33-8893-b1744b8c9818,,6ff17eb7-5c04-40ff-83f8-043b4cb1c45c,"{""source"": ""initial registration"", ""asset_tag"": ""AST-IT-LAPTOP-00346""}",2023-03-20 00:00:00+00
4c67465e-bcb2-4cdf-851c-4928a86d3afa,034a8b7f-433c-4cab-b207-1fc181783f0d,60694a33-64df-4703-bb1f-20bc3948e683,imported,,8f91eff9-f399-4920-bb43-f748de8dba53,,1c4df881-cca6-49a3-9b2e-6a87a781ef63,"{""source"": ""initial registration"", ""asset_tag"": ""AST-IT-LAPTOP-00322""}",2025-09-29 00:00:00+00
b2cf54a7-e566-462b-8d6c-73d6b69deb40,c6d03084-f5a9-424a-b550-03cded5331ad,60694a33-64df-4703-bb1f-20bc3948e683,created,,df3d8ea3-3aa6-4212-a736-6a16b4ecb804,,8703fd82-ea7e-461c-bacc-18cd5a7c3d3b,"{""source"": ""initial registration"", ""asset_tag"": ""AST-IT-LAPTOP-00298""}",2020-07-07 00:00:00+00
33bf0305-817c-4197-9e9f-a360f9426028,99cb7ad9-b2b7-451a-9134-e0d7c92449f6,60694a33-64df-4703-bb1f-20bc3948e683,imported,,32c3a1d1-37ba-4b9c-9c41-80de762168b5,,6ff17eb7-5c04-40ff-83f8-043b4cb1c45c,"{""source"": ""initial registration"", ""asset_tag"": ""AST-IT-LAPTOP-00274""}",2023-07-13 00:00:00+00
03837ddf-31eb-4cb8-9efe-e5cf78b7c4d8,41a54514-80ef-4746-a97f-53647586466a,60694a33-64df-4703-bb1f-20bc3948e683,imported,,01ff8df6-208a-40fd-bc27-a79a4733d467,,1c4df881-cca6-49a3-9b2e-6a87a781ef63,"{""source"": ""initial registration"", ""asset_tag"": ""AST-IT-LAPTOP-00250""}",2022-10-28 00:00:00+00
b1266e59-94af-4f19-bfce-a9ef19c8611e,35adb947-a42f-48dc-8aa1-88bb765de796,60694a33-64df-4703-bb1f-20bc3948e683,imported,,a6ec99b6-0c5e-460f-9bcc-b385a07737c1,,8703fd82-ea7e-461c-bacc-18cd5a7c3d3b,"{""source"": ""initial registration"", ""asset_tag"": ""AST-IT-LAPTOP-00226""}",2022-04-21 00:00:00+00
01e5bdc2-52ab-4c9a-9607-b09b1218edc5,333c3235-57bd-41f1-933e-95f1ea8b288e,60694a33-64df-4703-bb1f-20bc3948e683,created,,85499f3b-df0c-46e7-b412-0e86014d2d23,,8703fd82-ea7e-461c-bacc-18cd5a7c3d3b,"{""source"": ""initial registration"", ""asset_tag"": ""AST-IT-LAPTOP-00202""}",2019-12-09 00:00:00+00
4880ea96-dce4-4e02-b667-32f527253e71,f99f741b-31d6-465b-b4c9-1521fe24372c,60694a33-64df-4703-bb1f-20bc3948e683,imported,,aee1dad1-5904-4a33-8893-b1744b8c9818,,6ff17eb7-5c04-40ff-83f8-043b4cb1c45c,"{""source"": ""initial registration"", ""asset_tag"": ""AST-IT-LAPTOP-00178""}",2025-06-29 00:00:00+00
653ed96c-3c31-4290-a56f-ba35ecfe4c92,ff96bdb1-62cb-46af-af07-46dc3cf98d7f,60694a33-64df-4703-bb1f-20bc3948e683,imported,,8f91eff9-f399-4920-bb43-f748de8dba53,,1c4df881-cca6-49a3-9b2e-6a87a781ef63,"{""source"": ""initial registration"", ""asset_tag"": ""AST-IT-LAPTOP-00154""}",2021-05-31 00:00:00+00
909c96b6-a05c-4416-8b72-579e0594dc90,6ab4df89-1b50-4b6a-962d-92d3ef5ddc4c,60694a33-64df-4703-bb1f-20bc3948e683,imported,,df3d8ea3-3aa6-4212-a736-6a16b4ecb804,,8703fd82-ea7e-461c-bacc-18cd5a7c3d3b,"{""source"": ""initial registration"", ""asset_tag"": ""AST-IT-LAPTOP-00130""}",2020-02-10 00:00:00+00
105c3717-531c-4cb9-87d4-13df42a26f66,23d8e810-f123-417e-ac55-fb506dc961e4,60694a33-64df-4703-bb1f-20bc3948e683,imported,,32c3a1d1-37ba-4b9c-9c41-80de762168b5,,6ff17eb7-5c04-40ff-83f8-043b4cb1c45c,"{""source"": ""initial registration"", ""asset_tag"": ""AST-IT-LAPTOP-00106""}",2019-10-11 00:00:00+00
ca1add1e-3f7e-4a4f-9758-ce1180d7df98,9a328951-6f87-4694-900b-d16dfc676cae,60694a33-64df-4703-bb1f-20bc3948e683,imported,,01ff8df6-208a-40fd-bc27-a79a4733d467,,1c4df881-cca6-49a3-9b2e-6a87a781ef63,"{""source"": ""initial registration"", ""asset_tag"": ""AST-IT-LAPTOP-00082""}",2023-07-14 00:00:00+00
fbe349d5-3090-43f8-9208-6600417293c3,18754f43-6a77-4e65-a133-23841c655bcb,60694a33-64df-4703-bb1f-20bc3948e683,imported,,a6ec99b6-0c5e-460f-9bcc-b385a07737c1,,8703fd82-ea7e-461c-bacc-18cd5a7c3d3b,"{""source"": ""initial registration"", ""asset_tag"": ""AST-IT-LAPTOP-00058""}",2020-04-19 00:00:00+00
50098975-cc59-4e5f-a1b4-a040b8799c17,371c8f5b-7f2c-4e30-8326-cf20be57901e,60694a33-64df-4703-bb1f-20bc3948e683,imported,,85499f3b-df0c-46e7-b412-0e86014d2d23,,8703fd82-ea7e-461c-bacc-18cd5a7c3d3b,"{""source"": ""initial registration"", ""asset_tag"": ""AST-IT-LAPTOP-00034""}",2021-10-25 00:00:00+00
c4c73e78-523d-4fe0-9357-f617037e3a28,1373f268-b4a1-4773-bd7d-0def0ca0662c,60694a33-64df-4703-bb1f-20bc3948e683,imported,,aee1dad1-5904-4a33-8893-b1744b8c9818,,6ff17eb7-5c04-40ff-83f8-043b4cb1c45c,"{""source"": ""initial registration"", ""asset_tag"": ""AST-IT-LAPTOP-00010""}",2024-12-10 00:00:00+00
93e134d9-c055-489d-814e-d51cec75420e,ced1fc40-c2f8-4143-8f8b-84292cdaace1,60694a33-64df-4703-bb1f-20bc3948e683,created,,3288eed1-6ae3-45da-acb7-12c603a5bfed,,05d038a0-b4a2-40fb-9ac6-eecfcf9cda47,"{""source"": ""initial registration"", ""asset_tag"": ""AST-IT-LAPTOP-00419""}",2023-01-12 00:00:00+00
501ba8d9-76d7-45bd-8f6c-fc4dd9c3332f,c9447499-81c6-4239-9254-400f41a45ed8,60694a33-64df-4703-bb1f-20bc3948e683,imported,,2d3df51d-7064-4e69-9149-61bba0212bb9,,176f3f16-3ab1-409e-8c10-9631bea0edcc,"{""source"": ""initial registration"", ""asset_tag"": ""AST-IT-LAPTOP-00395""}",2022-11-06 00:00:00+00
973a3ad9-6f40-4ca5-98aa-be7ced897bbb,63f8c423-fb57-4736-8283-17d293b8db97,60694a33-64df-4703-bb1f-20bc3948e683,imported,,b82c31fb-e089-421b-a0d9-9c5e117bb57f,,750c04a5-63c4-42c6-a7c4-b3aa1de4eebf,"{""source"": ""initial registration"", ""asset_tag"": ""AST-IT-LAPTOP-00371""}",2022-01-28 00:00:00+00
86a2fe53-383a-4485-98f5-64a41e3deff3,ab5bc906-ecb3-4539-baae-74b24206906a,60694a33-64df-4703-bb1f-20bc3948e683,created,,87c202bd-5d44-4042-accc-214381d58ab5,,05d038a0-b4a2-40fb-9ac6-eecfcf9cda47,"{""source"": ""initial registration"", ""asset_tag"": ""AST-IT-LAPTOP-00347""}",2024-08-15 00:00:00+00
05c0e545-4afb-4594-9409-5bfc5a90035b,15707320-cbb1-4984-a776-895049448c18,60694a33-64df-4703-bb1f-20bc3948e683,imported,,73fdb59c-ac31-400e-bf53-3b4e19b20c10,,176f3f16-3ab1-409e-8c10-9631bea0edcc,"{""source"": ""initial registration"", ""asset_tag"": ""AST-IT-LAPTOP-00323""}",2023-04-15 00:00:00+00
504d15bb-08b7-4bc3-b4f3-9e0685cba68a,76b9ca71-81f5-4dbe-bdb1-24e3de0f1c26,60694a33-64df-4703-bb1f-20bc3948e683,imported,,af21c725-bf6f-4560-aa7b-6019030410ea,,750c04a5-63c4-42c6-a7c4-b3aa1de4eebf,"{""source"": ""initial registration"", ""asset_tag"": ""AST-IT-LAPTOP-00299""}",2023-08-30 00:00:00+00
6ba88653-0d19-4dd6-8ccb-7746edadf5b7,d71c37c1-f089-4ce6-924f-1bfd30fd360c,60694a33-64df-4703-bb1f-20bc3948e683,imported,,5bac9e47-d100-44c8-b570-0db31ea21fad,,05d038a0-b4a2-40fb-9ac6-eecfcf9cda47,"{""source"": ""initial registration"", ""asset_tag"": ""AST-IT-LAPTOP-00275""}",2021-06-26 00:00:00+00
ea00207f-3959-4ab6-a02f-a19cd6053d3e,0d4c6f27-4d61-4ee8-9e95-199882ab6329,60694a33-64df-4703-bb1f-20bc3948e683,imported,,3288eed1-6ae3-45da-acb7-12c603a5bfed,,05d038a0-b4a2-40fb-9ac6-eecfcf9cda47,"{""source"": ""initial registration"", ""asset_tag"": ""AST-IT-LAPTOP-00251""}",2021-05-31 00:00:00+00
d2d0fe25-cdf4-46ef-8bcc-660d43c51c0d,661926d4-ef61-4388-b957-a43f3ac66a78,60694a33-64df-4703-bb1f-20bc3948e683,imported,,2d3df51d-7064-4e69-9149-61bba0212bb9,,176f3f16-3ab1-409e-8c10-9631bea0edcc,"{""source"": ""initial registration"", ""asset_tag"": ""AST-IT-LAPTOP-00227""}",2022-04-30 00:00:00+00
cad3aea7-cacc-40c0-b431-88e183b67a09,791324a4-7f04-4c2d-a81f-df66cf7bb9d9,60694a33-64df-4703-bb1f-20bc3948e683,imported,,b82c31fb-e089-421b-a0d9-9c5e117bb57f,,750c04a5-63c4-42c6-a7c4-b3aa1de4eebf,"{""source"": ""initial registration"", ""asset_tag"": ""AST-IT-LAPTOP-00203""}",2021-09-02 00:00:00+00
993ede51-9416-4954-a3fd-262f76f10c0f,866bf58d-cff4-4719-b726-3357fb436e70,60694a33-64df-4703-bb1f-20bc3948e683,imported,,87c202bd-5d44-4042-accc-214381d58ab5,,05d038a0-b4a2-40fb-9ac6-eecfcf9cda47,"{""source"": ""initial registration"", ""asset_tag"": ""AST-IT-LAPTOP-00179""}",2023-01-27 00:00:00+00
664b52a5-5201-4edf-899c-f45351921fde,bde8dd16-74c6-404d-89e8-7d957b0e0e67,60694a33-64df-4703-bb1f-20bc3948e683,imported,,73fdb59c-ac31-400e-bf53-3b4e19b20c10,,176f3f16-3ab1-409e-8c10-9631bea0edcc,"{""source"": ""initial registration"", ""asset_tag"": ""AST-IT-LAPTOP-00155""}",2022-08-12 00:00:00+00
19458fea-001c-4ada-8d82-16ed32e8b647,577d2037-fa1a-4502-ad03-655b700478ab,60694a33-64df-4703-bb1f-20bc3948e683,imported,,af21c725-bf6f-4560-aa7b-6019030410ea,,750c04a5-63c4-42c6-a7c4-b3aa1de4eebf,"{""source"": ""initial registration"", ""asset_tag"": ""AST-IT-LAPTOP-00131""}",2024-12-21 00:00:00+00
2e3371a8-471f-42db-b7d7-52ee6d9b81c0,a695b6b5-5239-46ee-a55e-2da1a73b49f9,60694a33-64df-4703-bb1f-20bc3948e683,imported,,5bac9e47-d100-44c8-b570-0db31ea21fad,,05d038a0-b4a2-40fb-9ac6-eecfcf9cda47,"{""source"": ""initial registration"", ""asset_tag"": ""AST-IT-LAPTOP-00107""}",2022-04-28 00:00:00+00
6f3263da-6334-4171-976a-7e115d178956,be235f20-06e4-4da9-b9da-d609b91c58ef,60694a33-64df-4703-bb1f-20bc3948e683,imported,,3288eed1-6ae3-45da-acb7-12c603a5bfed,,05d038a0-b4a2-40fb-9ac6-eecfcf9cda47,"{""source"": ""initial registration"", ""asset_tag"": ""AST-IT-LAPTOP-00083""}",2020-09-01 00:00:00+00
a2cc1e8a-2266-48ff-a15c-f949ff87f1fe,0d30e518-585c-4756-a7f3-19caeba33493,60694a33-64df-4703-bb1f-20bc3948e683,created,,2d3df51d-7064-4e69-9149-61bba0212bb9,,176f3f16-3ab1-409e-8c10-9631bea0edcc,"{""source"": ""initial registration"", ""asset_tag"": ""AST-IT-LAPTOP-00059""}",2023-08-30 00:00:00+00
7bb6c4c9-647c-4459-a057-e8d075fbc3ea,531d06f2-dc97-4727-8bae-d4929105d722,60694a33-64df-4703-bb1f-20bc3948e683,imported,,b82c31fb-e089-421b-a0d9-9c5e117bb57f,,750c04a5-63c4-42c6-a7c4-b3aa1de4eebf,"{""source"": ""initial registration"", ""asset_tag"": ""AST-IT-LAPTOP-00035""}",2025-08-13 00:00:00+00
bf9401ee-d4cb-4c27-b8f5-acf5ede0b625,b69fd306-6b06-4c59-961a-d2a3cd1a97e8,60694a33-64df-4703-bb1f-20bc3948e683,imported,,87c202bd-5d44-4042-accc-214381d58ab5,,05d038a0-b4a2-40fb-9ac6-eecfcf9cda47,"{""source"": ""initial registration"", ""asset_tag"": ""AST-IT-LAPTOP-00011""}",2022-09-06 00:00:00+00
707f5f17-8fc5-4403-9a37-9c5043c3c504,a40d399f-21db-4230-b466-1d994c0db768,60694a33-64df-4703-bb1f-20bc3948e683,imported,,42a0fa0c-5355-4ca9-b2c2-a1b6993ee48b,,8703fd82-ea7e-461c-bacc-18cd5a7c3d3b,"{""source"": ""initial registration"", ""asset_tag"": ""AST-FURN-DESK-00420""}",2019-09-17 00:00:00+00
17d3571e-1f63-460a-beb6-7968e7d7c002,8a02e139-2263-48a9-95f4-7b9103da437a,60694a33-64df-4703-bb1f-20bc3948e683,imported,,ce1019d0-93ab-4aad-a9c1-504e7de174b1,,6ff17eb7-5c04-40ff-83f8-043b4cb1c45c,"{""source"": ""initial registration"", ""asset_tag"": ""AST-FURN-DESK-00396""}",2021-04-16 00:00:00+00
bb4c333a-92cf-4334-8388-d522dccc048c,62ef7d8e-1a3c-41d8-a044-9fefde078224,60694a33-64df-4703-bb1f-20bc3948e683,imported,,8ce58e75-8b56-44e0-b303-308ab877a282,,1c4df881-cca6-49a3-9b2e-6a87a781ef63,"{""source"": ""initial registration"", ""asset_tag"": ""AST-FURN-DESK-00372""}",2022-07-23 00:00:00+00
a1b480f2-4020-43b7-8d63-fa2ce603c891,0fa4e66e-4e83-4f2f-9a3f-118ba0e74086,60694a33-64df-4703-bb1f-20bc3948e683,created,,477a6a8f-fc3e-46c4-9661-b8e18aa51458,,8703fd82-ea7e-461c-bacc-18cd5a7c3d3b,"{""source"": ""initial registration"", ""asset_tag"": ""AST-FURN-DESK-00348""}",2025-09-24 00:00:00+00
4e2a4a35-1ee4-4f8d-a15a-08ff8854580d,47b98c8a-75a2-4a6b-bdee-42b3794b60f2,60694a33-64df-4703-bb1f-20bc3948e683,imported,,0807df48-ba0b-4ac3-ba93-906a9ddd9acb,,8703fd82-ea7e-461c-bacc-18cd5a7c3d3b,"{""source"": ""initial registration"", ""asset_tag"": ""AST-FURN-DESK-00324""}",2024-06-28 00:00:00+00
20dbd1a8-2ac2-4b63-96e2-a8fb0e7edf75,e1bf7f4c-ce10-43d5-9f59-55740d26d991,60694a33-64df-4703-bb1f-20bc3948e683,created,,9c9b191e-d225-40f7-8f83-7360ac682d26,,6ff17eb7-5c04-40ff-83f8-043b4cb1c45c,"{""source"": ""initial registration"", ""asset_tag"": ""AST-FURN-DESK-00300""}",2023-05-05 00:00:00+00
c6b70629-2fdc-4b0b-bdc6-c5d388fa1801,4ab023fe-56e3-4b29-8558-badc2ded9fa5,60694a33-64df-4703-bb1f-20bc3948e683,imported,,bf145be9-a3ed-43c6-8b63-9ac65a15909b,,1c4df881-cca6-49a3-9b2e-6a87a781ef63,"{""source"": ""initial registration"", ""asset_tag"": ""AST-FURN-DESK-00276""}",2024-03-07 00:00:00+00
89540551-3f51-4190-857b-7b320fe3b889,425c02ac-fc8e-4acd-82fa-ec04c7d1efe7,60694a33-64df-4703-bb1f-20bc3948e683,imported,,42a0fa0c-5355-4ca9-b2c2-a1b6993ee48b,,8703fd82-ea7e-461c-bacc-18cd5a7c3d3b,"{""source"": ""initial registration"", ""asset_tag"": ""AST-FURN-DESK-00252""}",2022-01-24 00:00:00+00
42605fb1-05b0-4be1-8b88-b63dc370d9cf,a5d788c6-fc55-45f7-932d-e22ecba6057b,60694a33-64df-4703-bb1f-20bc3948e683,imported,,ce1019d0-93ab-4aad-a9c1-504e7de174b1,,6ff17eb7-5c04-40ff-83f8-043b4cb1c45c,"{""source"": ""initial registration"", ""asset_tag"": ""AST-FURN-DESK-00228""}",2024-01-07 00:00:00+00
c6939281-b1c2-47cb-b72f-99e036ec4d8c,0ae665b9-f018-405a-870f-327a23153262,60694a33-64df-4703-bb1f-20bc3948e683,created,,8ce58e75-8b56-44e0-b303-308ab877a282,,1c4df881-cca6-49a3-9b2e-6a87a781ef63,"{""source"": ""initial registration"", ""asset_tag"": ""AST-FURN-DESK-00204""}",2022-06-06 00:00:00+00
78fee741-77d5-4309-ba96-7db90cc321a7,a5aceaf8-bc0a-44c4-ac3f-d64e1d271a80,60694a33-64df-4703-bb1f-20bc3948e683,imported,,477a6a8f-fc3e-46c4-9661-b8e18aa51458,,8703fd82-ea7e-461c-bacc-18cd5a7c3d3b,"{""source"": ""initial registration"", ""asset_tag"": ""AST-FURN-DESK-00180""}",2025-10-28 00:00:00+00
495afbf0-8cce-4cc1-bfb3-906c5d73e1fd,93876c21-0c9e-49a9-a24a-11e0cd8433fa,60694a33-64df-4703-bb1f-20bc3948e683,imported,,0807df48-ba0b-4ac3-ba93-906a9ddd9acb,,8703fd82-ea7e-461c-bacc-18cd5a7c3d3b,"{""source"": ""initial registration"", ""asset_tag"": ""AST-FURN-DESK-00156""}",2024-08-22 00:00:00+00
080f78b0-2243-47c7-b893-8669de216463,86c0433f-8e2c-4945-88f5-eb61ecf775ce,60694a33-64df-4703-bb1f-20bc3948e683,created,,9c9b191e-d225-40f7-8f83-7360ac682d26,,6ff17eb7-5c04-40ff-83f8-043b4cb1c45c,"{""source"": ""initial registration"", ""asset_tag"": ""AST-FURN-DESK-00132""}",2023-10-05 00:00:00+00
f0dcce3e-0120-4331-aefc-8c40d8aba606,922c2b56-f70b-43d9-962d-02990e718976,60694a33-64df-4703-bb1f-20bc3948e683,imported,,bf145be9-a3ed-43c6-8b63-9ac65a15909b,,1c4df881-cca6-49a3-9b2e-6a87a781ef63,"{""source"": ""initial registration"", ""asset_tag"": ""AST-FURN-DESK-00108""}",2025-02-23 00:00:00+00
76c1e26a-9414-41db-b2a0-0d04e6c47f3d,4ac924ac-9b8a-423d-898b-6bdb5b1eecbe,60694a33-64df-4703-bb1f-20bc3948e683,created,,42a0fa0c-5355-4ca9-b2c2-a1b6993ee48b,,8703fd82-ea7e-461c-bacc-18cd5a7c3d3b,"{""source"": ""initial registration"", ""asset_tag"": ""AST-FURN-DESK-00084""}",2023-07-19 00:00:00+00
e8f88a7d-9d53-48a9-8858-fc067556e64a,a97d79b8-bf69-45bf-86ff-a5a488ddf88c,60694a33-64df-4703-bb1f-20bc3948e683,created,,ce1019d0-93ab-4aad-a9c1-504e7de174b1,,6ff17eb7-5c04-40ff-83f8-043b4cb1c45c,"{""source"": ""initial registration"", ""asset_tag"": ""AST-FURN-DESK-00060""}",2020-01-13 00:00:00+00
51fdd2f1-77cf-4211-9f2d-20d1be64fb07,788bb250-6b48-4e09-88ff-9b97b0e0941c,60694a33-64df-4703-bb1f-20bc3948e683,imported,,8ce58e75-8b56-44e0-b303-308ab877a282,,1c4df881-cca6-49a3-9b2e-6a87a781ef63,"{""source"": ""initial registration"", ""asset_tag"": ""AST-FURN-DESK-00036""}",2022-02-27 00:00:00+00
1082f648-c399-48bd-8847-47f34fa03934,b9069e48-d8db-4a30-856f-59c0b9ec67c5,60694a33-64df-4703-bb1f-20bc3948e683,imported,,477a6a8f-fc3e-46c4-9661-b8e18aa51458,,8703fd82-ea7e-461c-bacc-18cd5a7c3d3b,"{""source"": ""initial registration"", ""asset_tag"": ""AST-FURN-DESK-00012""}",2025-03-12 00:00:00+00
a4d04f07-d8d1-4e5a-9df6-305556308ad2,5bf7bd29-a12f-4781-b9d0-bfd54f897868,60694a33-64df-4703-bb1f-20bc3948e683,imported,,02bca8b1-2624-4782-8cf9-81f6abe4f201,,750c04a5-63c4-42c6-a7c4-b3aa1de4eebf,"{""source"": ""initial registration"", ""asset_tag"": ""AST-FURN-DESK-00397""}",2021-11-21 00:00:00+00
46c5f610-fc00-4c71-9cd2-3979e5820327,abb6c3a1-f251-46da-ba51-4b52d59fd74c,60694a33-64df-4703-bb1f-20bc3948e683,created,,5b86b773-2072-4cf6-ac59-aa6ed5c9e277,,05d038a0-b4a2-40fb-9ac6-eecfcf9cda47,"{""source"": ""initial registration"", ""asset_tag"": ""AST-FURN-DESK-00373""}",2023-05-31 00:00:00+00
fab258ce-1111-4eb5-8be0-1bcbebf1472c,33dfb0fb-19ec-4b7f-b464-f3f9812b39b7,60694a33-64df-4703-bb1f-20bc3948e683,created,,1396d3ba-cbf5-462b-9ba0-f055e43663f9,,176f3f16-3ab1-409e-8c10-9631bea0edcc,"{""source"": ""initial registration"", ""asset_tag"": ""AST-FURN-DESK-00349""}",2021-05-17 00:00:00+00
800594c4-27f9-4734-b3b2-4ad495af2d61,b3b640b7-af1f-444d-9c49-2fb6751baa85,60694a33-64df-4703-bb1f-20bc3948e683,imported,,ba4b9298-99d3-4aa9-8d04-f4d0d933550d,,750c04a5-63c4-42c6-a7c4-b3aa1de4eebf,"{""source"": ""initial registration"", ""asset_tag"": ""AST-FURN-DESK-00325""}",2024-04-24 00:00:00+00
62caf4d6-f07b-4f6d-ae59-af6a0a126786,4c171fa3-11db-4b74-8748-5918e0c0ed3e,60694a33-64df-4703-bb1f-20bc3948e683,imported,,ad7545d1-5dd0-4c6a-9a2b-f8865e75563f,,05d038a0-b4a2-40fb-9ac6-eecfcf9cda47,"{""source"": ""initial registration"", ""asset_tag"": ""AST-FURN-DESK-00301""}",2020-11-18 00:00:00+00
e58230b4-5bc6-4fe4-87bc-ea618b02b418,c637be88-832d-4bc8-8f0f-74fc8315daaf,60694a33-64df-4703-bb1f-20bc3948e683,created,,93723cd6-95df-412a-ae14-7ffbe9982442,,176f3f16-3ab1-409e-8c10-9631bea0edcc,"{""source"": ""initial registration"", ""asset_tag"": ""AST-FURN-DESK-00277""}",2019-11-20 00:00:00+00
08a4bd2e-933a-4660-9764-eda11f9521a3,6b923bd3-542e-495c-ad1d-ef5555cc61e6,60694a33-64df-4703-bb1f-20bc3948e683,created,,a794d2a5-d422-4ca5-97b2-a4c30210ff52,,176f3f16-3ab1-409e-8c10-9631bea0edcc,"{""source"": ""initial registration"", ""asset_tag"": ""AST-FURN-DESK-00253""}",2021-01-28 00:00:00+00
7601021d-e573-43f3-86e5-c858df3f0c9a,77298c56-0546-402f-a366-edf9d1119649,60694a33-64df-4703-bb1f-20bc3948e683,imported,,02bca8b1-2624-4782-8cf9-81f6abe4f201,,750c04a5-63c4-42c6-a7c4-b3aa1de4eebf,"{""source"": ""initial registration"", ""asset_tag"": ""AST-FURN-DESK-00229""}",2024-01-22 00:00:00+00
6b2998b9-4a36-42a3-bb2c-6a89dbc14819,b999618a-3839-43e4-b43e-9ed94a450cda,60694a33-64df-4703-bb1f-20bc3948e683,created,,5b86b773-2072-4cf6-ac59-aa6ed5c9e277,,05d038a0-b4a2-40fb-9ac6-eecfcf9cda47,"{""source"": ""initial registration"", ""asset_tag"": ""AST-FURN-DESK-00205""}",2024-05-23 00:00:00+00
49980f3f-4e2e-49dd-ad33-86305af9f181,5eed4c5e-144f-412a-89ad-04edeca9f995,60694a33-64df-4703-bb1f-20bc3948e683,created,,1396d3ba-cbf5-462b-9ba0-f055e43663f9,,176f3f16-3ab1-409e-8c10-9631bea0edcc,"{""source"": ""initial registration"", ""asset_tag"": ""AST-FURN-DESK-00181""}",2022-07-09 00:00:00+00
a5547582-1328-4ae5-93fb-3ee3cc7ec45f,03193ec4-3de2-4fd6-b4a7-87e5697fb3b4,60694a33-64df-4703-bb1f-20bc3948e683,imported,,ba4b9298-99d3-4aa9-8d04-f4d0d933550d,,750c04a5-63c4-42c6-a7c4-b3aa1de4eebf,"{""source"": ""initial registration"", ""asset_tag"": ""AST-FURN-DESK-00157""}",2026-02-19 00:00:00+00
a9206def-cdc9-4a76-94d2-1e1d85c917fd,cfefaee4-e424-4c7a-957e-e76ccabe8504,60694a33-64df-4703-bb1f-20bc3948e683,imported,,ad7545d1-5dd0-4c6a-9a2b-f8865e75563f,,05d038a0-b4a2-40fb-9ac6-eecfcf9cda47,"{""source"": ""initial registration"", ""asset_tag"": ""AST-FURN-DESK-00133""}",2022-02-23 00:00:00+00
4e7ea7fc-814e-4719-b237-4e00e4998f1e,9f4d7c57-ada0-4305-8d3f-125034f1ab1f,60694a33-64df-4703-bb1f-20bc3948e683,imported,,93723cd6-95df-412a-ae14-7ffbe9982442,,176f3f16-3ab1-409e-8c10-9631bea0edcc,"{""source"": ""initial registration"", ""asset_tag"": ""AST-FURN-DESK-00109""}",2025-08-31 00:00:00+00
db08ea54-3d2f-4c8e-a03a-aa002c2976c0,31631b15-6a13-4bba-9b7c-f6f2c3677ffc,60694a33-64df-4703-bb1f-20bc3948e683,imported,,a794d2a5-d422-4ca5-97b2-a4c30210ff52,,176f3f16-3ab1-409e-8c10-9631bea0edcc,"{""source"": ""initial registration"", ""asset_tag"": ""AST-FURN-DESK-00085""}",2020-04-19 00:00:00+00
056c0268-d06d-4210-b4de-2a68a313d3b3,5bca1677-8958-4130-99fc-234307930124,60694a33-64df-4703-bb1f-20bc3948e683,imported,,02bca8b1-2624-4782-8cf9-81f6abe4f201,,750c04a5-63c4-42c6-a7c4-b3aa1de4eebf,"{""source"": ""initial registration"", ""asset_tag"": ""AST-FURN-DESK-00061""}",2024-11-24 00:00:00+00
aae30e6f-1707-45c0-a03a-8b9c3cd0767e,c43aa763-01ff-49c7-ae22-3fb3366e2668,60694a33-64df-4703-bb1f-20bc3948e683,imported,,5b86b773-2072-4cf6-ac59-aa6ed5c9e277,,05d038a0-b4a2-40fb-9ac6-eecfcf9cda47,"{""source"": ""initial registration"", ""asset_tag"": ""AST-FURN-DESK-00037""}",2021-10-04 00:00:00+00
7e04afb7-a4ed-4a57-ae73-de4bc85c8b05,80a9c3df-bb15-4fd7-8c87-326df788dfb5,60694a33-64df-4703-bb1f-20bc3948e683,imported,,1396d3ba-cbf5-462b-9ba0-f055e43663f9,,176f3f16-3ab1-409e-8c10-9631bea0edcc,"{""source"": ""initial registration"", ""asset_tag"": ""AST-FURN-DESK-00013""}",2024-02-06 00:00:00+00
f114cb88-0a70-4c85-9b5f-4dbdbed7b6db,b58f9d6d-c8c9-4699-bd97-a3c94ff9c340,60694a33-64df-4703-bb1f-20bc3948e683,imported,,67bdcd67-117b-453f-88c9-25b12a0565e7,,1c4df881-cca6-49a3-9b2e-6a87a781ef63,"{""source"": ""initial registration"", ""asset_tag"": ""AST-FURN-CHAIR-00398""}",2021-01-23 00:00:00+00
bf05a7b9-3796-4280-b716-428bd88b386a,049ab4bb-2152-4230-9491-51e3308b7789,60694a33-64df-4703-bb1f-20bc3948e683,imported,,4f677013-b830-462d-a160-59ec1cdb41ec,,8703fd82-ea7e-461c-bacc-18cd5a7c3d3b,"{""source"": ""initial registration"", ""asset_tag"": ""AST-FURN-CHAIR-00374""}",2025-06-30 00:00:00+00
6ce42c7b-bade-4c3b-b8bb-25d7c64b49ca,b90086d0-96ee-46ff-ad7c-1ede87627019,60694a33-64df-4703-bb1f-20bc3948e683,imported,,0a9ffe3b-a3e2-439e-a1a8-f299379438e2,,6ff17eb7-5c04-40ff-83f8-043b4cb1c45c,"{""source"": ""initial registration"", ""asset_tag"": ""AST-FURN-CHAIR-00350""}",2022-05-07 00:00:00+00
76bdb4b9-bf53-4c7c-b591-0c614784268a,e264899e-2ce6-4724-b7f9-4e422aa2af92,60694a33-64df-4703-bb1f-20bc3948e683,imported,,14b66bd0-87c7-4b31-b195-99a166e255b1,,1c4df881-cca6-49a3-9b2e-6a87a781ef63,"{""source"": ""initial registration"", ""asset_tag"": ""AST-FURN-CHAIR-00326""}",2020-05-16 00:00:00+00
835ff037-3691-4abf-88a7-3b45461e43c4,54a6b2f8-ebff-4c03-b23e-4dde9713c835,60694a33-64df-4703-bb1f-20bc3948e683,imported,,b430dfa5-4f26-4ce2-bba1-b6ed3b2eefd4,,1c4df881-cca6-49a3-9b2e-6a87a781ef63,"{""source"": ""initial registration"", ""asset_tag"": ""AST-FURN-CHAIR-00302""}",2025-11-16 00:00:00+00
e21a50a6-4c4a-40b8-b4b0-e92aaf622994,88a998f2-c22f-4362-9c85-3a5f273982d1,60694a33-64df-4703-bb1f-20bc3948e683,imported,,4c2ec75b-86b2-44fa-94e9-0ac0abe593cc,,8703fd82-ea7e-461c-bacc-18cd5a7c3d3b,"{""source"": ""initial registration"", ""asset_tag"": ""AST-FURN-CHAIR-00278""}",2023-03-17 00:00:00+00
422aef9e-aa3f-421a-943e-0c0980c84fc8,5b8d0c64-483b-4314-99b9-b7b2bd631d03,60694a33-64df-4703-bb1f-20bc3948e683,imported,,023a8b57-58c8-49be-b50f-d5bf95d912a1,,6ff17eb7-5c04-40ff-83f8-043b4cb1c45c,"{""source"": ""initial registration"", ""asset_tag"": ""AST-FURN-CHAIR-00254""}",2025-12-21 00:00:00+00
b996de68-7bbb-4bc1-aa0b-c604df7547f8,ec5aa83a-7dce-4464-9335-92d8a60b93f4,60694a33-64df-4703-bb1f-20bc3948e683,created,,67bdcd67-117b-453f-88c9-25b12a0565e7,,1c4df881-cca6-49a3-9b2e-6a87a781ef63,"{""source"": ""initial registration"", ""asset_tag"": ""AST-FURN-CHAIR-00230""}",2020-04-19 00:00:00+00
10e9c2b3-b645-4f16-93be-50601c210e2f,990ecb0c-2eaa-4c55-9c68-1e42588d4bf3,60694a33-64df-4703-bb1f-20bc3948e683,imported,,4f677013-b830-462d-a160-59ec1cdb41ec,,8703fd82-ea7e-461c-bacc-18cd5a7c3d3b,"{""source"": ""initial registration"", ""asset_tag"": ""AST-FURN-CHAIR-00206""}",2024-06-03 00:00:00+00
278cc049-6788-4dff-a1ea-464ce36feb7e,043037c7-6faf-451a-ab41-2e2a417de211,60694a33-64df-4703-bb1f-20bc3948e683,imported,,0a9ffe3b-a3e2-439e-a1a8-f299379438e2,,6ff17eb7-5c04-40ff-83f8-043b4cb1c45c,"{""source"": ""initial registration"", ""asset_tag"": ""AST-FURN-CHAIR-00182""}",2024-08-12 00:00:00+00
d4937ba3-85b2-4fc8-9aa0-998c5bc77ac1,005c93a5-5ee4-4b23-80d6-8f3ff2953ac3,60694a33-64df-4703-bb1f-20bc3948e683,imported,,14b66bd0-87c7-4b31-b195-99a166e255b1,,1c4df881-cca6-49a3-9b2e-6a87a781ef63,"{""source"": ""initial registration"", ""asset_tag"": ""AST-FURN-CHAIR-00158""}",2024-04-20 00:00:00+00
368ce985-75c4-4b17-8fa9-7dee15f92b24,ade793c8-ae98-4dde-aa2a-c7483decef92,60694a33-64df-4703-bb1f-20bc3948e683,created,,b430dfa5-4f26-4ce2-bba1-b6ed3b2eefd4,,1c4df881-cca6-49a3-9b2e-6a87a781ef63,"{""source"": ""initial registration"", ""asset_tag"": ""AST-FURN-CHAIR-00134""}",2023-11-26 00:00:00+00
aebeb9c1-cb83-419f-a962-8a1778170f5c,7271a00c-aaf2-46f7-8db2-61a619752ba0,60694a33-64df-4703-bb1f-20bc3948e683,imported,,4c2ec75b-86b2-44fa-94e9-0ac0abe593cc,,8703fd82-ea7e-461c-bacc-18cd5a7c3d3b,"{""source"": ""initial registration"", ""asset_tag"": ""AST-FURN-CHAIR-00110""}",2021-09-28 00:00:00+00
ae40ed91-b16a-4892-9407-a4e75b94b55d,5c97057c-9c92-49e2-906b-2354afdd7506,60694a33-64df-4703-bb1f-20bc3948e683,created,,023a8b57-58c8-49be-b50f-d5bf95d912a1,,6ff17eb7-5c04-40ff-83f8-043b4cb1c45c,"{""source"": ""initial registration"", ""asset_tag"": ""AST-FURN-CHAIR-00086""}",2023-03-09 00:00:00+00
248dbb12-ff81-4bf4-b742-7b29b284801e,c3f7f812-f3ff-45bd-9cec-5dac220c6e52,60694a33-64df-4703-bb1f-20bc3948e683,imported,,67bdcd67-117b-453f-88c9-25b12a0565e7,,1c4df881-cca6-49a3-9b2e-6a87a781ef63,"{""source"": ""initial registration"", ""asset_tag"": ""AST-FURN-CHAIR-00062""}",2022-12-16 00:00:00+00
426a9f2b-bc41-4a83-826d-920d980900f8,d63c515a-26b3-4b01-aa87-def4c27b824b,60694a33-64df-4703-bb1f-20bc3948e683,imported,,4f677013-b830-462d-a160-59ec1cdb41ec,,8703fd82-ea7e-461c-bacc-18cd5a7c3d3b,"{""source"": ""initial registration"", ""asset_tag"": ""AST-FURN-CHAIR-00038""}",2022-08-11 00:00:00+00
24f23af8-c058-4c71-8e4c-dd59eb52d1a8,dddd16cc-3436-4cfd-9091-27bdf56b6ea7,60694a33-64df-4703-bb1f-20bc3948e683,created,,0a9ffe3b-a3e2-439e-a1a8-f299379438e2,,6ff17eb7-5c04-40ff-83f8-043b4cb1c45c,"{""source"": ""initial registration"", ""asset_tag"": ""AST-FURN-CHAIR-00014""}",2023-12-09 00:00:00+00
7df1c5bf-1f68-4b93-9fae-c69860a2a3b0,7ba84913-dcd6-4c6f-a407-7cb6559ce9dc,60694a33-64df-4703-bb1f-20bc3948e683,created,,c3046ac9-0b25-4639-993e-d7963242f60a,,176f3f16-3ab1-409e-8c10-9631bea0edcc,"{""source"": ""initial registration"", ""asset_tag"": ""AST-FURN-CHAIR-00399""}",2026-03-06 00:00:00+00
46cdfcaa-40c4-400d-a606-6b3ad1d73803,1386d106-9599-41a3-8fd3-f1a9d91c3d04,60694a33-64df-4703-bb1f-20bc3948e683,imported,,e514cc00-3301-4d64-af38-4cd4294f1363,,176f3f16-3ab1-409e-8c10-9631bea0edcc,"{""source"": ""initial registration"", ""asset_tag"": ""AST-FURN-CHAIR-00375""}",2023-12-02 00:00:00+00
65e2d8ed-8a9f-47b0-8f8a-64c3bc7a9a33,c9963b25-763f-4f60-aaf5-f07f16561a8d,60694a33-64df-4703-bb1f-20bc3948e683,imported,,b9ee01aa-284d-41fc-92e0-1e2c29704a3b,,750c04a5-63c4-42c6-a7c4-b3aa1de4eebf,"{""source"": ""initial registration"", ""asset_tag"": ""AST-FURN-CHAIR-00351""}",2024-01-12 00:00:00+00
bf53d5a5-4b11-4dd4-8696-3a93474a1490,7a9ad579-f1a4-4724-b29d-55a2939ae3ee,60694a33-64df-4703-bb1f-20bc3948e683,imported,,5a904d7b-02c7-4a5f-8de4-8106644afe6f,,05d038a0-b4a2-40fb-9ac6-eecfcf9cda47,"{""source"": ""initial registration"", ""asset_tag"": ""AST-FURN-CHAIR-00327""}",2020-11-14 00:00:00+00
66e70586-c4a4-4f45-b594-f2cf1a0b291b,554d6041-1b26-429f-b36b-9976bf27eaa4,60694a33-64df-4703-bb1f-20bc3948e683,imported,,fd093c49-0da4-4fb9-b4ca-3354e21aeeed,,176f3f16-3ab1-409e-8c10-9631bea0edcc,"{""source"": ""initial registration"", ""asset_tag"": ""AST-FURN-CHAIR-00303""}",2021-04-10 00:00:00+00
59e879d4-a980-4bda-ae10-5c887cf9b3b3,b98c8732-94a6-4e53-a0c3-7c4cdf9d7ee9,60694a33-64df-4703-bb1f-20bc3948e683,imported,,7d91cdbd-8e9f-4416-aff0-b59104bd3dee,,750c04a5-63c4-42c6-a7c4-b3aa1de4eebf,"{""source"": ""initial registration"", ""asset_tag"": ""AST-FURN-CHAIR-00279""}",2022-05-03 00:00:00+00
a948e152-494f-453a-a9b5-e2aa8e6f1e3c,3960555e-67e5-4205-b407-297b45207d44,60694a33-64df-4703-bb1f-20bc3948e683,imported,,1234f84e-b9c0-4ae7-a4a5-d80ccaff9edd,,05d038a0-b4a2-40fb-9ac6-eecfcf9cda47,"{""source"": ""initial registration"", ""asset_tag"": ""AST-FURN-CHAIR-00255""}",2019-10-21 00:00:00+00
2af0ee61-bce9-4b73-a5b5-1db6f12aa35b,33fc2fe4-da87-4c37-9ecc-f794202e588c,60694a33-64df-4703-bb1f-20bc3948e683,created,,c3046ac9-0b25-4639-993e-d7963242f60a,,176f3f16-3ab1-409e-8c10-9631bea0edcc,"{""source"": ""initial registration"", ""asset_tag"": ""AST-FURN-CHAIR-00231""}",2023-02-14 00:00:00+00
b13404af-cf76-4b09-a96d-6d5983b746ac,49bf0f85-0e34-42e9-9b20-de4087bc25a3,60694a33-64df-4703-bb1f-20bc3948e683,created,,e514cc00-3301-4d64-af38-4cd4294f1363,,176f3f16-3ab1-409e-8c10-9631bea0edcc,"{""source"": ""initial registration"", ""asset_tag"": ""AST-FURN-CHAIR-00207""}",2025-07-11 00:00:00+00
891611d9-f610-474e-8641-643177b6eeb3,80d44a66-fecf-48d7-ae90-6be07f028ca1,60694a33-64df-4703-bb1f-20bc3948e683,imported,,b9ee01aa-284d-41fc-92e0-1e2c29704a3b,,750c04a5-63c4-42c6-a7c4-b3aa1de4eebf,"{""source"": ""initial registration"", ""asset_tag"": ""AST-FURN-CHAIR-00183""}",2023-12-27 00:00:00+00
bd260c84-e149-40f0-a901-9af5bd3d79c4,69f502b1-eece-47ec-9ee0-518fe3c0eebc,60694a33-64df-4703-bb1f-20bc3948e683,imported,,5a904d7b-02c7-4a5f-8de4-8106644afe6f,,05d038a0-b4a2-40fb-9ac6-eecfcf9cda47,"{""source"": ""initial registration"", ""asset_tag"": ""AST-FURN-CHAIR-00159""}",2023-07-02 00:00:00+00
85a49ed2-1b84-4332-9f05-35ce49f4b3aa,846ab98f-982f-4fad-84db-55c6284b5870,60694a33-64df-4703-bb1f-20bc3948e683,imported,,fd093c49-0da4-4fb9-b4ca-3354e21aeeed,,176f3f16-3ab1-409e-8c10-9631bea0edcc,"{""source"": ""initial registration"", ""asset_tag"": ""AST-FURN-CHAIR-00135""}",2020-11-08 00:00:00+00
87d5bc57-996b-4e16-b336-41cc7a6f91d7,70d5fcf0-e289-4971-be31-b8f2b2de3615,60694a33-64df-4703-bb1f-20bc3948e683,imported,,7d91cdbd-8e9f-4416-aff0-b59104bd3dee,,750c04a5-63c4-42c6-a7c4-b3aa1de4eebf,"{""source"": ""initial registration"", ""asset_tag"": ""AST-FURN-CHAIR-00111""}",2024-10-05 00:00:00+00
06590ca7-8891-4236-b6e1-0fe94d1aac52,48ad148e-78a6-4700-a3f7-ef329523d118,60694a33-64df-4703-bb1f-20bc3948e683,imported,,1234f84e-b9c0-4ae7-a4a5-d80ccaff9edd,,05d038a0-b4a2-40fb-9ac6-eecfcf9cda47,"{""source"": ""initial registration"", ""asset_tag"": ""AST-FURN-CHAIR-00087""}",2023-11-02 00:00:00+00
762d5989-6a82-4f6e-b8d0-65cced009b52,ee322d04-238c-4708-aa1b-29cbc0e95468,60694a33-64df-4703-bb1f-20bc3948e683,created,,c3046ac9-0b25-4639-993e-d7963242f60a,,176f3f16-3ab1-409e-8c10-9631bea0edcc,"{""source"": ""initial registration"", ""asset_tag"": ""AST-FURN-CHAIR-00063""}",2021-02-16 00:00:00+00
d0e441b8-1d74-4cda-8226-3f6d614e438a,8c8afd0c-eb92-4fae-883e-a1e74b5c8fa7,60694a33-64df-4703-bb1f-20bc3948e683,imported,,e514cc00-3301-4d64-af38-4cd4294f1363,,176f3f16-3ab1-409e-8c10-9631bea0edcc,"{""source"": ""initial registration"", ""asset_tag"": ""AST-FURN-CHAIR-00039""}",2021-12-11 00:00:00+00
0f88985f-31c2-4a91-b7a0-4d21152f1256,05eb72ca-3e8d-4948-9a47-910a57414fd4,60694a33-64df-4703-bb1f-20bc3948e683,imported,,b9ee01aa-284d-41fc-92e0-1e2c29704a3b,,750c04a5-63c4-42c6-a7c4-b3aa1de4eebf,"{""source"": ""initial registration"", ""asset_tag"": ""AST-FURN-CHAIR-00015""}",2024-10-18 00:00:00+00
ac1e18b0-53fe-4fb5-a79b-cca65e513135,64f4347e-6b2e-4d45-9a0e-c53187592a66,60694a33-64df-4703-bb1f-20bc3948e683,imported,,b685a49b-8c4c-437f-9738-80d6a2ab8af5,,8703fd82-ea7e-461c-bacc-18cd5a7c3d3b,"{""source"": ""initial registration"", ""asset_tag"": ""AST-FURN-CAB-00400""}",2024-11-16 00:00:00+00
f2db371d-6587-4c71-a130-95dd8f1da75e,ef971187-e6e5-4001-9043-fa9e89232dc7,60694a33-64df-4703-bb1f-20bc3948e683,imported,,ab9714cb-122f-4204-a820-6d7257a3057c,,6ff17eb7-5c04-40ff-83f8-043b4cb1c45c,"{""source"": ""initial registration"", ""asset_tag"": ""AST-FURN-CAB-00376""}",2023-10-12 00:00:00+00
042dbd6b-e987-4349-a21c-31cd664f291d,2d401ac0-5992-479d-9c3a-c636fe03fce3,60694a33-64df-4703-bb1f-20bc3948e683,created,,226f67de-eecb-4041-b2fd-00c436b1b82f,,1c4df881-cca6-49a3-9b2e-6a87a781ef63,"{""source"": ""initial registration"", ""asset_tag"": ""AST-FURN-CAB-00352""}",2023-01-05 00:00:00+00
ef29c6f5-c4b3-4c34-8aee-edee815a32e1,e39eb721-001d-47b0-88db-d7bf863f4a60,60694a33-64df-4703-bb1f-20bc3948e683,imported,,0ea1b587-0390-4fcf-a4cd-e82e2caef624,,8703fd82-ea7e-461c-bacc-18cd5a7c3d3b,"{""source"": ""initial registration"", ""asset_tag"": ""AST-FURN-CAB-00328""}",2023-07-08 00:00:00+00
4ffa168c-aba3-4a22-ae28-6de3c30e282a,ae86aa6d-3e87-4a2a-81ed-6e34d4e56636,60694a33-64df-4703-bb1f-20bc3948e683,created,,8090e173-233a-4c47-9778-d4fe6f272e43,,6ff17eb7-5c04-40ff-83f8-043b4cb1c45c,"{""source"": ""initial registration"", ""asset_tag"": ""AST-FURN-CAB-00304""}",2022-01-02 00:00:00+00
6dedca54-47a7-4b81-9d2c-37e12d792e62,bf853716-95ce-4780-b6f6-d421c3eb7e98,60694a33-64df-4703-bb1f-20bc3948e683,created,,418ec156-f12e-4b21-8e3c-9546e326d2f3,,1c4df881-cca6-49a3-9b2e-6a87a781ef63,"{""source"": ""initial registration"", ""asset_tag"": ""AST-FURN-CAB-00280""}",2021-09-13 00:00:00+00
830a5bbd-6139-4c5a-9879-3d4f4e4499f7,236e3ef4-e754-43cc-870e-6a4f396f8ffb,60694a33-64df-4703-bb1f-20bc3948e683,imported,,ed0c4695-23ba-41bb-bb52-4fc110fc0fde,,1c4df881-cca6-49a3-9b2e-6a87a781ef63,"{""source"": ""initial registration"", ""asset_tag"": ""AST-FURN-CAB-00256""}",2019-09-21 00:00:00+00
c377c924-13c3-426c-ac29-facc7a3ae513,504b4141-93a8-40d7-babe-9448078a5566,60694a33-64df-4703-bb1f-20bc3948e683,created,,b685a49b-8c4c-437f-9738-80d6a2ab8af5,,8703fd82-ea7e-461c-bacc-18cd5a7c3d3b,"{""source"": ""initial registration"", ""asset_tag"": ""AST-FURN-CAB-00232""}",2022-03-02 00:00:00+00
cda6577a-2bd5-4ce7-af0e-07e9d26df6f6,3085cb48-55e4-4415-bdca-bc7f9d0b4535,60694a33-64df-4703-bb1f-20bc3948e683,created,,ab9714cb-122f-4204-a820-6d7257a3057c,,6ff17eb7-5c04-40ff-83f8-043b4cb1c45c,"{""source"": ""initial registration"", ""asset_tag"": ""AST-FURN-CAB-00208""}",2023-07-10 00:00:00+00
76f898e8-238f-4920-b72b-21c89eda3477,7fe1bcfe-74c1-4691-bec0-496189b173ff,60694a33-64df-4703-bb1f-20bc3948e683,imported,,226f67de-eecb-4041-b2fd-00c436b1b82f,,1c4df881-cca6-49a3-9b2e-6a87a781ef63,"{""source"": ""initial registration"", ""asset_tag"": ""AST-FURN-CAB-00184""}",2019-11-29 00:00:00+00
1d497804-33a1-47f8-aed9-a306b1944a4a,b24049e6-3200-4839-911c-962ef0c015c8,60694a33-64df-4703-bb1f-20bc3948e683,created,,0ea1b587-0390-4fcf-a4cd-e82e2caef624,,8703fd82-ea7e-461c-bacc-18cd5a7c3d3b,"{""source"": ""initial registration"", ""asset_tag"": ""AST-FURN-CAB-00160""}",2022-05-07 00:00:00+00
e4114369-083e-42cc-9199-e85a2b01bda0,01475fef-d0d0-4491-9afd-308a228d3be5,60694a33-64df-4703-bb1f-20bc3948e683,imported,,8090e173-233a-4c47-9778-d4fe6f272e43,,6ff17eb7-5c04-40ff-83f8-043b4cb1c45c,"{""source"": ""initial registration"", ""asset_tag"": ""AST-FURN-CAB-00136""}",2023-07-19 00:00:00+00
603843be-3135-494a-bbce-1bb76863e125,5b5c4ba3-0d50-43b1-8add-272e9671253d,60694a33-64df-4703-bb1f-20bc3948e683,imported,,418ec156-f12e-4b21-8e3c-9546e326d2f3,,1c4df881-cca6-49a3-9b2e-6a87a781ef63,"{""source"": ""initial registration"", ""asset_tag"": ""AST-FURN-CAB-00112""}",2020-05-05 00:00:00+00
e7f0ee74-1828-4d93-83a3-039f811beff8,681b7608-e7f4-4112-b55c-bcfd12e19951,60694a33-64df-4703-bb1f-20bc3948e683,created,,ed0c4695-23ba-41bb-bb52-4fc110fc0fde,,1c4df881-cca6-49a3-9b2e-6a87a781ef63,"{""source"": ""initial registration"", ""asset_tag"": ""AST-FURN-CAB-00088""}",2022-06-20 00:00:00+00
dc3989df-14d0-4056-89ec-2585e37fe747,bc43fd12-e262-4b39-9dd8-e95fd913f691,60694a33-64df-4703-bb1f-20bc3948e683,imported,,b685a49b-8c4c-437f-9738-80d6a2ab8af5,,8703fd82-ea7e-461c-bacc-18cd5a7c3d3b,"{""source"": ""initial registration"", ""asset_tag"": ""AST-FURN-CAB-00064""}",2023-05-21 00:00:00+00
fb53391d-3fd0-4f61-aa0c-c70b28440963,1dae4ff8-39e9-4c3b-97c7-1f6686b1b644,60694a33-64df-4703-bb1f-20bc3948e683,imported,,ab9714cb-122f-4204-a820-6d7257a3057c,,6ff17eb7-5c04-40ff-83f8-043b4cb1c45c,"{""source"": ""initial registration"", ""asset_tag"": ""AST-FURN-CAB-00040""}",2022-03-21 00:00:00+00
4276bb66-5d5f-4b87-bb0e-c4dfbeebc28c,9eeb8a16-0b51-4d19-8a04-42908b4ca3a4,60694a33-64df-4703-bb1f-20bc3948e683,imported,,226f67de-eecb-4041-b2fd-00c436b1b82f,,1c4df881-cca6-49a3-9b2e-6a87a781ef63,"{""source"": ""initial registration"", ""asset_tag"": ""AST-FURN-CAB-00016""}",2020-01-05 00:00:00+00
aa340c0e-2e8e-4fef-a0fb-fc07a36ff647,ef825d0e-252d-4533-a0f6-6e2c16149ea2,60694a33-64df-4703-bb1f-20bc3948e683,imported,,fdf5ec3c-73f4-4613-932b-6e5cd1d028e1,,750c04a5-63c4-42c6-a7c4-b3aa1de4eebf,"{""source"": ""initial registration"", ""asset_tag"": ""AST-FAC-AC-00401""}",2023-07-11 00:00:00+00
188d1951-9ec4-43db-af9c-ba9d529c7de6,f7afe2cc-0cda-4958-889a-434d67d83d7c,60694a33-64df-4703-bb1f-20bc3948e683,imported,,6be6af1f-cc41-4d06-a82f-74acaf9fff13,,05d038a0-b4a2-40fb-9ac6-eecfcf9cda47,"{""source"": ""initial registration"", ""asset_tag"": ""AST-FAC-AC-00377""}",2022-08-18 00:00:00+00
ceab3210-b79b-4dd7-a0c0-495a7c9602f1,cd86ca79-4209-43fa-8dc0-ce6f23a485df,60694a33-64df-4703-bb1f-20bc3948e683,imported,,75741c19-7bc5-4f13-8bcd-5543dbab11a6,,05d038a0-b4a2-40fb-9ac6-eecfcf9cda47,"{""source"": ""initial registration"", ""asset_tag"": ""AST-FAC-AC-00353""}",2025-09-04 00:00:00+00
efbe00b0-5400-4b0c-a5d5-be7e97293cd6,c6c338df-b90f-4081-a380-6802bc2f3c0a,60694a33-64df-4703-bb1f-20bc3948e683,created,,d640dd11-70ae-4fdc-af12-97b61c1003e1,,176f3f16-3ab1-409e-8c10-9631bea0edcc,"{""source"": ""initial registration"", ""asset_tag"": ""AST-FAC-AC-00329""}",2023-06-30 00:00:00+00
df1f6d7d-9fa4-4013-81f9-5a6f05dd8f51,16b21293-b6a2-480f-a726-5a1c87cec645,60694a33-64df-4703-bb1f-20bc3948e683,imported,,931086a7-6352-430d-894b-6363e4ac4388,,750c04a5-63c4-42c6-a7c4-b3aa1de4eebf,"{""source"": ""initial registration"", ""asset_tag"": ""AST-FAC-AC-00305""}",2023-06-05 00:00:00+00
f2ed4fc5-5087-4a31-b796-8b5289a61ce2,3e9a4522-5167-4379-91f6-60f4d5ad68a9,60694a33-64df-4703-bb1f-20bc3948e683,imported,,824bea60-5daa-4553-8a8a-d2d710545d90,,05d038a0-b4a2-40fb-9ac6-eecfcf9cda47,"{""source"": ""initial registration"", ""asset_tag"": ""AST-FAC-AC-00281""}",2022-07-17 00:00:00+00
07528690-2a00-440c-9a6d-9e6f8bb855cd,c0c4170c-358b-4feb-8bd4-65e3caea002f,60694a33-64df-4703-bb1f-20bc3948e683,created,,faabc42b-93b2-4e8b-9e4d-2abd46f82d9c,,176f3f16-3ab1-409e-8c10-9631bea0edcc,"{""source"": ""initial registration"", ""asset_tag"": ""AST-FAC-AC-00257""}",2020-06-17 00:00:00+00
d293ec46-aa9c-4141-b0cf-289b2ae6dbdf,8345b397-c894-4634-ad3e-981860ed4ff8,60694a33-64df-4703-bb1f-20bc3948e683,imported,,fdf5ec3c-73f4-4613-932b-6e5cd1d028e1,,750c04a5-63c4-42c6-a7c4-b3aa1de4eebf,"{""source"": ""initial registration"", ""asset_tag"": ""AST-FAC-AC-00233""}",2019-12-22 00:00:00+00
e56dc50f-8550-4f48-b654-632c3ffb2292,8c7db0db-6f83-4007-95db-8ac6eca67355,60694a33-64df-4703-bb1f-20bc3948e683,imported,,6be6af1f-cc41-4d06-a82f-74acaf9fff13,,05d038a0-b4a2-40fb-9ac6-eecfcf9cda47,"{""source"": ""initial registration"", ""asset_tag"": ""AST-FAC-AC-00209""}",2020-04-21 00:00:00+00
3266c58f-bf32-4fb0-ba08-49c2e6372066,ed91931d-3607-464f-a50c-794c0b6d6e7f,60694a33-64df-4703-bb1f-20bc3948e683,imported,,75741c19-7bc5-4f13-8bcd-5543dbab11a6,,05d038a0-b4a2-40fb-9ac6-eecfcf9cda47,"{""source"": ""initial registration"", ""asset_tag"": ""AST-FAC-AC-00185""}",2024-06-20 00:00:00+00
933f60cb-07c9-4b22-8b51-2561ee578017,3f9432fa-7e81-4556-9d2c-124f5477fa22,60694a33-64df-4703-bb1f-20bc3948e683,imported,,d640dd11-70ae-4fdc-af12-97b61c1003e1,,176f3f16-3ab1-409e-8c10-9631bea0edcc,"{""source"": ""initial registration"", ""asset_tag"": ""AST-FAC-AC-00161""}",2022-12-04 00:00:00+00
a68fc233-bc62-412c-b396-7a400e2f5815,ae1871af-27f8-46b0-92ab-c6008a2a30fc,60694a33-64df-4703-bb1f-20bc3948e683,imported,,931086a7-6352-430d-894b-6363e4ac4388,,750c04a5-63c4-42c6-a7c4-b3aa1de4eebf,"{""source"": ""initial registration"", ""asset_tag"": ""AST-FAC-AC-00137""}",2025-04-28 00:00:00+00
b31898b9-93ab-4632-8feb-8d8271a91817,152bd1ea-1a45-4b8f-8395-fb34927e301b,60694a33-64df-4703-bb1f-20bc3948e683,created,,824bea60-5daa-4553-8a8a-d2d710545d90,,05d038a0-b4a2-40fb-9ac6-eecfcf9cda47,"{""source"": ""initial registration"", ""asset_tag"": ""AST-FAC-AC-00113""}",2020-08-06 00:00:00+00
dc2348d2-47e7-44eb-9174-ff200bc66593,b31ceb27-7da5-4be2-9663-6e55fafd0ec1,60694a33-64df-4703-bb1f-20bc3948e683,created,,faabc42b-93b2-4e8b-9e4d-2abd46f82d9c,,176f3f16-3ab1-409e-8c10-9631bea0edcc,"{""source"": ""initial registration"", ""asset_tag"": ""AST-FAC-AC-00089""}",2021-01-19 00:00:00+00
7886feaf-519c-4d63-9375-79973f605b85,9039c585-128a-496e-91c2-7567e83b7b1b,60694a33-64df-4703-bb1f-20bc3948e683,imported,,fdf5ec3c-73f4-4613-932b-6e5cd1d028e1,,750c04a5-63c4-42c6-a7c4-b3aa1de4eebf,"{""source"": ""initial registration"", ""asset_tag"": ""AST-FAC-AC-00065""}",2026-01-13 00:00:00+00
43228e45-3603-4a51-b791-518f82a334e1,3673afb5-08c2-4510-aca4-37914bedfc03,60694a33-64df-4703-bb1f-20bc3948e683,imported,,6be6af1f-cc41-4d06-a82f-74acaf9fff13,,05d038a0-b4a2-40fb-9ac6-eecfcf9cda47,"{""source"": ""initial registration"", ""asset_tag"": ""AST-FAC-AC-00041""}",2020-06-24 00:00:00+00
8b9382d2-7172-4ed4-a210-d8414ac79b73,148003af-a85e-4d2b-8321-332aa956264e,60694a33-64df-4703-bb1f-20bc3948e683,created,,75741c19-7bc5-4f13-8bcd-5543dbab11a6,,05d038a0-b4a2-40fb-9ac6-eecfcf9cda47,"{""source"": ""initial registration"", ""asset_tag"": ""AST-FAC-AC-00017""}",2024-11-06 00:00:00+00
add1a080-a879-4ce7-b908-8bc71e50b8de,050126d8-8632-46cb-8a99-5e30d160224e,60694a33-64df-4703-bb1f-20bc3948e683,imported,,aee1dad1-5904-4a33-8893-b1744b8c9818,,6ff17eb7-5c04-40ff-83f8-043b4cb1c45c,"{""source"": ""initial registration"", ""asset_tag"": ""AST-FAC-UPS-00402""}",2022-08-27 00:00:00+00
d4ff30d0-d238-4169-882d-a39bf9d6741f,2e348b1b-ebc3-45cc-9e4c-b6e68da6846f,60694a33-64df-4703-bb1f-20bc3948e683,imported,,8f91eff9-f399-4920-bb43-f748de8dba53,,1c4df881-cca6-49a3-9b2e-6a87a781ef63,"{""source"": ""initial registration"", ""asset_tag"": ""AST-FAC-UPS-00378""}",2020-02-10 00:00:00+00
2a0c468c-c900-4685-bcc3-d9243a05c87c,8d82556a-4880-422b-925a-842e8f303d08,60694a33-64df-4703-bb1f-20bc3948e683,imported,,df3d8ea3-3aa6-4212-a736-6a16b4ecb804,,8703fd82-ea7e-461c-bacc-18cd5a7c3d3b,"{""source"": ""initial registration"", ""asset_tag"": ""AST-FAC-UPS-00354""}",2025-06-04 00:00:00+00
1f510da0-bfa0-44f8-8c01-cc13aed66c84,88bab730-e065-4622-ae76-1cfd1f3662dd,60694a33-64df-4703-bb1f-20bc3948e683,created,,32c3a1d1-37ba-4b9c-9c41-80de762168b5,,6ff17eb7-5c04-40ff-83f8-043b4cb1c45c,"{""source"": ""initial registration"", ""asset_tag"": ""AST-FAC-UPS-00330""}",2020-07-25 00:00:00+00
dc636e89-8014-4981-b77b-412c645c222d,a4d012bc-5210-436e-b313-d524ce50eec4,60694a33-64df-4703-bb1f-20bc3948e683,imported,,01ff8df6-208a-40fd-bc27-a79a4733d467,,1c4df881-cca6-49a3-9b2e-6a87a781ef63,"{""source"": ""initial registration"", ""asset_tag"": ""AST-FAC-UPS-00306""}",2020-03-09 00:00:00+00
c0aab9b7-7fcf-4288-a73b-ff4fe1fcebc4,5f8c097d-479b-4729-8172-b86640868e2e,60694a33-64df-4703-bb1f-20bc3948e683,imported,,a6ec99b6-0c5e-460f-9bcc-b385a07737c1,,8703fd82-ea7e-461c-bacc-18cd5a7c3d3b,"{""source"": ""initial registration"", ""asset_tag"": ""AST-FAC-UPS-00282""}",2025-05-06 00:00:00+00
57d6257f-846b-489d-a66a-610374cfb915,39082336-9803-4031-95a8-c5eee23e98b6,60694a33-64df-4703-bb1f-20bc3948e683,created,,85499f3b-df0c-46e7-b412-0e86014d2d23,,8703fd82-ea7e-461c-bacc-18cd5a7c3d3b,"{""source"": ""initial registration"", ""asset_tag"": ""AST-FAC-UPS-00258""}",2023-03-09 00:00:00+00
feb27e9d-d325-4c9f-910f-817930c8c7b4,d6609890-892c-403a-8f4a-12d47e59305d,60694a33-64df-4703-bb1f-20bc3948e683,created,,aee1dad1-5904-4a33-8893-b1744b8c9818,,6ff17eb7-5c04-40ff-83f8-043b4cb1c45c,"{""source"": ""initial registration"", ""asset_tag"": ""AST-FAC-UPS-00234""}",2024-10-05 00:00:00+00
c76ad9ef-a437-4700-80dc-c6d62502a547,1366efcf-9b11-4708-8821-07867e9c25c6,60694a33-64df-4703-bb1f-20bc3948e683,imported,,8f91eff9-f399-4920-bb43-f748de8dba53,,1c4df881-cca6-49a3-9b2e-6a87a781ef63,"{""source"": ""initial registration"", ""asset_tag"": ""AST-FAC-UPS-00210""}",2023-07-09 00:00:00+00
2e6511a3-1f54-4c5c-9859-0c9ff711f782,89e43624-0d65-4ead-9c78-15a7b1de7d1c,60694a33-64df-4703-bb1f-20bc3948e683,created,,df3d8ea3-3aa6-4212-a736-6a16b4ecb804,,8703fd82-ea7e-461c-bacc-18cd5a7c3d3b,"{""source"": ""initial registration"", ""asset_tag"": ""AST-FAC-UPS-00186""}",2023-07-03 00:00:00+00
88c7bc62-44cb-4e67-b69b-c14b20ae0c09,5094c415-bfc6-4ad7-97eb-9ee6e1da6df2,60694a33-64df-4703-bb1f-20bc3948e683,imported,,32c3a1d1-37ba-4b9c-9c41-80de762168b5,,6ff17eb7-5c04-40ff-83f8-043b4cb1c45c,"{""source"": ""initial registration"", ""asset_tag"": ""AST-FAC-UPS-00162""}",2021-04-28 00:00:00+00
dd631c98-03f6-4a82-be44-7105361b4183,3d82df37-eb31-4789-9182-1acf8c0a0d77,60694a33-64df-4703-bb1f-20bc3948e683,created,,01ff8df6-208a-40fd-bc27-a79a4733d467,,1c4df881-cca6-49a3-9b2e-6a87a781ef63,"{""source"": ""initial registration"", ""asset_tag"": ""AST-FAC-UPS-00138""}",2020-05-28 00:00:00+00
ab18b64e-2ff2-4484-997e-3fc6240d26b6,35d6700e-4f92-4e38-81dd-2df78f813e43,60694a33-64df-4703-bb1f-20bc3948e683,imported,,a6ec99b6-0c5e-460f-9bcc-b385a07737c1,,8703fd82-ea7e-461c-bacc-18cd5a7c3d3b,"{""source"": ""initial registration"", ""asset_tag"": ""AST-FAC-UPS-00114""}",2023-01-27 00:00:00+00
92f54403-6b46-4277-bf3b-a9c67ddaf02e,4b91b883-e1a1-4b8f-8e28-5d1a77c73478,60694a33-64df-4703-bb1f-20bc3948e683,created,,85499f3b-df0c-46e7-b412-0e86014d2d23,,8703fd82-ea7e-461c-bacc-18cd5a7c3d3b,"{""source"": ""initial registration"", ""asset_tag"": ""AST-FAC-UPS-00090""}",2020-08-30 00:00:00+00
8a3749df-8d7d-4c73-9dc7-68a3adf5024b,633bf4fc-958e-469f-be48-c49a8c2cd116,60694a33-64df-4703-bb1f-20bc3948e683,imported,,aee1dad1-5904-4a33-8893-b1744b8c9818,,6ff17eb7-5c04-40ff-83f8-043b4cb1c45c,"{""source"": ""initial registration"", ""asset_tag"": ""AST-FAC-UPS-00066""}",2021-09-18 00:00:00+00
4e31aa88-deb0-419b-8cf4-3c8d2ccb1e07,1f161153-09ea-4bea-9501-621fd6755072,60694a33-64df-4703-bb1f-20bc3948e683,imported,,8f91eff9-f399-4920-bb43-f748de8dba53,,1c4df881-cca6-49a3-9b2e-6a87a781ef63,"{""source"": ""initial registration"", ""asset_tag"": ""AST-FAC-UPS-00042""}",2022-10-28 00:00:00+00
92513bf2-7783-4c8b-9e72-0f700b6f72ce,5c69d63a-79af-4855-9496-8dbeddd207ad,60694a33-64df-4703-bb1f-20bc3948e683,created,,df3d8ea3-3aa6-4212-a736-6a16b4ecb804,,8703fd82-ea7e-461c-bacc-18cd5a7c3d3b,"{""source"": ""initial registration"", ""asset_tag"": ""AST-FAC-UPS-00018""}",2025-03-06 00:00:00+00
a7f52b61-071a-42ab-b908-a3dc72362a5c,88b32d42-dcd3-42a3-b781-e29c49719c8c,60694a33-64df-4703-bb1f-20bc3948e683,created,,87c202bd-5d44-4042-accc-214381d58ab5,,05d038a0-b4a2-40fb-9ac6-eecfcf9cda47,"{""source"": ""initial registration"", ""asset_tag"": ""AST-IT-PRINTER-00403""}",2023-03-14 00:00:00+00
f1bf588f-bc6f-423c-a0f4-cf34b137b205,e5c2b61b-a977-4e3c-9312-2053fe84ac7e,60694a33-64df-4703-bb1f-20bc3948e683,imported,,73fdb59c-ac31-400e-bf53-3b4e19b20c10,,176f3f16-3ab1-409e-8c10-9631bea0edcc,"{""source"": ""initial registration"", ""asset_tag"": ""AST-IT-PRINTER-00379""}",2022-12-30 00:00:00+00
31adfa5c-27b1-4bf4-8e2d-103dd969d1cd,6b5815e3-1f9c-4f33-aa53-1136a98be71d,60694a33-64df-4703-bb1f-20bc3948e683,imported,,af21c725-bf6f-4560-aa7b-6019030410ea,,750c04a5-63c4-42c6-a7c4-b3aa1de4eebf,"{""source"": ""initial registration"", ""asset_tag"": ""AST-IT-PRINTER-00355""}",2019-11-10 00:00:00+00
52e063a8-218d-48dc-b4e2-e22a95ed36bc,e29c31f7-8d8e-4576-94c8-e5cdcf34f043,60694a33-64df-4703-bb1f-20bc3948e683,imported,,5bac9e47-d100-44c8-b570-0db31ea21fad,,05d038a0-b4a2-40fb-9ac6-eecfcf9cda47,"{""source"": ""initial registration"", ""asset_tag"": ""AST-IT-PRINTER-00331""}",2020-11-07 00:00:00+00
881a7bfb-7032-421e-ab7a-775d2724a637,28b38db8-79d2-4c6b-9367-59cddcddd78a,60694a33-64df-4703-bb1f-20bc3948e683,imported,,3288eed1-6ae3-45da-acb7-12c603a5bfed,,05d038a0-b4a2-40fb-9ac6-eecfcf9cda47,"{""source"": ""initial registration"", ""asset_tag"": ""AST-IT-PRINTER-00307""}",2025-03-18 00:00:00+00
ae5901b1-c61c-467b-b3c1-9d562dfb47cd,b2c3d66b-cd4d-4d43-a9c5-dc6d5d8ffcb0,60694a33-64df-4703-bb1f-20bc3948e683,imported,,2d3df51d-7064-4e69-9149-61bba0212bb9,,176f3f16-3ab1-409e-8c10-9631bea0edcc,"{""source"": ""initial registration"", ""asset_tag"": ""AST-IT-PRINTER-00283""}",2024-12-20 00:00:00+00
17bc7eb3-390b-422c-b1dc-0d2aae941df3,1e2d69e1-a40a-4f04-b631-df9223aade50,60694a33-64df-4703-bb1f-20bc3948e683,imported,,b82c31fb-e089-421b-a0d9-9c5e117bb57f,,750c04a5-63c4-42c6-a7c4-b3aa1de4eebf,"{""source"": ""initial registration"", ""asset_tag"": ""AST-IT-PRINTER-00259""}",2020-04-14 00:00:00+00
3522f368-1b20-4870-9c8f-554e1a30dee3,9f10b9a6-6866-4168-868e-891c259876a7,60694a33-64df-4703-bb1f-20bc3948e683,imported,,87c202bd-5d44-4042-accc-214381d58ab5,,05d038a0-b4a2-40fb-9ac6-eecfcf9cda47,"{""source"": ""initial registration"", ""asset_tag"": ""AST-IT-PRINTER-00235""}",2024-03-24 00:00:00+00
9e22b2be-55be-471d-adfb-453fca733b93,88eda7bd-e742-460d-8b55-e98dd5b359e4,60694a33-64df-4703-bb1f-20bc3948e683,imported,,73fdb59c-ac31-400e-bf53-3b4e19b20c10,,176f3f16-3ab1-409e-8c10-9631bea0edcc,"{""source"": ""initial registration"", ""asset_tag"": ""AST-IT-PRINTER-00211""}",2024-04-01 00:00:00+00
652dbc22-405a-4b2b-b0ac-0f16bf1671ee,e35e601c-6f78-4408-ba55-dcbc531ccba7,60694a33-64df-4703-bb1f-20bc3948e683,imported,,af21c725-bf6f-4560-aa7b-6019030410ea,,750c04a5-63c4-42c6-a7c4-b3aa1de4eebf,"{""source"": ""initial registration"", ""asset_tag"": ""AST-IT-PRINTER-00187""}",2023-06-23 00:00:00+00
8a2e0ad1-d477-4e88-ac2a-dd0035ea8ff8,5810bbf3-f562-4d77-bf97-38ff07955a20,60694a33-64df-4703-bb1f-20bc3948e683,created,,5bac9e47-d100-44c8-b570-0db31ea21fad,,05d038a0-b4a2-40fb-9ac6-eecfcf9cda47,"{""source"": ""initial registration"", ""asset_tag"": ""AST-IT-PRINTER-00163""}",2021-12-03 00:00:00+00
8f758c8d-ac6d-4242-a96c-9b7bb90d084a,550154dc-5d4f-47b3-8703-91791bbf8896,60694a33-64df-4703-bb1f-20bc3948e683,imported,,3288eed1-6ae3-45da-acb7-12c603a5bfed,,05d038a0-b4a2-40fb-9ac6-eecfcf9cda47,"{""source"": ""initial registration"", ""asset_tag"": ""AST-IT-PRINTER-00139""}",2024-10-19 00:00:00+00
a8943666-69f7-43fe-ad0b-8a885547605d,f1454554-d325-4d7d-991d-befe1b8f2ea7,60694a33-64df-4703-bb1f-20bc3948e683,imported,,2d3df51d-7064-4e69-9149-61bba0212bb9,,176f3f16-3ab1-409e-8c10-9631bea0edcc,"{""source"": ""initial registration"", ""asset_tag"": ""AST-IT-PRINTER-00115""}",2025-08-13 00:00:00+00
0982a4b3-a396-4964-af8a-62662198a62b,f5eb43b5-b632-457f-adf3-d3493046df2c,60694a33-64df-4703-bb1f-20bc3948e683,imported,,b82c31fb-e089-421b-a0d9-9c5e117bb57f,,750c04a5-63c4-42c6-a7c4-b3aa1de4eebf,"{""source"": ""initial registration"", ""asset_tag"": ""AST-IT-PRINTER-00091""}",2024-12-29 00:00:00+00
6634b9ad-c9e6-4975-ae1a-5c5fe366b0ef,a6cea4e8-cdc6-439d-81e3-f91db2425a10,60694a33-64df-4703-bb1f-20bc3948e683,imported,,87c202bd-5d44-4042-accc-214381d58ab5,,05d038a0-b4a2-40fb-9ac6-eecfcf9cda47,"{""source"": ""initial registration"", ""asset_tag"": ""AST-IT-PRINTER-00067""}",2025-04-12 00:00:00+00
5536f1e7-3174-415f-ab3c-e299417ecd1d,cf5ba2e7-6b94-4dbc-a003-1566cc9ec1d6,60694a33-64df-4703-bb1f-20bc3948e683,imported,,73fdb59c-ac31-400e-bf53-3b4e19b20c10,,176f3f16-3ab1-409e-8c10-9631bea0edcc,"{""source"": ""initial registration"", ""asset_tag"": ""AST-IT-PRINTER-00043""}",2025-07-17 00:00:00+00
2931197c-b4a9-473e-9c79-f628c19ecd35,3041d632-b087-486d-a685-e3fdfd992ebd,60694a33-64df-4703-bb1f-20bc3948e683,imported,,af21c725-bf6f-4560-aa7b-6019030410ea,,750c04a5-63c4-42c6-a7c4-b3aa1de4eebf,"{""source"": ""initial registration"", ""asset_tag"": ""AST-IT-PRINTER-00019""}",2026-03-16 00:00:00+00
dfd2b874-e23e-4b06-aacf-39625b8004d2,832c7574-047b-40be-beda-2beb93318b0b,60694a33-64df-4703-bb1f-20bc3948e683,imported,,477a6a8f-fc3e-46c4-9661-b8e18aa51458,,8703fd82-ea7e-461c-bacc-18cd5a7c3d3b,"{""source"": ""initial registration"", ""asset_tag"": ""AST-IT-SWITCH-00404""}",2025-10-25 00:00:00+00
8dcc5a78-6014-4e82-87b4-2666b665cec9,2cfb2fa5-b3ce-42e3-a573-6689222edd4c,60694a33-64df-4703-bb1f-20bc3948e683,imported,,0807df48-ba0b-4ac3-ba93-906a9ddd9acb,,8703fd82-ea7e-461c-bacc-18cd5a7c3d3b,"{""source"": ""initial registration"", ""asset_tag"": ""AST-IT-SWITCH-00380""}",2023-02-19 00:00:00+00
ce8a6998-3cbd-476f-9691-9b4e154040b5,1cc709ca-b880-4b67-80ce-50f03f595673,60694a33-64df-4703-bb1f-20bc3948e683,imported,,9c9b191e-d225-40f7-8f83-7360ac682d26,,6ff17eb7-5c04-40ff-83f8-043b4cb1c45c,"{""source"": ""initial registration"", ""asset_tag"": ""AST-IT-SWITCH-00356""}",2023-07-23 00:00:00+00
7cfab44b-ca3f-4013-aac1-a69c50ff40d9,c280c1ba-cd7b-4693-84e1-812891f1a559,60694a33-64df-4703-bb1f-20bc3948e683,imported,,bf145be9-a3ed-43c6-8b63-9ac65a15909b,,1c4df881-cca6-49a3-9b2e-6a87a781ef63,"{""source"": ""initial registration"", ""asset_tag"": ""AST-IT-SWITCH-00332""}",2023-08-23 00:00:00+00
d04dbfee-a1cc-44cb-a343-6c063f0aadc2,ac6dd7f1-28c7-406e-9da4-8c7f1feffe78,60694a33-64df-4703-bb1f-20bc3948e683,created,,42a0fa0c-5355-4ca9-b2c2-a1b6993ee48b,,8703fd82-ea7e-461c-bacc-18cd5a7c3d3b,"{""source"": ""initial registration"", ""asset_tag"": ""AST-IT-SWITCH-00308""}",2023-07-06 00:00:00+00
8b696622-c0b9-44e3-a0fe-542769dba219,4f9d1a2d-6a7b-4392-a598-894acb28d19b,60694a33-64df-4703-bb1f-20bc3948e683,imported,,ce1019d0-93ab-4aad-a9c1-504e7de174b1,,6ff17eb7-5c04-40ff-83f8-043b4cb1c45c,"{""source"": ""initial registration"", ""asset_tag"": ""AST-IT-SWITCH-00284""}",2022-09-30 00:00:00+00
eb658e6f-a132-47e9-90c5-f77c43fe14f8,5d5065e5-7989-4060-be8b-e06b5adafc3f,60694a33-64df-4703-bb1f-20bc3948e683,imported,,8ce58e75-8b56-44e0-b303-308ab877a282,,1c4df881-cca6-49a3-9b2e-6a87a781ef63,"{""source"": ""initial registration"", ""asset_tag"": ""AST-IT-SWITCH-00260""}",2022-11-12 00:00:00+00
9617aaaf-f894-4099-9ba5-7ddba84d5686,c436bbce-52e1-4e34-9045-cf81fa01bd57,60694a33-64df-4703-bb1f-20bc3948e683,imported,,477a6a8f-fc3e-46c4-9661-b8e18aa51458,,8703fd82-ea7e-461c-bacc-18cd5a7c3d3b,"{""source"": ""initial registration"", ""asset_tag"": ""AST-IT-SWITCH-00236""}",2026-02-04 00:00:00+00
0925b18d-b1ac-407e-9829-cab356d08bb7,00467cc1-0ce5-4719-920d-17bb7fc50ded,60694a33-64df-4703-bb1f-20bc3948e683,imported,,0807df48-ba0b-4ac3-ba93-906a9ddd9acb,,8703fd82-ea7e-461c-bacc-18cd5a7c3d3b,"{""source"": ""initial registration"", ""asset_tag"": ""AST-IT-SWITCH-00212""}",2020-04-26 00:00:00+00
1dd69fd4-2e9e-4d00-8894-876446d2122d,88aa52f8-d735-4d98-9d6d-abf71c2080af,60694a33-64df-4703-bb1f-20bc3948e683,created,,9c9b191e-d225-40f7-8f83-7360ac682d26,,6ff17eb7-5c04-40ff-83f8-043b4cb1c45c,"{""source"": ""initial registration"", ""asset_tag"": ""AST-IT-SWITCH-00188""}",2019-12-03 00:00:00+00
6795f653-a704-4bb6-9784-6bc33ebf7ca4,7250124f-2dc4-4492-b322-56162422c764,60694a33-64df-4703-bb1f-20bc3948e683,imported,,bf145be9-a3ed-43c6-8b63-9ac65a15909b,,1c4df881-cca6-49a3-9b2e-6a87a781ef63,"{""source"": ""initial registration"", ""asset_tag"": ""AST-IT-SWITCH-00164""}",2025-04-03 00:00:00+00
e02346f2-94ea-48cc-a2cf-d5f93c065f72,efb5ac45-3c44-4ec3-9ee3-52e15db58160,60694a33-64df-4703-bb1f-20bc3948e683,imported,,42a0fa0c-5355-4ca9-b2c2-a1b6993ee48b,,8703fd82-ea7e-461c-bacc-18cd5a7c3d3b,"{""source"": ""initial registration"", ""asset_tag"": ""AST-IT-SWITCH-00140""}",2025-12-22 00:00:00+00
21caf16f-9c7b-4583-970c-5aa276b67207,62cfaba8-7d2a-48b9-ae1f-ba04b998cd16,60694a33-64df-4703-bb1f-20bc3948e683,imported,,ce1019d0-93ab-4aad-a9c1-504e7de174b1,,6ff17eb7-5c04-40ff-83f8-043b4cb1c45c,"{""source"": ""initial registration"", ""asset_tag"": ""AST-IT-SWITCH-00116""}",2019-11-14 00:00:00+00
a62ffde7-1b40-45c1-9361-125f4dfc4a42,559c20fe-2de3-400c-a520-08dc16f99239,60694a33-64df-4703-bb1f-20bc3948e683,created,,8ce58e75-8b56-44e0-b303-308ab877a282,,1c4df881-cca6-49a3-9b2e-6a87a781ef63,"{""source"": ""initial registration"", ""asset_tag"": ""AST-IT-SWITCH-00092""}",2021-11-30 00:00:00+00
fb394ed0-8e2a-4198-9771-0cfb2780d62f,714404dd-0ea9-4606-8617-a537135a8c97,60694a33-64df-4703-bb1f-20bc3948e683,imported,,477a6a8f-fc3e-46c4-9661-b8e18aa51458,,8703fd82-ea7e-461c-bacc-18cd5a7c3d3b,"{""source"": ""initial registration"", ""asset_tag"": ""AST-IT-SWITCH-00068""}",2022-02-05 00:00:00+00
9372dbe3-9e5a-462f-9b57-02108fe99133,3dbc67c6-5c4d-429b-b3c0-77fe16988f3e,60694a33-64df-4703-bb1f-20bc3948e683,created,,0807df48-ba0b-4ac3-ba93-906a9ddd9acb,,8703fd82-ea7e-461c-bacc-18cd5a7c3d3b,"{""source"": ""initial registration"", ""asset_tag"": ""AST-IT-SWITCH-00044""}",2024-01-12 00:00:00+00
b29add95-1696-4851-8251-e99cc4fffdd4,72f2dc4f-7955-452b-a802-069fbd246bca,60694a33-64df-4703-bb1f-20bc3948e683,imported,,9c9b191e-d225-40f7-8f83-7360ac682d26,,6ff17eb7-5c04-40ff-83f8-043b4cb1c45c,"{""source"": ""initial registration"", ""asset_tag"": ""AST-IT-SWITCH-00020""}",2021-09-11 00:00:00+00
6004355e-ffb5-4b1b-828d-85d729b66f2c,2a528e66-b617-4e91-a3d2-ec0f6796529d,60694a33-64df-4703-bb1f-20bc3948e683,imported,,1396d3ba-cbf5-462b-9ba0-f055e43663f9,,176f3f16-3ab1-409e-8c10-9631bea0edcc,"{""source"": ""initial registration"", ""asset_tag"": ""AST-IT-PROJ-00405""}",2019-09-07 00:00:00+00
66df6542-a309-409c-8ff5-e88b2bab9a31,cc411e9a-a16f-42fe-9925-f9d122641356,60694a33-64df-4703-bb1f-20bc3948e683,imported,,ba4b9298-99d3-4aa9-8d04-f4d0d933550d,,750c04a5-63c4-42c6-a7c4-b3aa1de4eebf,"{""source"": ""initial registration"", ""asset_tag"": ""AST-IT-PROJ-00381""}",2021-12-28 00:00:00+00
0afcf57b-34d1-4e33-b728-847981bc364c,82c25a93-995b-40cd-ba33-04e2f4ae556e,60694a33-64df-4703-bb1f-20bc3948e683,imported,,ad7545d1-5dd0-4c6a-9a2b-f8865e75563f,,05d038a0-b4a2-40fb-9ac6-eecfcf9cda47,"{""source"": ""initial registration"", ""asset_tag"": ""AST-IT-PROJ-00357""}",2022-05-08 00:00:00+00
098cce81-3d61-41ab-a6c7-dd648d90ba63,c7206189-6020-407a-b13a-04587e0cffb5,60694a33-64df-4703-bb1f-20bc3948e683,imported,,93723cd6-95df-412a-ae14-7ffbe9982442,,176f3f16-3ab1-409e-8c10-9631bea0edcc,"{""source"": ""initial registration"", ""asset_tag"": ""AST-IT-PROJ-00333""}",2024-02-18 00:00:00+00
9e351102-4302-4b0f-86c0-6c2419b72f1b,f03b2ffe-314e-43ee-ab40-699977bc2253,60694a33-64df-4703-bb1f-20bc3948e683,imported,,a794d2a5-d422-4ca5-97b2-a4c30210ff52,,176f3f16-3ab1-409e-8c10-9631bea0edcc,"{""source"": ""initial registration"", ""asset_tag"": ""AST-IT-PROJ-00309""}",2020-03-31 00:00:00+00
529918b0-2a30-40c0-8c7e-5f2dfe6aa5cc,890675af-b0d5-4ab7-aada-2cc496ebede6,60694a33-64df-4703-bb1f-20bc3948e683,imported,,02bca8b1-2624-4782-8cf9-81f6abe4f201,,750c04a5-63c4-42c6-a7c4-b3aa1de4eebf,"{""source"": ""initial registration"", ""asset_tag"": ""AST-IT-PROJ-00285""}",2020-01-09 00:00:00+00
b7a3b688-9159-4553-b563-fa08a7d639da,027bcbe3-1df7-4e1b-8002-9f246d505d52,60694a33-64df-4703-bb1f-20bc3948e683,created,,5b86b773-2072-4cf6-ac59-aa6ed5c9e277,,05d038a0-b4a2-40fb-9ac6-eecfcf9cda47,"{""source"": ""initial registration"", ""asset_tag"": ""AST-IT-PROJ-00261""}",2025-10-01 00:00:00+00
b2a3f59e-d769-44ed-a0dd-52a71f2b00ae,11dd7026-107f-4ab0-94ef-c7dd46e8b02d,60694a33-64df-4703-bb1f-20bc3948e683,imported,,1396d3ba-cbf5-462b-9ba0-f055e43663f9,,176f3f16-3ab1-409e-8c10-9631bea0edcc,"{""source"": ""initial registration"", ""asset_tag"": ""AST-IT-PROJ-00237""}",2023-04-05 00:00:00+00
07b36090-f0b1-4a74-b922-e8b1c076b00f,03f5850e-92bd-4a5a-b8a7-dec25e1eab57,60694a33-64df-4703-bb1f-20bc3948e683,imported,,ba4b9298-99d3-4aa9-8d04-f4d0d933550d,,750c04a5-63c4-42c6-a7c4-b3aa1de4eebf,"{""source"": ""initial registration"", ""asset_tag"": ""AST-IT-PROJ-00213""}",2024-11-15 00:00:00+00
62ab6cf9-2f92-4307-a8a6-3fe36a5c9c02,d08e3369-1186-4b80-ad3e-83a134b80b87,60694a33-64df-4703-bb1f-20bc3948e683,imported,,ad7545d1-5dd0-4c6a-9a2b-f8865e75563f,,05d038a0-b4a2-40fb-9ac6-eecfcf9cda47,"{""source"": ""initial registration"", ""asset_tag"": ""AST-IT-PROJ-00189""}",2022-09-07 00:00:00+00
00828d5b-66d3-40a9-976b-910aa90d63c3,228c0a54-08b1-4b59-8dc8-c7747ec40b3e,60694a33-64df-4703-bb1f-20bc3948e683,imported,,93723cd6-95df-412a-ae14-7ffbe9982442,,176f3f16-3ab1-409e-8c10-9631bea0edcc,"{""source"": ""initial registration"", ""asset_tag"": ""AST-IT-PROJ-00165""}",2023-07-21 00:00:00+00
8fb1fb5d-d61a-4362-bb12-8a6449fc5930,08d95983-0bee-4182-af3d-4fa2d1c35d03,60694a33-64df-4703-bb1f-20bc3948e683,imported,,a794d2a5-d422-4ca5-97b2-a4c30210ff52,,176f3f16-3ab1-409e-8c10-9631bea0edcc,"{""source"": ""initial registration"", ""asset_tag"": ""AST-IT-PROJ-00141""}",2023-12-20 00:00:00+00
201855e0-be80-49da-8ef8-d9559de37a80,ef9d9b2a-d0cb-43b6-9c41-f90457b223de,60694a33-64df-4703-bb1f-20bc3948e683,imported,,02bca8b1-2624-4782-8cf9-81f6abe4f201,,750c04a5-63c4-42c6-a7c4-b3aa1de4eebf,"{""source"": ""initial registration"", ""asset_tag"": ""AST-IT-PROJ-00117""}",2024-05-28 00:00:00+00
59e30dec-06ba-4ec9-9a7d-26c80c3cef80,ad70c26e-da27-4579-9127-074cce3c7399,60694a33-64df-4703-bb1f-20bc3948e683,imported,,5b86b773-2072-4cf6-ac59-aa6ed5c9e277,,05d038a0-b4a2-40fb-9ac6-eecfcf9cda47,"{""source"": ""initial registration"", ""asset_tag"": ""AST-IT-PROJ-00093""}",2023-05-07 00:00:00+00
a6c978a2-edb4-4799-8ddc-6f7b4c23c498,9cd6b15d-724e-43d3-9850-a44b811353ba,60694a33-64df-4703-bb1f-20bc3948e683,imported,,1396d3ba-cbf5-462b-9ba0-f055e43663f9,,176f3f16-3ab1-409e-8c10-9631bea0edcc,"{""source"": ""initial registration"", ""asset_tag"": ""AST-IT-PROJ-00069""}",2026-02-12 00:00:00+00
b4a6ff74-3d29-4e97-8488-92ea447de33d,070d78f4-1bc0-43c0-aaec-fcb4a90ed8a5,60694a33-64df-4703-bb1f-20bc3948e683,created,,ba4b9298-99d3-4aa9-8d04-f4d0d933550d,,750c04a5-63c4-42c6-a7c4-b3aa1de4eebf,"{""source"": ""initial registration"", ""asset_tag"": ""AST-IT-PROJ-00045""}",2021-05-05 00:00:00+00
dbbeddf6-a28c-4c73-a54e-984721057781,532e2a01-97ae-42aa-969f-6eff4f5b9ab5,60694a33-64df-4703-bb1f-20bc3948e683,created,,ad7545d1-5dd0-4c6a-9a2b-f8865e75563f,,05d038a0-b4a2-40fb-9ac6-eecfcf9cda47,"{""source"": ""initial registration"", ""asset_tag"": ""AST-IT-PROJ-00021""}",2020-01-18 00:00:00+00
fb77c210-6083-42f0-9ed0-18bec9b5a526,00222747-db35-4e0a-86df-e34d11f449b3,60694a33-64df-4703-bb1f-20bc3948e683,imported,,0a9ffe3b-a3e2-439e-a1a8-f299379438e2,,6ff17eb7-5c04-40ff-83f8-043b4cb1c45c,"{""source"": ""initial registration"", ""asset_tag"": ""AST-LAB-OSC-00406""}",2022-05-30 00:00:00+00
77c37714-5c09-49de-a638-602d76322ba7,1e33351a-317b-41ce-8c95-23d0ba4fb3bb,60694a33-64df-4703-bb1f-20bc3948e683,imported,,14b66bd0-87c7-4b31-b195-99a166e255b1,,1c4df881-cca6-49a3-9b2e-6a87a781ef63,"{""source"": ""initial registration"", ""asset_tag"": ""AST-LAB-OSC-00382""}",2025-03-17 00:00:00+00
03b7af48-92d5-4301-aae3-ae576c75f730,a8fec32f-4bde-47d0-aa4e-8c058ce61ec8,60694a33-64df-4703-bb1f-20bc3948e683,imported,,b430dfa5-4f26-4ce2-bba1-b6ed3b2eefd4,,1c4df881-cca6-49a3-9b2e-6a87a781ef63,"{""source"": ""initial registration"", ""asset_tag"": ""AST-LAB-OSC-00358""}",2024-11-09 00:00:00+00
ae9d3a6a-5c2c-468a-bb08-8bc6ddfcb11a,34875e76-b807-41d4-8133-023d994186f5,60694a33-64df-4703-bb1f-20bc3948e683,imported,,4c2ec75b-86b2-44fa-94e9-0ac0abe593cc,,8703fd82-ea7e-461c-bacc-18cd5a7c3d3b,"{""source"": ""initial registration"", ""asset_tag"": ""AST-LAB-OSC-00334""}",2023-07-21 00:00:00+00
8081f954-69cf-42a2-b301-ccd3d5e2b5cf,67797a5f-d034-4d25-bfcd-aa7b31367225,60694a33-64df-4703-bb1f-20bc3948e683,created,,023a8b57-58c8-49be-b50f-d5bf95d912a1,,6ff17eb7-5c04-40ff-83f8-043b4cb1c45c,"{""source"": ""initial registration"", ""asset_tag"": ""AST-LAB-OSC-00310""}",2020-07-03 00:00:00+00
47024480-d693-4848-9797-3c92a2d8377a,84680d23-d8b1-45bd-ba2d-92acc232d29f,60694a33-64df-4703-bb1f-20bc3948e683,imported,,67bdcd67-117b-453f-88c9-25b12a0565e7,,1c4df881-cca6-49a3-9b2e-6a87a781ef63,"{""source"": ""initial registration"", ""asset_tag"": ""AST-LAB-OSC-00286""}",2023-03-27 00:00:00+00
892c9dd2-0059-4f25-a94d-e3f0fbc3dca1,cde48c12-3a09-4ca8-a061-50fc175bfb86,60694a33-64df-4703-bb1f-20bc3948e683,imported,,4f677013-b830-462d-a160-59ec1cdb41ec,,8703fd82-ea7e-461c-bacc-18cd5a7c3d3b,"{""source"": ""initial registration"", ""asset_tag"": ""AST-LAB-OSC-00262""}",2022-01-10 00:00:00+00
2c60f479-bc94-491a-97d1-6111382e48ea,0bd6559f-9592-40f3-8c97-fde0cb50e6b4,60694a33-64df-4703-bb1f-20bc3948e683,imported,,0a9ffe3b-a3e2-439e-a1a8-f299379438e2,,6ff17eb7-5c04-40ff-83f8-043b4cb1c45c,"{""source"": ""initial registration"", ""asset_tag"": ""AST-LAB-OSC-00238""}",2021-03-08 00:00:00+00
1a1aa27d-dd42-4915-a061-d98145635384,03d0f3b4-1d04-4940-994b-2a431fd5dd7b,60694a33-64df-4703-bb1f-20bc3948e683,created,,14b66bd0-87c7-4b31-b195-99a166e255b1,,1c4df881-cca6-49a3-9b2e-6a87a781ef63,"{""source"": ""initial registration"", ""asset_tag"": ""AST-LAB-OSC-00214""}",2024-01-11 00:00:00+00
a64cab0c-0471-45bd-904c-da2eacda7be7,edbb1f34-97db-4120-88ea-23d452ef52c5,60694a33-64df-4703-bb1f-20bc3948e683,created,,b430dfa5-4f26-4ce2-bba1-b6ed3b2eefd4,,1c4df881-cca6-49a3-9b2e-6a87a781ef63,"{""source"": ""initial registration"", ""asset_tag"": ""AST-LAB-OSC-00190""}",2021-07-26 00:00:00+00
802b84e8-fb7a-4591-bc97-10af7ab31f75,3676339e-daad-4af9-a8b4-c9c82b19884b,60694a33-64df-4703-bb1f-20bc3948e683,imported,,4c2ec75b-86b2-44fa-94e9-0ac0abe593cc,,8703fd82-ea7e-461c-bacc-18cd5a7c3d3b,"{""source"": ""initial registration"", ""asset_tag"": ""AST-LAB-OSC-00166""}",2021-07-17 00:00:00+00
400ac6a4-8580-44ae-a6de-35e5c3b7fdb6,a3985487-ac7c-4e99-944f-0072c21a653a,60694a33-64df-4703-bb1f-20bc3948e683,created,,023a8b57-58c8-49be-b50f-d5bf95d912a1,,6ff17eb7-5c04-40ff-83f8-043b4cb1c45c,"{""source"": ""initial registration"", ""asset_tag"": ""AST-LAB-OSC-00142""}",2023-10-25 00:00:00+00
a1d4b17b-32fc-432f-8c05-07384d919964,a91c1213-d486-49c1-a3de-e25a79c1d1ef,60694a33-64df-4703-bb1f-20bc3948e683,imported,,67bdcd67-117b-453f-88c9-25b12a0565e7,,1c4df881-cca6-49a3-9b2e-6a87a781ef63,"{""source"": ""initial registration"", ""asset_tag"": ""AST-LAB-OSC-00118""}",2019-10-22 00:00:00+00
1291cdf1-c722-43e2-a95e-6d825a2395cc,05e4cda7-5c0e-42e9-ad92-ce1ccf7dfdd7,60694a33-64df-4703-bb1f-20bc3948e683,imported,,4f677013-b830-462d-a160-59ec1cdb41ec,,8703fd82-ea7e-461c-bacc-18cd5a7c3d3b,"{""source"": ""initial registration"", ""asset_tag"": ""AST-LAB-OSC-00094""}",2020-06-27 00:00:00+00
4cae0b62-b6de-4d67-af55-abc3b0ae3a3c,bfcd160b-2fa1-4ad5-b810-c6f9f87aa97b,60694a33-64df-4703-bb1f-20bc3948e683,created,,0a9ffe3b-a3e2-439e-a1a8-f299379438e2,,6ff17eb7-5c04-40ff-83f8-043b4cb1c45c,"{""source"": ""initial registration"", ""asset_tag"": ""AST-LAB-OSC-00070""}",2020-10-16 00:00:00+00
9eab83c3-88b3-43eb-965e-f0fbd6cf3d06,9442d853-d0d5-46d0-8059-54ef6893b55f,60694a33-64df-4703-bb1f-20bc3948e683,imported,,14b66bd0-87c7-4b31-b195-99a166e255b1,,1c4df881-cca6-49a3-9b2e-6a87a781ef63,"{""source"": ""initial registration"", ""asset_tag"": ""AST-LAB-OSC-00046""}",2021-10-28 00:00:00+00
b7b56c12-327a-4662-a384-c5c0bde73c56,59a67054-892a-476c-93d1-41fc04fbb793,60694a33-64df-4703-bb1f-20bc3948e683,imported,,b430dfa5-4f26-4ce2-bba1-b6ed3b2eefd4,,1c4df881-cca6-49a3-9b2e-6a87a781ef63,"{""source"": ""initial registration"", ""asset_tag"": ""AST-LAB-OSC-00022""}",2023-09-05 00:00:00+00
3113cdd3-e803-425a-a63f-e78b15c1c0ad,6439ccdc-2d33-4bae-b07b-f6e7c4676f4d,60694a33-64df-4703-bb1f-20bc3948e683,imported,,b9ee01aa-284d-41fc-92e0-1e2c29704a3b,,750c04a5-63c4-42c6-a7c4-b3aa1de4eebf,"{""source"": ""initial registration"", ""asset_tag"": ""AST-LAB-3DP-00407""}",2024-08-16 00:00:00+00
019a36e4-22bf-415f-9d78-01cbda026358,6dc09c81-a2db-4c48-abdc-c8584b0da089,60694a33-64df-4703-bb1f-20bc3948e683,imported,,5a904d7b-02c7-4a5f-8de4-8106644afe6f,,05d038a0-b4a2-40fb-9ac6-eecfcf9cda47,"{""source"": ""initial registration"", ""asset_tag"": ""AST-LAB-3DP-00383""}",2024-02-08 00:00:00+00
4b47f90e-08ea-4a84-995a-d60feb2b906c,13319f71-4077-42ca-9cf9-67304d699aa5,60694a33-64df-4703-bb1f-20bc3948e683,created,,fd093c49-0da4-4fb9-b4ca-3354e21aeeed,,176f3f16-3ab1-409e-8c10-9631bea0edcc,"{""source"": ""initial registration"", ""asset_tag"": ""AST-LAB-3DP-00359""}",2024-04-16 00:00:00+00
80e30dd7-319c-43f8-a6de-128847158bb8,df9ccf62-d5a2-492f-96e6-2e39bbf5a148,60694a33-64df-4703-bb1f-20bc3948e683,imported,,7d91cdbd-8e9f-4416-aff0-b59104bd3dee,,750c04a5-63c4-42c6-a7c4-b3aa1de4eebf,"{""source"": ""initial registration"", ""asset_tag"": ""AST-LAB-3DP-00335""}",2022-11-03 00:00:00+00
72e5a328-0a6b-4448-b050-3df415a85ee6,3d0a6046-1b99-4bfd-a909-61a0bce67f46,60694a33-64df-4703-bb1f-20bc3948e683,imported,,1234f84e-b9c0-4ae7-a4a5-d80ccaff9edd,,05d038a0-b4a2-40fb-9ac6-eecfcf9cda47,"{""source"": ""initial registration"", ""asset_tag"": ""AST-LAB-3DP-00311""}",2021-11-08 00:00:00+00
b96339f9-269d-49e7-a6bc-b8e24f8d3abf,1caced03-12da-40c9-af11-fa22f8a4b953,60694a33-64df-4703-bb1f-20bc3948e683,created,,c3046ac9-0b25-4639-993e-d7963242f60a,,176f3f16-3ab1-409e-8c10-9631bea0edcc,"{""source"": ""initial registration"", ""asset_tag"": ""AST-LAB-3DP-00287""}",2022-04-08 00:00:00+00
085aa714-654b-4a42-81f1-6185907d7362,c028f3a2-c1d5-4e21-b025-70408c54dc7f,60694a33-64df-4703-bb1f-20bc3948e683,imported,,e514cc00-3301-4d64-af38-4cd4294f1363,,176f3f16-3ab1-409e-8c10-9631bea0edcc,"{""source"": ""initial registration"", ""asset_tag"": ""AST-LAB-3DP-00263""}",2020-03-31 00:00:00+00
f86e2b53-9fb8-42de-846b-d8e38c8cb77c,43c79abc-7faa-4989-96d6-f9fc1b86b0af,60694a33-64df-4703-bb1f-20bc3948e683,imported,,b9ee01aa-284d-41fc-92e0-1e2c29704a3b,,750c04a5-63c4-42c6-a7c4-b3aa1de4eebf,"{""source"": ""initial registration"", ""asset_tag"": ""AST-LAB-3DP-00239""}",2022-05-19 00:00:00+00
e7b86507-5f2d-440d-9a1b-4751679930e8,ac6d9a84-04e2-4e0e-b855-6bcb57623c9c,60694a33-64df-4703-bb1f-20bc3948e683,imported,,5a904d7b-02c7-4a5f-8de4-8106644afe6f,,05d038a0-b4a2-40fb-9ac6-eecfcf9cda47,"{""source"": ""initial registration"", ""asset_tag"": ""AST-LAB-3DP-00215""}",2021-08-26 00:00:00+00
bc829967-312c-4f7c-a3f1-646eb9151300,ac62ddf3-4b43-4054-8d4f-806e398b66be,60694a33-64df-4703-bb1f-20bc3948e683,imported,,fd093c49-0da4-4fb9-b4ca-3354e21aeeed,,176f3f16-3ab1-409e-8c10-9631bea0edcc,"{""source"": ""initial registration"", ""asset_tag"": ""AST-LAB-3DP-00191""}",2021-07-28 00:00:00+00
3e8802db-f6e0-49b5-8788-f78374872ad2,9abf21f5-f9b9-48a4-8041-586b3be5a122,60694a33-64df-4703-bb1f-20bc3948e683,imported,,7d91cdbd-8e9f-4416-aff0-b59104bd3dee,,750c04a5-63c4-42c6-a7c4-b3aa1de4eebf,"{""source"": ""initial registration"", ""asset_tag"": ""AST-LAB-3DP-00167""}",2022-09-11 00:00:00+00
825f7737-d1d2-46a4-ba35-3680ee9d14fb,7107d2e4-b73a-499f-9301-7fb24da91994,60694a33-64df-4703-bb1f-20bc3948e683,imported,,1234f84e-b9c0-4ae7-a4a5-d80ccaff9edd,,05d038a0-b4a2-40fb-9ac6-eecfcf9cda47,"{""source"": ""initial registration"", ""asset_tag"": ""AST-LAB-3DP-00143""}",2023-09-29 00:00:00+00
b427bb14-c557-4bc3-98e1-4b31e5216ab0,dc3e872b-7036-48ff-8730-0d7db909be22,60694a33-64df-4703-bb1f-20bc3948e683,created,,c3046ac9-0b25-4639-993e-d7963242f60a,,176f3f16-3ab1-409e-8c10-9631bea0edcc,"{""source"": ""initial registration"", ""asset_tag"": ""AST-LAB-3DP-00119""}",2020-06-26 00:00:00+00
8834c6b9-22af-4587-b6e2-58505f1688de,6a3bfaf6-aedd-4006-b6c3-d8205e4192b3,60694a33-64df-4703-bb1f-20bc3948e683,imported,,e514cc00-3301-4d64-af38-4cd4294f1363,,176f3f16-3ab1-409e-8c10-9631bea0edcc,"{""source"": ""initial registration"", ""asset_tag"": ""AST-LAB-3DP-00095""}",2025-09-19 00:00:00+00
b3432b33-6313-48e7-bc0f-748ff886ccd9,d7238598-208f-4d36-a514-45c86dd38e2c,60694a33-64df-4703-bb1f-20bc3948e683,imported,,b9ee01aa-284d-41fc-92e0-1e2c29704a3b,,750c04a5-63c4-42c6-a7c4-b3aa1de4eebf,"{""source"": ""initial registration"", ""asset_tag"": ""AST-LAB-3DP-00071""}",2020-03-04 00:00:00+00
02fae13a-340e-43fa-a975-ab06af42911d,4f9b45aa-3644-4ee1-a6c7-0e26f274d3cb,60694a33-64df-4703-bb1f-20bc3948e683,imported,,5a904d7b-02c7-4a5f-8de4-8106644afe6f,,05d038a0-b4a2-40fb-9ac6-eecfcf9cda47,"{""source"": ""initial registration"", ""asset_tag"": ""AST-LAB-3DP-00047""}",2019-10-12 00:00:00+00
3237f992-e7f1-45e5-859a-9da6abbcc9b2,e4e5787f-00c2-4d1f-abd0-bdc25b66e652,60694a33-64df-4703-bb1f-20bc3948e683,imported,,fd093c49-0da4-4fb9-b4ca-3354e21aeeed,,176f3f16-3ab1-409e-8c10-9631bea0edcc,"{""source"": ""initial registration"", ""asset_tag"": ""AST-LAB-3DP-00023""}",2025-10-01 00:00:00+00
742272a0-aee9-4b8d-90cd-e11968933eea,31cb68c4-04b9-459f-a319-f54f64093777,60694a33-64df-4703-bb1f-20bc3948e683,maintenance_completed,,,,,"{""kind"": ""preventive"", ""labor_cost"": 360, ""parts_cost"": 0, ""work_order_id"": ""a74788f6-9186-47fb-9a43-a6bc03f957c4""}",2024-01-10 14:13:00+00
036a34c0-811a-461a-9fb0-efc8783ac4e8,31cb68c4-04b9-459f-a319-f54f64093777,60694a33-64df-4703-bb1f-20bc3948e683,maintenance_completed,,,,,"{""kind"": ""preventive"", ""labor_cost"": 480, ""parts_cost"": 489, ""work_order_id"": ""a1a817b8-89c7-4d3a-a171-86ebc7f35475""}",2024-07-06 14:07:00+00
fe204c7a-2586-4fbc-a969-7eb6fa7ede20,31cb68c4-04b9-459f-a319-f54f64093777,60694a33-64df-4703-bb1f-20bc3948e683,maintenance_completed,,,,,"{""kind"": ""preventive"", ""labor_cost"": 120, ""parts_cost"": 0, ""work_order_id"": ""0acf4c2b-4484-4785-8b93-635c5a115186""}",2024-12-29 16:12:00+00
ee694051-aed0-44d3-8afe-cb23d44cb90f,31cb68c4-04b9-459f-a319-f54f64093777,60694a33-64df-4703-bb1f-20bc3948e683,maintenance_completed,,,,,"{""kind"": ""preventive"", ""labor_cost"": 240, ""parts_cost"": 0, ""work_order_id"": ""c7ea274a-7c8d-470b-9e23-6dd00b933f7f""}",2025-06-28 12:23:00+00
005ef6e5-62cd-46dd-b614-0172a7b91688,31cb68c4-04b9-459f-a319-f54f64093777,60694a33-64df-4703-bb1f-20bc3948e683,maintenance_completed,,,,,"{""kind"": ""preventive"", ""labor_cost"": 120, ""parts_cost"": 0, ""work_order_id"": ""939a08e0-efac-47eb-8663-6cbca7063501""}",2025-12-27 10:32:00+00
0ea55c60-32c6-45da-a68d-c552bef18995,31cb68c4-04b9-459f-a319-f54f64093777,60694a33-64df-4703-bb1f-20bc3948e683,maintenance_completed,,,,,"{""kind"": ""preventive"", ""labor_cost"": 120, ""parts_cost"": 0, ""work_order_id"": ""8a08ba21-a35e-4c4d-97e0-b64a76f1bfa7""}",2026-06-23 10:44:00+00
2e07e762-9df0-44ec-8c74-fdade5b38474,7db9993a-c311-4055-9ee8-5ed5c9175837,60694a33-64df-4703-bb1f-20bc3948e683,maintenance_completed,,,,,"{""kind"": ""preventive"", ""labor_cost"": 240, ""parts_cost"": 0, ""work_order_id"": ""edd3b814-34ba-41da-aa5e-e7ac57afcfb8""}",2024-12-29 09:33:00+00
abd5fcae-ffdc-49a3-9f25-a08f91e34f08,7db9993a-c311-4055-9ee8-5ed5c9175837,60694a33-64df-4703-bb1f-20bc3948e683,maintenance_completed,,,,,"{""kind"": ""preventive"", ""labor_cost"": 240, ""parts_cost"": 0, ""work_order_id"": ""327cdf90-a46c-4cc4-a5ea-5f25ff3794ee""}",2025-06-30 08:46:00+00
a920c1fd-5671-4acf-ade5-ebee6cd74f50,7db9993a-c311-4055-9ee8-5ed5c9175837,60694a33-64df-4703-bb1f-20bc3948e683,maintenance_completed,,,,,"{""kind"": ""preventive"", ""labor_cost"": 240, ""parts_cost"": 0, ""work_order_id"": ""f7ed9c26-421c-4ddb-bbab-06538ffeb55f""}",2025-12-26 14:11:00+00
848a2f0f-8f74-401a-a183-559542ff6ca2,7db9993a-c311-4055-9ee8-5ed5c9175837,60694a33-64df-4703-bb1f-20bc3948e683,maintenance_completed,,,,,"{""kind"": ""preventive"", ""labor_cost"": 480, ""parts_cost"": 0, ""work_order_id"": ""84e7baee-de30-41fd-8ab6-653940a68b12""}",2026-06-18 13:26:00+00
ec1777b9-fe30-4765-96e4-e904180987b5,7db9993a-c311-4055-9ee8-5ed5c9175837,60694a33-64df-4703-bb1f-20bc3948e683,maintenance_completed,,,,,"{""kind"": ""corrective"", ""outcome"": ""part replaced"", ""work_order_id"": ""435cfac6-715b-49b3-9330-b5cf23b2f14b"", ""downtime_minutes"": 847}",2025-03-14 12:43:10.142818+00
3638c84d-9445-4cc2-83ed-4745973e414d,f21f1a4e-f67b-4afc-831b-02970ae18b92,60694a33-64df-4703-bb1f-20bc3948e683,maintenance_completed,,,,,"{""kind"": ""preventive"", ""labor_cost"": 360, ""parts_cost"": 0, ""work_order_id"": ""ca198e7a-cc7d-49fb-a297-a83b180b4966""}",2026-04-05 15:39:00+00
86318806-4e9f-41f9-981a-21aa4dfec034,f21f1a4e-f67b-4afc-831b-02970ae18b92,60694a33-64df-4703-bb1f-20bc3948e683,maintenance_completed,,,,,"{""kind"": ""corrective"", ""outcome"": ""cleaned and reconfigured"", ""work_order_id"": ""6ea69b78-5245-49b4-b8fe-d1c0eb8b789e"", ""downtime_minutes"": 1381}",2026-09-04 00:37:10.142818+00
81d4872d-b79a-4228-9a46-87a6e9c4e208,e5f03288-56b5-4e41-aeae-32ac9ca686ed,60694a33-64df-4703-bb1f-20bc3948e683,maintenance_completed,,,,,"{""kind"": ""preventive"", ""labor_cost"": 360, ""parts_cost"": 584, ""work_order_id"": ""782ab966-c72f-481c-b555-6d50a42e249c""}",2024-03-08 01:50:10.142818+00
81b4b0f4-c13b-49f3-8946-fcaa15a9aa10,e5f03288-56b5-4e41-aeae-32ac9ca686ed,60694a33-64df-4703-bb1f-20bc3948e683,maintenance_completed,,,,,"{""kind"": ""preventive"", ""labor_cost"": 480, ""parts_cost"": 0, ""work_order_id"": ""c6b44430-ecec-46c2-9fe6-c07c45660e54""}",2024-09-05 00:56:10.142818+00
6522fc96-bb39-4105-8238-fdf9754e2107,e5f03288-56b5-4e41-aeae-32ac9ca686ed,60694a33-64df-4703-bb1f-20bc3948e683,maintenance_completed,,,,,"{""kind"": ""preventive"", ""labor_cost"": 360, ""parts_cost"": 1046, ""work_order_id"": ""acfe3ccb-3adb-4578-b5c6-b9d0e4005233""}",2025-03-05 23:34:10.142818+00
c7147242-30e3-476e-8c01-4f866677d5e1,e5f03288-56b5-4e41-aeae-32ac9ca686ed,60694a33-64df-4703-bb1f-20bc3948e683,maintenance_completed,,,,,"{""kind"": ""preventive"", ""labor_cost"": 240, ""parts_cost"": 313, ""work_order_id"": ""5c7df13f-a2d9-406e-971c-0af3768171d4""}",2025-09-03 00:18:10.142818+00
a2bcf3d9-5056-403b-b851-4c45a3cc0273,e5f03288-56b5-4e41-aeae-32ac9ca686ed,60694a33-64df-4703-bb1f-20bc3948e683,maintenance_completed,,,,,"{""kind"": ""preventive"", ""labor_cost"": 360, ""parts_cost"": 588, ""work_order_id"": ""339de3e1-5450-4ad0-8e9e-df20dd4e3684""}",2026-02-27 02:13:10.142818+00
ef2b1fde-cc96-4cc8-8d80-f84ff877d94f,e5f03288-56b5-4e41-aeae-32ac9ca686ed,60694a33-64df-4703-bb1f-20bc3948e683,maintenance_completed,,,,,"{""kind"": ""preventive"", ""labor_cost"": 360, ""parts_cost"": 0, ""work_order_id"": ""b2480b64-35ff-4587-9e44-41e14ac6c82c""}",2026-08-22 23:24:10.142818+00
5400f56b-ca60-4561-9318-3dba1dd171a0,aecdd574-5cba-40f2-9e7e-6d54fb7c510c,60694a33-64df-4703-bb1f-20bc3948e683,maintenance_completed,,,,,"{""kind"": ""preventive"", ""labor_cost"": 240, ""parts_cost"": 328, ""work_order_id"": ""2ee55a4d-15d0-480e-9cd0-e61c83cdbba1""}",2024-03-26 03:35:10.142818+00
416974c8-a6d6-446c-8d52-ef67d51e3fcb,aecdd574-5cba-40f2-9e7e-6d54fb7c510c,60694a33-64df-4703-bb1f-20bc3948e683,maintenance_completed,,,,,"{""kind"": ""preventive"", ""labor_cost"": 480, ""parts_cost"": 0, ""work_order_id"": ""2fc1da8b-0582-459f-bb2e-ff82c4a2f9e5""}",2024-09-17 00:31:10.142818+00
4ca98a13-9758-45f6-8304-ad79ef3d1c6b,aecdd574-5cba-40f2-9e7e-6d54fb7c510c,60694a33-64df-4703-bb1f-20bc3948e683,maintenance_completed,,,,,"{""kind"": ""preventive"", ""labor_cost"": 480, ""parts_cost"": 599, ""work_order_id"": ""0a8caec6-eec3-4f0f-b0e1-32bcfbf01f92""}",2025-03-17 00:31:10.142818+00
a057289d-b973-4879-b595-7604f45f5eb9,aecdd574-5cba-40f2-9e7e-6d54fb7c510c,60694a33-64df-4703-bb1f-20bc3948e683,maintenance_completed,,,,,"{""kind"": ""preventive"", ""labor_cost"": 240, ""parts_cost"": 0, ""work_order_id"": ""a148bfc7-69a2-4279-8d2e-1088b98198a6""}",2025-09-09 23:23:10.142818+00
bcb8883b-9171-46c2-9272-ea324469fe78,a3ebae3a-8830-4d9f-bb39-31f1ff5256b6,60694a33-64df-4703-bb1f-20bc3948e683,maintenance_completed,,,,,"{""kind"": ""preventive"", ""labor_cost"": 240, ""parts_cost"": 0, ""work_order_id"": ""5be5f576-7a83-47ec-80a9-bed4f654d35e""}",2023-11-19 02:31:10.142818+00
181448c2-3253-4462-bcf2-040c91afcf72,a3ebae3a-8830-4d9f-bb39-31f1ff5256b6,60694a33-64df-4703-bb1f-20bc3948e683,maintenance_completed,,,,,"{""kind"": ""preventive"", ""labor_cost"": 360, ""parts_cost"": 0, ""work_order_id"": ""a72145bc-b4ad-4adb-ba22-8338179b0d56""}",2024-05-13 00:22:10.142818+00
30ff5982-1b04-4a46-a41c-83760b918362,a3ebae3a-8830-4d9f-bb39-31f1ff5256b6,60694a33-64df-4703-bb1f-20bc3948e683,maintenance_completed,,,,,"{""kind"": ""preventive"", ""labor_cost"": 240, ""parts_cost"": 0, ""work_order_id"": ""3b931aed-e2e0-461b-a24c-c1008a20b476""}",2024-11-11 22:43:10.142818+00
5cf74545-7d91-4f35-9bd9-224eb67508af,a3ebae3a-8830-4d9f-bb39-31f1ff5256b6,60694a33-64df-4703-bb1f-20bc3948e683,maintenance_completed,,,,,"{""kind"": ""preventive"", ""labor_cost"": 240, ""parts_cost"": 0, ""work_order_id"": ""903ab392-ac01-4cad-8179-8bc95064a75a""}",2025-05-15 05:18:10.142818+00
bdea5828-8b57-4a9e-ac81-1839cd08bda0,a3ebae3a-8830-4d9f-bb39-31f1ff5256b6,60694a33-64df-4703-bb1f-20bc3948e683,maintenance_completed,,,,,"{""kind"": ""preventive"", ""labor_cost"": 240, ""parts_cost"": 0, ""work_order_id"": ""3c113c04-58f9-44f2-89e9-7eb49a7b1918""}",2025-11-04 02:26:10.142818+00
00a99421-4202-4b4f-9f00-26322421cba6,a3ebae3a-8830-4d9f-bb39-31f1ff5256b6,60694a33-64df-4703-bb1f-20bc3948e683,maintenance_completed,,,,,"{""kind"": ""preventive"", ""labor_cost"": 240, ""parts_cost"": 468, ""work_order_id"": ""6932628b-d246-4dff-a5fb-584ab758413a""}",2026-05-10 22:13:10.142818+00
96f84d2c-c9a8-4292-94cd-3ee0602bfce1,767d8649-57ab-4a11-82c7-39d328b1e970,60694a33-64df-4703-bb1f-20bc3948e683,maintenance_completed,,,,,"{""kind"": ""preventive"", ""labor_cost"": 240, ""parts_cost"": 0, ""work_order_id"": ""1c9c3c68-0578-462b-99f8-6ac7718cd074""}",2025-09-15 11:08:00+00
16c9d08d-003c-4e23-b507-2b0a42859103,0f96dd5e-bc40-479b-a4a8-935f141761fe,60694a33-64df-4703-bb1f-20bc3948e683,maintenance_completed,,,,,"{""kind"": ""preventive"", ""labor_cost"": 360, ""parts_cost"": 0, ""work_order_id"": ""5b70381d-778e-4b89-8fc3-f915bd137c9c""}",2023-10-21 22:22:10.142818+00
5d0da176-3ea8-4844-968a-4adb8a82978c,0f96dd5e-bc40-479b-a4a8-935f141761fe,60694a33-64df-4703-bb1f-20bc3948e683,maintenance_completed,,,,,"{""kind"": ""preventive"", ""labor_cost"": 240, ""parts_cost"": 0, ""work_order_id"": ""b82f0e63-e6a5-413b-b122-350ebc606f6b""}",2024-04-13 22:45:10.142818+00
2f6965c2-cd47-4536-b73f-aa12691a932a,0f96dd5e-bc40-479b-a4a8-935f141761fe,60694a33-64df-4703-bb1f-20bc3948e683,maintenance_completed,,,,,"{""kind"": ""preventive"", ""labor_cost"": 480, ""parts_cost"": 0, ""work_order_id"": ""adcadade-bead-4981-8bbc-eeca91e14bd1""}",2024-10-15 05:08:10.142818+00
8dbe6579-8b43-486d-a2f1-3023ff52dd6c,0f96dd5e-bc40-479b-a4a8-935f141761fe,60694a33-64df-4703-bb1f-20bc3948e683,maintenance_completed,,,,,"{""kind"": ""preventive"", ""labor_cost"": 480, ""parts_cost"": 645, ""work_order_id"": ""9dff55b4-66e6-472f-82c9-383ea15f73af""}",2025-04-15 22:51:10.142818+00
68c6bfb6-14e5-4119-84ac-94248c876e43,0f96dd5e-bc40-479b-a4a8-935f141761fe,60694a33-64df-4703-bb1f-20bc3948e683,maintenance_completed,,,,,"{""kind"": ""preventive"", ""labor_cost"": 120, ""parts_cost"": 0, ""work_order_id"": ""e396f67f-9b27-47ef-8812-3f8bc378ae49""}",2025-10-08 03:40:10.142818+00
3b2f01ea-38ae-4c89-91b9-c44bbd4d3d1c,0f96dd5e-bc40-479b-a4a8-935f141761fe,60694a33-64df-4703-bb1f-20bc3948e683,maintenance_completed,,,,,"{""kind"": ""preventive"", ""labor_cost"": 360, ""parts_cost"": 393, ""work_order_id"": ""f8be36ec-17f3-4ce7-9df1-f947d2ee92d2""}",2026-04-09 00:12:10.142818+00
53ec3cad-63f4-4342-a823-0b6030235a19,0f96dd5e-bc40-479b-a4a8-935f141761fe,60694a33-64df-4703-bb1f-20bc3948e683,maintenance_completed,,,,,"{""kind"": ""corrective"", ""outcome"": ""cleaned and reconfigured"", ""work_order_id"": ""85cdb0cf-0413-452d-a338-dfea2f0f3779"", ""downtime_minutes"": 1483}",2026-05-10 00:19:10.142818+00
3d40f577-2432-4116-83d6-128057cf6b03,0f96dd5e-bc40-479b-a4a8-935f141761fe,60694a33-64df-4703-bb1f-20bc3948e683,maintenance_completed,,,,,"{""kind"": ""corrective"", ""outcome"": ""cleaned and reconfigured"", ""work_order_id"": ""82f04af4-4adc-4c33-9169-7f9f66f65f0a"", ""downtime_minutes"": 2557}",2023-11-19 22:13:10.142818+00
c193c74b-d529-41b3-bedd-7f84ac41e85b,902ff40c-5768-4b41-9986-00b4bd120b9e,60694a33-64df-4703-bb1f-20bc3948e683,maintenance_completed,,,,,"{""kind"": ""preventive"", ""labor_cost"": 120, ""parts_cost"": 0, ""work_order_id"": ""bed6b3b9-8bfb-4a9c-8302-288e26827b91""}",2024-03-15 04:10:10.142818+00
b27f1df9-26cd-4619-83c4-6b5c8aa1fcad,902ff40c-5768-4b41-9986-00b4bd120b9e,60694a33-64df-4703-bb1f-20bc3948e683,maintenance_completed,,,,,"{""kind"": ""preventive"", ""labor_cost"": 360, ""parts_cost"": 884, ""work_order_id"": ""a6b3b9be-0357-45ec-bd50-3196157666eb""}",2024-09-12 22:24:10.142818+00
e05f95b4-3234-4504-be1d-6b65a7c6338b,902ff40c-5768-4b41-9986-00b4bd120b9e,60694a33-64df-4703-bb1f-20bc3948e683,maintenance_completed,,,,,"{""kind"": ""preventive"", ""labor_cost"": 480, ""parts_cost"": 409, ""work_order_id"": ""027aea2a-9068-45b3-a2e0-91a76d612108""}",2025-03-07 05:26:10.142818+00
bcd8afe1-b87f-4836-91e2-505a0061760a,902ff40c-5768-4b41-9986-00b4bd120b9e,60694a33-64df-4703-bb1f-20bc3948e683,maintenance_completed,,,,,"{""kind"": ""preventive"", ""labor_cost"": 240, ""parts_cost"": 0, ""work_order_id"": ""9003b14e-b5dd-470d-89a6-d9fd0698e364""}",2025-08-31 02:06:10.142818+00
b5e479cc-5079-40c8-945c-e0d86c0464a2,902ff40c-5768-4b41-9986-00b4bd120b9e,60694a33-64df-4703-bb1f-20bc3948e683,maintenance_completed,,,,,"{""kind"": ""preventive"", ""labor_cost"": 360, ""parts_cost"": 0, ""work_order_id"": ""cd329836-d7d3-4300-ae02-0ea0f667a992""}",2026-03-01 03:47:10.142818+00
6211ee34-2d67-4d06-a5fe-d2cbc7e7857d,902ff40c-5768-4b41-9986-00b4bd120b9e,60694a33-64df-4703-bb1f-20bc3948e683,maintenance_completed,,,,,"{""kind"": ""corrective"", ""outcome"": ""cleaned and reconfigured"", ""work_order_id"": ""601c52ca-4e8b-42c5-bf10-6b39ace3e76e"", ""downtime_minutes"": 2250}",2025-01-18 16:06:10.142818+00
1a16372f-b815-417b-9a96-845745315ea3,be876a33-d7c0-4e02-8380-c51b35ca0220,60694a33-64df-4703-bb1f-20bc3948e683,maintenance_completed,,,,,"{""kind"": ""preventive"", ""labor_cost"": 360, ""parts_cost"": 652, ""work_order_id"": ""a980b710-dd83-4bcf-afad-a9e9cdd93ad6""}",2024-01-16 00:13:10.142818+00
9062e1d7-b2d3-4dbc-9926-bbdcb27c5551,be876a33-d7c0-4e02-8380-c51b35ca0220,60694a33-64df-4703-bb1f-20bc3948e683,maintenance_completed,,,,,"{""kind"": ""preventive"", ""labor_cost"": 120, ""parts_cost"": 0, ""work_order_id"": ""8c725770-c635-4565-bef5-370231c40000""}",2024-07-17 22:03:10.142818+00
090fdffc-5661-49f1-b729-0af77066c89c,be876a33-d7c0-4e02-8380-c51b35ca0220,60694a33-64df-4703-bb1f-20bc3948e683,maintenance_completed,,,,,"{""kind"": ""preventive"", ""labor_cost"": 360, ""parts_cost"": 1049, ""work_order_id"": ""362417c2-5472-4fd3-9878-8011dc536e9a""}",2025-01-05 22:28:10.142818+00
f375c01e-7214-4e83-98f0-ee7052b9348f,be876a33-d7c0-4e02-8380-c51b35ca0220,60694a33-64df-4703-bb1f-20bc3948e683,maintenance_completed,,,,,"{""kind"": ""preventive"", ""labor_cost"": 240, ""parts_cost"": 172, ""work_order_id"": ""a0b96276-2b87-467c-8ae7-642656ef30c3""}",2025-07-09 02:28:10.142818+00
1a76f090-722a-43e4-b77c-105f8fd0a1bb,664b8874-680a-4a42-bcca-60369d3b4d1d,60694a33-64df-4703-bb1f-20bc3948e683,maintenance_completed,,,,,"{""kind"": ""preventive"", ""labor_cost"": 120, ""parts_cost"": 0, ""work_order_id"": ""53a546d8-239f-4718-b0e2-3a2bde975a9d""}",2026-03-20 11:09:00+00
fd91db1b-5fa5-4124-94a0-d5b687101b2d,664b8874-680a-4a42-bcca-60369d3b4d1d,60694a33-64df-4703-bb1f-20bc3948e683,maintenance_completed,,,,,"{""kind"": ""preventive"", ""labor_cost"": 480, ""parts_cost"": 1034, ""work_order_id"": ""4ecc5345-9bae-4481-b16f-8b92319e14ef""}",2026-09-16 14:30:00+00
93d64c0d-0394-4954-a567-e7f6c7f2c2b9,e831ff11-fd59-4d48-b375-c4e0f4c5617a,60694a33-64df-4703-bb1f-20bc3948e683,maintenance_completed,,,,,"{""kind"": ""preventive"", ""labor_cost"": 480, ""parts_cost"": 0, ""work_order_id"": ""6c4ad76f-7d75-454b-a0ed-00b565d9dabc""}",2025-11-08 12:54:00+00
049ede7b-cc1f-4495-b97d-6d501c4fb73a,09691387-05cc-4ad0-ac05-f45203433926,60694a33-64df-4703-bb1f-20bc3948e683,maintenance_completed,,,,,"{""kind"": ""preventive"", ""labor_cost"": 120, ""parts_cost"": 0, ""work_order_id"": ""609fb425-412e-4584-8581-e89d89eec7fc""}",2024-01-14 03:22:10.142818+00
8f443cc2-fad5-4e3c-8cd3-6498a2cba6a3,09691387-05cc-4ad0-ac05-f45203433926,60694a33-64df-4703-bb1f-20bc3948e683,maintenance_completed,,,,,"{""kind"": ""preventive"", ""labor_cost"": 120, ""parts_cost"": 0, ""work_order_id"": ""6738e62f-3efa-4b99-a0da-d32b0da87d9f""}",2024-07-09 03:09:10.142818+00
2868f27c-a5da-4dfc-8344-fb651fadfa92,09691387-05cc-4ad0-ac05-f45203433926,60694a33-64df-4703-bb1f-20bc3948e683,maintenance_completed,,,,,"{""kind"": ""preventive"", ""labor_cost"": 360, ""parts_cost"": 0, ""work_order_id"": ""4513316a-f077-4161-a1fe-e650f1084cab""}",2025-01-10 01:16:10.142818+00
3b51bf57-c0b3-4986-ab04-161f480769e3,09691387-05cc-4ad0-ac05-f45203433926,60694a33-64df-4703-bb1f-20bc3948e683,maintenance_completed,,,,,"{""kind"": ""preventive"", ""labor_cost"": 360, ""parts_cost"": 256, ""work_order_id"": ""209a6931-0608-4217-84d8-79fa62e05f93""}",2025-07-03 22:09:10.142818+00
9381b43b-776a-4c58-b809-117f407d12fc,09691387-05cc-4ad0-ac05-f45203433926,60694a33-64df-4703-bb1f-20bc3948e683,maintenance_completed,,,,,"{""kind"": ""preventive"", ""labor_cost"": 120, ""parts_cost"": 0, ""work_order_id"": ""353ab49b-2456-4036-b9de-a2942080b6da""}",2026-01-07 02:41:10.142818+00
aa77e16d-586a-4e58-9117-ace9722833dc,09691387-05cc-4ad0-ac05-f45203433926,60694a33-64df-4703-bb1f-20bc3948e683,maintenance_completed,,,,,"{""kind"": ""preventive"", ""labor_cost"": 240, ""parts_cost"": 0, ""work_order_id"": ""d64685a5-0b84-42b8-8c49-e333017330b6""}",2026-06-27 22:28:10.142818+00
e7217b6e-5695-474d-961a-3b34ee609c6c,09691387-05cc-4ad0-ac05-f45203433926,60694a33-64df-4703-bb1f-20bc3948e683,maintenance_completed,,,,,"{""kind"": ""corrective"", ""outcome"": ""cleaned and reconfigured"", ""work_order_id"": ""e8d456ad-d4c7-4f9a-be5f-809a1c73b6c5"", ""downtime_minutes"": 457}",2025-02-08 11:13:10.142818+00
7af233ba-6bd7-4c5b-82c3-af2c73d37eb8,e202e999-36c0-49e9-b8c4-b6bc1f7e4ec0,60694a33-64df-4703-bb1f-20bc3948e683,maintenance_completed,,,,,"{""kind"": ""preventive"", ""labor_cost"": 480, ""parts_cost"": 0, ""work_order_id"": ""1067e631-fecc-4490-a729-a9c2170d7997""}",2023-12-22 04:05:10.142818+00
35417f5b-f5ac-4c28-bc32-17527c0efc6c,e202e999-36c0-49e9-b8c4-b6bc1f7e4ec0,60694a33-64df-4703-bb1f-20bc3948e683,maintenance_completed,,,,,"{""kind"": ""preventive"", ""labor_cost"": 120, ""parts_cost"": 0, ""work_order_id"": ""894a8840-b8ab-4e2f-b9ae-85786fee8204""}",2024-06-19 03:26:10.142818+00
9001e326-191f-45b1-942d-f4884a219154,e202e999-36c0-49e9-b8c4-b6bc1f7e4ec0,60694a33-64df-4703-bb1f-20bc3948e683,maintenance_completed,,,,,"{""kind"": ""preventive"", ""labor_cost"": 240, ""parts_cost"": 0, ""work_order_id"": ""79009d2c-a84d-4f13-bcd8-9249a64eef5d""}",2024-12-17 00:50:10.142818+00
003dc0e3-5e96-45ad-aac0-c9540943f77d,e202e999-36c0-49e9-b8c4-b6bc1f7e4ec0,60694a33-64df-4703-bb1f-20bc3948e683,maintenance_completed,,,,,"{""kind"": ""preventive"", ""labor_cost"": 360, ""parts_cost"": 0, ""work_order_id"": ""629a63e7-1bbc-49fa-a884-b08e2d8bdbf0""}",2025-06-10 01:30:10.142818+00
b4decd0d-b238-4103-b56d-61fe1570b803,e202e999-36c0-49e9-b8c4-b6bc1f7e4ec0,60694a33-64df-4703-bb1f-20bc3948e683,maintenance_completed,,,,,"{""kind"": ""preventive"", ""labor_cost"": 240, ""parts_cost"": 0, ""work_order_id"": ""fdc3acdc-c7a6-4b6b-958d-fb1ad5a0e933""}",2025-12-06 01:53:10.142818+00
507cced7-36d8-4364-a903-14938199c1a6,e202e999-36c0-49e9-b8c4-b6bc1f7e4ec0,60694a33-64df-4703-bb1f-20bc3948e683,maintenance_completed,,,,,"{""kind"": ""preventive"", ""labor_cost"": 480, ""parts_cost"": 0, ""work_order_id"": ""0a496ee6-a5a1-4e5c-83ae-e4b9ee1abc86""}",2026-06-11 23:25:10.142818+00
6fbf2474-faa5-43cc-93b2-fbfb6f4ca136,e202e999-36c0-49e9-b8c4-b6bc1f7e4ec0,60694a33-64df-4703-bb1f-20bc3948e683,maintenance_completed,,,,,"{""kind"": ""corrective"", ""outcome"": ""cleaned and reconfigured"", ""work_order_id"": ""177625f4-9e08-4571-ad5b-c2219f27c27b"", ""downtime_minutes"": 2183}",2026-04-28 12:59:10.142818+00
de031731-ef37-4d94-aab6-39a95b783b9d,e202e999-36c0-49e9-b8c4-b6bc1f7e4ec0,60694a33-64df-4703-bb1f-20bc3948e683,maintenance_completed,,,,,"{""kind"": ""corrective"", ""outcome"": ""escalated to supplier"", ""work_order_id"": ""66a01717-f6a9-4f50-b7e9-32ae2313652e"", ""downtime_minutes"": 2124}",2026-07-06 08:00:10.142818+00
03abfd4d-e958-49b0-adc6-92a825b1a0f8,e202e999-36c0-49e9-b8c4-b6bc1f7e4ec0,60694a33-64df-4703-bb1f-20bc3948e683,maintenance_completed,,,,,"{""kind"": ""corrective"", ""outcome"": ""part replaced"", ""work_order_id"": ""244b80b6-1aeb-4a77-9faa-671922d125c7"", ""downtime_minutes"": 96}",2026-02-27 00:12:10.142818+00
874ece4d-2b0b-4704-9daf-dbb93f666f88,7373faf9-f1ab-4151-8d65-0131be6b082b,60694a33-64df-4703-bb1f-20bc3948e683,maintenance_completed,,,,,"{""kind"": ""preventive"", ""labor_cost"": 120, ""parts_cost"": 0, ""work_order_id"": ""fc5ea8f4-45fa-4ebe-b71a-51f8df8a9b89""}",2025-12-28 13:23:00+00
e03f059e-fb4c-487e-8a81-167fa55f963a,7373faf9-f1ab-4151-8d65-0131be6b082b,60694a33-64df-4703-bb1f-20bc3948e683,maintenance_completed,,,,,"{""kind"": ""preventive"", ""labor_cost"": 240, ""parts_cost"": 1002, ""work_order_id"": ""ab7b9e91-6067-4957-a6d7-2a2fdfc41b04""}",2026-06-24 12:06:00+00
9edb7c49-06d2-4fec-baba-df76eb46bcb0,561b6196-43a5-4372-8f1d-d4a03781a5a2,60694a33-64df-4703-bb1f-20bc3948e683,maintenance_completed,,,,,"{""kind"": ""preventive"", ""labor_cost"": 480, ""parts_cost"": 0, ""work_order_id"": ""4999706f-8a8a-4329-aa38-2255cc0f1279""}",2024-01-16 23:37:10.142818+00
bda85c25-28cf-495b-9cd8-0ab258a16904,561b6196-43a5-4372-8f1d-d4a03781a5a2,60694a33-64df-4703-bb1f-20bc3948e683,maintenance_completed,,,,,"{""kind"": ""preventive"", ""labor_cost"": 240, ""parts_cost"": 0, ""work_order_id"": ""5d8a06ef-9d08-405a-9ff1-8d6b62d9f7b2""}",2024-07-18 22:41:10.142818+00
7c7b6f59-0db3-4cb8-bfb2-77f2924f8718,561b6196-43a5-4372-8f1d-d4a03781a5a2,60694a33-64df-4703-bb1f-20bc3948e683,maintenance_completed,,,,,"{""kind"": ""preventive"", ""labor_cost"": 120, ""parts_cost"": 0, ""work_order_id"": ""02051f3d-0560-4fb7-8f73-e30ec2ca833c""}",2025-01-13 23:14:10.142818+00
bbccbb7e-36cf-437b-93fe-16fac7482bb2,561b6196-43a5-4372-8f1d-d4a03781a5a2,60694a33-64df-4703-bb1f-20bc3948e683,maintenance_completed,,,,,"{""kind"": ""preventive"", ""labor_cost"": 360, ""parts_cost"": 0, ""work_order_id"": ""6b4f8727-1c44-4636-833b-c792f5814032""}",2025-07-14 01:41:10.142818+00
b69cf4f2-510e-42fc-9a6e-e1c679a7a95b,561b6196-43a5-4372-8f1d-d4a03781a5a2,60694a33-64df-4703-bb1f-20bc3948e683,maintenance_completed,,,,,"{""kind"": ""preventive"", ""labor_cost"": 120, ""parts_cost"": 843, ""work_order_id"": ""bee13cd7-154a-4c3e-8cf8-045b8c03c0bb""}",2026-01-12 23:37:10.142818+00
77c01529-15d8-4e87-bf0b-38c699b315a3,561b6196-43a5-4372-8f1d-d4a03781a5a2,60694a33-64df-4703-bb1f-20bc3948e683,maintenance_completed,,,,,"{""kind"": ""preventive"", ""labor_cost"": 480, ""parts_cost"": 915, ""work_order_id"": ""c8e0a9b7-7e1e-4ae8-af50-1dd049e06889""}",2026-07-05 01:02:10.142818+00
1ae27cfa-39f6-4358-805d-9356ba4301ba,561b6196-43a5-4372-8f1d-d4a03781a5a2,60694a33-64df-4703-bb1f-20bc3948e683,maintenance_completed,,,,,"{""kind"": ""corrective"", ""outcome"": ""repaired"", ""work_order_id"": ""3564f02c-b0d3-4979-92ce-482336c2e73f"", ""downtime_minutes"": 2006}",2024-09-20 06:02:10.142818+00
ba24e1a1-e688-477e-a7ce-f62a3d1dd586,046e7a1f-65e3-4413-a967-02db1733f3c9,60694a33-64df-4703-bb1f-20bc3948e683,maintenance_completed,,,,,"{""kind"": ""preventive"", ""labor_cost"": 480, ""parts_cost"": 0, ""work_order_id"": ""9461f29c-940b-4ab9-9625-f05580f89c5f""}",2023-10-28 22:00:10.142818+00
e00193a6-afe8-4e85-b6ee-2811ec91c64d,046e7a1f-65e3-4413-a967-02db1733f3c9,60694a33-64df-4703-bb1f-20bc3948e683,maintenance_completed,,,,,"{""kind"": ""preventive"", ""labor_cost"": 480, ""parts_cost"": 0, ""work_order_id"": ""e2f6f0c2-f45d-4686-b3ec-4d5693bb78d6""}",2024-04-26 02:12:10.142818+00
e60abbfd-54c5-4735-80ca-c5e4c780abc8,046e7a1f-65e3-4413-a967-02db1733f3c9,60694a33-64df-4703-bb1f-20bc3948e683,maintenance_completed,,,,,"{""kind"": ""preventive"", ""labor_cost"": 360, ""parts_cost"": 0, ""work_order_id"": ""4e82bbdc-be00-46eb-936d-071a45294867""}",2024-10-19 00:07:10.142818+00
648be0d0-2ba9-4544-b087-3be85a0b571b,046e7a1f-65e3-4413-a967-02db1733f3c9,60694a33-64df-4703-bb1f-20bc3948e683,maintenance_completed,,,,,"{""kind"": ""preventive"", ""labor_cost"": 120, ""parts_cost"": 0, ""work_order_id"": ""a285a897-4e6f-4e54-87f4-d76a64734269""}",2025-04-17 23:19:10.142818+00
01ea8b36-f366-4e23-bc44-4f8afadbca3a,046e7a1f-65e3-4413-a967-02db1733f3c9,60694a33-64df-4703-bb1f-20bc3948e683,maintenance_completed,,,,,"{""kind"": ""preventive"", ""labor_cost"": 240, ""parts_cost"": 685, ""work_order_id"": ""9b84cfc4-cb8a-4d89-ad2c-df883388033c""}",2025-10-18 03:07:10.142818+00
e343779f-b6bc-47e2-869e-8d45480cf580,8d80a20f-fff3-4b6e-b62c-e0e4380099f0,60694a33-64df-4703-bb1f-20bc3948e683,maintenance_completed,,,,,"{""kind"": ""preventive"", ""labor_cost"": 360, ""parts_cost"": 177, ""work_order_id"": ""4d6c297d-912a-456a-8543-0953d6fe937b""}",2024-02-22 01:08:10.142818+00
b61cf253-f50d-4f8f-a357-89c801945fb9,8d80a20f-fff3-4b6e-b62c-e0e4380099f0,60694a33-64df-4703-bb1f-20bc3948e683,maintenance_completed,,,,,"{""kind"": ""preventive"", ""labor_cost"": 360, ""parts_cost"": 229, ""work_order_id"": ""6d1dd584-bb51-401d-97cb-a5be14677e25""}",2024-08-20 01:57:10.142818+00
c077ae2d-3c64-414e-9439-c0f9307da889,8d80a20f-fff3-4b6e-b62c-e0e4380099f0,60694a33-64df-4703-bb1f-20bc3948e683,maintenance_completed,,,,,"{""kind"": ""preventive"", ""labor_cost"": 240, ""parts_cost"": 0, ""work_order_id"": ""5788f511-450a-49c8-8f1d-663acdbd8af7""}",2025-02-19 02:58:10.142818+00
6b9389db-ef57-4b48-9197-4905f5f8ac37,8d80a20f-fff3-4b6e-b62c-e0e4380099f0,60694a33-64df-4703-bb1f-20bc3948e683,maintenance_completed,,,,,"{""kind"": ""preventive"", ""labor_cost"": 120, ""parts_cost"": 0, ""work_order_id"": ""2dddda42-f588-4eb5-98ab-3b6a139a1bf7""}",2025-08-20 23:55:10.142818+00
ab158ab5-26c0-48a5-8586-94f78ccf3e72,8d80a20f-fff3-4b6e-b62c-e0e4380099f0,60694a33-64df-4703-bb1f-20bc3948e683,maintenance_completed,,,,,"{""kind"": ""preventive"", ""labor_cost"": 120, ""parts_cost"": 0, ""work_order_id"": ""e152f31a-a560-494a-bcae-192804a72e46""}",2026-02-18 02:25:10.142818+00
4bff8c05-8e8b-4bd1-9f25-d1ccbc7057fc,8d80a20f-fff3-4b6e-b62c-e0e4380099f0,60694a33-64df-4703-bb1f-20bc3948e683,maintenance_completed,,,,,"{""kind"": ""preventive"", ""labor_cost"": 480, ""parts_cost"": 0, ""work_order_id"": ""dfa100ce-6333-4081-bf26-b90a3a9a6c3c""}",2026-08-13 01:22:10.142818+00
ebe06229-60d4-4438-8cdb-973570fbec7c,8d80a20f-fff3-4b6e-b62c-e0e4380099f0,60694a33-64df-4703-bb1f-20bc3948e683,maintenance_completed,,,,,"{""kind"": ""corrective"", ""outcome"": ""repaired"", ""work_order_id"": ""62a95cde-58f1-4bc4-9c57-0c4a94eec5f3"", ""downtime_minutes"": 1736}",2024-09-01 04:32:10.142818+00
154290d5-2ff3-462f-bd0c-a3346ee1ae0f,8d80a20f-fff3-4b6e-b62c-e0e4380099f0,60694a33-64df-4703-bb1f-20bc3948e683,maintenance_completed,,,,,"{""kind"": ""corrective"", ""outcome"": ""cleaned and reconfigured"", ""work_order_id"": ""9728fe8d-faeb-4bf7-96fd-5b53d1765894"", ""downtime_minutes"": 2123}",2024-08-05 14:59:10.142818+00
da887ae6-a2bc-4945-b059-6ad1b358d32d,8d80a20f-fff3-4b6e-b62c-e0e4380099f0,60694a33-64df-4703-bb1f-20bc3948e683,maintenance_completed,,,,,"{""kind"": ""corrective"", ""outcome"": ""cleaned and reconfigured"", ""work_order_id"": ""2bcc24a2-e983-428a-bd3c-bbf300bb08e3"", ""downtime_minutes"": 1937}",2026-05-22 08:53:10.142818+00
17681e2f-9f2e-4af8-a5a9-0a804fe9be11,4c087f81-dfb3-4e3c-9ba1-8c19d03d83fa,60694a33-64df-4703-bb1f-20bc3948e683,maintenance_completed,,,,,"{""kind"": ""preventive"", ""labor_cost"": 240, ""parts_cost"": 0, ""work_order_id"": ""8b576593-ba04-4fc8-90d6-ff35eac3545c""}",2023-11-21 03:10:10.142818+00
475b5370-c818-475e-a1c4-edfb0fa029e5,4c087f81-dfb3-4e3c-9ba1-8c19d03d83fa,60694a33-64df-4703-bb1f-20bc3948e683,maintenance_completed,,,,,"{""kind"": ""preventive"", ""labor_cost"": 240, ""parts_cost"": 0, ""work_order_id"": ""f6b26f34-214a-4140-af71-9e5d35ab6818""}",2024-05-25 23:28:10.142818+00
6ddfcaa8-f7c6-46a8-ad54-b01997e3b3e5,4c087f81-dfb3-4e3c-9ba1-8c19d03d83fa,60694a33-64df-4703-bb1f-20bc3948e683,maintenance_completed,,,,,"{""kind"": ""preventive"", ""labor_cost"": 480, ""parts_cost"": 0, ""work_order_id"": ""610d5733-833f-4d23-818d-fc24cd324949""}",2024-11-17 00:29:10.142818+00
f8ef9f6a-49c8-4636-81e8-62d9809fadda,4c087f81-dfb3-4e3c-9ba1-8c19d03d83fa,60694a33-64df-4703-bb1f-20bc3948e683,maintenance_completed,,,,,"{""kind"": ""preventive"", ""labor_cost"": 240, ""parts_cost"": 0, ""work_order_id"": ""d9777760-fd97-4c14-839d-a2fd60fa6ab9""}",2025-05-13 22:31:10.142818+00
dfb307e0-736d-4b5d-a81f-2a23d6ef970d,4c087f81-dfb3-4e3c-9ba1-8c19d03d83fa,60694a33-64df-4703-bb1f-20bc3948e683,maintenance_completed,,,,,"{""kind"": ""preventive"", ""labor_cost"": 120, ""parts_cost"": 0, ""work_order_id"": ""3980f187-0380-49eb-989b-edb90c8f03fb""}",2025-11-11 22:28:10.142818+00
fdc8206c-2f71-4fca-9be0-d5e6a3423f2e,4c087f81-dfb3-4e3c-9ba1-8c19d03d83fa,60694a33-64df-4703-bb1f-20bc3948e683,maintenance_completed,,,,,"{""kind"": ""preventive"", ""labor_cost"": 360, ""parts_cost"": 0, ""work_order_id"": ""fcce9c67-fa81-48ce-b5d2-02864f12bb19""}",2026-05-11 04:12:10.142818+00
427b2342-7015-4566-9395-66e4fc20f789,44d5410e-1a30-4e0c-b328-29cc18a1a9b4,60694a33-64df-4703-bb1f-20bc3948e683,maintenance_completed,,,,,"{""kind"": ""preventive"", ""labor_cost"": 240, ""parts_cost"": 0, ""work_order_id"": ""83551b56-5732-48a9-92bf-e8c1aa7bdaf0""}",2024-01-27 21:33:10.142818+00
9d23f736-f54a-4529-84dd-106aa67bd28a,44d5410e-1a30-4e0c-b328-29cc18a1a9b4,60694a33-64df-4703-bb1f-20bc3948e683,maintenance_completed,,,,,"{""kind"": ""preventive"", ""labor_cost"": 120, ""parts_cost"": 0, ""work_order_id"": ""a7e4b95b-ddc2-4465-9d4b-1439eb36de55""}",2024-07-28 00:15:10.142818+00
92bc4ff6-24a3-4c14-acfd-2310c15bc483,44d5410e-1a30-4e0c-b328-29cc18a1a9b4,60694a33-64df-4703-bb1f-20bc3948e683,maintenance_completed,,,,,"{""kind"": ""preventive"", ""labor_cost"": 240, ""parts_cost"": 0, ""work_order_id"": ""0b8bdf1c-7ad4-493d-bdf5-599a0427ba11""}",2025-01-20 22:36:10.142818+00
416a0f76-3c31-4713-a04e-bb083132e920,44d5410e-1a30-4e0c-b328-29cc18a1a9b4,60694a33-64df-4703-bb1f-20bc3948e683,maintenance_completed,,,,,"{""kind"": ""preventive"", ""labor_cost"": 240, ""parts_cost"": 0, ""work_order_id"": ""f94528ed-95dd-4d0c-b8f1-9a9dc819ca28""}",2025-07-21 04:07:10.142818+00
128130db-156e-43f2-9d8c-9c47307f7472,44d5410e-1a30-4e0c-b328-29cc18a1a9b4,60694a33-64df-4703-bb1f-20bc3948e683,maintenance_completed,,,,,"{""kind"": ""preventive"", ""labor_cost"": 120, ""parts_cost"": 0, ""work_order_id"": ""53b7e27d-ed11-4f3e-a8e6-f05ba1ea02d2""}",2026-01-21 01:40:10.142818+00
133a5a1a-955e-4c3f-88a4-13f8b6d5d745,44d5410e-1a30-4e0c-b328-29cc18a1a9b4,60694a33-64df-4703-bb1f-20bc3948e683,maintenance_completed,,,,,"{""kind"": ""preventive"", ""labor_cost"": 240, ""parts_cost"": 0, ""work_order_id"": ""dbcf56f9-2dfe-43a9-9a5f-3df241916d31""}",2026-07-20 02:41:10.142818+00
29435a25-2dd0-41d8-95f4-0c9291311f37,44d5410e-1a30-4e0c-b328-29cc18a1a9b4,60694a33-64df-4703-bb1f-20bc3948e683,maintenance_completed,,,,,"{""kind"": ""corrective"", ""outcome"": ""repaired"", ""work_order_id"": ""29fa77e6-f104-4407-8555-9cbcd89acec8"", ""downtime_minutes"": 2714}",2024-08-01 18:50:10.142818+00
5dc57999-b064-4d80-8e8e-61527a16cd07,c65f7887-6a1a-4831-9988-958b9904ccb5,60694a33-64df-4703-bb1f-20bc3948e683,maintenance_completed,,,,,"{""kind"": ""preventive"", ""labor_cost"": 240, ""parts_cost"": 725, ""work_order_id"": ""dbac89eb-ab10-4d71-9d01-19ec85950a35""}",2024-02-02 23:05:10.142818+00
66a44713-1775-4cfa-a33d-98ff99096e5f,c65f7887-6a1a-4831-9988-958b9904ccb5,60694a33-64df-4703-bb1f-20bc3948e683,maintenance_completed,,,,,"{""kind"": ""preventive"", ""labor_cost"": 360, ""parts_cost"": 0, ""work_order_id"": ""0102f812-a49e-4a8f-8135-f52910a97622""}",2024-08-05 00:14:10.142818+00
a5a0b7d0-30df-4c35-b5fd-3c7865af949f,c65f7887-6a1a-4831-9988-958b9904ccb5,60694a33-64df-4703-bb1f-20bc3948e683,maintenance_completed,,,,,"{""kind"": ""preventive"", ""labor_cost"": 360, ""parts_cost"": 0, ""work_order_id"": ""ef0c493c-5f19-4500-a11c-b565ff430788""}",2025-01-30 02:57:10.142818+00
0499f087-77ad-4f23-8a1b-ec4622fed949,c65f7887-6a1a-4831-9988-958b9904ccb5,60694a33-64df-4703-bb1f-20bc3948e683,maintenance_completed,,,,,"{""kind"": ""preventive"", ""labor_cost"": 360, ""parts_cost"": 0, ""work_order_id"": ""74692e63-835c-4dc6-85e0-78c99d7d043d""}",2025-07-26 02:33:10.142818+00
8f2f1ad2-935c-47f2-b6bd-1a103ec77dd3,c65f7887-6a1a-4831-9988-958b9904ccb5,60694a33-64df-4703-bb1f-20bc3948e683,maintenance_completed,,,,,"{""kind"": ""preventive"", ""labor_cost"": 120, ""parts_cost"": 833, ""work_order_id"": ""9faf9e6f-9f2f-4e89-8722-19a3126f7aac""}",2026-01-29 22:09:10.142818+00
ea303b8e-cc16-4906-adc8-d57a233fd007,c65f7887-6a1a-4831-9988-958b9904ccb5,60694a33-64df-4703-bb1f-20bc3948e683,maintenance_completed,,,,,"{""kind"": ""preventive"", ""labor_cost"": 480, ""parts_cost"": 320, ""work_order_id"": ""55d8c22f-08e7-4769-aa7d-5c2097560c76""}",2026-07-26 03:12:10.142818+00
5820f69d-b2c1-4785-80bc-bec3be294bff,6abcea14-9916-49c8-8c5f-9d530057e78e,60694a33-64df-4703-bb1f-20bc3948e683,maintenance_completed,,,,,"{""kind"": ""preventive"", ""labor_cost"": 480, ""parts_cost"": 0, ""work_order_id"": ""40d1d962-87ec-4fdc-ac3d-b453e03683a9""}",2024-01-23 21:55:10.142818+00
031c767f-e271-44cf-bd12-8effdf412f85,6abcea14-9916-49c8-8c5f-9d530057e78e,60694a33-64df-4703-bb1f-20bc3948e683,maintenance_completed,,,,,"{""kind"": ""preventive"", ""labor_cost"": 360, ""parts_cost"": 0, ""work_order_id"": ""934f282f-289c-4d59-823a-73dab3e2626b""}",2024-07-14 04:05:10.142818+00
73f6ca3e-39a4-41da-95ad-7725f23b64a4,6abcea14-9916-49c8-8c5f-9d530057e78e,60694a33-64df-4703-bb1f-20bc3948e683,maintenance_completed,,,,,"{""kind"": ""preventive"", ""labor_cost"": 480, ""parts_cost"": 0, ""work_order_id"": ""ca6dcc3b-dd6a-49cf-a447-f68d5872c0ac""}",2025-01-13 22:15:10.142818+00
797a35ac-8daf-49fe-8b28-44468e964fcb,6abcea14-9916-49c8-8c5f-9d530057e78e,60694a33-64df-4703-bb1f-20bc3948e683,maintenance_completed,,,,,"{""kind"": ""preventive"", ""labor_cost"": 240, ""parts_cost"": 848, ""work_order_id"": ""e5aac1b5-69ab-434a-9a62-7f408c8776c0""}",2025-07-12 02:15:10.142818+00
0d5686fb-b6a4-4a62-82b7-aacdf785ad91,6abcea14-9916-49c8-8c5f-9d530057e78e,60694a33-64df-4703-bb1f-20bc3948e683,maintenance_completed,,,,,"{""kind"": ""preventive"", ""labor_cost"": 480, ""parts_cost"": 0, ""work_order_id"": ""4307d544-90d5-4934-852b-03228b4db3b0""}",2026-01-09 01:27:10.142818+00
db1d10ac-3561-44d1-8d0a-c47c59d135f9,6abcea14-9916-49c8-8c5f-9d530057e78e,60694a33-64df-4703-bb1f-20bc3948e683,maintenance_completed,,,,,"{""kind"": ""corrective"", ""outcome"": ""part replaced"", ""work_order_id"": ""b1cc1859-2d14-4658-9aa0-49f509d04e94"", ""downtime_minutes"": 792}",2024-03-01 14:48:10.142818+00
b884cf47-831d-43b2-8911-05bc3bcb9a28,8f165b3a-d1cc-4a8e-817d-8e846fdaad52,60694a33-64df-4703-bb1f-20bc3948e683,maintenance_completed,,,,,"{""kind"": ""preventive"", ""labor_cost"": 360, ""parts_cost"": 347, ""work_order_id"": ""3af2e7eb-9f37-4944-be14-74bd9fca882b""}",2025-02-25 09:26:00+00
81c026cd-861a-4bdf-adb7-7aafcc91ec9c,8f165b3a-d1cc-4a8e-817d-8e846fdaad52,60694a33-64df-4703-bb1f-20bc3948e683,maintenance_completed,,,,,"{""kind"": ""preventive"", ""labor_cost"": 480, ""parts_cost"": 0, ""work_order_id"": ""0af49cfa-720f-4e49-83b7-0d0763e0d1de""}",2025-08-30 13:55:00+00
695cf420-3473-4866-9cf6-5f57c75023cf,8f165b3a-d1cc-4a8e-817d-8e846fdaad52,60694a33-64df-4703-bb1f-20bc3948e683,maintenance_completed,,,,,"{""kind"": ""preventive"", ""labor_cost"": 240, ""parts_cost"": 0, ""work_order_id"": ""8987c430-c2b2-46e8-963a-13e035699ab1""}",2026-02-25 16:53:00+00
54884f21-3c01-4ca9-badf-32add40ba517,8f165b3a-d1cc-4a8e-817d-8e846fdaad52,60694a33-64df-4703-bb1f-20bc3948e683,maintenance_completed,,,,,"{""kind"": ""preventive"", ""labor_cost"": 120, ""parts_cost"": 0, ""work_order_id"": ""8c87bf68-5495-4810-9c04-cf7c70755b61""}",2026-08-20 11:43:00+00
15e5cfbc-f319-425f-99b0-c4e986d43934,2d1c76b0-0687-4ae5-89f0-c1602947204e,60694a33-64df-4703-bb1f-20bc3948e683,maintenance_completed,,,,,"{""kind"": ""preventive"", ""labor_cost"": 480, ""parts_cost"": 240, ""work_order_id"": ""a56f7114-ba71-4b1d-b64e-07770b8db409""}",2024-01-01 01:01:10.142818+00
76f1a912-bf6a-492c-b7f6-04e2c79e8e97,2d1c76b0-0687-4ae5-89f0-c1602947204e,60694a33-64df-4703-bb1f-20bc3948e683,maintenance_completed,,,,,"{""kind"": ""preventive"", ""labor_cost"": 360, ""parts_cost"": 0, ""work_order_id"": ""ef1fb0a9-6ace-4cfd-ae5b-79edc14975c3""}",2024-07-06 23:15:10.142818+00
9d97aabd-6c41-4202-a6b4-e14f1d5711f4,2d1c76b0-0687-4ae5-89f0-c1602947204e,60694a33-64df-4703-bb1f-20bc3948e683,maintenance_completed,,,,,"{""kind"": ""preventive"", ""labor_cost"": 360, ""parts_cost"": 382, ""work_order_id"": ""262569a5-71fc-4692-9c48-1f759e2332a6""}",2024-12-26 02:18:10.142818+00
fd64eee9-6af4-41e1-8a49-378bf0f082be,2d1c76b0-0687-4ae5-89f0-c1602947204e,60694a33-64df-4703-bb1f-20bc3948e683,maintenance_completed,,,,,"{""kind"": ""preventive"", ""labor_cost"": 240, ""parts_cost"": 0, ""work_order_id"": ""866c665c-70fe-49e8-ad6d-fc1f330126d6""}",2025-07-01 01:25:10.142818+00
4a69e79c-ce62-4d44-afbe-6194445dead2,2d1c76b0-0687-4ae5-89f0-c1602947204e,60694a33-64df-4703-bb1f-20bc3948e683,maintenance_completed,,,,,"{""kind"": ""preventive"", ""labor_cost"": 240, ""parts_cost"": 605, ""work_order_id"": ""47936288-e07c-4eac-b933-04093b31a83a""}",2025-12-28 23:46:10.142818+00
db1c4ed4-df12-4cd2-9fea-a052c1efa30a,2d1c76b0-0687-4ae5-89f0-c1602947204e,60694a33-64df-4703-bb1f-20bc3948e683,maintenance_completed,,,,,"{""kind"": ""corrective"", ""outcome"": ""cleaned and reconfigured"", ""work_order_id"": ""3aea6565-0478-44c7-9c61-b52ec5b43200"", ""downtime_minutes"": 618}",2024-07-19 11:54:10.142818+00
76b2d8d3-b291-4d5c-a2a7-ad0c2db17cfd,3bccdcad-d3c7-4a4e-bf83-b90afbc63449,60694a33-64df-4703-bb1f-20bc3948e683,maintenance_completed,,,,,"{""kind"": ""preventive"", ""labor_cost"": 480, ""parts_cost"": 0, ""work_order_id"": ""5f2cc58e-b55c-476b-8477-4836b205de57""}",2024-01-25 04:11:10.142818+00
6d78dc35-9b99-4f2a-82a9-8959175f05a7,3bccdcad-d3c7-4a4e-bf83-b90afbc63449,60694a33-64df-4703-bb1f-20bc3948e683,maintenance_completed,,,,,"{""kind"": ""preventive"", ""labor_cost"": 240, ""parts_cost"": 1043, ""work_order_id"": ""72d88631-4d38-459e-a050-2f081768c5c2""}",2024-07-24 04:42:10.142818+00
e02967c3-d3b8-4538-a9df-7bac52be5d75,3bccdcad-d3c7-4a4e-bf83-b90afbc63449,60694a33-64df-4703-bb1f-20bc3948e683,maintenance_completed,,,,,"{""kind"": ""preventive"", ""labor_cost"": 240, ""parts_cost"": 590, ""work_order_id"": ""b7200e3a-7e57-4ba5-ad13-fcf17a0ba3df""}",2025-01-23 02:22:10.142818+00
90533213-b797-41a4-8071-375524ffed02,3bccdcad-d3c7-4a4e-bf83-b90afbc63449,60694a33-64df-4703-bb1f-20bc3948e683,maintenance_completed,,,,,"{""kind"": ""preventive"", ""labor_cost"": 360, ""parts_cost"": 0, ""work_order_id"": ""f4c44bef-cd0d-4b91-85c9-13ee9f0a2c3b""}",2025-07-25 00:26:10.142818+00
03700993-c2bd-4b43-8df8-ac6fd83a50a2,3bccdcad-d3c7-4a4e-bf83-b90afbc63449,60694a33-64df-4703-bb1f-20bc3948e683,maintenance_completed,,,,,"{""kind"": ""preventive"", ""labor_cost"": 480, ""parts_cost"": 0, ""work_order_id"": ""e3c03914-691e-4c6d-922c-c2cf14d1ebff""}",2026-01-16 22:03:10.142818+00
0e47c0b2-6797-456a-84c9-ff23fb7383b2,3bccdcad-d3c7-4a4e-bf83-b90afbc63449,60694a33-64df-4703-bb1f-20bc3948e683,maintenance_completed,,,,,"{""kind"": ""preventive"", ""labor_cost"": 360, ""parts_cost"": 0, ""work_order_id"": ""8742cff7-2d6e-4028-96d5-2d4c9b5b13d0""}",2026-07-15 23:32:10.142818+00
5079b327-139f-4644-b35e-6092ad1ae445,71f54917-6557-42c9-9b86-23fbed57dd77,60694a33-64df-4703-bb1f-20bc3948e683,maintenance_completed,,,,,"{""kind"": ""preventive"", ""labor_cost"": 120, ""parts_cost"": 0, ""work_order_id"": ""2ff9de4d-9878-43e2-b381-08b3e320b5bf""}",2023-10-02 10:04:00+00
a7716558-408e-4593-9683-d267648d5d7e,71f54917-6557-42c9-9b86-23fbed57dd77,60694a33-64df-4703-bb1f-20bc3948e683,maintenance_completed,,,,,"{""kind"": ""preventive"", ""labor_cost"": 240, ""parts_cost"": 0, ""work_order_id"": ""b2518bcb-65da-4e8c-bd02-c9bc897fc17e""}",2024-04-06 14:46:00+00
b8c18fc7-f6b3-4d72-8f59-1e0bcb24c42c,71f54917-6557-42c9-9b86-23fbed57dd77,60694a33-64df-4703-bb1f-20bc3948e683,maintenance_completed,,,,,"{""kind"": ""preventive"", ""labor_cost"": 120, ""parts_cost"": 736, ""work_order_id"": ""2c7cf5c1-04b7-458d-89ea-a7c1af3e745e""}",2024-10-02 15:53:00+00
e62c9c6a-2a0a-4c11-950b-dc87fed4fac5,71f54917-6557-42c9-9b86-23fbed57dd77,60694a33-64df-4703-bb1f-20bc3948e683,maintenance_completed,,,,,"{""kind"": ""preventive"", ""labor_cost"": 240, ""parts_cost"": 0, ""work_order_id"": ""4d886f24-1607-464e-ad88-f74e64f8bf98""}",2025-03-26 13:47:00+00
29ef4861-9c82-4045-9e61-be097a6c8d70,71f54917-6557-42c9-9b86-23fbed57dd77,60694a33-64df-4703-bb1f-20bc3948e683,maintenance_completed,,,,,"{""kind"": ""preventive"", ""labor_cost"": 240, ""parts_cost"": 179, ""work_order_id"": ""b9d0da87-7569-4ca3-a97c-2aae250d95f4""}",2025-09-28 12:31:00+00
8196f970-42fe-4b88-982e-0201058541aa,71f54917-6557-42c9-9b86-23fbed57dd77,60694a33-64df-4703-bb1f-20bc3948e683,maintenance_completed,,,,,"{""kind"": ""preventive"", ""labor_cost"": 360, ""parts_cost"": 0, ""work_order_id"": ""4e562025-bdde-4c2e-bc26-25ffe5717a9e""}",2026-03-22 14:24:00+00
981e0aaa-f60e-4631-8e6c-7e8745418384,7e1a72c9-0412-4452-8066-422c8804ca1e,60694a33-64df-4703-bb1f-20bc3948e683,maintenance_completed,,,,,"{""kind"": ""preventive"", ""labor_cost"": 120, ""parts_cost"": 0, ""work_order_id"": ""74071e0e-3559-4379-8b8d-79c2fd9f4816""}",2023-12-13 04:30:10.142818+00
a780884f-1844-4c8f-9553-b78be29244d1,7e1a72c9-0412-4452-8066-422c8804ca1e,60694a33-64df-4703-bb1f-20bc3948e683,maintenance_completed,,,,,"{""kind"": ""preventive"", ""labor_cost"": 120, ""parts_cost"": 0, ""work_order_id"": ""1f363577-67ed-4f94-a2db-7bfac4a26d22""}",2024-06-04 00:06:10.142818+00
24ccf78f-7a30-49a1-bed5-c2a4fb17c24e,7e1a72c9-0412-4452-8066-422c8804ca1e,60694a33-64df-4703-bb1f-20bc3948e683,maintenance_completed,,,,,"{""kind"": ""preventive"", ""labor_cost"": 240, ""parts_cost"": 921, ""work_order_id"": ""a7b90753-08b3-4315-87a8-4b2c54c09334""}",2024-12-04 03:52:10.142818+00
efccf533-fe3f-4764-a766-ff0eb9a7a669,7e1a72c9-0412-4452-8066-422c8804ca1e,60694a33-64df-4703-bb1f-20bc3948e683,maintenance_completed,,,,,"{""kind"": ""preventive"", ""labor_cost"": 480, ""parts_cost"": 0, ""work_order_id"": ""94cea14f-f6c5-4e1e-99dc-73ca55255935""}",2025-05-31 04:26:10.142818+00
d718f9cd-7cb2-452a-8bb0-c1909ec0be31,7e1a72c9-0412-4452-8066-422c8804ca1e,60694a33-64df-4703-bb1f-20bc3948e683,maintenance_completed,,,,,"{""kind"": ""preventive"", ""labor_cost"": 360, ""parts_cost"": 0, ""work_order_id"": ""5d4c5149-8cac-44f9-b5cb-b246954b16cf""}",2025-11-30 01:25:10.142818+00
9d7ef718-d40e-4c07-be8b-ac606e8e2820,7e1a72c9-0412-4452-8066-422c8804ca1e,60694a33-64df-4703-bb1f-20bc3948e683,maintenance_completed,,,,,"{""kind"": ""corrective"", ""outcome"": ""repaired"", ""work_order_id"": ""ef61a9d3-5ea4-4e94-8a7c-98c808ee55e1"", ""downtime_minutes"": 127}",2024-07-30 01:43:10.142818+00
7bb7bfd3-3330-43e3-891c-893d5bb68409,7e1a72c9-0412-4452-8066-422c8804ca1e,60694a33-64df-4703-bb1f-20bc3948e683,maintenance_completed,,,,,"{""kind"": ""corrective"", ""outcome"": ""escalated to supplier"", ""work_order_id"": ""752ff009-7fb2-44a9-a642-81c2259a5e55"", ""downtime_minutes"": 1351}",2026-04-21 19:07:10.142818+00
cf671de7-b353-40b1-84ae-736a1ab823df,7e1a72c9-0412-4452-8066-422c8804ca1e,60694a33-64df-4703-bb1f-20bc3948e683,maintenance_completed,,,,,"{""kind"": ""corrective"", ""outcome"": ""part replaced"", ""work_order_id"": ""ed2905ad-5417-421e-acb7-aa132e5402a6"", ""downtime_minutes"": 1315}",2026-07-30 20:31:10.142818+00
4d583e03-0941-4579-9216-7781eccb30ba,0f4c7a75-2d96-4616-b8bc-9f44e09bbaed,60694a33-64df-4703-bb1f-20bc3948e683,maintenance_completed,,,,,"{""kind"": ""preventive"", ""labor_cost"": 480, ""parts_cost"": 0, ""work_order_id"": ""3a38ca5b-122c-43b3-9fb4-d3f169d99c40""}",2024-02-22 01:41:10.142818+00
55c971e9-9ff8-4373-a899-41981c065f9b,0f4c7a75-2d96-4616-b8bc-9f44e09bbaed,60694a33-64df-4703-bb1f-20bc3948e683,maintenance_completed,,,,,"{""kind"": ""preventive"", ""labor_cost"": 480, ""parts_cost"": 197, ""work_order_id"": ""9c277956-9a6d-49c3-8f36-8a962f18d35f""}",2024-08-20 00:02:10.142818+00
65d680df-c768-426a-9b25-9a96f2738799,0f4c7a75-2d96-4616-b8bc-9f44e09bbaed,60694a33-64df-4703-bb1f-20bc3948e683,maintenance_completed,,,,,"{""kind"": ""preventive"", ""labor_cost"": 240, ""parts_cost"": 0, ""work_order_id"": ""c65b8367-268a-4249-b339-9f9f8f7722c4""}",2025-02-11 02:41:10.142818+00
ebb48632-3f2b-45fb-b024-b97a91ecc5a7,0f4c7a75-2d96-4616-b8bc-9f44e09bbaed,60694a33-64df-4703-bb1f-20bc3948e683,maintenance_completed,,,,,"{""kind"": ""preventive"", ""labor_cost"": 240, ""parts_cost"": 0, ""work_order_id"": ""33238578-f254-4b99-bf8e-7f54edf543fc""}",2025-08-11 00:31:10.142818+00
975a5a21-36e3-4f72-8a1e-1f9336ebfa9d,0f4c7a75-2d96-4616-b8bc-9f44e09bbaed,60694a33-64df-4703-bb1f-20bc3948e683,maintenance_completed,,,,,"{""kind"": ""preventive"", ""labor_cost"": 480, ""parts_cost"": 0, ""work_order_id"": ""47480dfb-f357-4612-8418-d0bfeebacb5e""}",2026-02-07 03:13:10.142818+00
daeb91be-1b0d-4674-8f88-65e7781f242f,4320081c-3fba-4448-ba6f-8203202b5727,60694a33-64df-4703-bb1f-20bc3948e683,maintenance_completed,,,,,"{""kind"": ""preventive"", ""labor_cost"": 360, ""parts_cost"": 0, ""work_order_id"": ""6c7d0f22-4789-4e1f-8856-94a09ef3973d""}",2024-05-17 09:59:00+00
879bf91e-ef06-4967-8464-14628197cf00,4320081c-3fba-4448-ba6f-8203202b5727,60694a33-64df-4703-bb1f-20bc3948e683,maintenance_completed,,,,,"{""kind"": ""preventive"", ""labor_cost"": 480, ""parts_cost"": 905, ""work_order_id"": ""f458ab89-3e38-4597-beef-89d12097e98b""}",2024-11-19 14:35:00+00
d52dad80-6138-4611-b860-5f53cf361c37,4320081c-3fba-4448-ba6f-8203202b5727,60694a33-64df-4703-bb1f-20bc3948e683,maintenance_completed,,,,,"{""kind"": ""preventive"", ""labor_cost"": 360, ""parts_cost"": 0, ""work_order_id"": ""d058e572-ccbc-446d-a935-de00dad94388""}",2025-05-18 13:28:00+00
8ed6d364-f8d6-411d-bfc7-9cacf67eff89,4320081c-3fba-4448-ba6f-8203202b5727,60694a33-64df-4703-bb1f-20bc3948e683,maintenance_completed,,,,,"{""kind"": ""preventive"", ""labor_cost"": 240, ""parts_cost"": 0, ""work_order_id"": ""75b79c3d-64be-4281-9d34-5f5a6f1fcab5""}",2025-11-16 13:31:00+00
41a01639-808d-437b-bfca-f01811f7cf2f,4320081c-3fba-4448-ba6f-8203202b5727,60694a33-64df-4703-bb1f-20bc3948e683,maintenance_completed,,,,,"{""kind"": ""preventive"", ""labor_cost"": 120, ""parts_cost"": 0, ""work_order_id"": ""7e42e864-59a1-4400-bb92-fc45bf82e3bf""}",2026-05-12 13:49:00+00
eb477aef-1535-4f89-8a8a-633c4e1ef17f,b101094c-418f-4377-a230-d1b6020a074b,60694a33-64df-4703-bb1f-20bc3948e683,maintenance_completed,,,,,"{""kind"": ""preventive"", ""labor_cost"": 240, ""parts_cost"": 0, ""work_order_id"": ""f66ada83-9c8c-4000-b7b4-6f5c993c8abc""}",2023-10-20 22:44:10.142818+00
f1a9103c-6d98-4d2f-9b05-10f5c62e1060,b101094c-418f-4377-a230-d1b6020a074b,60694a33-64df-4703-bb1f-20bc3948e683,maintenance_completed,,,,,"{""kind"": ""preventive"", ""labor_cost"": 480, ""parts_cost"": 0, ""work_order_id"": ""cca441b5-a8ed-43d4-ad73-6023148a7895""}",2024-04-17 23:10:10.142818+00
c800be0c-d8b9-482f-9722-a126bb73519f,b101094c-418f-4377-a230-d1b6020a074b,60694a33-64df-4703-bb1f-20bc3948e683,maintenance_completed,,,,,"{""kind"": ""preventive"", ""labor_cost"": 360, ""parts_cost"": 0, ""work_order_id"": ""cb2d2de5-4255-4660-94eb-6e10c86e0aa2""}",2024-10-16 22:54:10.142818+00
f0bb99f3-80a4-40e0-b8dc-bddcba44e3dd,b101094c-418f-4377-a230-d1b6020a074b,60694a33-64df-4703-bb1f-20bc3948e683,maintenance_completed,,,,,"{""kind"": ""preventive"", ""labor_cost"": 480, ""parts_cost"": 0, ""work_order_id"": ""39943e5c-7129-4479-917a-d874b69d2f86""}",2025-04-15 00:38:10.142818+00
6fd67d42-4e58-493f-aedf-70603106c69a,b101094c-418f-4377-a230-d1b6020a074b,60694a33-64df-4703-bb1f-20bc3948e683,maintenance_completed,,,,,"{""kind"": ""preventive"", ""labor_cost"": 360, ""parts_cost"": 0, ""work_order_id"": ""1c958f78-3646-4cfe-b390-38167e48a9d5""}",2025-10-12 21:36:10.142818+00
cdb53bd9-94ad-4450-8945-1506bb6092e0,b101094c-418f-4377-a230-d1b6020a074b,60694a33-64df-4703-bb1f-20bc3948e683,maintenance_completed,,,,,"{""kind"": ""preventive"", ""labor_cost"": 480, ""parts_cost"": 0, ""work_order_id"": ""2b23c0f7-c6e6-4023-bb41-8ddbd6056e6c""}",2026-04-10 00:39:10.142818+00
66db5990-09a4-476b-ae7b-0752db79a95c,b101094c-418f-4377-a230-d1b6020a074b,60694a33-64df-4703-bb1f-20bc3948e683,maintenance_completed,,,,,"{""kind"": ""corrective"", ""outcome"": ""cleaned and reconfigured"", ""work_order_id"": ""37fb2477-193b-4652-9e13-a625857092c3"", ""downtime_minutes"": 1378}",2026-05-29 21:34:10.142818+00
19fe2576-0a0d-4328-997c-1849a3bc2e1e,a1a32904-9882-4681-98af-9806952232f2,60694a33-64df-4703-bb1f-20bc3948e683,maintenance_completed,,,,,"{""kind"": ""preventive"", ""labor_cost"": 360, ""parts_cost"": 0, ""work_order_id"": ""53434997-c53e-42b0-9699-3d052d5a7fa4""}",2024-02-13 00:07:10.142818+00
476f8443-ed0d-47bf-bfb3-22c76b610428,a1a32904-9882-4681-98af-9806952232f2,60694a33-64df-4703-bb1f-20bc3948e683,maintenance_completed,,,,,"{""kind"": ""preventive"", ""labor_cost"": 120, ""parts_cost"": 0, ""work_order_id"": ""3ac0eff3-fd23-4a8b-8c2c-e4611e9708fc""}",2024-08-07 00:42:10.142818+00
7d2ca231-0ef8-4bca-8d36-9e5012fbe098,a1a32904-9882-4681-98af-9806952232f2,60694a33-64df-4703-bb1f-20bc3948e683,maintenance_completed,,,,,"{""kind"": ""preventive"", ""labor_cost"": 360, ""parts_cost"": 0, ""work_order_id"": ""a65ea099-a52f-4488-971e-f2a131a3347f""}",2025-02-06 01:18:10.142818+00
696e23f0-3345-40a0-bad2-a7d4770460fa,a1a32904-9882-4681-98af-9806952232f2,60694a33-64df-4703-bb1f-20bc3948e683,maintenance_completed,,,,,"{""kind"": ""preventive"", ""labor_cost"": 360, ""parts_cost"": 0, ""work_order_id"": ""9d548746-cf87-4b59-9ff5-3ccba78ac5eb""}",2025-08-05 02:59:10.142818+00
20676305-7d28-4be0-a267-a1d6987aaacf,a1a32904-9882-4681-98af-9806952232f2,60694a33-64df-4703-bb1f-20bc3948e683,maintenance_completed,,,,,"{""kind"": ""preventive"", ""labor_cost"": 240, ""parts_cost"": 0, ""work_order_id"": ""11ba1602-fa4a-469c-881b-430895514d52""}",2026-01-26 21:57:10.142818+00
fae90edd-32d2-44ad-b030-b86878eec094,a1a32904-9882-4681-98af-9806952232f2,60694a33-64df-4703-bb1f-20bc3948e683,maintenance_completed,,,,,"{""kind"": ""preventive"", ""labor_cost"": 480, ""parts_cost"": 0, ""work_order_id"": ""9c983048-1904-41c5-a462-e397a12f9951""}",2026-07-25 21:58:10.142818+00
2b5de4b2-69f4-4d1e-948c-db9a2116f49c,eeb669d0-65f9-44b2-adbb-070e72c28d31,60694a33-64df-4703-bb1f-20bc3948e683,maintenance_completed,,,,,"{""kind"": ""preventive"", ""labor_cost"": 120, ""parts_cost"": 0, ""work_order_id"": ""272e9e57-c876-49c7-bd5f-ee3b0722d881""}",2024-01-25 00:20:10.142818+00
729ce911-7ee1-4433-8515-2c3754fd540e,eeb669d0-65f9-44b2-adbb-070e72c28d31,60694a33-64df-4703-bb1f-20bc3948e683,maintenance_completed,,,,,"{""kind"": ""preventive"", ""labor_cost"": 240, ""parts_cost"": 0, ""work_order_id"": ""c524ae29-d6e8-4703-842d-789d67e3e77a""}",2024-07-16 00:38:10.142818+00
1c81c609-1a6b-4b1d-9e40-4acb96aa2142,eeb669d0-65f9-44b2-adbb-070e72c28d31,60694a33-64df-4703-bb1f-20bc3948e683,maintenance_completed,,,,,"{""kind"": ""preventive"", ""labor_cost"": 240, ""parts_cost"": 303, ""work_order_id"": ""23007a52-28b8-45de-a59f-62ab6e634d7a""}",2025-01-19 22:36:10.142818+00
ec0a0ece-2f22-484c-9735-8e68926f459f,eeb669d0-65f9-44b2-adbb-070e72c28d31,60694a33-64df-4703-bb1f-20bc3948e683,maintenance_completed,,,,,"{""kind"": ""preventive"", ""labor_cost"": 240, ""parts_cost"": 463, ""work_order_id"": ""849a1298-3f3a-42f6-be0c-8671bb6431a6""}",2025-07-16 05:19:10.142818+00
3f2992be-639d-43e4-9db2-2909e8040566,eeb669d0-65f9-44b2-adbb-070e72c28d31,60694a33-64df-4703-bb1f-20bc3948e683,maintenance_completed,,,,,"{""kind"": ""preventive"", ""labor_cost"": 120, ""parts_cost"": 0, ""work_order_id"": ""4e858c35-9d4f-426f-9ef0-88978bb37fef""}",2026-01-11 00:29:10.142818+00
ad2e3eb1-a9c3-4766-a2fb-33e51c690246,eeb669d0-65f9-44b2-adbb-070e72c28d31,60694a33-64df-4703-bb1f-20bc3948e683,maintenance_completed,,,,,"{""kind"": ""preventive"", ""labor_cost"": 480, ""parts_cost"": 609, ""work_order_id"": ""4e1cc9a3-be6c-48bc-a9be-a3604cc61781""}",2026-07-12 23:10:10.142818+00
16eefc22-e323-481d-907f-8f0a39c09cf0,eeb669d0-65f9-44b2-adbb-070e72c28d31,60694a33-64df-4703-bb1f-20bc3948e683,maintenance_completed,,,,,"{""kind"": ""corrective"", ""outcome"": ""part replaced"", ""work_order_id"": ""158b4eaa-cd24-4a53-889a-4387e0c5693b"", ""downtime_minutes"": 1720}",2024-09-22 04:16:10.142818+00
4028ad29-a9f3-4b08-88a3-c2fbd7dfa307,eeb669d0-65f9-44b2-adbb-070e72c28d31,60694a33-64df-4703-bb1f-20bc3948e683,maintenance_completed,,,,,"{""kind"": ""corrective"", ""outcome"": ""part replaced"", ""work_order_id"": ""d591cbc4-d2ea-4bfa-8376-4f86ef2db6ce"", ""downtime_minutes"": 511}",2026-08-12 12:07:10.142818+00
b3e21733-4fb7-4634-bb39-bcf1d0a8d746,eeb669d0-65f9-44b2-adbb-070e72c28d31,60694a33-64df-4703-bb1f-20bc3948e683,maintenance_completed,,,,,"{""kind"": ""corrective"", ""outcome"": ""no fault found"", ""work_order_id"": ""87415dbb-f6bf-4863-bff9-2537bfaa37c0"", ""downtime_minutes"": 973}",2023-10-06 15:49:10.142818+00
91be529a-8db5-4503-925c-edfb8861d0b8,a084f3fb-5e03-4411-8766-3b435a234963,60694a33-64df-4703-bb1f-20bc3948e683,maintenance_completed,,,,,"{""kind"": ""preventive"", ""labor_cost"": 240, ""parts_cost"": 0, ""work_order_id"": ""c97c8a51-0aa4-441d-ad7e-19471ceb2ff8""}",2024-09-26 14:15:00+00
5b64976a-0742-433c-ab27-0266177df554,a084f3fb-5e03-4411-8766-3b435a234963,60694a33-64df-4703-bb1f-20bc3948e683,maintenance_completed,,,,,"{""kind"": ""preventive"", ""labor_cost"": 240, ""parts_cost"": 0, ""work_order_id"": ""f9b23e0c-968a-4dd3-b061-402c4d8736d3""}",2025-03-25 13:46:00+00
42ad37cd-9625-486b-821c-748320dedbaa,a084f3fb-5e03-4411-8766-3b435a234963,60694a33-64df-4703-bb1f-20bc3948e683,maintenance_completed,,,,,"{""kind"": ""preventive"", ""labor_cost"": 120, ""parts_cost"": 432, ""work_order_id"": ""6054d353-7b93-492f-a57d-b2284793ff22""}",2025-09-15 15:39:00+00
1401e8e8-9d57-4a4c-b149-e31330f99608,a084f3fb-5e03-4411-8766-3b435a234963,60694a33-64df-4703-bb1f-20bc3948e683,maintenance_completed,,,,,"{""kind"": ""preventive"", ""labor_cost"": 360, ""parts_cost"": 0, ""work_order_id"": ""6f4f8cb4-a480-46b0-b7cf-0c9931237e76""}",2026-03-18 13:14:00+00
2aacf026-dbbc-4139-a463-5d6c421a6485,a084f3fb-5e03-4411-8766-3b435a234963,60694a33-64df-4703-bb1f-20bc3948e683,maintenance_completed,,,,,"{""kind"": ""preventive"", ""labor_cost"": 120, ""parts_cost"": 0, ""work_order_id"": ""41514c1a-8f10-4c95-b83a-a62a394d9589""}",2026-09-14 12:48:00+00
919c4026-acb2-4db6-8e79-7b10a44d5126,30b21e6c-c1ff-4fa4-896a-27f455d33743,60694a33-64df-4703-bb1f-20bc3948e683,maintenance_completed,,,,,"{""kind"": ""preventive"", ""labor_cost"": 120, ""parts_cost"": 0, ""work_order_id"": ""db065d54-02d9-4b87-98b9-02f5cff6d225""}",2024-02-06 04:41:10.142818+00
b20585c8-cc81-41a7-a517-45fbe65075b8,30b21e6c-c1ff-4fa4-896a-27f455d33743,60694a33-64df-4703-bb1f-20bc3948e683,maintenance_completed,,,,,"{""kind"": ""preventive"", ""labor_cost"": 240, ""parts_cost"": 0, ""work_order_id"": ""e09f902f-7045-432a-8022-0500d0e418c4""}",2024-08-07 01:06:10.142818+00
e374786a-2bcf-4be0-857b-fef1c545b4a3,30b21e6c-c1ff-4fa4-896a-27f455d33743,60694a33-64df-4703-bb1f-20bc3948e683,maintenance_completed,,,,,"{""kind"": ""preventive"", ""labor_cost"": 120, ""parts_cost"": 0, ""work_order_id"": ""7c156be0-9919-433b-8031-d8b0bd307c9e""}",2025-02-07 01:11:10.142818+00
d7676288-9af3-4545-b334-3d432064c2fa,30b21e6c-c1ff-4fa4-896a-27f455d33743,60694a33-64df-4703-bb1f-20bc3948e683,maintenance_completed,,,,,"{""kind"": ""preventive"", ""labor_cost"": 120, ""parts_cost"": 780, ""work_order_id"": ""537f1e8d-2890-4300-9c0f-6d16839d7a29""}",2025-07-30 02:10:10.142818+00
9ccc2168-b3e6-4a8d-97fb-c1d2d79b897b,30b21e6c-c1ff-4fa4-896a-27f455d33743,60694a33-64df-4703-bb1f-20bc3948e683,maintenance_completed,,,,,"{""kind"": ""preventive"", ""labor_cost"": 120, ""parts_cost"": 0, ""work_order_id"": ""d3f676e8-2593-44de-91eb-096ef9c23c12""}",2026-01-28 22:13:10.142818+00
be48beab-e9a1-4e36-b447-0887a58884ba,30b21e6c-c1ff-4fa4-896a-27f455d33743,60694a33-64df-4703-bb1f-20bc3948e683,maintenance_completed,,,,,"{""kind"": ""preventive"", ""labor_cost"": 360, ""parts_cost"": 0, ""work_order_id"": ""3c00067c-233f-4fd9-8427-ec76264d6ab9""}",2026-07-26 23:43:10.142818+00
1fbe2f95-2bf3-4b51-813b-9c0c3b1953a7,30b21e6c-c1ff-4fa4-896a-27f455d33743,60694a33-64df-4703-bb1f-20bc3948e683,maintenance_completed,,,,,"{""kind"": ""corrective"", ""outcome"": ""part replaced"", ""work_order_id"": ""a3a14132-b423-41f5-a5ac-be7d0bd095e3"", ""downtime_minutes"": 2193}",2025-06-18 09:09:10.142818+00
1844d031-ed54-4b92-a7ce-0763c8ef12f5,30b21e6c-c1ff-4fa4-896a-27f455d33743,60694a33-64df-4703-bb1f-20bc3948e683,maintenance_completed,,,,,"{""kind"": ""corrective"", ""outcome"": ""escalated to supplier"", ""work_order_id"": ""505fed6e-eb6f-4e8c-b31c-9393cc71142b"", ""downtime_minutes"": 50}",2026-06-22 01:26:10.142818+00
fce3d68a-4f61-41bb-a14a-296106081a10,30b21e6c-c1ff-4fa4-896a-27f455d33743,60694a33-64df-4703-bb1f-20bc3948e683,maintenance_completed,,,,,"{""kind"": ""corrective"", ""outcome"": ""no fault found"", ""work_order_id"": ""b7051925-5d1e-4a6e-9b37-50c8b0d6ff48"", ""downtime_minutes"": 2327}",2025-04-09 11:23:10.142818+00
2c014e53-84f7-4d65-84f3-498892855b4b,f119e457-5bd6-454a-8571-954ae1dabebe,60694a33-64df-4703-bb1f-20bc3948e683,maintenance_completed,,,,,"{""kind"": ""preventive"", ""labor_cost"": 240, ""parts_cost"": 0, ""work_order_id"": ""42f19107-d66a-4ea6-9479-65426b205e54""}",2023-10-02 23:40:10.142818+00
5dedd54e-c78a-4014-8816-d5ac844e3eaa,f119e457-5bd6-454a-8571-954ae1dabebe,60694a33-64df-4703-bb1f-20bc3948e683,maintenance_completed,,,,,"{""kind"": ""preventive"", ""labor_cost"": 240, ""parts_cost"": 0, ""work_order_id"": ""57fe37ec-8054-48cc-9a5d-4608d56c0222""}",2024-03-30 02:27:10.142818+00
777d2956-291f-494d-8688-7d1bc7c98a07,f119e457-5bd6-454a-8571-954ae1dabebe,60694a33-64df-4703-bb1f-20bc3948e683,maintenance_completed,,,,,"{""kind"": ""preventive"", ""labor_cost"": 120, ""parts_cost"": 0, ""work_order_id"": ""c13c2699-45b2-4bcb-90df-13e8500acfd0""}",2024-10-01 01:14:10.142818+00
d0234cce-1a58-4202-8763-98083b5d2474,f119e457-5bd6-454a-8571-954ae1dabebe,60694a33-64df-4703-bb1f-20bc3948e683,maintenance_completed,,,,,"{""kind"": ""preventive"", ""labor_cost"": 120, ""parts_cost"": 0, ""work_order_id"": ""e2e461d8-3e5f-43cc-a885-e6bc48081c4f""}",2025-04-02 00:24:10.142818+00
704ced86-78cc-46cb-ba04-66ef25e6ea33,f119e457-5bd6-454a-8571-954ae1dabebe,60694a33-64df-4703-bb1f-20bc3948e683,maintenance_completed,,,,,"{""kind"": ""preventive"", ""labor_cost"": 360, ""parts_cost"": 972, ""work_order_id"": ""b7381d8d-ba40-4c35-b16f-01af893366ab""}",2025-09-22 03:26:10.142818+00
a57cf60b-6bd0-4945-ad37-e0155c222008,f119e457-5bd6-454a-8571-954ae1dabebe,60694a33-64df-4703-bb1f-20bc3948e683,maintenance_completed,,,,,"{""kind"": ""preventive"", ""labor_cost"": 120, ""parts_cost"": 0, ""work_order_id"": ""02a37aa8-1924-4b37-ba75-9e2cb4eaec10""}",2026-03-20 03:22:10.142818+00
8ce31c5f-e38e-4136-b62f-2e147d17f12b,f119e457-5bd6-454a-8571-954ae1dabebe,60694a33-64df-4703-bb1f-20bc3948e683,maintenance_completed,,,,,"{""kind"": ""preventive"", ""labor_cost"": 120, ""parts_cost"": 815, ""work_order_id"": ""880dc1bc-a490-47dc-835f-92ae4ffd42fa""}",2026-09-17 01:20:10.142818+00
89544570-77bb-4d21-8af7-89bee4c4d7d2,662ca9de-7142-4aa3-a70f-9dd08da5988e,60694a33-64df-4703-bb1f-20bc3948e683,maintenance_completed,,,,,"{""kind"": ""preventive"", ""labor_cost"": 360, ""parts_cost"": 0, ""work_order_id"": ""e1925bd3-0110-451d-bf13-84efb3713d3b""}",2025-12-30 12:57:00+00
5056bf3e-8845-472c-8bdf-750daf207177,662ca9de-7142-4aa3-a70f-9dd08da5988e,60694a33-64df-4703-bb1f-20bc3948e683,maintenance_completed,,,,,"{""kind"": ""preventive"", ""labor_cost"": 480, ""parts_cost"": 350, ""work_order_id"": ""98b99493-0fa7-4eea-85cf-c45da94ef19d""}",2026-06-22 10:37:00+00
ca36f5c1-92c1-4495-8836-df5000ee6eb3,20efad78-2835-4974-9408-2a257bb2d775,60694a33-64df-4703-bb1f-20bc3948e683,maintenance_completed,,,,,"{""kind"": ""preventive"", ""labor_cost"": 120, ""parts_cost"": 0, ""work_order_id"": ""fad98ae8-e5df-4c0f-b729-1cf4fb2ea550""}",2024-02-01 23:55:10.142818+00
f81c7786-5a27-42c6-83e0-9aab93b8abb5,20efad78-2835-4974-9408-2a257bb2d775,60694a33-64df-4703-bb1f-20bc3948e683,maintenance_completed,,,,,"{""kind"": ""preventive"", ""labor_cost"": 480, ""parts_cost"": 0, ""work_order_id"": ""95fc5b00-61fa-4322-a093-777eff1283f3""}",2024-08-01 02:34:10.142818+00
57088508-cbad-4243-8ade-4c9a0e949680,20efad78-2835-4974-9408-2a257bb2d775,60694a33-64df-4703-bb1f-20bc3948e683,maintenance_completed,,,,,"{""kind"": ""preventive"", ""labor_cost"": 360, ""parts_cost"": 0, ""work_order_id"": ""2f9fb71c-e385-40eb-86bc-f8051024c469""}",2025-01-28 03:00:10.142818+00
eb6ffec3-df19-44c0-a08f-33a09f73c71a,20efad78-2835-4974-9408-2a257bb2d775,60694a33-64df-4703-bb1f-20bc3948e683,maintenance_completed,,,,,"{""kind"": ""preventive"", ""labor_cost"": 480, ""parts_cost"": 0, ""work_order_id"": ""288068ec-021e-4e3f-a4c8-9e68b9b3655c""}",2025-07-24 00:16:10.142818+00
dcfb121e-a3ad-4a52-be54-4a5982c1040e,20efad78-2835-4974-9408-2a257bb2d775,60694a33-64df-4703-bb1f-20bc3948e683,maintenance_completed,,,,,"{""kind"": ""preventive"", ""labor_cost"": 360, ""parts_cost"": 973, ""work_order_id"": ""259394ba-de16-442c-a7df-9fc604fd1c7f""}",2026-01-26 01:31:10.142818+00
35abfdfd-acb9-4757-8af1-666556dd699d,20efad78-2835-4974-9408-2a257bb2d775,60694a33-64df-4703-bb1f-20bc3948e683,maintenance_completed,,,,,"{""kind"": ""preventive"", ""labor_cost"": 240, ""parts_cost"": 0, ""work_order_id"": ""89dbb90a-331e-46bd-b9ca-616ebbb776fc""}",2026-07-18 01:20:10.142818+00
5c5a9016-20d5-4575-a00e-9e3617dbb9f0,20efad78-2835-4974-9408-2a257bb2d775,60694a33-64df-4703-bb1f-20bc3948e683,maintenance_completed,,,,,"{""kind"": ""corrective"", ""outcome"": ""escalated to supplier"", ""work_order_id"": ""3f19de33-eef0-451d-9673-e64da8bcbdff"", ""downtime_minutes"": 958}",2026-05-31 18:34:10.142818+00
6b067ef6-2da3-4ae6-926a-38b8fd4afba1,9bacb1c9-e19c-438c-8fd6-ee6cbc6ff974,60694a33-64df-4703-bb1f-20bc3948e683,maintenance_completed,,,,,"{""kind"": ""preventive"", ""labor_cost"": 360, ""parts_cost"": 0, ""work_order_id"": ""e60076c8-f80f-4c3a-b2f2-6f155e88fd02""}",2024-01-11 04:34:10.142818+00
deb61d67-8a13-4b14-a55f-7a351b1b7499,9bacb1c9-e19c-438c-8fd6-ee6cbc6ff974,60694a33-64df-4703-bb1f-20bc3948e683,maintenance_completed,,,,,"{""kind"": ""preventive"", ""labor_cost"": 360, ""parts_cost"": 0, ""work_order_id"": ""19b190c7-c8b7-48eb-8648-78f9e427563f""}",2024-07-07 23:10:10.142818+00
fde27ec1-81b9-4d61-8982-744b2f25dd0e,9bacb1c9-e19c-438c-8fd6-ee6cbc6ff974,60694a33-64df-4703-bb1f-20bc3948e683,maintenance_completed,,,,,"{""kind"": ""preventive"", ""labor_cost"": 360, ""parts_cost"": 0, ""work_order_id"": ""f165e9a1-dc21-40cb-ad34-e53aed906abd""}",2025-01-05 03:25:10.142818+00
d76b9530-5256-4f64-b890-a67165920827,9bacb1c9-e19c-438c-8fd6-ee6cbc6ff974,60694a33-64df-4703-bb1f-20bc3948e683,maintenance_completed,,,,,"{""kind"": ""preventive"", ""labor_cost"": 240, ""parts_cost"": 221, ""work_order_id"": ""afc3ff62-1f23-42b6-a4bb-335c6f052c9b""}",2025-06-29 00:23:10.142818+00
1160afb2-da51-4a2a-9173-c33fee3ae26a,9bacb1c9-e19c-438c-8fd6-ee6cbc6ff974,60694a33-64df-4703-bb1f-20bc3948e683,maintenance_completed,,,,,"{""kind"": ""preventive"", ""labor_cost"": 360, ""parts_cost"": 0, ""work_order_id"": ""0917a041-eada-4858-b9f5-613d202f6d1f""}",2025-12-28 22:25:10.142818+00
8d368f72-b8de-45e6-91d3-907e69ec4f6b,8218ff11-2182-44fe-97fb-972bf96abc6a,60694a33-64df-4703-bb1f-20bc3948e683,maintenance_completed,,,,,"{""kind"": ""preventive"", ""labor_cost"": 480, ""parts_cost"": 0, ""work_order_id"": ""39b58d13-5291-4859-a329-81a71cf1e166""}",2023-10-06 05:09:10.142818+00
67b80f0a-f298-41f6-96b5-64ae2dbe9797,8218ff11-2182-44fe-97fb-972bf96abc6a,60694a33-64df-4703-bb1f-20bc3948e683,maintenance_completed,,,,,"{""kind"": ""preventive"", ""labor_cost"": 240, ""parts_cost"": 923, ""work_order_id"": ""b98fbd98-1311-4e6c-928f-4d5c80cc558f""}",2024-04-02 00:42:10.142818+00
f77cbe52-cf3c-43ef-916b-30cba7bc6906,8218ff11-2182-44fe-97fb-972bf96abc6a,60694a33-64df-4703-bb1f-20bc3948e683,maintenance_completed,,,,,"{""kind"": ""preventive"", ""labor_cost"": 360, ""parts_cost"": 0, ""work_order_id"": ""e56123e1-a203-4e9b-84ee-eec0bb715cc4""}",2024-10-04 22:29:10.142818+00
f07968bf-5ef6-4784-81ed-b7f340b0e9b8,8218ff11-2182-44fe-97fb-972bf96abc6a,60694a33-64df-4703-bb1f-20bc3948e683,maintenance_completed,,,,,"{""kind"": ""preventive"", ""labor_cost"": 360, ""parts_cost"": 0, ""work_order_id"": ""f6644940-9161-4767-8d95-2bc95474c5fd""}",2025-03-29 23:32:10.142818+00
f38cf378-5df9-4e18-9233-d27c5c5c9ad4,8218ff11-2182-44fe-97fb-972bf96abc6a,60694a33-64df-4703-bb1f-20bc3948e683,maintenance_completed,,,,,"{""kind"": ""preventive"", ""labor_cost"": 120, ""parts_cost"": 766, ""work_order_id"": ""effa0db7-6e30-45f2-a619-c8311795199a""}",2025-09-30 04:08:10.142818+00
51471629-ac5b-4bc1-8c6a-10b19d49442f,8218ff11-2182-44fe-97fb-972bf96abc6a,60694a33-64df-4703-bb1f-20bc3948e683,maintenance_completed,,,,,"{""kind"": ""preventive"", ""labor_cost"": 360, ""parts_cost"": 0, ""work_order_id"": ""5586a899-c70e-4291-a890-df1f7a6220e3""}",2026-03-27 03:13:10.142818+00
fa67f6dc-0ae4-4a6c-9892-43129ee4268f,8218ff11-2182-44fe-97fb-972bf96abc6a,60694a33-64df-4703-bb1f-20bc3948e683,maintenance_completed,,,,,"{""kind"": ""preventive"", ""labor_cost"": 480, ""parts_cost"": 687, ""work_order_id"": ""e5cb8bc4-3b2f-48e7-9767-bfe9169bbc95""}",2026-09-19 02:21:10.142818+00
b778cca7-c0d4-48be-982d-d99e482f6077,8218ff11-2182-44fe-97fb-972bf96abc6a,60694a33-64df-4703-bb1f-20bc3948e683,maintenance_completed,,,,,"{""kind"": ""corrective"", ""outcome"": ""repaired"", ""work_order_id"": ""5461a512-fa2c-4c73-90f2-1ba8cd2c6286"", ""downtime_minutes"": 391}",2026-04-18 05:07:10.142818+00
ee061110-e7de-4ac5-8129-8b5b467fe6e0,d68a19fd-c928-40aa-ab25-abf7a730da4d,60694a33-64df-4703-bb1f-20bc3948e683,maintenance_completed,,,,,"{""kind"": ""preventive"", ""labor_cost"": 360, ""parts_cost"": 0, ""work_order_id"": ""7c415c1a-7142-445b-a980-0a63879ee9db""}",2024-02-05 01:15:10.142818+00
85faacd4-65c8-43e5-a421-7c9eb7e583a9,d68a19fd-c928-40aa-ab25-abf7a730da4d,60694a33-64df-4703-bb1f-20bc3948e683,maintenance_completed,,,,,"{""kind"": ""preventive"", ""labor_cost"": 360, ""parts_cost"": 279, ""work_order_id"": ""ea64143d-e94c-49a0-a52c-85bc782c66f4""}",2024-08-03 01:40:10.142818+00
f342903d-b1f9-4f0b-9631-cbd67bccddc3,d68a19fd-c928-40aa-ab25-abf7a730da4d,60694a33-64df-4703-bb1f-20bc3948e683,maintenance_completed,,,,,"{""kind"": ""preventive"", ""labor_cost"": 360, ""parts_cost"": 0, ""work_order_id"": ""4c8d495c-2bca-4e94-8d43-2cd62e0a0129""}",2025-01-30 00:18:10.142818+00
b3802286-11a7-4499-a1cb-670c1fde2fc3,d68a19fd-c928-40aa-ab25-abf7a730da4d,60694a33-64df-4703-bb1f-20bc3948e683,maintenance_completed,,,,,"{""kind"": ""preventive"", ""labor_cost"": 480, ""parts_cost"": 233, ""work_order_id"": ""a3c76d8a-3765-4ae6-b77b-42329abe3692""}",2025-07-27 02:02:10.142818+00
3095ea6c-73e9-4caa-8dad-95020f88505d,d68a19fd-c928-40aa-ab25-abf7a730da4d,60694a33-64df-4703-bb1f-20bc3948e683,maintenance_completed,,,,,"{""kind"": ""preventive"", ""labor_cost"": 120, ""parts_cost"": 0, ""work_order_id"": ""9ccc4845-6507-4dbb-85f5-c6a8d5406d5c""}",2026-01-18 04:29:10.142818+00
bcf8c0d6-6027-49d5-a21d-a5cded2d22df,d68a19fd-c928-40aa-ab25-abf7a730da4d,60694a33-64df-4703-bb1f-20bc3948e683,maintenance_completed,,,,,"{""kind"": ""preventive"", ""labor_cost"": 120, ""parts_cost"": 0, ""work_order_id"": ""db1a4431-76a8-41ac-b606-39c21c899276""}",2026-07-20 02:47:10.142818+00
989eaefe-2395-48b3-b120-2a852ebfdcb5,a98f5bd9-7dda-4b45-9c3b-6e19a7e9727f,60694a33-64df-4703-bb1f-20bc3948e683,maintenance_completed,,,,,"{""kind"": ""preventive"", ""labor_cost"": 360, ""parts_cost"": 0, ""work_order_id"": ""4e6370cb-2bc4-452d-ba72-690d49bfc7fc""}",2026-04-09 09:30:00+00
13cde1e8-c12a-4f40-800b-e3b3eaa3e925,e7d405e4-db4a-468d-8264-5e58464095a6,60694a33-64df-4703-bb1f-20bc3948e683,maintenance_completed,,,,,"{""kind"": ""preventive"", ""labor_cost"": 120, ""parts_cost"": 470, ""work_order_id"": ""8c9ea0dd-7ce5-4c68-bfb5-b302018b7594""}",2025-03-28 13:54:00+00
cb141f2a-6fc5-4061-b4ef-113c6fb8e59e,e7d405e4-db4a-468d-8264-5e58464095a6,60694a33-64df-4703-bb1f-20bc3948e683,maintenance_completed,,,,,"{""kind"": ""preventive"", ""labor_cost"": 480, ""parts_cost"": 0, ""work_order_id"": ""ff02ddfa-d5c2-480a-b3f7-1f4bcf1888e6""}",2025-09-28 12:16:00+00
8299a170-edb9-47ba-9878-d2483a5f7620,e7d405e4-db4a-468d-8264-5e58464095a6,60694a33-64df-4703-bb1f-20bc3948e683,maintenance_completed,,,,,"{""kind"": ""preventive"", ""labor_cost"": 240, ""parts_cost"": 0, ""work_order_id"": ""b269c2e5-fbe0-4243-a63c-55b3bdae9544""}",2026-03-19 10:42:00+00
70042cbf-f571-4e2d-9e09-e9c22d0427c4,2d5bc2c7-dc50-40fc-913c-4556668916c1,60694a33-64df-4703-bb1f-20bc3948e683,maintenance_completed,,,,,"{""kind"": ""preventive"", ""labor_cost"": 240, ""parts_cost"": 0, ""work_order_id"": ""d3b69dde-1989-4ae0-bbdc-4fad58bd82d0""}",2024-08-07 13:00:00+00
954713cb-1f38-4d05-995d-eac6eb2d0b5f,2d5bc2c7-dc50-40fc-913c-4556668916c1,60694a33-64df-4703-bb1f-20bc3948e683,maintenance_completed,,,,,"{""kind"": ""preventive"", ""labor_cost"": 240, ""parts_cost"": 0, ""work_order_id"": ""8f780539-960c-4c40-930e-3871e3829c2a""}",2025-02-05 09:17:00+00
271daf90-fab2-4633-bb3d-60a7bc1a3434,2d5bc2c7-dc50-40fc-913c-4556668916c1,60694a33-64df-4703-bb1f-20bc3948e683,maintenance_completed,,,,,"{""kind"": ""preventive"", ""labor_cost"": 480, ""parts_cost"": 771, ""work_order_id"": ""bb7e8edc-7f42-40de-ac46-3fa8eb1c490a""}",2025-08-01 15:10:00+00
b02ad41a-8d03-48de-8b93-bcff71a3293b,2d5bc2c7-dc50-40fc-913c-4556668916c1,60694a33-64df-4703-bb1f-20bc3948e683,maintenance_completed,,,,,"{""kind"": ""preventive"", ""labor_cost"": 120, ""parts_cost"": 0, ""work_order_id"": ""d2f7f5e7-23c1-42de-af64-bc9af730c1e7""}",2026-01-26 14:36:00+00
0014ff8b-6aa9-43d3-b706-e157c1a35a53,2d5bc2c7-dc50-40fc-913c-4556668916c1,60694a33-64df-4703-bb1f-20bc3948e683,maintenance_completed,,,,,"{""kind"": ""preventive"", ""labor_cost"": 120, ""parts_cost"": 0, ""work_order_id"": ""9fdcde1e-ddc7-40c1-9e20-501fe37a6b6a""}",2026-07-29 13:40:00+00
1503d91a-f440-41b0-9c37-1cacdeb705e6,2d5bc2c7-dc50-40fc-913c-4556668916c1,60694a33-64df-4703-bb1f-20bc3948e683,maintenance_completed,,,,,"{""kind"": ""corrective"", ""outcome"": ""cleaned and reconfigured"", ""work_order_id"": ""4c2fd66f-a70f-448d-bd10-afbf2c3040ba"", ""downtime_minutes"": 795}",2026-04-10 15:51:10.142818+00
7dbf9f4c-7117-46f0-b734-2645edc10477,5cfc3af1-69c9-4cbc-b8a2-d02787ae490c,60694a33-64df-4703-bb1f-20bc3948e683,maintenance_completed,,,,,"{""kind"": ""preventive"", ""labor_cost"": 360, ""parts_cost"": 0, ""work_order_id"": ""d99fd04e-6391-4db7-97ff-dfeed24cd538""}",2024-01-22 22:41:10.142818+00
6a0aa03f-83b2-4066-b6be-cbe9971718ed,5cfc3af1-69c9-4cbc-b8a2-d02787ae490c,60694a33-64df-4703-bb1f-20bc3948e683,maintenance_completed,,,,,"{""kind"": ""preventive"", ""labor_cost"": 480, ""parts_cost"": 0, ""work_order_id"": ""3d6e1363-a09c-4991-8e3e-d1f5e1b12f52""}",2024-07-13 23:19:10.142818+00
45305625-629a-4b2a-b0d1-54362d094f16,5cfc3af1-69c9-4cbc-b8a2-d02787ae490c,60694a33-64df-4703-bb1f-20bc3948e683,maintenance_completed,,,,,"{""kind"": ""preventive"", ""labor_cost"": 480, ""parts_cost"": 964, ""work_order_id"": ""7200434d-4a08-4f92-895a-092d3e370cf9""}",2025-01-13 22:50:10.142818+00
7d346deb-f682-489c-a059-498bf5a97230,5cfc3af1-69c9-4cbc-b8a2-d02787ae490c,60694a33-64df-4703-bb1f-20bc3948e683,maintenance_completed,,,,,"{""kind"": ""preventive"", ""labor_cost"": 360, ""parts_cost"": 0, ""work_order_id"": ""0a2f4e9e-0a3b-4baf-8d8e-b983e37014d6""}",2025-07-09 03:36:10.142818+00
29d85267-0139-4439-baa6-e81725fbb6d6,5cfc3af1-69c9-4cbc-b8a2-d02787ae490c,60694a33-64df-4703-bb1f-20bc3948e683,maintenance_completed,,,,,"{""kind"": ""preventive"", ""labor_cost"": 480, ""parts_cost"": 0, ""work_order_id"": ""b0594db0-fb80-4490-9557-932cde096877""}",2026-01-08 23:45:10.142818+00
b8d29ffe-bcfb-457b-9c94-2c06976db734,5cfc3af1-69c9-4cbc-b8a2-d02787ae490c,60694a33-64df-4703-bb1f-20bc3948e683,maintenance_completed,,,,,"{""kind"": ""preventive"", ""labor_cost"": 120, ""parts_cost"": 0, ""work_order_id"": ""078c1271-dcac-4e4f-88c0-99120e5ab9f8""}",2026-07-05 00:10:10.142818+00
6e7ab455-662a-451f-8c25-099d2eb0ba52,5cfc3af1-69c9-4cbc-b8a2-d02787ae490c,60694a33-64df-4703-bb1f-20bc3948e683,maintenance_completed,,,,,"{""kind"": ""corrective"", ""outcome"": ""cleaned and reconfigured"", ""work_order_id"": ""6cfd27e5-7b3a-4233-aaa6-57931b031d3c"", ""downtime_minutes"": 383}",2025-06-25 07:59:10.142818+00
1b691875-3f7f-4c7b-8634-7545dec56f8e,5cfc3af1-69c9-4cbc-b8a2-d02787ae490c,60694a33-64df-4703-bb1f-20bc3948e683,maintenance_completed,,,,,"{""kind"": ""corrective"", ""outcome"": ""repaired"", ""work_order_id"": ""cc0a0ba3-1149-45e0-9924-ce71b373c2b6"", ""downtime_minutes"": 1861}",2026-03-27 06:37:10.142818+00
b5526715-9abf-49a7-959f-80bf82862b91,2a95c80e-f99c-46f6-aefc-13b07447e4f2,60694a33-64df-4703-bb1f-20bc3948e683,maintenance_completed,,,,,"{""kind"": ""preventive"", ""labor_cost"": 240, ""parts_cost"": 0, ""work_order_id"": ""081a9fea-d326-4107-88fe-321d3f3a261a""}",2023-11-26 00:29:10.142818+00
aa87e333-6fb6-407c-9f7d-cdf296d0f8b7,2a95c80e-f99c-46f6-aefc-13b07447e4f2,60694a33-64df-4703-bb1f-20bc3948e683,maintenance_completed,,,,,"{""kind"": ""preventive"", ""labor_cost"": 360, ""parts_cost"": 0, ""work_order_id"": ""8df43662-d4de-4b66-b52d-864541306aa7""}",2024-05-24 04:45:10.142818+00
37304939-ecda-45e0-a5a3-e03915a376fa,2a95c80e-f99c-46f6-aefc-13b07447e4f2,60694a33-64df-4703-bb1f-20bc3948e683,maintenance_completed,,,,,"{""kind"": ""preventive"", ""labor_cost"": 240, ""parts_cost"": 333, ""work_order_id"": ""9f4551a2-4322-415c-adf7-e18877535313""}",2024-11-21 01:29:10.142818+00
5ad5115a-be93-4674-a279-27a9c8ad4990,2a95c80e-f99c-46f6-aefc-13b07447e4f2,60694a33-64df-4703-bb1f-20bc3948e683,maintenance_completed,,,,,"{""kind"": ""preventive"", ""labor_cost"": 360, ""parts_cost"": 0, ""work_order_id"": ""334cfc1e-a68c-43a7-8392-f10d95be7415""}",2025-05-20 05:30:10.142818+00
7ffad05d-30e8-4c57-8f30-de35991c426b,2a95c80e-f99c-46f6-aefc-13b07447e4f2,60694a33-64df-4703-bb1f-20bc3948e683,maintenance_completed,,,,,"{""kind"": ""preventive"", ""labor_cost"": 480, ""parts_cost"": 0, ""work_order_id"": ""91bf88f3-2857-42bc-99d4-16e81e51b819""}",2025-11-16 02:53:10.142818+00
6f47025a-81ec-47ba-8244-d0cc031fc818,2a95c80e-f99c-46f6-aefc-13b07447e4f2,60694a33-64df-4703-bb1f-20bc3948e683,maintenance_completed,,,,,"{""kind"": ""preventive"", ""labor_cost"": 480, ""parts_cost"": 0, ""work_order_id"": ""2a4deb24-7205-4f83-9252-fac3e28ef110""}",2026-05-14 22:06:10.142818+00
6db4b992-cc7a-40eb-8680-ded6a3cf628e,2a95c80e-f99c-46f6-aefc-13b07447e4f2,60694a33-64df-4703-bb1f-20bc3948e683,maintenance_completed,,,,,"{""kind"": ""corrective"", ""outcome"": ""repaired"", ""work_order_id"": ""980f88e0-d16f-45c0-809e-0ec75212ecbb"", ""downtime_minutes"": 1661}",2025-04-29 06:17:10.142818+00
31229dea-11b6-453b-adef-234d31dc99fe,0a7c5b3a-78e2-4724-871a-63afc7e4a8c7,60694a33-64df-4703-bb1f-20bc3948e683,maintenance_completed,,,,,"{""kind"": ""preventive"", ""labor_cost"": 360, ""parts_cost"": 0, ""work_order_id"": ""fb7d3858-c01f-4415-a8fc-494a11c34039""}",2024-01-24 05:31:10.142818+00
4ab707ca-1ffc-457d-b4fb-bd9cc39e517e,0a7c5b3a-78e2-4724-871a-63afc7e4a8c7,60694a33-64df-4703-bb1f-20bc3948e683,maintenance_completed,,,,,"{""kind"": ""preventive"", ""labor_cost"": 240, ""parts_cost"": 0, ""work_order_id"": ""a6e99855-cb5d-4390-b8b0-4138598e0042""}",2024-07-18 03:51:10.142818+00
9027d2f7-5158-4ef2-9d30-495908b22a71,0a7c5b3a-78e2-4724-871a-63afc7e4a8c7,60694a33-64df-4703-bb1f-20bc3948e683,maintenance_completed,,,,,"{""kind"": ""preventive"", ""labor_cost"": 480, ""parts_cost"": 0, ""work_order_id"": ""47720da0-d154-489d-ab55-ff5e5f43dea6""}",2025-01-19 22:49:10.142818+00
93e089fe-ba4e-4128-9fa9-3ccd9483be9b,0a7c5b3a-78e2-4724-871a-63afc7e4a8c7,60694a33-64df-4703-bb1f-20bc3948e683,maintenance_completed,,,,,"{""kind"": ""preventive"", ""labor_cost"": 360, ""parts_cost"": 954, ""work_order_id"": ""8294ee10-bbe7-4ffc-b9b1-0d8b412a7a11""}",2025-07-13 23:30:10.142818+00
8a9478af-9a1e-46a9-8bc4-dc38e67eea97,0a7c5b3a-78e2-4724-871a-63afc7e4a8c7,60694a33-64df-4703-bb1f-20bc3948e683,maintenance_completed,,,,,"{""kind"": ""preventive"", ""labor_cost"": 240, ""parts_cost"": 279, ""work_order_id"": ""aca345ee-5d18-42c2-9f2f-e40c8f1e763a""}",2026-01-10 02:27:10.142818+00
ccf97bce-4f0c-400d-9b5b-2676d3c09578,0a7c5b3a-78e2-4724-871a-63afc7e4a8c7,60694a33-64df-4703-bb1f-20bc3948e683,maintenance_completed,,,,,"{""kind"": ""preventive"", ""labor_cost"": 360, ""parts_cost"": 0, ""work_order_id"": ""c0e19829-b6a3-4677-885d-d906fe9ce3e5""}",2026-07-15 02:24:10.142818+00
9b791b08-5494-42ec-8425-ad8d4c2fc547,b5bb0998-6f28-4de8-9c16-f7b0f89a8fab,60694a33-64df-4703-bb1f-20bc3948e683,maintenance_completed,,,,,"{""kind"": ""preventive"", ""labor_cost"": 360, ""parts_cost"": 0, ""work_order_id"": ""fd7a6026-d296-4af3-b65a-955691399dc6""}",2024-02-28 09:59:00+00
9b193924-8656-4e3b-a5da-34b3b9695c58,b5bb0998-6f28-4de8-9c16-f7b0f89a8fab,60694a33-64df-4703-bb1f-20bc3948e683,maintenance_completed,,,,,"{""kind"": ""preventive"", ""labor_cost"": 120, ""parts_cost"": 0, ""work_order_id"": ""27e33464-55e7-465d-ad41-11eabd79dc66""}",2024-08-24 13:03:00+00
f6ae9ee0-cc88-4371-9b42-3b41dc51ec1f,b5bb0998-6f28-4de8-9c16-f7b0f89a8fab,60694a33-64df-4703-bb1f-20bc3948e683,maintenance_completed,,,,,"{""kind"": ""preventive"", ""labor_cost"": 480, ""parts_cost"": 0, ""work_order_id"": ""ab54d86e-fa53-445e-8b6d-6136cd0cf788""}",2025-02-18 12:42:00+00
99f1c7c0-4779-4b96-9dd3-828f6ff5aec0,b5bb0998-6f28-4de8-9c16-f7b0f89a8fab,60694a33-64df-4703-bb1f-20bc3948e683,maintenance_completed,,,,,"{""kind"": ""preventive"", ""labor_cost"": 120, ""parts_cost"": 0, ""work_order_id"": ""0f071c96-2e69-4091-8279-762b1509b522""}",2025-08-16 11:20:00+00
2590ba75-b67b-4f83-ac87-9d8e0830530c,b5bb0998-6f28-4de8-9c16-f7b0f89a8fab,60694a33-64df-4703-bb1f-20bc3948e683,maintenance_completed,,,,,"{""kind"": ""preventive"", ""labor_cost"": 480, ""parts_cost"": 0, ""work_order_id"": ""717da8cd-6e7b-4eae-bbcf-39b103fab754""}",2026-02-13 15:38:00+00
9e1dd303-7c01-406c-b9ff-a1bc3cc6b93d,b5bb0998-6f28-4de8-9c16-f7b0f89a8fab,60694a33-64df-4703-bb1f-20bc3948e683,maintenance_completed,,,,,"{""kind"": ""corrective"", ""outcome"": ""repaired"", ""work_order_id"": ""b59b47eb-5d7b-4400-8956-5288bcbd8095"", ""downtime_minutes"": 2192}",2026-08-10 12:08:10.142818+00
5f67ccbc-bb48-4fd5-b589-6669aa2413e6,5a891d65-f24d-4ecd-8ec3-bacb20cebf3c,60694a33-64df-4703-bb1f-20bc3948e683,maintenance_completed,,,,,"{""kind"": ""preventive"", ""labor_cost"": 240, ""parts_cost"": 0, ""work_order_id"": ""a7f4132e-59d1-4043-a2d6-087e5a4204e3""}",2024-03-15 02:00:10.142818+00
0377c829-bc7b-4218-aca5-5090603ffe8c,5a891d65-f24d-4ecd-8ec3-bacb20cebf3c,60694a33-64df-4703-bb1f-20bc3948e683,maintenance_completed,,,,,"{""kind"": ""preventive"", ""labor_cost"": 120, ""parts_cost"": 0, ""work_order_id"": ""d74c3f69-92bd-4184-ab35-3044e19ec01c""}",2024-09-07 02:33:10.142818+00
bd0decfc-32ad-40da-930d-c65789058d99,5a891d65-f24d-4ecd-8ec3-bacb20cebf3c,60694a33-64df-4703-bb1f-20bc3948e683,maintenance_completed,,,,,"{""kind"": ""preventive"", ""labor_cost"": 480, ""parts_cost"": 343, ""work_order_id"": ""6e8d821a-002a-4295-8c9f-05a2bb43c554""}",2025-03-08 05:13:10.142818+00
560e32bc-600c-4f6c-92d1-65bdde024432,5a891d65-f24d-4ecd-8ec3-bacb20cebf3c,60694a33-64df-4703-bb1f-20bc3948e683,maintenance_completed,,,,,"{""kind"": ""preventive"", ""labor_cost"": 360, ""parts_cost"": 0, ""work_order_id"": ""d35799ec-c14e-430c-9f62-c3710d4aa210""}",2025-09-06 05:15:10.142818+00
93572c86-b973-4dcc-a96d-492bf84abcbf,5a891d65-f24d-4ecd-8ec3-bacb20cebf3c,60694a33-64df-4703-bb1f-20bc3948e683,maintenance_completed,,,,,"{""kind"": ""preventive"", ""labor_cost"": 120, ""parts_cost"": 840, ""work_order_id"": ""1ec1ecda-d4d6-4a5f-a079-00c43d8bcd18""}",2026-02-27 05:31:10.142818+00
5a8866d8-dadc-4cf1-b5e5-0f4c0efdcb80,5a891d65-f24d-4ecd-8ec3-bacb20cebf3c,60694a33-64df-4703-bb1f-20bc3948e683,maintenance_completed,,,,,"{""kind"": ""preventive"", ""labor_cost"": 360, ""parts_cost"": 719, ""work_order_id"": ""f164e8bf-0313-43d4-9f40-92a605ab391d""}",2026-08-26 04:39:10.142818+00
e53f7e4c-c68d-41b7-895d-fdd828edb837,705c5a2b-c805-4e10-a24e-21003aea575a,60694a33-64df-4703-bb1f-20bc3948e683,maintenance_completed,,,,,"{""kind"": ""preventive"", ""labor_cost"": 360, ""parts_cost"": 538, ""work_order_id"": ""ed1ff76a-3e87-4907-9c6e-3b0b16e74695""}",2024-01-21 03:45:10.142818+00
376fae83-27e6-484c-9ec4-2de67544b781,705c5a2b-c805-4e10-a24e-21003aea575a,60694a33-64df-4703-bb1f-20bc3948e683,maintenance_completed,,,,,"{""kind"": ""preventive"", ""labor_cost"": 480, ""parts_cost"": 0, ""work_order_id"": ""08eb5c66-62c4-4916-b50a-fdc6b57b703c""}",2024-07-19 02:09:10.142818+00
18532193-b12e-4218-8ba0-6a3dee3ad708,705c5a2b-c805-4e10-a24e-21003aea575a,60694a33-64df-4703-bb1f-20bc3948e683,maintenance_completed,,,,,"{""kind"": ""preventive"", ""labor_cost"": 480, ""parts_cost"": 0, ""work_order_id"": ""bebb6ce0-c51e-4206-9b15-251624f8b58f""}",2025-01-16 00:13:10.142818+00
f6bcb7d2-7f51-433e-bd09-3e7f4737da5d,705c5a2b-c805-4e10-a24e-21003aea575a,60694a33-64df-4703-bb1f-20bc3948e683,maintenance_completed,,,,,"{""kind"": ""preventive"", ""labor_cost"": 480, ""parts_cost"": 568, ""work_order_id"": ""495d8acd-f867-4291-aefe-ce681fefb58d""}",2025-07-13 02:53:10.142818+00
829890bc-4be4-4653-b331-aa5ce9d223e5,705c5a2b-c805-4e10-a24e-21003aea575a,60694a33-64df-4703-bb1f-20bc3948e683,maintenance_completed,,,,,"{""kind"": ""preventive"", ""labor_cost"": 240, ""parts_cost"": 0, ""work_order_id"": ""ae0b7787-0302-41cd-bc15-9d5ea06ba9af""}",2026-01-08 03:21:10.142818+00
8f69ca14-01bc-4f02-9bd9-5886a1a9779d,705c5a2b-c805-4e10-a24e-21003aea575a,60694a33-64df-4703-bb1f-20bc3948e683,maintenance_completed,,,,,"{""kind"": ""preventive"", ""labor_cost"": 360, ""parts_cost"": 0, ""work_order_id"": ""f0f0c702-403f-485d-934f-32f03c4565ba""}",2026-07-07 22:36:10.142818+00
3dbe7369-558f-4e40-bef1-6cf4d2bb8835,705c5a2b-c805-4e10-a24e-21003aea575a,60694a33-64df-4703-bb1f-20bc3948e683,maintenance_completed,,,,,"{""kind"": ""corrective"", ""outcome"": ""no fault found"", ""work_order_id"": ""c51be383-08ad-4901-a1b4-88e590e896f8"", ""downtime_minutes"": 1923}",2025-10-17 06:39:10.142818+00
e15f4bef-92bc-435e-a639-cf53f07287b4,705c5a2b-c805-4e10-a24e-21003aea575a,60694a33-64df-4703-bb1f-20bc3948e683,maintenance_completed,,,,,"{""kind"": ""corrective"", ""outcome"": ""no fault found"", ""work_order_id"": ""1c784fb2-252f-490b-b229-42b978025374"", ""downtime_minutes"": 305}",2026-02-20 03:41:10.142818+00
f9feb78f-1448-40c1-a103-43344d96ce22,758966bb-b2e9-424e-ab0b-e43c40d38a27,60694a33-64df-4703-bb1f-20bc3948e683,maintenance_completed,,,,,"{""kind"": ""preventive"", ""labor_cost"": 360, ""parts_cost"": 0, ""work_order_id"": ""9fe41ad9-2e06-4551-88d7-2d7e7b1e4e6f""}",2024-10-09 09:59:00+00
1d6b773d-cdde-4191-af3e-79fe2c19dbfb,758966bb-b2e9-424e-ab0b-e43c40d38a27,60694a33-64df-4703-bb1f-20bc3948e683,maintenance_completed,,,,,"{""kind"": ""preventive"", ""labor_cost"": 240, ""parts_cost"": 0, ""work_order_id"": ""0e015167-837c-47ad-bbe8-7d2087532964""}",2025-04-06 12:51:00+00
19c694dc-73d1-42a0-8871-ff1cb333c4b9,758966bb-b2e9-424e-ab0b-e43c40d38a27,60694a33-64df-4703-bb1f-20bc3948e683,maintenance_completed,,,,,"{""kind"": ""preventive"", ""labor_cost"": 360, ""parts_cost"": 823, ""work_order_id"": ""cd054c7d-3043-45a8-ab65-c0dae6bb8f88""}",2025-10-04 12:32:00+00
d7e71a45-e854-4564-83d2-a51e6635e849,758966bb-b2e9-424e-ab0b-e43c40d38a27,60694a33-64df-4703-bb1f-20bc3948e683,maintenance_completed,,,,,"{""kind"": ""preventive"", ""labor_cost"": 240, ""parts_cost"": 0, ""work_order_id"": ""c84bf28d-c796-4057-af38-f2a84e6deb15""}",2026-04-04 13:15:00+00
ea82cc19-c668-4b8a-b493-0a19db840dfb,28779917-20e7-4f6a-95be-2d2ba4e8ca04,60694a33-64df-4703-bb1f-20bc3948e683,maintenance_completed,,,,,"{""kind"": ""preventive"", ""labor_cost"": 120, ""parts_cost"": 0, ""work_order_id"": ""cbeb4829-5ffa-4fd4-a2d1-1448669c5202""}",2024-01-13 00:14:10.142818+00
943dc480-2960-442b-9182-e4562ab4e529,28779917-20e7-4f6a-95be-2d2ba4e8ca04,60694a33-64df-4703-bb1f-20bc3948e683,maintenance_completed,,,,,"{""kind"": ""preventive"", ""labor_cost"": 120, ""parts_cost"": 996, ""work_order_id"": ""97a1bcf2-67e5-4089-867b-804e3c9a1f73""}",2024-07-14 01:25:10.142818+00
3b4375d7-ffc8-44b4-be7e-0a0410a47636,28779917-20e7-4f6a-95be-2d2ba4e8ca04,60694a33-64df-4703-bb1f-20bc3948e683,maintenance_completed,,,,,"{""kind"": ""preventive"", ""labor_cost"": 120, ""parts_cost"": 263, ""work_order_id"": ""7175fe9a-9250-4a9b-9d0f-d00510f06075""}",2025-01-04 23:18:10.142818+00
b1a48c6e-d5ad-4a7f-a584-9c49667c18ce,28779917-20e7-4f6a-95be-2d2ba4e8ca04,60694a33-64df-4703-bb1f-20bc3948e683,maintenance_completed,,,,,"{""kind"": ""preventive"", ""labor_cost"": 360, ""parts_cost"": 0, ""work_order_id"": ""7cb99992-afbf-4ffd-8d60-2f1b83712977""}",2025-07-04 01:17:10.142818+00
2f123b31-1ae4-4d83-94b9-8d06512a06ed,28779917-20e7-4f6a-95be-2d2ba4e8ca04,60694a33-64df-4703-bb1f-20bc3948e683,maintenance_completed,,,,,"{""kind"": ""preventive"", ""labor_cost"": 480, ""parts_cost"": 0, ""work_order_id"": ""c2c0db32-0a8c-404e-81b7-bd65445fff9e""}",2026-01-02 03:46:10.142818+00
27649a05-caea-4772-92a3-24bbaf54a365,28779917-20e7-4f6a-95be-2d2ba4e8ca04,60694a33-64df-4703-bb1f-20bc3948e683,maintenance_completed,,,,,"{""kind"": ""preventive"", ""labor_cost"": 360, ""parts_cost"": 0, ""work_order_id"": ""3f491252-c0e9-4db9-86a2-a1eb881adea0""}",2026-06-30 04:05:10.142818+00
f6915ce5-e92a-48b0-8c3c-32d25a4ea54e,28779917-20e7-4f6a-95be-2d2ba4e8ca04,60694a33-64df-4703-bb1f-20bc3948e683,maintenance_completed,,,,,"{""kind"": ""corrective"", ""outcome"": ""part replaced"", ""work_order_id"": ""8a634bc0-8600-40b8-9f0f-f0e8c4448841"", ""downtime_minutes"": 677}",2026-09-04 07:53:10.142818+00
ef552b85-9b5c-4660-abe9-049ec25aa3fb,6ee3f64c-dbc6-43bd-9038-4e46f80f61e7,60694a33-64df-4703-bb1f-20bc3948e683,maintenance_completed,,,,,"{""kind"": ""preventive"", ""labor_cost"": 360, ""parts_cost"": 0, ""work_order_id"": ""e5c393e0-1617-4473-b6ed-0b5b93bfa9a2""}",2024-03-08 23:13:10.142818+00
133ae62c-03c6-4ce3-86d0-d2e7e7d243f5,6ee3f64c-dbc6-43bd-9038-4e46f80f61e7,60694a33-64df-4703-bb1f-20bc3948e683,maintenance_completed,,,,,"{""kind"": ""preventive"", ""labor_cost"": 240, ""parts_cost"": 0, ""work_order_id"": ""2cb405c2-c83b-49fc-ba40-f13d27a25f72""}",2024-09-06 22:13:10.142818+00
fdc7b59f-5dc2-4e3e-ba8f-7f4edc03ffb3,6ee3f64c-dbc6-43bd-9038-4e46f80f61e7,60694a33-64df-4703-bb1f-20bc3948e683,maintenance_completed,,,,,"{""kind"": ""preventive"", ""labor_cost"": 480, ""parts_cost"": 0, ""work_order_id"": ""f9a8d685-1538-43fb-ba6a-9febac3d3f52""}",2025-03-09 01:15:10.142818+00
c15a206d-b5b7-4bba-9b39-356db85d8ecd,6ee3f64c-dbc6-43bd-9038-4e46f80f61e7,60694a33-64df-4703-bb1f-20bc3948e683,maintenance_completed,,,,,"{""kind"": ""preventive"", ""labor_cost"": 360, ""parts_cost"": 675, ""work_order_id"": ""772d3ff2-c667-4dbb-a2fa-f303ab124a1f""}",2025-09-04 01:49:10.142818+00
7e1413b8-deeb-489c-ae9f-62bc042f5f4b,6ee3f64c-dbc6-43bd-9038-4e46f80f61e7,60694a33-64df-4703-bb1f-20bc3948e683,maintenance_completed,,,,,"{""kind"": ""preventive"", ""labor_cost"": 360, ""parts_cost"": 0, ""work_order_id"": ""9b724469-9743-4f62-b567-99e23b4c4781""}",2026-03-07 01:24:10.142818+00
6cd20f48-6074-45b7-b424-be58ca1cff43,6ee3f64c-dbc6-43bd-9038-4e46f80f61e7,60694a33-64df-4703-bb1f-20bc3948e683,maintenance_completed,,,,,"{""kind"": ""preventive"", ""labor_cost"": 480, ""parts_cost"": 0, ""work_order_id"": ""5dc4e1cf-a415-4f08-9607-58163eb6a314""}",2026-08-30 22:06:10.142818+00
6c9d7f9d-f729-4d7b-8aab-89314941f951,05ed6964-c513-46be-acb0-31ad366bf96f,60694a33-64df-4703-bb1f-20bc3948e683,maintenance_completed,,,,,"{""kind"": ""preventive"", ""labor_cost"": 120, ""parts_cost"": 694, ""work_order_id"": ""c322ba8f-2045-4e68-ae37-bd0dd0c06828""}",2023-11-08 00:13:10.142818+00
88c10c7e-cea1-4629-bef7-ec2b64759752,05ed6964-c513-46be-acb0-31ad366bf96f,60694a33-64df-4703-bb1f-20bc3948e683,maintenance_completed,,,,,"{""kind"": ""preventive"", ""labor_cost"": 480, ""parts_cost"": 0, ""work_order_id"": ""f0762c26-822b-4bf0-bccc-9c516edf3a8a""}",2024-05-04 01:06:10.142818+00
51d0948c-93a0-4cfa-960d-1d05b477e853,05ed6964-c513-46be-acb0-31ad366bf96f,60694a33-64df-4703-bb1f-20bc3948e683,maintenance_completed,,,,,"{""kind"": ""preventive"", ""labor_cost"": 120, ""parts_cost"": 0, ""work_order_id"": ""5f879bea-f05f-43af-a526-c50476ff3d66""}",2024-10-30 02:14:10.142818+00
173b7ab6-bef6-4697-a809-0097e49322c7,05ed6964-c513-46be-acb0-31ad366bf96f,60694a33-64df-4703-bb1f-20bc3948e683,maintenance_completed,,,,,"{""kind"": ""preventive"", ""labor_cost"": 480, ""parts_cost"": 0, ""work_order_id"": ""75a34a68-b779-4ab5-a823-9b4d58b9952c""}",2025-05-01 02:55:10.142818+00
93ac141a-62aa-468a-8856-b5895abcf880,05ed6964-c513-46be-acb0-31ad366bf96f,60694a33-64df-4703-bb1f-20bc3948e683,maintenance_completed,,,,,"{""kind"": ""preventive"", ""labor_cost"": 240, ""parts_cost"": 0, ""work_order_id"": ""44f61ec9-5285-4dc5-83db-1d1c079397bf""}",2025-10-23 22:27:10.142818+00
2513064c-f470-497a-9378-a1c611de93fd,05ed6964-c513-46be-acb0-31ad366bf96f,60694a33-64df-4703-bb1f-20bc3948e683,maintenance_completed,,,,,"{""kind"": ""corrective"", ""outcome"": ""no fault found"", ""work_order_id"": ""41aee8cb-f3d2-4102-9d8a-a07dc20ea1b9"", ""downtime_minutes"": 993}",2024-08-23 17:09:10.142818+00
c7188ed2-4342-4b91-a216-08801e662ea5,b37a6175-04d5-462d-8b1b-a4b431b06968,60694a33-64df-4703-bb1f-20bc3948e683,maintenance_completed,,,,,"{""kind"": ""preventive"", ""labor_cost"": 240, ""parts_cost"": 0, ""work_order_id"": ""01bab0ae-c7e3-4898-9053-b11dcd7091fc""}",2024-01-03 22:22:10.142818+00
173bd31b-c5eb-4106-8234-19a57ef0eba7,b37a6175-04d5-462d-8b1b-a4b431b06968,60694a33-64df-4703-bb1f-20bc3948e683,maintenance_completed,,,,,"{""kind"": ""preventive"", ""labor_cost"": 480, ""parts_cost"": 882, ""work_order_id"": ""ecaf9053-33c1-4a09-b404-8d851ac79bad""}",2024-07-04 22:22:10.142818+00
bc301e92-cacd-4739-8586-f9ad3d84f50c,b37a6175-04d5-462d-8b1b-a4b431b06968,60694a33-64df-4703-bb1f-20bc3948e683,maintenance_completed,,,,,"{""kind"": ""preventive"", ""labor_cost"": 360, ""parts_cost"": 0, ""work_order_id"": ""8d0cfd87-4d17-4b46-835f-3c158c5fc569""}",2024-12-25 23:02:10.142818+00
e917b804-6e6e-464d-a4b0-058e2a4a767c,b37a6175-04d5-462d-8b1b-a4b431b06968,60694a33-64df-4703-bb1f-20bc3948e683,maintenance_completed,,,,,"{""kind"": ""preventive"", ""labor_cost"": 120, ""parts_cost"": 0, ""work_order_id"": ""5e4d7b19-974f-4c99-a530-53bf51f6ab0d""}",2025-06-24 01:17:10.142818+00
beffad0c-f30d-4b18-a0ab-065593158a05,b37a6175-04d5-462d-8b1b-a4b431b06968,60694a33-64df-4703-bb1f-20bc3948e683,maintenance_completed,,,,,"{""kind"": ""preventive"", ""labor_cost"": 480, ""parts_cost"": 935, ""work_order_id"": ""856aaae5-09cb-4382-a1b9-6f38b67ff1c0""}",2025-12-20 23:18:10.142818+00
87ca1653-05c2-489f-b8c3-985d30c3f812,b37a6175-04d5-462d-8b1b-a4b431b06968,60694a33-64df-4703-bb1f-20bc3948e683,maintenance_completed,,,,,"{""kind"": ""preventive"", ""labor_cost"": 240, ""parts_cost"": 0, ""work_order_id"": ""8125e0db-6de0-45d0-b4bb-3dc30de62eb8""}",2026-06-22 01:26:10.142818+00
bcca9dc0-5154-4acf-b4f0-96bd03ed1b5b,b37a6175-04d5-462d-8b1b-a4b431b06968,60694a33-64df-4703-bb1f-20bc3948e683,maintenance_completed,,,,,"{""kind"": ""corrective"", ""outcome"": ""cleaned and reconfigured"", ""work_order_id"": ""f344058c-8a18-4450-83f2-d042623ca4ee"", ""downtime_minutes"": 373}",2025-12-01 07:49:10.142818+00
178bf48b-ccf9-43ee-aaf4-560efb54cf0c,b37a6175-04d5-462d-8b1b-a4b431b06968,60694a33-64df-4703-bb1f-20bc3948e683,maintenance_completed,,,,,"{""kind"": ""corrective"", ""outcome"": ""escalated to supplier"", ""work_order_id"": ""d3aaa8b2-340d-435b-854e-1af784388e7a"", ""downtime_minutes"": 361}",2025-04-05 02:37:10.142818+00
92aec9b7-d4ac-438a-a453-40d1df684f45,208e425b-b6b6-4230-ae64-59cb64d5691e,60694a33-64df-4703-bb1f-20bc3948e683,maintenance_completed,,,,,"{""kind"": ""preventive"", ""labor_cost"": 240, ""parts_cost"": 0, ""work_order_id"": ""7a0878cf-2c41-4925-9e65-cd495ca9c3cb""}",2024-03-24 15:31:00+00
8ca15af9-f974-4c41-9d4c-c5d167093025,208e425b-b6b6-4230-ae64-59cb64d5691e,60694a33-64df-4703-bb1f-20bc3948e683,maintenance_completed,,,,,"{""kind"": ""preventive"", ""labor_cost"": 480, ""parts_cost"": 0, ""work_order_id"": ""5bfa30bf-f9d0-4a6f-99d3-a575f6fe0e27""}",2024-09-16 12:56:00+00
918c5679-28e2-4a5b-baab-72d1b0848cd3,208e425b-b6b6-4230-ae64-59cb64d5691e,60694a33-64df-4703-bb1f-20bc3948e683,maintenance_completed,,,,,"{""kind"": ""preventive"", ""labor_cost"": 360, ""parts_cost"": 0, ""work_order_id"": ""88b0ba18-9af7-4a0f-abb5-c96fbaa6a8d9""}",2025-03-15 14:07:00+00
075f417d-9245-47f6-9d8b-4e7c75fc5922,208e425b-b6b6-4230-ae64-59cb64d5691e,60694a33-64df-4703-bb1f-20bc3948e683,maintenance_completed,,,,,"{""kind"": ""preventive"", ""labor_cost"": 360, ""parts_cost"": 0, ""work_order_id"": ""d6fb92ff-19fd-44d0-8ec9-c68dc1ff44dd""}",2025-09-12 10:41:00+00
1daf939d-c55a-45a8-963d-66c3b5d93d02,208e425b-b6b6-4230-ae64-59cb64d5691e,60694a33-64df-4703-bb1f-20bc3948e683,maintenance_completed,,,,,"{""kind"": ""preventive"", ""labor_cost"": 120, ""parts_cost"": 0, ""work_order_id"": ""43c29097-8666-41f4-9cdb-9deba7bdda7c""}",2026-03-14 12:12:00+00
90120ad3-565b-4410-bc90-fd39bb1ee57d,208e425b-b6b6-4230-ae64-59cb64d5691e,60694a33-64df-4703-bb1f-20bc3948e683,maintenance_completed,,,,,"{""kind"": ""preventive"", ""labor_cost"": 480, ""parts_cost"": 358, ""work_order_id"": ""9e6f7372-914a-44c8-bbfd-c5b52de3b35b""}",2026-09-10 12:13:00+00
1965f2f5-2e5b-4084-bace-7c0ee8fd11a9,0904bb12-7ee3-42c6-a227-ea8e25578af1,60694a33-64df-4703-bb1f-20bc3948e683,maintenance_completed,,,,,"{""kind"": ""preventive"", ""labor_cost"": 120, ""parts_cost"": 990, ""work_order_id"": ""3ff863b4-6c2c-4f86-8ddc-6c1782dff315""}",2024-06-24 16:33:00+00
ab666b5a-4b5f-49fd-bb41-10493ac4e21d,0904bb12-7ee3-42c6-a227-ea8e25578af1,60694a33-64df-4703-bb1f-20bc3948e683,maintenance_completed,,,,,"{""kind"": ""preventive"", ""labor_cost"": 240, ""parts_cost"": 529, ""work_order_id"": ""a164d224-01bd-423a-b989-9d5360508a26""}",2024-12-25 16:06:00+00
044f6af4-428a-476f-ab98-045b8d300df8,0904bb12-7ee3-42c6-a227-ea8e25578af1,60694a33-64df-4703-bb1f-20bc3948e683,maintenance_completed,,,,,"{""kind"": ""preventive"", ""labor_cost"": 120, ""parts_cost"": 971, ""work_order_id"": ""c7275dc1-3a49-470c-98fb-58eb30572eed""}",2025-06-23 15:30:00+00
53eac69c-aaa2-4be6-a16f-2f0d4bfd7662,0904bb12-7ee3-42c6-a227-ea8e25578af1,60694a33-64df-4703-bb1f-20bc3948e683,maintenance_completed,,,,,"{""kind"": ""preventive"", ""labor_cost"": 240, ""parts_cost"": 0, ""work_order_id"": ""d021138d-dd49-4139-8129-62d4b5a99563""}",2025-12-14 14:42:00+00
7654ae07-9e22-48df-9e8f-1e594e33d76a,0904bb12-7ee3-42c6-a227-ea8e25578af1,60694a33-64df-4703-bb1f-20bc3948e683,maintenance_completed,,,,,"{""kind"": ""corrective"", ""outcome"": ""part replaced"", ""work_order_id"": ""36b28888-a320-48b5-9934-f2f07939eec7"", ""downtime_minutes"": 1436}",2025-07-18 02:32:10.142818+00
a5569eaa-cb5f-4745-b7a1-671f9a2342b9,b24849d9-bc6f-4bae-868b-f55f389756b7,60694a33-64df-4703-bb1f-20bc3948e683,maintenance_completed,,,,,"{""kind"": ""preventive"", ""labor_cost"": 120, ""parts_cost"": 0, ""work_order_id"": ""ed439a1e-0c6e-4b47-905e-2b242a882956""}",2024-01-23 15:20:00+00
7acd7f1e-2507-4199-b289-bd4358bac88e,b24849d9-bc6f-4bae-868b-f55f389756b7,60694a33-64df-4703-bb1f-20bc3948e683,maintenance_completed,,,,,"{""kind"": ""preventive"", ""labor_cost"": 120, ""parts_cost"": 0, ""work_order_id"": ""aaa4f3bf-0fe0-4b1f-8bd9-e7b66486f5f9""}",2024-07-21 15:56:00+00
7ddffe4a-1929-411d-b00b-7b29b9ad1100,b24849d9-bc6f-4bae-868b-f55f389756b7,60694a33-64df-4703-bb1f-20bc3948e683,maintenance_completed,,,,,"{""kind"": ""preventive"", ""labor_cost"": 120, ""parts_cost"": 0, ""work_order_id"": ""c7a794b6-299e-45b0-af92-753fe5b9ce9a""}",2025-01-18 16:54:00+00
ae3cbf94-1697-4f9f-8535-22c94917276c,b24849d9-bc6f-4bae-868b-f55f389756b7,60694a33-64df-4703-bb1f-20bc3948e683,maintenance_completed,,,,,"{""kind"": ""preventive"", ""labor_cost"": 120, ""parts_cost"": 0, ""work_order_id"": ""6f37f9e2-7b5c-4c66-b3a4-a5ed99b08b05""}",2025-07-13 12:29:00+00
ea7ba818-1cc6-4535-b88c-95ce94601688,b24849d9-bc6f-4bae-868b-f55f389756b7,60694a33-64df-4703-bb1f-20bc3948e683,maintenance_completed,,,,,"{""kind"": ""preventive"", ""labor_cost"": 120, ""parts_cost"": 0, ""work_order_id"": ""16e9eca5-b223-4f57-a60c-0e54d9e3ac48""}",2026-01-13 12:37:00+00
1cf4ba30-2ac6-4f46-b66c-8b0d9ff05f39,b24849d9-bc6f-4bae-868b-f55f389756b7,60694a33-64df-4703-bb1f-20bc3948e683,maintenance_completed,,,,,"{""kind"": ""preventive"", ""labor_cost"": 360, ""parts_cost"": 200, ""work_order_id"": ""c1e2b5e2-3355-4ba6-80ce-4cbb200a5d07""}",2026-07-11 11:08:00+00
def84353-c05a-4c8f-8eb5-02e6b00fbd9a,2789c348-fa0b-4242-8789-eb9d461f7c3b,60694a33-64df-4703-bb1f-20bc3948e683,maintenance_completed,,,,,"{""kind"": ""preventive"", ""labor_cost"": 240, ""parts_cost"": 0, ""work_order_id"": ""2f7e3392-c452-4d57-8665-b7a5a2c2b13c""}",2024-05-31 09:46:00+00
271cb2fa-5107-4c00-b4f9-98d30c5490cf,2789c348-fa0b-4242-8789-eb9d461f7c3b,60694a33-64df-4703-bb1f-20bc3948e683,maintenance_completed,,,,,"{""kind"": ""preventive"", ""labor_cost"": 240, ""parts_cost"": 0, ""work_order_id"": ""c132c271-a587-441b-944a-dab59251c814""}",2024-12-01 11:27:00+00
c535b0ad-fd80-44cc-a811-741b648258f3,2789c348-fa0b-4242-8789-eb9d461f7c3b,60694a33-64df-4703-bb1f-20bc3948e683,maintenance_completed,,,,,"{""kind"": ""preventive"", ""labor_cost"": 120, ""parts_cost"": 0, ""work_order_id"": ""8590c9aa-8550-4419-9f74-9ed590ce3a80""}",2025-05-26 14:11:00+00
76bd03c0-36c7-4fb7-84d8-2907a80eeb6e,2789c348-fa0b-4242-8789-eb9d461f7c3b,60694a33-64df-4703-bb1f-20bc3948e683,maintenance_completed,,,,,"{""kind"": ""preventive"", ""labor_cost"": 240, ""parts_cost"": 0, ""work_order_id"": ""bf3df460-c298-4873-8a31-c3c45d2028f5""}",2025-11-26 11:47:00+00
a3ae0598-aa13-40a2-934c-1e2b011b1c2d,2789c348-fa0b-4242-8789-eb9d461f7c3b,60694a33-64df-4703-bb1f-20bc3948e683,maintenance_completed,,,,,"{""kind"": ""preventive"", ""labor_cost"": 360, ""parts_cost"": 704, ""work_order_id"": ""2e119f8f-3959-4e16-8ab9-5b5189481ccf""}",2026-05-22 09:48:00+00
7fe73d71-647f-45e7-a005-da6bcf6dd111,f673a17d-c8b6-428b-8939-69282c6e5d8c,60694a33-64df-4703-bb1f-20bc3948e683,maintenance_completed,,,,,"{""kind"": ""preventive"", ""labor_cost"": 120, ""parts_cost"": 0, ""work_order_id"": ""b7cd61fc-9a76-4dec-9511-004c0f7d9de4""}",2024-02-08 04:53:10.142818+00
cae9e610-e81b-4c68-a72f-be4d25962655,f673a17d-c8b6-428b-8939-69282c6e5d8c,60694a33-64df-4703-bb1f-20bc3948e683,maintenance_completed,,,,,"{""kind"": ""preventive"", ""labor_cost"": 120, ""parts_cost"": 851, ""work_order_id"": ""ae73349c-6abe-4178-8d3a-4268547ba0b4""}",2024-08-09 23:32:10.142818+00
0f08d1ac-ced5-4fdd-bce3-f1a0a94f0571,f673a17d-c8b6-428b-8939-69282c6e5d8c,60694a33-64df-4703-bb1f-20bc3948e683,maintenance_completed,,,,,"{""kind"": ""preventive"", ""labor_cost"": 120, ""parts_cost"": 0, ""work_order_id"": ""3d1fba78-9f4e-46f2-90bc-c0b022b64e9c""}",2025-02-08 00:45:10.142818+00
7f39f61e-61dd-447c-9420-a98d43690e1a,f673a17d-c8b6-428b-8939-69282c6e5d8c,60694a33-64df-4703-bb1f-20bc3948e683,maintenance_completed,,,,,"{""kind"": ""preventive"", ""labor_cost"": 480, ""parts_cost"": 0, ""work_order_id"": ""9da8a84a-a922-444b-a5c5-075d8e71dda7""}",2025-07-29 23:04:10.142818+00
822e2e7e-2897-45f4-b9d7-cbf191b0c0fc,f673a17d-c8b6-428b-8939-69282c6e5d8c,60694a33-64df-4703-bb1f-20bc3948e683,maintenance_completed,,,,,"{""kind"": ""preventive"", ""labor_cost"": 480, ""parts_cost"": 0, ""work_order_id"": ""2bb4ba13-a945-4417-a8f8-e86ffd5c8a6b""}",2026-01-27 21:26:10.142818+00
7d719253-8499-41b0-8421-7477d197a42f,f673a17d-c8b6-428b-8939-69282c6e5d8c,60694a33-64df-4703-bb1f-20bc3948e683,maintenance_completed,,,,,"{""kind"": ""preventive"", ""labor_cost"": 120, ""parts_cost"": 384, ""work_order_id"": ""7f1bbf05-f014-4ab3-81f3-8746e1aca684""}",2026-07-30 03:12:10.142818+00
e24a9023-9096-4770-9b82-4b619d3dd22d,f673a17d-c8b6-428b-8939-69282c6e5d8c,60694a33-64df-4703-bb1f-20bc3948e683,maintenance_completed,,,,,"{""kind"": ""corrective"", ""outcome"": ""escalated to supplier"", ""work_order_id"": ""28290396-b731-4c8d-9fda-231db2662bdb"", ""downtime_minutes"": 379}",2025-04-28 06:55:10.142818+00
39e94fcc-0a25-4a91-88d0-9b437eeb01ad,f673a17d-c8b6-428b-8939-69282c6e5d8c,60694a33-64df-4703-bb1f-20bc3948e683,maintenance_completed,,,,,"{""kind"": ""corrective"", ""outcome"": ""part replaced"", ""work_order_id"": ""7db53646-bd6a-472a-8238-ffd8b5aa6e4c"", ""downtime_minutes"": 2688}",2026-03-08 00:24:10.142818+00
a6f7b6ec-42f8-404b-a705-2e822b783708,f673a17d-c8b6-428b-8939-69282c6e5d8c,60694a33-64df-4703-bb1f-20bc3948e683,maintenance_completed,,,,,"{""kind"": ""corrective"", ""outcome"": ""part replaced"", ""work_order_id"": ""d44636f0-e5fd-40d4-b9b5-5f107a27a9b9"", ""downtime_minutes"": 2801}",2025-07-30 22:17:10.142818+00
0b3f40d8-54c4-450c-a43d-9c112a9fe1a3,f673a17d-c8b6-428b-8939-69282c6e5d8c,60694a33-64df-4703-bb1f-20bc3948e683,maintenance_completed,,,,,"{""kind"": ""corrective"", ""outcome"": ""part replaced"", ""work_order_id"": ""3fba705f-c0f2-43a2-adb6-d59b75c11974"", ""downtime_minutes"": 1546}",2025-06-23 02:22:10.142818+00
1e4c2158-6e44-443a-996e-755de340fa32,dcb7221f-6af8-4e32-b60a-f83b5c6879e5,60694a33-64df-4703-bb1f-20bc3948e683,maintenance_completed,,,,,"{""kind"": ""preventive"", ""labor_cost"": 120, ""parts_cost"": 0, ""work_order_id"": ""538c7c84-b2d9-445c-a0b0-0d007c5951db""}",2024-01-08 04:21:10.142818+00
6113b058-a690-4114-b01c-6d8b946f74e4,dcb7221f-6af8-4e32-b60a-f83b5c6879e5,60694a33-64df-4703-bb1f-20bc3948e683,maintenance_completed,,,,,"{""kind"": ""preventive"", ""labor_cost"": 480, ""parts_cost"": 0, ""work_order_id"": ""97536418-2a3c-49a6-b72f-415d8add5189""}",2024-07-10 04:52:10.142818+00
c3aff6d1-ba3b-40c6-9f25-926bdf73f534,dcb7221f-6af8-4e32-b60a-f83b5c6879e5,60694a33-64df-4703-bb1f-20bc3948e683,maintenance_completed,,,,,"{""kind"": ""preventive"", ""labor_cost"": 240, ""parts_cost"": 281, ""work_order_id"": ""a51fa0f7-aa97-4d1d-b0ba-83c767b23d79""}",2024-12-29 23:36:10.142818+00
9332d69b-6f74-4560-8129-97f350f6d2a8,dcb7221f-6af8-4e32-b60a-f83b5c6879e5,60694a33-64df-4703-bb1f-20bc3948e683,maintenance_completed,,,,,"{""kind"": ""preventive"", ""labor_cost"": 120, ""parts_cost"": 926, ""work_order_id"": ""5b5ef107-1b62-4bab-9fea-ff01885ec36b""}",2025-06-28 05:21:10.142818+00
b3c348af-ecdd-4526-8413-d905be632397,dcb7221f-6af8-4e32-b60a-f83b5c6879e5,60694a33-64df-4703-bb1f-20bc3948e683,maintenance_completed,,,,,"{""kind"": ""preventive"", ""labor_cost"": 120, ""parts_cost"": 0, ""work_order_id"": ""ca23c6d5-c384-45cb-a3c2-58b9cf5258ae""}",2026-01-01 00:37:10.142818+00
b0e78864-4480-409c-ab95-804ab948b81f,dcb7221f-6af8-4e32-b60a-f83b5c6879e5,60694a33-64df-4703-bb1f-20bc3948e683,maintenance_completed,,,,,"{""kind"": ""preventive"", ""labor_cost"": 480, ""parts_cost"": 0, ""work_order_id"": ""b2d3d060-fa79-4945-be85-7985ccccbddc""}",2026-06-27 23:25:10.142818+00
e744c953-ce30-4258-a1eb-148d229eace2,c5abff57-b36f-45b9-87a2-4217ccab877b,60694a33-64df-4703-bb1f-20bc3948e683,maintenance_completed,,,,,"{""kind"": ""preventive"", ""labor_cost"": 120, ""parts_cost"": 0, ""work_order_id"": ""2ee404ab-02f6-47eb-9453-4577e87abe40""}",2023-09-27 03:48:10.142818+00
fb07d590-2b54-4f6d-b1db-0ced9b2c81ec,c5abff57-b36f-45b9-87a2-4217ccab877b,60694a33-64df-4703-bb1f-20bc3948e683,maintenance_completed,,,,,"{""kind"": ""preventive"", ""labor_cost"": 240, ""parts_cost"": 0, ""work_order_id"": ""14efd1bd-99d7-4ffd-b441-6c0dcd6f9179""}",2024-03-21 23:46:10.142818+00
8cdaff8c-811d-4009-8684-fc8338946752,c5abff57-b36f-45b9-87a2-4217ccab877b,60694a33-64df-4703-bb1f-20bc3948e683,maintenance_completed,,,,,"{""kind"": ""preventive"", ""labor_cost"": 360, ""parts_cost"": 0, ""work_order_id"": ""7c4d3a34-3f12-4c35-8ae5-c65e121b6358""}",2024-09-24 05:03:10.142818+00
79145c75-1054-4afa-b6f2-aa0087eaa661,c5abff57-b36f-45b9-87a2-4217ccab877b,60694a33-64df-4703-bb1f-20bc3948e683,maintenance_completed,,,,,"{""kind"": ""preventive"", ""labor_cost"": 360, ""parts_cost"": 0, ""work_order_id"": ""6eb29ce0-c231-4be0-ac12-95b6f6b11450""}",2025-03-16 21:10:10.142818+00
f4d6aed6-c00b-4b56-a857-3ae5b1fe5c18,c5abff57-b36f-45b9-87a2-4217ccab877b,60694a33-64df-4703-bb1f-20bc3948e683,maintenance_completed,,,,,"{""kind"": ""preventive"", ""labor_cost"": 360, ""parts_cost"": 0, ""work_order_id"": ""eeecc992-8b8c-4b37-9cb0-a15c4ca043dc""}",2025-09-15 02:52:10.142818+00
c953b4ca-6262-4fe2-a599-8a85ffb9f8e4,c5abff57-b36f-45b9-87a2-4217ccab877b,60694a33-64df-4703-bb1f-20bc3948e683,maintenance_completed,,,,,"{""kind"": ""preventive"", ""labor_cost"": 120, ""parts_cost"": 0, ""work_order_id"": ""dc0bdbe2-fe05-460d-b7dd-cd8295547f4e""}",2026-03-12 22:06:10.142818+00
5ff3831c-f09f-46b5-8be1-36339891db4b,c5abff57-b36f-45b9-87a2-4217ccab877b,60694a33-64df-4703-bb1f-20bc3948e683,maintenance_completed,,,,,"{""kind"": ""preventive"", ""labor_cost"": 480, ""parts_cost"": 0, ""work_order_id"": ""6c2a1460-82e6-4cb8-ad26-f01a490c37bf""}",2026-09-08 01:29:10.142818+00
7bf3f3a0-df60-40b9-9718-662a5381f5cc,c5abff57-b36f-45b9-87a2-4217ccab877b,60694a33-64df-4703-bb1f-20bc3948e683,maintenance_completed,,,,,"{""kind"": ""corrective"", ""outcome"": ""part replaced"", ""work_order_id"": ""f205e781-002c-4e5e-96ce-e368a04c8643"", ""downtime_minutes"": 239}",2024-05-16 00:35:10.142818+00
afb0969e-3b07-4a7b-ac98-22d01493fca2,6eb806c5-b66e-4d9e-9af2-dbae5444253e,60694a33-64df-4703-bb1f-20bc3948e683,maintenance_completed,,,,,"{""kind"": ""preventive"", ""labor_cost"": 240, ""parts_cost"": 0, ""work_order_id"": ""6bc0940c-9727-43aa-b996-a579d3e60103""}",2024-01-23 23:09:10.142818+00
c2294e15-0fae-439f-965c-b65b9b8ca5be,6eb806c5-b66e-4d9e-9af2-dbae5444253e,60694a33-64df-4703-bb1f-20bc3948e683,maintenance_completed,,,,,"{""kind"": ""preventive"", ""labor_cost"": 360, ""parts_cost"": 0, ""work_order_id"": ""6b568b1a-9f46-46c9-a871-cd466c183d3b""}",2024-07-24 22:12:10.142818+00
85b021bf-30a1-4aea-aee8-ac1ac94f4a5d,6eb806c5-b66e-4d9e-9af2-dbae5444253e,60694a33-64df-4703-bb1f-20bc3948e683,maintenance_completed,,,,,"{""kind"": ""preventive"", ""labor_cost"": 240, ""parts_cost"": 774, ""work_order_id"": ""2ae4c704-041f-40e5-8aa0-4fc0b3a61f93""}",2025-01-17 02:16:10.142818+00
a7f7a630-0b25-41b1-bc22-1f5bc2f029fb,6eb806c5-b66e-4d9e-9af2-dbae5444253e,60694a33-64df-4703-bb1f-20bc3948e683,maintenance_completed,,,,,"{""kind"": ""preventive"", ""labor_cost"": 120, ""parts_cost"": 0, ""work_order_id"": ""3aeec322-5991-460e-bc48-5e6d47bf97ee""}",2025-07-20 02:37:10.142818+00
c6ae8dc6-55c5-4831-9431-c74ae4d96a28,6eb806c5-b66e-4d9e-9af2-dbae5444253e,60694a33-64df-4703-bb1f-20bc3948e683,maintenance_completed,,,,,"{""kind"": ""preventive"", ""labor_cost"": 240, ""parts_cost"": 0, ""work_order_id"": ""970058d7-464f-41b9-8ff7-d68c3ae70d08""}",2026-01-17 02:21:10.142818+00
3b865f44-2aaa-43dc-a5af-a7caeb4a5f05,6eb806c5-b66e-4d9e-9af2-dbae5444253e,60694a33-64df-4703-bb1f-20bc3948e683,maintenance_completed,,,,,"{""kind"": ""preventive"", ""labor_cost"": 480, ""parts_cost"": 0, ""work_order_id"": ""dbcc1530-84a0-4fca-9170-fb95e01fc3d6""}",2026-07-09 03:19:10.142818+00
2910ba37-e2cd-4856-8f44-d2e9aa7dc26a,ebe2d980-d775-4914-ae93-41bdbc59b29f,60694a33-64df-4703-bb1f-20bc3948e683,maintenance_completed,,,,,"{""kind"": ""preventive"", ""labor_cost"": 480, ""parts_cost"": 0, ""work_order_id"": ""54338bc5-f45b-4077-b0fb-e841f1c6785c""}",2023-12-11 04:49:10.142818+00
db67fd92-ddc7-48cf-afa1-19facfbeffc2,ebe2d980-d775-4914-ae93-41bdbc59b29f,60694a33-64df-4703-bb1f-20bc3948e683,maintenance_completed,,,,,"{""kind"": ""preventive"", ""labor_cost"": 360, ""parts_cost"": 0, ""work_order_id"": ""67f16ebe-acdf-4881-b778-4b7d4b2f9578""}",2024-06-11 03:58:10.142818+00
f0b8a1f4-7187-4aab-b766-83e7f02a73ef,ebe2d980-d775-4914-ae93-41bdbc59b29f,60694a33-64df-4703-bb1f-20bc3948e683,maintenance_completed,,,,,"{""kind"": ""preventive"", ""labor_cost"": 240, ""parts_cost"": 0, ""work_order_id"": ""37073ec6-8e03-4458-aa2a-e1e17d23f901""}",2024-12-02 00:02:10.142818+00
8fe8653a-60af-4d09-9c88-b7c4541a540f,ebe2d980-d775-4914-ae93-41bdbc59b29f,60694a33-64df-4703-bb1f-20bc3948e683,maintenance_completed,,,,,"{""kind"": ""preventive"", ""labor_cost"": 360, ""parts_cost"": 958, ""work_order_id"": ""72db5c0a-e00e-4278-b34b-1d8d98040ced""}",2025-05-28 21:48:10.142818+00
2323307b-9176-42af-893d-7bfefe12b8ed,ebe2d980-d775-4914-ae93-41bdbc59b29f,60694a33-64df-4703-bb1f-20bc3948e683,maintenance_completed,,,,,"{""kind"": ""preventive"", ""labor_cost"": 480, ""parts_cost"": 0, ""work_order_id"": ""f0b9eb62-8d1d-48ea-be1b-28a50aa24b85""}",2025-11-26 02:01:10.142818+00
28b89c84-7688-43c4-a7b1-e3e6cbd352e0,ebe2d980-d775-4914-ae93-41bdbc59b29f,60694a33-64df-4703-bb1f-20bc3948e683,maintenance_completed,,,,,"{""kind"": ""preventive"", ""labor_cost"": 240, ""parts_cost"": 0, ""work_order_id"": ""657680c6-7463-4d11-b657-de4714c5bb48""}",2026-05-31 01:23:10.142818+00
25e43049-c636-4b75-bc5e-44bf521813df,ebe2d980-d775-4914-ae93-41bdbc59b29f,60694a33-64df-4703-bb1f-20bc3948e683,maintenance_completed,,,,,"{""kind"": ""corrective"", ""outcome"": ""repaired"", ""work_order_id"": ""a425254d-c515-4d29-ba98-cc09147df46e"", ""downtime_minutes"": 1658}",2024-08-02 07:14:10.142818+00
81da6f92-65e1-43ab-b13c-f8172b251612,ebe2d980-d775-4914-ae93-41bdbc59b29f,60694a33-64df-4703-bb1f-20bc3948e683,maintenance_completed,,,,,"{""kind"": ""corrective"", ""outcome"": ""escalated to supplier"", ""work_order_id"": ""d0c3b0ff-93e4-4f63-af38-37684df1b174"", ""downtime_minutes"": 2802}",2025-07-13 19:18:10.142818+00
55cd80ed-d47d-4f42-929b-47741765ba07,bae09e3e-c23c-42af-acc4-9c817f7ae7b4,60694a33-64df-4703-bb1f-20bc3948e683,maintenance_completed,,,,,"{""kind"": ""preventive"", ""labor_cost"": 240, ""parts_cost"": 0, ""work_order_id"": ""16ea0337-1cf6-4699-ad9f-5bc8673ac27f""}",2024-01-27 01:58:10.142818+00
ddac74f8-e96c-4e71-9921-9e298eca8352,bae09e3e-c23c-42af-acc4-9c817f7ae7b4,60694a33-64df-4703-bb1f-20bc3948e683,maintenance_completed,,,,,"{""kind"": ""preventive"", ""labor_cost"": 480, ""parts_cost"": 0, ""work_order_id"": ""2f739e5c-4198-4462-910c-3b5a77531683""}",2024-07-24 04:10:10.142818+00
6ec368f0-b882-4711-bbb3-8f50884a6c7c,bae09e3e-c23c-42af-acc4-9c817f7ae7b4,60694a33-64df-4703-bb1f-20bc3948e683,maintenance_completed,,,,,"{""kind"": ""preventive"", ""labor_cost"": 120, ""parts_cost"": 525, ""work_order_id"": ""c44f400c-5d6d-4ef5-8af8-e25760584fac""}",2025-01-17 23:21:10.142818+00
2fd6325c-f915-4961-9a42-91f99cf86134,bae09e3e-c23c-42af-acc4-9c817f7ae7b4,60694a33-64df-4703-bb1f-20bc3948e683,maintenance_completed,,,,,"{""kind"": ""preventive"", ""labor_cost"": 120, ""parts_cost"": 0, ""work_order_id"": ""d8c9e604-79fa-40fb-afb3-9f852cef0f7e""}",2025-07-17 00:55:10.142818+00
08e2b009-d88f-4d5b-91e0-902e6373b07d,bae09e3e-c23c-42af-acc4-9c817f7ae7b4,60694a33-64df-4703-bb1f-20bc3948e683,maintenance_completed,,,,,"{""kind"": ""preventive"", ""labor_cost"": 240, ""parts_cost"": 0, ""work_order_id"": ""61a350f4-5df4-4495-a5b6-ae9b36dc8f6f""}",2026-01-14 04:00:10.142818+00
44c0938e-a28d-4b9a-9441-3868fc28f06c,bae09e3e-c23c-42af-acc4-9c817f7ae7b4,60694a33-64df-4703-bb1f-20bc3948e683,maintenance_completed,,,,,"{""kind"": ""preventive"", ""labor_cost"": 120, ""parts_cost"": 0, ""work_order_id"": ""0ba40afb-e62f-4697-8d4f-3ab3ce61f886""}",2026-07-16 00:53:10.142818+00
9f800a32-3100-4334-8b5a-d3132f957a34,8ab8ac6d-3c1c-4f30-bf7e-ae7188b0849f,60694a33-64df-4703-bb1f-20bc3948e683,maintenance_completed,,,,,"{""kind"": ""preventive"", ""labor_cost"": 360, ""parts_cost"": 0, ""work_order_id"": ""3ffd6057-e621-4d41-a8ff-9cd613048bdf""}",2023-10-31 23:08:10.142818+00
85c1b7fe-db90-43db-8ed0-36a7bbd3d801,8ab8ac6d-3c1c-4f30-bf7e-ae7188b0849f,60694a33-64df-4703-bb1f-20bc3948e683,maintenance_completed,,,,,"{""kind"": ""preventive"", ""labor_cost"": 360, ""parts_cost"": 0, ""work_order_id"": ""6a28442e-1c3d-456d-9c7d-91a12e3b9f17""}",2024-04-29 02:35:10.142818+00
b20b564c-f848-4048-911e-cbc82019cf34,8ab8ac6d-3c1c-4f30-bf7e-ae7188b0849f,60694a33-64df-4703-bb1f-20bc3948e683,maintenance_completed,,,,,"{""kind"": ""preventive"", ""labor_cost"": 480, ""parts_cost"": 0, ""work_order_id"": ""2afd7f88-2100-4f37-b7ba-1f470c732d70""}",2024-10-25 03:31:10.142818+00
b520e966-6af5-4437-88da-dd7e7e8bda99,8ab8ac6d-3c1c-4f30-bf7e-ae7188b0849f,60694a33-64df-4703-bb1f-20bc3948e683,maintenance_completed,,,,,"{""kind"": ""preventive"", ""labor_cost"": 240, ""parts_cost"": 0, ""work_order_id"": ""f56a86ca-258a-4443-8c8d-574296b9fe07""}",2025-04-25 03:35:10.142818+00
0eea8f19-23b5-49b9-8534-dde736bf3de1,8ab8ac6d-3c1c-4f30-bf7e-ae7188b0849f,60694a33-64df-4703-bb1f-20bc3948e683,maintenance_completed,,,,,"{""kind"": ""preventive"", ""labor_cost"": 120, ""parts_cost"": 497, ""work_order_id"": ""6b240739-0bc0-43f7-b899-bdb51c78cd6d""}",2025-10-24 03:46:10.142818+00
a63f4498-88fd-4e81-8dfd-ab20dcceb122,8ab8ac6d-3c1c-4f30-bf7e-ae7188b0849f,60694a33-64df-4703-bb1f-20bc3948e683,maintenance_completed,,,,,"{""kind"": ""preventive"", ""labor_cost"": 360, ""parts_cost"": 0, ""work_order_id"": ""a03ea169-db17-46db-9778-3f45d2c9a279""}",2026-04-18 22:57:10.142818+00
e4743cda-c204-46c1-bfb6-c730047e05a5,8ab8ac6d-3c1c-4f30-bf7e-ae7188b0849f,60694a33-64df-4703-bb1f-20bc3948e683,maintenance_completed,,,,,"{""kind"": ""corrective"", ""outcome"": ""escalated to supplier"", ""work_order_id"": ""ecc5c5ba-64e3-4e52-908d-1264eb238e5c"", ""downtime_minutes"": 722}",2024-10-04 14:38:10.142818+00
1ca44360-8a46-4615-a87f-82235e049522,8ab8ac6d-3c1c-4f30-bf7e-ae7188b0849f,60694a33-64df-4703-bb1f-20bc3948e683,maintenance_completed,,,,,"{""kind"": ""corrective"", ""outcome"": ""part replaced"", ""work_order_id"": ""6044ef49-7a70-46e7-b9d1-52ec012d41ec"", ""downtime_minutes"": 2615}",2026-07-30 20:11:10.142818+00
48d9c43e-07c7-4bcd-b810-2d9fdd2d6c7f,8ab8ac6d-3c1c-4f30-bf7e-ae7188b0849f,60694a33-64df-4703-bb1f-20bc3948e683,maintenance_completed,,,,,"{""kind"": ""corrective"", ""outcome"": ""escalated to supplier"", ""work_order_id"": ""2b61cd9c-50c3-48fc-820e-dd1195324544"", ""downtime_minutes"": 1492}",2025-01-22 00:28:10.142818+00
e5baca59-14a0-417c-88e9-5f94ffbfbdb6,92ce3f8a-bd0e-4821-b8bc-c63926a5c245,60694a33-64df-4703-bb1f-20bc3948e683,maintenance_completed,,,,,"{""kind"": ""preventive"", ""labor_cost"": 120, ""parts_cost"": 456, ""work_order_id"": ""d954e647-6ec4-487a-97ac-2d003ec6cfff""}",2025-01-18 12:59:00+00
ee3e983c-f917-4db2-af62-92f51ff22d19,92ce3f8a-bd0e-4821-b8bc-c63926a5c245,60694a33-64df-4703-bb1f-20bc3948e683,maintenance_completed,,,,,"{""kind"": ""preventive"", ""labor_cost"": 120, ""parts_cost"": 0, ""work_order_id"": ""bf03dd45-0b9a-4b36-87d6-e27d9ee81596""}",2025-07-11 16:57:00+00
ece4a022-12b4-4801-84e4-2bfa158123d8,92ce3f8a-bd0e-4821-b8bc-c63926a5c245,60694a33-64df-4703-bb1f-20bc3948e683,maintenance_completed,,,,,"{""kind"": ""preventive"", ""labor_cost"": 360, ""parts_cost"": 0, ""work_order_id"": ""a0a27702-dc81-46a6-b256-1ca25632de79""}",2026-01-13 15:19:00+00
57a567eb-71c5-4029-954e-a74539d16bd4,92ce3f8a-bd0e-4821-b8bc-c63926a5c245,60694a33-64df-4703-bb1f-20bc3948e683,maintenance_completed,,,,,"{""kind"": ""preventive"", ""labor_cost"": 480, ""parts_cost"": 0, ""work_order_id"": ""49381e0a-ff9e-43d7-a01e-682daf15708e""}",2026-07-05 12:34:00+00
eee1a5ff-e892-40ae-b6a2-d08322a4617d,bb27f753-f37b-4322-b082-d044c2fa2831,60694a33-64df-4703-bb1f-20bc3948e683,maintenance_completed,,,,,"{""kind"": ""preventive"", ""labor_cost"": 480, ""parts_cost"": 0, ""work_order_id"": ""ab274cdf-2f69-4789-9953-de01ee098028""}",2023-10-05 03:00:10.142818+00
b5192629-20a1-4a38-bccc-04a130f592cd,bb27f753-f37b-4322-b082-d044c2fa2831,60694a33-64df-4703-bb1f-20bc3948e683,maintenance_completed,,,,,"{""kind"": ""preventive"", ""labor_cost"": 360, ""parts_cost"": 0, ""work_order_id"": ""349f13f7-7655-40d5-96ae-17b55ef17f67""}",2024-04-01 03:07:10.142818+00
2f53f68b-efe6-41a6-b64f-f0329a34f5f0,bb27f753-f37b-4322-b082-d044c2fa2831,60694a33-64df-4703-bb1f-20bc3948e683,maintenance_completed,,,,,"{""kind"": ""preventive"", ""labor_cost"": 360, ""parts_cost"": 387, ""work_order_id"": ""7b33d48c-c6cc-4a59-8cd4-de7e4668b44f""}",2024-09-26 22:47:10.142818+00
8481c3fb-e3e6-4048-ae21-44ce6466aa46,bb27f753-f37b-4322-b082-d044c2fa2831,60694a33-64df-4703-bb1f-20bc3948e683,maintenance_completed,,,,,"{""kind"": ""preventive"", ""labor_cost"": 240, ""parts_cost"": 892, ""work_order_id"": ""465eb417-1a5f-4c86-b562-cb65fcaca9ad""}",2025-03-26 23:08:10.142818+00
99c108f0-5178-445b-8ede-60a3bcd76b33,bb27f753-f37b-4322-b082-d044c2fa2831,60694a33-64df-4703-bb1f-20bc3948e683,maintenance_completed,,,,,"{""kind"": ""preventive"", ""labor_cost"": 360, ""parts_cost"": 438, ""work_order_id"": ""0234b79e-a6b4-4beb-ba43-b335f6632d60""}",2025-09-19 00:29:10.142818+00
af9299cf-d18a-4c25-9d3a-e810aee5f7d0,bb27f753-f37b-4322-b082-d044c2fa2831,60694a33-64df-4703-bb1f-20bc3948e683,maintenance_completed,,,,,"{""kind"": ""preventive"", ""labor_cost"": 480, ""parts_cost"": 515, ""work_order_id"": ""a39de641-494c-4036-8af3-30cbe6e654f6""}",2026-03-17 04:08:10.142818+00
fc9bd864-bef7-49b7-81e1-33408ef8699e,bb27f753-f37b-4322-b082-d044c2fa2831,60694a33-64df-4703-bb1f-20bc3948e683,maintenance_completed,,,,,"{""kind"": ""preventive"", ""labor_cost"": 120, ""parts_cost"": 0, ""work_order_id"": ""2e6e3d9f-b315-4a7e-8b33-58ce4ec12026""}",2026-09-11 03:00:10.142818+00
779651fe-cc5d-4e2e-ab65-a8db224e2963,2e7ab091-06ac-45f3-a62a-fccf51ef2adf,60694a33-64df-4703-bb1f-20bc3948e683,maintenance_completed,,,,,"{""kind"": ""preventive"", ""labor_cost"": 120, ""parts_cost"": 0, ""work_order_id"": ""34cc5f4c-83b0-48ae-9c6c-52a91e33c0b1""}",2024-11-21 11:27:00+00
5791bbee-c122-4ca2-a861-e69db5eb4091,2e7ab091-06ac-45f3-a62a-fccf51ef2adf,60694a33-64df-4703-bb1f-20bc3948e683,maintenance_completed,,,,,"{""kind"": ""preventive"", ""labor_cost"": 120, ""parts_cost"": 0, ""work_order_id"": ""9f350121-5069-42b3-b0e6-69b806ae58b8""}",2025-05-18 09:30:00+00
2d65174c-e7e6-4549-8fe4-e5443a7cebde,2e7ab091-06ac-45f3-a62a-fccf51ef2adf,60694a33-64df-4703-bb1f-20bc3948e683,maintenance_completed,,,,,"{""kind"": ""preventive"", ""labor_cost"": 480, ""parts_cost"": 0, ""work_order_id"": ""e3dec3c5-2f69-4b87-809a-d2c4cf74d1f9""}",2025-11-17 13:55:00+00
f74c97ae-38b6-4d33-964c-a89b0a8553e4,2e7ab091-06ac-45f3-a62a-fccf51ef2adf,60694a33-64df-4703-bb1f-20bc3948e683,maintenance_completed,,,,,"{""kind"": ""preventive"", ""labor_cost"": 120, ""parts_cost"": 0, ""work_order_id"": ""6b926883-fde3-4d7a-b8a8-3431b38d03d9""}",2026-05-14 10:51:00+00
97d4a0d0-99e2-4def-baef-82b61937e6e2,cf43734a-c8c9-4f6d-8fc1-a40c8df9440c,60694a33-64df-4703-bb1f-20bc3948e683,maintenance_completed,,,,,"{""kind"": ""preventive"", ""labor_cost"": 360, ""parts_cost"": 0, ""work_order_id"": ""56d7dc25-2d92-432d-96c8-944236a70729""}",2025-01-21 12:16:00+00
8018f262-1eeb-4ee0-a3b6-3c135d02e363,cf43734a-c8c9-4f6d-8fc1-a40c8df9440c,60694a33-64df-4703-bb1f-20bc3948e683,maintenance_completed,,,,,"{""kind"": ""preventive"", ""labor_cost"": 480, ""parts_cost"": 0, ""work_order_id"": ""fa53dd0f-e3e8-4d59-8cac-a8df3b83c79f""}",2025-07-20 12:27:00+00
698a4b2b-0e9c-4972-8ef7-91a4a4660548,cf43734a-c8c9-4f6d-8fc1-a40c8df9440c,60694a33-64df-4703-bb1f-20bc3948e683,maintenance_completed,,,,,"{""kind"": ""preventive"", ""labor_cost"": 360, ""parts_cost"": 0, ""work_order_id"": ""57ea7113-5bdf-42a2-8fd3-c7cce322ad35""}",2026-01-12 12:59:00+00
e5c141da-8c84-4fbc-88ea-0f03ecc7e84f,cf43734a-c8c9-4f6d-8fc1-a40c8df9440c,60694a33-64df-4703-bb1f-20bc3948e683,maintenance_completed,,,,,"{""kind"": ""preventive"", ""labor_cost"": 360, ""parts_cost"": 0, ""work_order_id"": ""48a14202-090b-4c55-afc7-c3d9060d3cde""}",2026-07-18 16:10:00+00
b18ecdf6-dc56-483d-945b-8fcfc7146538,cf43734a-c8c9-4f6d-8fc1-a40c8df9440c,60694a33-64df-4703-bb1f-20bc3948e683,maintenance_completed,,,,,"{""kind"": ""corrective"", ""outcome"": ""escalated to supplier"", ""work_order_id"": ""c415d8cc-6e88-42fe-9376-d47868713416"", ""downtime_minutes"": 1646}",2026-05-29 02:02:10.142818+00
6b2c3efe-2dd0-4111-a039-ccba1084c233,3d90a462-fed8-47bf-a23e-2cdeb2156e0d,60694a33-64df-4703-bb1f-20bc3948e683,maintenance_completed,,,,,"{""kind"": ""preventive"", ""labor_cost"": 240, ""parts_cost"": 0, ""work_order_id"": ""ba1069f7-466f-4f01-ac73-3338249d3e3a""}",2023-10-27 02:30:10.142818+00
a9c5ec96-9223-47dc-94d9-5a89a366113c,3d90a462-fed8-47bf-a23e-2cdeb2156e0d,60694a33-64df-4703-bb1f-20bc3948e683,maintenance_completed,,,,,"{""kind"": ""preventive"", ""labor_cost"": 360, ""parts_cost"": 1032, ""work_order_id"": ""199d3e6d-6084-4f0e-bd52-67ad46dcbc8b""}",2024-04-21 03:23:10.142818+00
38fe0439-4c3d-4816-895c-0585aa16cc29,3d90a462-fed8-47bf-a23e-2cdeb2156e0d,60694a33-64df-4703-bb1f-20bc3948e683,maintenance_completed,,,,,"{""kind"": ""preventive"", ""labor_cost"": 480, ""parts_cost"": 1032, ""work_order_id"": ""952c32cd-566c-4b5c-bc11-5ae67822827e""}",2024-10-12 22:10:10.142818+00
57a3d5c8-3432-4108-b316-4d9593240de2,3d90a462-fed8-47bf-a23e-2cdeb2156e0d,60694a33-64df-4703-bb1f-20bc3948e683,maintenance_completed,,,,,"{""kind"": ""preventive"", ""labor_cost"": 240, ""parts_cost"": 762, ""work_order_id"": ""9fc89b76-eb54-4c8b-a847-c7d85ef4fb12""}",2025-04-14 22:04:10.142818+00
a09634c9-71f5-4d16-acb6-8c79a7262278,3d90a462-fed8-47bf-a23e-2cdeb2156e0d,60694a33-64df-4703-bb1f-20bc3948e683,maintenance_completed,,,,,"{""kind"": ""preventive"", ""labor_cost"": 360, ""parts_cost"": 0, ""work_order_id"": ""6f67a8ab-0ff1-49ee-8c87-89c89019811e""}",2025-10-14 00:39:10.142818+00
fe0550e2-246b-4c3e-9b84-985bae2b2477,3d90a462-fed8-47bf-a23e-2cdeb2156e0d,60694a33-64df-4703-bb1f-20bc3948e683,maintenance_completed,,,,,"{""kind"": ""preventive"", ""labor_cost"": 360, ""parts_cost"": 0, ""work_order_id"": ""3cd38d93-aaa4-4017-baaa-91e5d7355e00""}",2026-04-12 23:01:10.142818+00
b38db223-be1f-4468-8f0c-44c5a76d9769,d75e02fd-d967-4233-a08e-d0aa4ac7d55c,60694a33-64df-4703-bb1f-20bc3948e683,maintenance_completed,,,,,"{""kind"": ""preventive"", ""labor_cost"": 240, ""parts_cost"": 868, ""work_order_id"": ""6e8174d4-2976-4231-bdb4-6a524f0b2025""}",2024-02-27 15:08:00+00
726b810f-feb6-48f6-828e-cc5098d13547,d75e02fd-d967-4233-a08e-d0aa4ac7d55c,60694a33-64df-4703-bb1f-20bc3948e683,maintenance_completed,,,,,"{""kind"": ""preventive"", ""labor_cost"": 360, ""parts_cost"": 656, ""work_order_id"": ""50649723-b74c-4775-81c8-44e95b070a2c""}",2024-08-31 14:09:00+00
0c50d85c-86d3-4b94-a15a-07e8a2335929,d75e02fd-d967-4233-a08e-d0aa4ac7d55c,60694a33-64df-4703-bb1f-20bc3948e683,maintenance_completed,,,,,"{""kind"": ""preventive"", ""labor_cost"": 120, ""parts_cost"": 1028, ""work_order_id"": ""4ddb7cd6-b902-4f49-9774-89db85538f5c""}",2025-02-23 12:42:00+00
c6a85834-383d-4e94-bb8f-ec3b97c336bf,d75e02fd-d967-4233-a08e-d0aa4ac7d55c,60694a33-64df-4703-bb1f-20bc3948e683,maintenance_completed,,,,,"{""kind"": ""preventive"", ""labor_cost"": 480, ""parts_cost"": 596, ""work_order_id"": ""65b2e614-d3a7-4b13-b126-ab505380928e""}",2025-08-24 12:30:00+00
ae26324d-014a-4b62-8d03-fc01a05b50b5,d75e02fd-d967-4233-a08e-d0aa4ac7d55c,60694a33-64df-4703-bb1f-20bc3948e683,maintenance_completed,,,,,"{""kind"": ""preventive"", ""labor_cost"": 360, ""parts_cost"": 0, ""work_order_id"": ""20ea7879-b800-44e9-8f3b-71a1ea59fff5""}",2026-02-20 10:27:00+00
877df6fb-ac60-4728-a4bf-828d83837456,d75e02fd-d967-4233-a08e-d0aa4ac7d55c,60694a33-64df-4703-bb1f-20bc3948e683,maintenance_completed,,,,,"{""kind"": ""preventive"", ""labor_cost"": 120, ""parts_cost"": 0, ""work_order_id"": ""baaacf30-bfaa-40c2-ae4b-235e7d8f9ab8""}",2026-08-17 13:16:00+00
87b4a689-f9bb-44b5-8a5c-88f5c8ee0dfa,d75e02fd-d967-4233-a08e-d0aa4ac7d55c,60694a33-64df-4703-bb1f-20bc3948e683,maintenance_completed,,,,,"{""kind"": ""corrective"", ""outcome"": ""repaired"", ""work_order_id"": ""5a4d02a3-e5f3-4a9c-9ef5-d41645342ca4"", ""downtime_minutes"": 2394}",2026-03-25 16:30:10.142818+00
82fecead-b940-4e30-a85a-a72504e9ee40,d75e02fd-d967-4233-a08e-d0aa4ac7d55c,60694a33-64df-4703-bb1f-20bc3948e683,maintenance_completed,,,,,"{""kind"": ""corrective"", ""outcome"": ""cleaned and reconfigured"", ""work_order_id"": ""a6ef81fa-c486-4400-b7f4-7c0e1e92dc23"", ""downtime_minutes"": 126}",2026-08-06 01:42:10.142818+00
2944ed9b-fe10-44a3-bc5c-df7e1f71a185,938cecdf-b574-44e1-a02a-d14cc7a7cca1,60694a33-64df-4703-bb1f-20bc3948e683,maintenance_completed,,,,,"{""kind"": ""preventive"", ""labor_cost"": 120, ""parts_cost"": 858, ""work_order_id"": ""d7b12cd5-a180-45ba-9caf-379b69c7c7f0""}",2024-02-27 03:52:10.142818+00
393dbab4-2dfd-40b7-9718-506a5569a0c9,938cecdf-b574-44e1-a02a-d14cc7a7cca1,60694a33-64df-4703-bb1f-20bc3948e683,maintenance_completed,,,,,"{""kind"": ""preventive"", ""labor_cost"": 480, ""parts_cost"": 0, ""work_order_id"": ""33dff03f-2bde-47fc-84f1-e3df1ba97d81""}",2024-08-27 04:03:10.142818+00
19777c1a-f594-44ff-b691-ae8c62def302,938cecdf-b574-44e1-a02a-d14cc7a7cca1,60694a33-64df-4703-bb1f-20bc3948e683,maintenance_completed,,,,,"{""kind"": ""preventive"", ""labor_cost"": 120, ""parts_cost"": 0, ""work_order_id"": ""163b83e1-9375-41aa-83fb-8c5dc6d711c4""}",2025-02-19 03:09:10.142818+00
9791a5c9-f00b-4c63-92a1-3a7ada1861be,938cecdf-b574-44e1-a02a-d14cc7a7cca1,60694a33-64df-4703-bb1f-20bc3948e683,maintenance_completed,,,,,"{""kind"": ""preventive"", ""labor_cost"": 360, ""parts_cost"": 0, ""work_order_id"": ""1b3bf09c-6305-4a9c-a518-2723cd403daa""}",2025-08-22 01:42:10.142818+00
2bddaeaf-ec6a-47f1-a7aa-1c89302b9c32,938cecdf-b574-44e1-a02a-d14cc7a7cca1,60694a33-64df-4703-bb1f-20bc3948e683,maintenance_completed,,,,,"{""kind"": ""preventive"", ""labor_cost"": 120, ""parts_cost"": 0, ""work_order_id"": ""c81acbfb-9a98-4301-ab32-d76241fbffbb""}",2026-02-13 04:13:10.142818+00
3a4123fa-0e08-4304-9869-99430986ad57,938cecdf-b574-44e1-a02a-d14cc7a7cca1,60694a33-64df-4703-bb1f-20bc3948e683,maintenance_completed,,,,,"{""kind"": ""preventive"", ""labor_cost"": 360, ""parts_cost"": 0, ""work_order_id"": ""cdd668f8-bf95-48db-9b92-5164ab6daf42""}",2026-08-16 23:12:10.142818+00
f1299ef1-5770-4120-9a14-30afb6cb7623,938cecdf-b574-44e1-a02a-d14cc7a7cca1,60694a33-64df-4703-bb1f-20bc3948e683,maintenance_completed,,,,,"{""kind"": ""corrective"", ""outcome"": ""cleaned and reconfigured"", ""work_order_id"": ""c602655b-ed66-4af0-a659-5c10f3286c56"", ""downtime_minutes"": 2463}",2024-01-15 17:39:10.142818+00
1797ce6a-106d-41f5-b152-a6a412114511,00defa2d-8dd8-4c89-a8be-d8d1dcbadf62,60694a33-64df-4703-bb1f-20bc3948e683,maintenance_completed,,,,,"{""kind"": ""preventive"", ""labor_cost"": 480, ""parts_cost"": 435, ""work_order_id"": ""8177a7c6-59ce-42b5-9e0d-d3560b4936ef""}",2023-12-23 02:23:10.142818+00
82641b5b-bda1-4e8d-acd4-0b4fcfa55298,00defa2d-8dd8-4c89-a8be-d8d1dcbadf62,60694a33-64df-4703-bb1f-20bc3948e683,maintenance_completed,,,,,"{""kind"": ""preventive"", ""labor_cost"": 480, ""parts_cost"": 0, ""work_order_id"": ""ac9e8cc9-6e78-41a1-bd9e-90f0fbb8894e""}",2024-06-20 01:08:10.142818+00
9587d43e-1538-4a47-8c28-3340eb028726,00defa2d-8dd8-4c89-a8be-d8d1dcbadf62,60694a33-64df-4703-bb1f-20bc3948e683,maintenance_completed,,,,,"{""kind"": ""preventive"", ""labor_cost"": 120, ""parts_cost"": 0, ""work_order_id"": ""20ad911e-a8b4-4e65-9134-76f291b81e3c""}",2024-12-15 22:39:10.142818+00
69cabe80-cfeb-4877-84e8-ac9c6fb85c70,00defa2d-8dd8-4c89-a8be-d8d1dcbadf62,60694a33-64df-4703-bb1f-20bc3948e683,maintenance_completed,,,,,"{""kind"": ""preventive"", ""labor_cost"": 120, ""parts_cost"": 1046, ""work_order_id"": ""8625cbea-3d0b-4d64-9963-c97656f8e954""}",2025-06-19 02:01:10.142818+00
9f54ec77-5896-4bb2-810a-598d87516f65,00defa2d-8dd8-4c89-a8be-d8d1dcbadf62,60694a33-64df-4703-bb1f-20bc3948e683,maintenance_completed,,,,,"{""kind"": ""preventive"", ""labor_cost"": 120, ""parts_cost"": 0, ""work_order_id"": ""d2c71819-4841-465a-995e-e0155a8c0aa8""}",2025-12-13 22:07:10.142818+00
ee338d51-2e8f-406d-bb73-644162d0f1d2,00defa2d-8dd8-4c89-a8be-d8d1dcbadf62,60694a33-64df-4703-bb1f-20bc3948e683,maintenance_completed,,,,,"{""kind"": ""corrective"", ""outcome"": ""no fault found"", ""work_order_id"": ""e22a6387-cf49-4b0c-baef-412363b3f1b4"", ""downtime_minutes"": 331}",2023-10-16 02:07:10.142818+00
380cdd5f-10e6-4903-8137-27f66433c218,5f802b6a-a3a0-49b6-8f19-9937419476ca,60694a33-64df-4703-bb1f-20bc3948e683,maintenance_completed,,,,,"{""kind"": ""preventive"", ""labor_cost"": 360, ""parts_cost"": 0, ""work_order_id"": ""de7ba301-8b7e-4db3-962f-ed38bd1b2a4b""}",2024-01-12 02:31:10.142818+00
a1c75af1-9e77-4cff-af60-d7261e5fcb5f,5f802b6a-a3a0-49b6-8f19-9937419476ca,60694a33-64df-4703-bb1f-20bc3948e683,maintenance_completed,,,,,"{""kind"": ""preventive"", ""labor_cost"": 360, ""parts_cost"": 0, ""work_order_id"": ""33f51e86-ce90-4e41-8c15-41136a80dcf4""}",2024-07-16 00:20:10.142818+00
aa90a99e-4e06-4ba7-a8c1-0a8073d03820,5f802b6a-a3a0-49b6-8f19-9937419476ca,60694a33-64df-4703-bb1f-20bc3948e683,maintenance_completed,,,,,"{""kind"": ""preventive"", ""labor_cost"": 360, ""parts_cost"": 0, ""work_order_id"": ""952b420c-35e3-4363-a4d5-e74ab9773170""}",2025-01-09 23:09:10.142818+00
b6994d63-662d-4387-81e9-e7dde3d9298d,5f802b6a-a3a0-49b6-8f19-9937419476ca,60694a33-64df-4703-bb1f-20bc3948e683,maintenance_completed,,,,,"{""kind"": ""preventive"", ""labor_cost"": 480, ""parts_cost"": 356, ""work_order_id"": ""d2b072d9-c529-496b-8753-42ded8ddc0e2""}",2025-07-06 02:29:10.142818+00
78562dfc-2bd8-45ee-b3e2-f6e8871c8933,5f802b6a-a3a0-49b6-8f19-9937419476ca,60694a33-64df-4703-bb1f-20bc3948e683,maintenance_completed,,,,,"{""kind"": ""preventive"", ""labor_cost"": 480, ""parts_cost"": 0, ""work_order_id"": ""0b04260d-62e0-4f63-b3b4-3f0d57324360""}",2026-01-07 01:40:10.142818+00
030f4cec-2fb3-4736-8a23-16daefe6c81d,5f802b6a-a3a0-49b6-8f19-9937419476ca,60694a33-64df-4703-bb1f-20bc3948e683,maintenance_completed,,,,,"{""kind"": ""preventive"", ""labor_cost"": 240, ""parts_cost"": 459, ""work_order_id"": ""42b4a79f-e0a2-4766-a01f-c3f4011ca28d""}",2026-07-07 02:03:10.142818+00
93e57dec-fd3c-4a30-8b0a-ffbac07344aa,5f802b6a-a3a0-49b6-8f19-9937419476ca,60694a33-64df-4703-bb1f-20bc3948e683,maintenance_completed,,,,,"{""kind"": ""corrective"", ""outcome"": ""no fault found"", ""work_order_id"": ""7352016a-dd57-4b09-897b-828a002f971c"", ""downtime_minutes"": 1726}",2024-08-23 05:22:10.142818+00
92942cf4-c73a-459e-8a44-599d06bdc5b4,5f802b6a-a3a0-49b6-8f19-9937419476ca,60694a33-64df-4703-bb1f-20bc3948e683,maintenance_completed,,,,,"{""kind"": ""corrective"", ""outcome"": ""cleaned and reconfigured"", ""work_order_id"": ""d1974a4d-8bf4-4723-bb50-768e5a93cb29"", ""downtime_minutes"": 1699}",2026-07-30 03:55:10.142818+00
57e93fe1-3a0f-4d64-a446-6cdcd335efb4,5f802b6a-a3a0-49b6-8f19-9937419476ca,60694a33-64df-4703-bb1f-20bc3948e683,maintenance_completed,,,,,"{""kind"": ""corrective"", ""outcome"": ""repaired"", ""work_order_id"": ""edc22a94-2e42-4618-b122-9a1157dd3b28"", ""downtime_minutes"": 1017}",2025-09-15 18:33:10.142818+00
0c2ec7b1-2577-448d-8f08-b08980ebc2f5,c53a84af-7d6a-4f56-afe7-b028c32f28ea,60694a33-64df-4703-bb1f-20bc3948e683,maintenance_completed,,,,,"{""kind"": ""preventive"", ""labor_cost"": 120, ""parts_cost"": 0, ""work_order_id"": ""cfb54d25-8cfd-429e-a988-8b4aac74055e""}",2024-03-18 22:53:10.142818+00
735c21d3-d885-4584-862e-a3afbf0327b4,c53a84af-7d6a-4f56-afe7-b028c32f28ea,60694a33-64df-4703-bb1f-20bc3948e683,maintenance_completed,,,,,"{""kind"": ""preventive"", ""labor_cost"": 240, ""parts_cost"": 0, ""work_order_id"": ""f0332e8d-f60d-4795-8272-22c6836155f1""}",2024-09-15 00:14:10.142818+00
a278b12a-d46f-4d71-965e-41f821c5e15f,c53a84af-7d6a-4f56-afe7-b028c32f28ea,60694a33-64df-4703-bb1f-20bc3948e683,maintenance_completed,,,,,"{""kind"": ""preventive"", ""labor_cost"": 120, ""parts_cost"": 0, ""work_order_id"": ""d24aceda-d7ad-4ef7-8b9f-30c72cc4659f""}",2025-03-06 03:23:10.142818+00
8064cecb-a953-4d0d-9c62-a607e55aab7e,c53a84af-7d6a-4f56-afe7-b028c32f28ea,60694a33-64df-4703-bb1f-20bc3948e683,maintenance_completed,,,,,"{""kind"": ""preventive"", ""labor_cost"": 240, ""parts_cost"": 0, ""work_order_id"": ""34d377d4-3329-4575-9f2b-bda8c57b569b""}",2025-09-09 01:18:10.142818+00
b5b724a4-c8cc-49ad-88ab-55602ba8de50,c53a84af-7d6a-4f56-afe7-b028c32f28ea,60694a33-64df-4703-bb1f-20bc3948e683,maintenance_completed,,,,,"{""kind"": ""preventive"", ""labor_cost"": 480, ""parts_cost"": 0, ""work_order_id"": ""f2a97fcf-05cd-427c-be59-4cbbca88eab8""}",2026-03-03 02:15:10.142818+00
6d2fc81e-7ba2-45cd-bcc1-732d70c1836c,c53a84af-7d6a-4f56-afe7-b028c32f28ea,60694a33-64df-4703-bb1f-20bc3948e683,maintenance_completed,,,,,"{""kind"": ""preventive"", ""labor_cost"": 360, ""parts_cost"": 546, ""work_order_id"": ""32a788e5-64a5-4220-bfb4-b2d92c1f76e9""}",2026-09-03 00:06:10.142818+00
363738f9-30c9-4bba-8129-8d760430dd61,c53a84af-7d6a-4f56-afe7-b028c32f28ea,60694a33-64df-4703-bb1f-20bc3948e683,maintenance_completed,,,,,"{""kind"": ""corrective"", ""outcome"": ""no fault found"", ""work_order_id"": ""73a32e7d-fc41-4d1e-afcc-8c5ecd5e745b"", ""downtime_minutes"": 532}",2025-11-11 07:28:10.142818+00
113fedf0-4ae6-4cab-a491-4aa9d6d1fab8,467e9c3f-f4d6-4e94-8754-103c91accc9f,60694a33-64df-4703-bb1f-20bc3948e683,maintenance_completed,,,,,"{""kind"": ""preventive"", ""labor_cost"": 360, ""parts_cost"": 0, ""work_order_id"": ""939f0246-0bef-4bc7-9545-ecd3822e9c0c""}",2024-01-14 01:09:10.142818+00
3beb411d-37de-4efb-a2c8-6251405cd6c3,467e9c3f-f4d6-4e94-8754-103c91accc9f,60694a33-64df-4703-bb1f-20bc3948e683,maintenance_completed,,,,,"{""kind"": ""preventive"", ""labor_cost"": 240, ""parts_cost"": 0, ""work_order_id"": ""eabc31de-ec4e-4067-aa2d-40cd45ddafba""}",2024-07-06 23:29:10.142818+00
c719416c-5a76-48a3-b8d6-f19ba6378c36,467e9c3f-f4d6-4e94-8754-103c91accc9f,60694a33-64df-4703-bb1f-20bc3948e683,maintenance_completed,,,,,"{""kind"": ""preventive"", ""labor_cost"": 240, ""parts_cost"": 0, ""work_order_id"": ""954692ea-7f7e-4c11-b6b8-d02f29a968db""}",2025-01-06 23:20:10.142818+00
954af6ff-1258-421e-9180-59bbc97bec3b,467e9c3f-f4d6-4e94-8754-103c91accc9f,60694a33-64df-4703-bb1f-20bc3948e683,maintenance_completed,,,,,"{""kind"": ""preventive"", ""labor_cost"": 120, ""parts_cost"": 0, ""work_order_id"": ""ebb296c6-924e-48ee-8662-6f755c993d68""}",2025-07-03 21:49:10.142818+00
0ef517eb-0f4d-4857-bfe5-96f1e9eb9183,467e9c3f-f4d6-4e94-8754-103c91accc9f,60694a33-64df-4703-bb1f-20bc3948e683,maintenance_completed,,,,,"{""kind"": ""preventive"", ""labor_cost"": 240, ""parts_cost"": 0, ""work_order_id"": ""8403fbc8-d4bf-4bad-a3c1-6ba13cb36b05""}",2025-12-28 03:11:10.142818+00
960b6f0d-1f55-4595-b979-b27a70099e91,467e9c3f-f4d6-4e94-8754-103c91accc9f,60694a33-64df-4703-bb1f-20bc3948e683,maintenance_completed,,,,,"{""kind"": ""preventive"", ""labor_cost"": 120, ""parts_cost"": 513, ""work_order_id"": ""44f3be62-161c-4dc7-a601-d70293b2e162""}",2026-06-26 00:55:10.142818+00
0a25eb6d-891e-4d32-b30c-7d7068759618,467e9c3f-f4d6-4e94-8754-103c91accc9f,60694a33-64df-4703-bb1f-20bc3948e683,maintenance_completed,,,,,"{""kind"": ""corrective"", ""outcome"": ""part replaced"", ""work_order_id"": ""bb125fba-89b2-4780-ac58-d6465ed8c086"", ""downtime_minutes"": 1625}",2024-05-18 01:41:10.142818+00
5e27a129-81cb-4465-b783-39ee2a9a28c8,e77faed2-8148-414a-b43c-1e0519f3e995,60694a33-64df-4703-bb1f-20bc3948e683,maintenance_completed,,,,,"{""kind"": ""preventive"", ""labor_cost"": 240, ""parts_cost"": 0, ""work_order_id"": ""1d1834c5-843e-4ab1-ae57-1368fabc084f""}",2024-01-18 00:19:10.142818+00
5167e137-b243-483b-8d92-bb3de144ed4e,e77faed2-8148-414a-b43c-1e0519f3e995,60694a33-64df-4703-bb1f-20bc3948e683,maintenance_completed,,,,,"{""kind"": ""preventive"", ""labor_cost"": 240, ""parts_cost"": 0, ""work_order_id"": ""9da8514e-af24-48e3-9bb2-fc8b3850ab6f""}",2024-07-14 01:57:10.142818+00
adef60f8-417d-4674-ae41-c7a7fdd2f900,e77faed2-8148-414a-b43c-1e0519f3e995,60694a33-64df-4703-bb1f-20bc3948e683,maintenance_completed,,,,,"{""kind"": ""preventive"", ""labor_cost"": 240, ""parts_cost"": 0, ""work_order_id"": ""96aa79c0-15a3-4a96-9340-7f8cf799e51c""}",2025-01-09 21:28:10.142818+00
da82e9ec-fd13-4ff6-a836-e562f38ed7aa,e77faed2-8148-414a-b43c-1e0519f3e995,60694a33-64df-4703-bb1f-20bc3948e683,maintenance_completed,,,,,"{""kind"": ""preventive"", ""labor_cost"": 240, ""parts_cost"": 0, ""work_order_id"": ""3ad1e122-17ba-486d-97d6-3d3d0f966fda""}",2025-07-05 00:14:10.142818+00
53abc930-0154-466e-a42f-3e0e606c57fe,e77faed2-8148-414a-b43c-1e0519f3e995,60694a33-64df-4703-bb1f-20bc3948e683,maintenance_completed,,,,,"{""kind"": ""preventive"", ""labor_cost"": 240, ""parts_cost"": 645, ""work_order_id"": ""ba5b865f-44fb-41fd-a6b0-4add59ab05e4""}",2026-01-09 00:26:10.142818+00
cff93c6d-e5ba-4123-82b0-aea324e46ae6,e77faed2-8148-414a-b43c-1e0519f3e995,60694a33-64df-4703-bb1f-20bc3948e683,maintenance_completed,,,,,"{""kind"": ""corrective"", ""outcome"": ""cleaned and reconfigured"", ""work_order_id"": ""08ee4aab-a416-4d69-9a40-861a1e9927a9"", ""downtime_minutes"": 858}",2024-06-09 17:54:10.142818+00
9fefdc39-2c23-4b8b-91f5-9d2ce43656bb,e77faed2-8148-414a-b43c-1e0519f3e995,60694a33-64df-4703-bb1f-20bc3948e683,maintenance_completed,,,,,"{""kind"": ""corrective"", ""outcome"": ""escalated to supplier"", ""work_order_id"": ""dd6e575a-bc67-47ab-a639-1e0105957d14"", ""downtime_minutes"": 1974}",2023-09-28 09:30:10.142818+00
626bbab2-6266-4d92-82d9-3e0dedd8a1f7,9f891e35-0ad6-48e1-a6c9-1e705b762a46,60694a33-64df-4703-bb1f-20bc3948e683,maintenance_completed,,,,,"{""kind"": ""preventive"", ""labor_cost"": 240, ""parts_cost"": 0, ""work_order_id"": ""e91b3182-1a95-4388-a734-e402f272e57b""}",2024-01-10 23:43:10.142818+00
ac94b5a2-3345-46aa-8a1e-4cc7f83dd975,9f891e35-0ad6-48e1-a6c9-1e705b762a46,60694a33-64df-4703-bb1f-20bc3948e683,maintenance_completed,,,,,"{""kind"": ""preventive"", ""labor_cost"": 480, ""parts_cost"": 0, ""work_order_id"": ""e13235b0-cfb5-45e4-aa53-0df34a7d385e""}",2024-07-09 22:53:10.142818+00
8cde3826-ee7f-44c8-adc6-47744f34cbff,9f891e35-0ad6-48e1-a6c9-1e705b762a46,60694a33-64df-4703-bb1f-20bc3948e683,maintenance_completed,,,,,"{""kind"": ""preventive"", ""labor_cost"": 120, ""parts_cost"": 489, ""work_order_id"": ""67b06457-23bd-4348-9940-b2d7ed615403""}",2025-01-11 04:36:10.142818+00
e99fb4bd-4157-442f-a779-6f6aa01be740,9f891e35-0ad6-48e1-a6c9-1e705b762a46,60694a33-64df-4703-bb1f-20bc3948e683,maintenance_completed,,,,,"{""kind"": ""preventive"", ""labor_cost"": 240, ""parts_cost"": 0, ""work_order_id"": ""3f9356f2-7a0e-4385-b4d0-43618872eb6a""}",2025-07-07 00:22:10.142818+00
b0e72562-9d5e-4265-80ea-3171f758bb94,9f891e35-0ad6-48e1-a6c9-1e705b762a46,60694a33-64df-4703-bb1f-20bc3948e683,maintenance_completed,,,,,"{""kind"": ""preventive"", ""labor_cost"": 240, ""parts_cost"": 666, ""work_order_id"": ""1d44a953-67fa-4dbf-8bfe-757481d18de0""}",2026-01-04 02:25:10.142818+00
576ad92f-0e0a-44c7-a150-3d0204b95d06,9f891e35-0ad6-48e1-a6c9-1e705b762a46,60694a33-64df-4703-bb1f-20bc3948e683,maintenance_completed,,,,,"{""kind"": ""preventive"", ""labor_cost"": 120, ""parts_cost"": 0, ""work_order_id"": ""800cbd74-c079-4d39-ba9e-d12c25837f13""}",2026-07-02 03:25:10.142818+00
f1fe3204-8824-489d-bacc-683a02974852,9f891e35-0ad6-48e1-a6c9-1e705b762a46,60694a33-64df-4703-bb1f-20bc3948e683,maintenance_completed,,,,,"{""kind"": ""corrective"", ""outcome"": ""part replaced"", ""work_order_id"": ""c1c7b46b-aadf-49ea-b7fe-e355107acb36"", ""downtime_minutes"": 385}",2024-03-21 04:01:10.142818+00
990dd798-bce5-4128-9a6c-3b701f08e581,9ed52322-f33c-4619-893c-71eda69e8700,60694a33-64df-4703-bb1f-20bc3948e683,maintenance_completed,,,,,"{""kind"": ""preventive"", ""labor_cost"": 240, ""parts_cost"": 753, ""work_order_id"": ""8863b34b-8383-4dfc-98bd-fa85a98512da""}",2026-01-22 12:25:00+00
522be698-c265-4ae1-aed3-921fc9e80cb3,9ed52322-f33c-4619-893c-71eda69e8700,60694a33-64df-4703-bb1f-20bc3948e683,maintenance_completed,,,,,"{""kind"": ""preventive"", ""labor_cost"": 120, ""parts_cost"": 244, ""work_order_id"": ""4c2ce991-cb88-4c97-8836-50fe4d6e8854""}",2026-07-26 13:52:00+00
c7557575-3ef8-4567-959e-8f8db36406cb,3ae86300-9fe1-4552-a316-34c040785fbb,60694a33-64df-4703-bb1f-20bc3948e683,maintenance_completed,,,,,"{""kind"": ""preventive"", ""labor_cost"": 120, ""parts_cost"": 0, ""work_order_id"": ""92b1c144-86a4-49ff-86c5-673f425fc162""}",2024-09-02 09:47:00+00
abca4f58-c6c1-4b51-a738-3e6643b82a88,3ae86300-9fe1-4552-a316-34c040785fbb,60694a33-64df-4703-bb1f-20bc3948e683,maintenance_completed,,,,,"{""kind"": ""preventive"", ""labor_cost"": 480, ""parts_cost"": 0, ""work_order_id"": ""0e847005-e5ac-4d13-8b55-0fd867d48539""}",2025-03-01 15:48:00+00
13a0cb0f-d65e-43c9-8038-1531fb9665ae,3ae86300-9fe1-4552-a316-34c040785fbb,60694a33-64df-4703-bb1f-20bc3948e683,maintenance_completed,,,,,"{""kind"": ""preventive"", ""labor_cost"": 120, ""parts_cost"": 318, ""work_order_id"": ""f16e4509-b4d4-4073-b8fd-f5d795dd6485""}",2025-08-29 12:45:00+00
73aee7ae-0795-4507-a01a-dc2216630037,3ae86300-9fe1-4552-a316-34c040785fbb,60694a33-64df-4703-bb1f-20bc3948e683,maintenance_completed,,,,,"{""kind"": ""preventive"", ""labor_cost"": 120, ""parts_cost"": 434, ""work_order_id"": ""8192f0ad-18ad-44c6-a277-a5d187b04d60""}",2026-02-19 12:47:00+00
342bb563-6344-4884-a2cc-80c7403a67e8,3ae86300-9fe1-4552-a316-34c040785fbb,60694a33-64df-4703-bb1f-20bc3948e683,maintenance_completed,,,,,"{""kind"": ""preventive"", ""labor_cost"": 360, ""parts_cost"": 0, ""work_order_id"": ""0afd3347-58af-4a6c-98c2-0512e98841e7""}",2026-08-25 15:30:00+00
2f3cccd1-2d0b-4d50-85ce-a5430ef574b3,3ae86300-9fe1-4552-a316-34c040785fbb,60694a33-64df-4703-bb1f-20bc3948e683,maintenance_completed,,,,,"{""kind"": ""corrective"", ""outcome"": ""no fault found"", ""work_order_id"": ""f1a66f96-47c0-474c-ba87-6f77a309f9fb"", ""downtime_minutes"": 1156}",2026-04-16 15:52:10.142818+00
6ab1ba4f-71e8-4745-ac4a-3a27e734bf74,a6f7dee7-6d93-4ca9-b28b-dfbbbfd3e24b,60694a33-64df-4703-bb1f-20bc3948e683,maintenance_completed,,,,,"{""kind"": ""preventive"", ""labor_cost"": 120, ""parts_cost"": 0, ""work_order_id"": ""60cf75c2-50e4-4872-92f5-aa4f12678364""}",2024-02-26 13:07:00+00
5346eae9-517b-4ddd-8bdf-9529bd0a6203,a6f7dee7-6d93-4ca9-b28b-dfbbbfd3e24b,60694a33-64df-4703-bb1f-20bc3948e683,maintenance_completed,,,,,"{""kind"": ""preventive"", ""labor_cost"": 120, ""parts_cost"": 0, ""work_order_id"": ""7758bfdf-969f-47bc-a6e6-846e8e88e3ca""}",2024-08-25 13:21:00+00
0de1453b-6137-4a63-819f-90b30d5509df,a6f7dee7-6d93-4ca9-b28b-dfbbbfd3e24b,60694a33-64df-4703-bb1f-20bc3948e683,maintenance_completed,,,,,"{""kind"": ""preventive"", ""labor_cost"": 120, ""parts_cost"": 282, ""work_order_id"": ""dd9c5d21-8f65-4120-821b-90ede5ecf1bc""}",2025-02-23 12:01:00+00
8d0e6c09-b84f-4f95-8811-714d65b26cf7,a6f7dee7-6d93-4ca9-b28b-dfbbbfd3e24b,60694a33-64df-4703-bb1f-20bc3948e683,maintenance_completed,,,,,"{""kind"": ""preventive"", ""labor_cost"": 360, ""parts_cost"": 0, ""work_order_id"": ""f71233ed-2218-45fd-817a-c1b34858c9d6""}",2025-08-26 11:45:00+00
37c3fd32-47b8-4d24-a3ce-0f2c87b4ba28,7731c589-5c32-4851-92e4-e210de77438b,60694a33-64df-4703-bb1f-20bc3948e683,maintenance_completed,,,,,"{""kind"": ""preventive"", ""labor_cost"": 120, ""parts_cost"": 575, ""work_order_id"": ""356851f2-6fe0-4636-bbcb-cfd24d10a948""}",2023-10-26 23:32:10.142818+00
5c7eed7d-e8cf-4dbf-ba5a-634d5ab593ec,7731c589-5c32-4851-92e4-e210de77438b,60694a33-64df-4703-bb1f-20bc3948e683,maintenance_completed,,,,,"{""kind"": ""preventive"", ""labor_cost"": 120, ""parts_cost"": 0, ""work_order_id"": ""b514d5df-76cd-407e-9214-4c6cfdc74567""}",2024-05-01 03:35:10.142818+00
8f573a76-dbbe-4b82-9296-2b689013a927,7731c589-5c32-4851-92e4-e210de77438b,60694a33-64df-4703-bb1f-20bc3948e683,maintenance_completed,,,,,"{""kind"": ""preventive"", ""labor_cost"": 480, ""parts_cost"": 398, ""work_order_id"": ""cc808374-dfb0-40e7-a7f8-b2aa855d936d""}",2024-10-23 02:26:10.142818+00
cb1b3f2f-816c-4e29-8357-6e7cd129a687,7731c589-5c32-4851-92e4-e210de77438b,60694a33-64df-4703-bb1f-20bc3948e683,maintenance_completed,,,,,"{""kind"": ""preventive"", ""labor_cost"": 240, ""parts_cost"": 0, ""work_order_id"": ""71e64229-d381-4ad2-9dd8-a4c098fc9cc6""}",2025-04-18 23:27:10.142818+00
a6aded14-d2a6-4c2b-8274-0254d38ff763,7731c589-5c32-4851-92e4-e210de77438b,60694a33-64df-4703-bb1f-20bc3948e683,maintenance_completed,,,,,"{""kind"": ""preventive"", ""labor_cost"": 360, ""parts_cost"": 0, ""work_order_id"": ""c28a2880-47c5-4144-be09-af2589799ad2""}",2025-10-17 00:19:10.142818+00
dab6d66a-4bc9-4546-9c41-1cf3266c5e7d,251bed42-7dd7-48e3-a3f9-dfb761afc8ed,60694a33-64df-4703-bb1f-20bc3948e683,maintenance_completed,,,,,"{""kind"": ""preventive"", ""labor_cost"": 240, ""parts_cost"": 590, ""work_order_id"": ""cadd32cb-d0bd-4583-8b4b-05c674b4b35c""}",2024-03-25 22:56:10.142818+00
4dc56856-ec29-440b-b41e-689ccfd373f9,251bed42-7dd7-48e3-a3f9-dfb761afc8ed,60694a33-64df-4703-bb1f-20bc3948e683,maintenance_completed,,,,,"{""kind"": ""preventive"", ""labor_cost"": 240, ""parts_cost"": 0, ""work_order_id"": ""9f08d1ea-9d3e-462d-a19b-9b9c1077182e""}",2024-09-21 01:32:10.142818+00
db715e52-f85c-4f33-afe4-acf6aa7c2844,251bed42-7dd7-48e3-a3f9-dfb761afc8ed,60694a33-64df-4703-bb1f-20bc3948e683,maintenance_completed,,,,,"{""kind"": ""preventive"", ""labor_cost"": 480, ""parts_cost"": 1024, ""work_order_id"": ""03bed9b6-601d-457f-9646-ce613bda207e""}",2025-03-14 22:49:10.142818+00
1bc16de0-f3f1-446d-be5e-b3aeef5d7733,251bed42-7dd7-48e3-a3f9-dfb761afc8ed,60694a33-64df-4703-bb1f-20bc3948e683,maintenance_completed,,,,,"{""kind"": ""preventive"", ""labor_cost"": 240, ""parts_cost"": 0, ""work_order_id"": ""88d0e92c-a15e-4bea-b44b-81cbe3fc4492""}",2025-09-18 00:23:10.142818+00
99fa1b5b-c115-48d1-a83e-5c1b7b32c663,251bed42-7dd7-48e3-a3f9-dfb761afc8ed,60694a33-64df-4703-bb1f-20bc3948e683,maintenance_completed,,,,,"{""kind"": ""preventive"", ""labor_cost"": 360, ""parts_cost"": 0, ""work_order_id"": ""50840be2-5c4f-4882-838a-c8aca6f79a90""}",2026-03-12 00:08:10.142818+00
6a63a214-a520-4a2f-9a24-8367270ef0ae,251bed42-7dd7-48e3-a3f9-dfb761afc8ed,60694a33-64df-4703-bb1f-20bc3948e683,maintenance_completed,,,,,"{""kind"": ""preventive"", ""labor_cost"": 360, ""parts_cost"": 559, ""work_order_id"": ""fae5447a-e2fe-4b89-9a82-584572c75e34""}",2026-09-05 03:28:10.142818+00
a3de1e08-19ec-491b-992f-619ddb9763de,251bed42-7dd7-48e3-a3f9-dfb761afc8ed,60694a33-64df-4703-bb1f-20bc3948e683,maintenance_completed,,,,,"{""kind"": ""corrective"", ""outcome"": ""escalated to supplier"", ""work_order_id"": ""bead0298-eb31-4a5d-ba81-3a1fd6faaf2b"", ""downtime_minutes"": 1204}",2025-12-29 21:40:10.142818+00
0259298f-46b2-4ba3-a45a-b081907cf0f9,a7c85299-962a-4747-881b-c1a5317dac4f,60694a33-64df-4703-bb1f-20bc3948e683,maintenance_completed,,,,,"{""kind"": ""preventive"", ""labor_cost"": 360, ""parts_cost"": 0, ""work_order_id"": ""c57010a4-c849-470c-bdca-ef0f40dde090""}",2023-12-11 03:27:10.142818+00
a6bb4aa4-d443-4efe-a1e4-3571c6749153,a7c85299-962a-4747-881b-c1a5317dac4f,60694a33-64df-4703-bb1f-20bc3948e683,maintenance_completed,,,,,"{""kind"": ""preventive"", ""labor_cost"": 360, ""parts_cost"": 805, ""work_order_id"": ""07b1ed9d-956f-4b8e-81d8-acba99ef7872""}",2024-06-05 21:57:10.142818+00
62914f97-400e-44a0-ae17-aa2e82cbf478,a7c85299-962a-4747-881b-c1a5317dac4f,60694a33-64df-4703-bb1f-20bc3948e683,maintenance_completed,,,,,"{""kind"": ""preventive"", ""labor_cost"": 240, ""parts_cost"": 0, ""work_order_id"": ""1bca3e81-e8fb-46ba-841b-83a5192927bc""}",2024-12-02 23:18:10.142818+00
8e16a8e7-889e-4bb8-ae00-a8e06e9e6a6e,a7c85299-962a-4747-881b-c1a5317dac4f,60694a33-64df-4703-bb1f-20bc3948e683,maintenance_completed,,,,,"{""kind"": ""preventive"", ""labor_cost"": 240, ""parts_cost"": 242, ""work_order_id"": ""4d865f99-e641-4fe4-9dc6-025c03f61b1f""}",2025-06-06 02:49:10.142818+00
c285f345-b7de-46d7-8fe4-f9350b02f49f,a7c85299-962a-4747-881b-c1a5317dac4f,60694a33-64df-4703-bb1f-20bc3948e683,maintenance_completed,,,,,"{""kind"": ""preventive"", ""labor_cost"": 120, ""parts_cost"": 0, ""work_order_id"": ""8c86cc21-7a7b-4a4f-a46e-61847d0760ac""}",2025-12-06 04:58:10.142818+00
210be98f-1705-461f-9f84-fda0ece82626,a7c85299-962a-4747-881b-c1a5317dac4f,60694a33-64df-4703-bb1f-20bc3948e683,maintenance_completed,,,,,"{""kind"": ""preventive"", ""labor_cost"": 240, ""parts_cost"": 0, ""work_order_id"": ""f0d51bde-e033-4264-9764-e501f5998dbb""}",2026-05-29 23:46:10.142818+00
2b931188-5109-400d-a1ae-65f83437647f,feae09a8-0423-4693-87bd-eef373cf5e66,60694a33-64df-4703-bb1f-20bc3948e683,maintenance_completed,,,,,"{""kind"": ""preventive"", ""labor_cost"": 360, ""parts_cost"": 1005, ""work_order_id"": ""46dce83e-affa-428d-996a-6ea65fc59d90""}",2023-12-08 02:49:10.142818+00
28604436-0920-471c-9153-16cc8bb550af,feae09a8-0423-4693-87bd-eef373cf5e66,60694a33-64df-4703-bb1f-20bc3948e683,maintenance_completed,,,,,"{""kind"": ""preventive"", ""labor_cost"": 240, ""parts_cost"": 799, ""work_order_id"": ""267387fb-3b7d-4315-a08e-4992d1793bca""}",2024-06-06 02:10:10.142818+00
402ea921-76aa-4160-837a-24219c75a5b3,feae09a8-0423-4693-87bd-eef373cf5e66,60694a33-64df-4703-bb1f-20bc3948e683,maintenance_completed,,,,,"{""kind"": ""preventive"", ""labor_cost"": 240, ""parts_cost"": 0, ""work_order_id"": ""6df76060-3953-477e-af52-bcc12ddc881b""}",2024-12-08 04:16:10.142818+00
9b928436-0cd8-45af-a81b-9d33477ffe86,feae09a8-0423-4693-87bd-eef373cf5e66,60694a33-64df-4703-bb1f-20bc3948e683,maintenance_completed,,,,,"{""kind"": ""preventive"", ""labor_cost"": 240, ""parts_cost"": 0, ""work_order_id"": ""ec321b90-6b41-4de2-88ef-ac49863c9df9""}",2025-06-04 03:28:10.142818+00
5de9d0b2-5d6b-4580-9c56-90f1a3fbf036,feae09a8-0423-4693-87bd-eef373cf5e66,60694a33-64df-4703-bb1f-20bc3948e683,maintenance_completed,,,,,"{""kind"": ""preventive"", ""labor_cost"": 240, ""parts_cost"": 0, ""work_order_id"": ""b4eba7af-418e-458b-aca7-e8bc35d7251d""}",2025-11-30 05:14:10.142818+00
de70e4bc-302c-4d71-b84d-1202064a90e4,feae09a8-0423-4693-87bd-eef373cf5e66,60694a33-64df-4703-bb1f-20bc3948e683,maintenance_completed,,,,,"{""kind"": ""corrective"", ""outcome"": ""escalated to supplier"", ""work_order_id"": ""426e8e74-cc11-49b1-8cc1-f975e10fb9da"", ""downtime_minutes"": 2710}",2026-05-20 21:46:10.142818+00
458156ec-9db2-44fe-bd0a-3f0993524beb,d1e816bd-892d-47e8-950e-be78e217a167,60694a33-64df-4703-bb1f-20bc3948e683,maintenance_completed,,,,,"{""kind"": ""preventive"", ""labor_cost"": 240, ""parts_cost"": 0, ""work_order_id"": ""b8bd3334-2516-4f6c-9788-7269e61ce047""}",2024-04-21 10:01:00+00
676f915d-4c1b-461b-92ec-f417ffcb37ca,d1e816bd-892d-47e8-950e-be78e217a167,60694a33-64df-4703-bb1f-20bc3948e683,maintenance_completed,,,,,"{""kind"": ""preventive"", ""labor_cost"": 240, ""parts_cost"": 0, ""work_order_id"": ""15cb4bc3-320e-40a0-aa32-9e01510d42bb""}",2024-10-23 10:07:00+00
33e651a9-e108-4f8d-800f-ba63d9aeed52,d1e816bd-892d-47e8-950e-be78e217a167,60694a33-64df-4703-bb1f-20bc3948e683,maintenance_completed,,,,,"{""kind"": ""preventive"", ""labor_cost"": 240, ""parts_cost"": 0, ""work_order_id"": ""9f210aa7-6280-4f11-966f-ae9a95228b35""}",2025-04-20 10:51:00+00
597a89da-cf90-4d7b-be90-f8213a98b65e,d1e816bd-892d-47e8-950e-be78e217a167,60694a33-64df-4703-bb1f-20bc3948e683,maintenance_completed,,,,,"{""kind"": ""preventive"", ""labor_cost"": 480, ""parts_cost"": 720, ""work_order_id"": ""d2d9b681-b039-4a4e-b49c-a0ca9cfe4acb""}",2025-10-18 15:27:00+00
152c92be-8f0e-4498-b042-1ba0a08b72ff,d1e816bd-892d-47e8-950e-be78e217a167,60694a33-64df-4703-bb1f-20bc3948e683,maintenance_completed,,,,,"{""kind"": ""preventive"", ""labor_cost"": 240, ""parts_cost"": 0, ""work_order_id"": ""d2c410f6-9886-4381-b9fe-aefa1aa8bf16""}",2026-04-14 15:23:00+00
68d64606-28f4-4f2b-8a8f-acc46fad3f2d,d1e816bd-892d-47e8-950e-be78e217a167,60694a33-64df-4703-bb1f-20bc3948e683,maintenance_completed,,,,,"{""kind"": ""corrective"", ""outcome"": ""no fault found"", ""work_order_id"": ""96502749-7a2b-49cb-b854-1d7f8bb23f8f"", ""downtime_minutes"": 2586}",2024-12-25 16:42:10.142818+00
395b6e14-74a1-4ec0-9f28-633ee8fa0583,492b34f7-fece-449d-8260-c5a62b7cccc1,60694a33-64df-4703-bb1f-20bc3948e683,maintenance_completed,,,,,"{""kind"": ""preventive"", ""labor_cost"": 240, ""parts_cost"": 0, ""work_order_id"": ""36410e5b-fd29-4229-8955-89bebfb32cfa""}",2025-08-24 08:34:00+00
a9d6b7da-44af-4794-b8c4-70448dcac2b0,492b34f7-fece-449d-8260-c5a62b7cccc1,60694a33-64df-4703-bb1f-20bc3948e683,maintenance_completed,,,,,"{""kind"": ""preventive"", ""labor_cost"": 240, ""parts_cost"": 0, ""work_order_id"": ""5b93d2b5-a5bb-4931-93c4-758ead8551f4""}",2026-02-14 15:23:00+00
bf9f569a-4931-4764-9481-2f67ee726e44,bc8a22a4-ebab-4318-a51c-5bb3bfc8c14d,60694a33-64df-4703-bb1f-20bc3948e683,maintenance_completed,,,,,"{""kind"": ""preventive"", ""labor_cost"": 240, ""parts_cost"": 0, ""work_order_id"": ""aa3e283f-15a6-4577-9908-5527630f3ca0""}",2025-10-09 13:23:00+00
fe9bbf62-edde-4f56-a8a6-a3538901eaef,bc8a22a4-ebab-4318-a51c-5bb3bfc8c14d,60694a33-64df-4703-bb1f-20bc3948e683,maintenance_completed,,,,,"{""kind"": ""preventive"", ""labor_cost"": 240, ""parts_cost"": 0, ""work_order_id"": ""a0ea448f-cd88-4b9e-8049-7bca3554c442""}",2026-04-03 12:53:00+00
6dbd88de-b7b2-43f5-b331-4716b15e3765,bc8a22a4-ebab-4318-a51c-5bb3bfc8c14d,60694a33-64df-4703-bb1f-20bc3948e683,maintenance_completed,,,,,"{""kind"": ""corrective"", ""outcome"": ""escalated to supplier"", ""work_order_id"": ""cc7aba3a-194a-4dbb-bc5c-54f1e954fa9c"", ""downtime_minutes"": 590}",2026-09-08 08:26:10.142818+00
94dfdc8b-4ee5-4f05-a0a6-cbd28c3b024b,5b180a2d-fd86-434f-b41f-04e1069b019f,60694a33-64df-4703-bb1f-20bc3948e683,maintenance_completed,,,,,"{""kind"": ""preventive"", ""labor_cost"": 480, ""parts_cost"": 475, ""work_order_id"": ""13cf7449-db82-4e7f-a9eb-171c3d683c2a""}",2023-10-18 05:23:10.142818+00
39172f81-bdd9-4487-90fc-b4418f617db7,5b180a2d-fd86-434f-b41f-04e1069b019f,60694a33-64df-4703-bb1f-20bc3948e683,maintenance_completed,,,,,"{""kind"": ""preventive"", ""labor_cost"": 120, ""parts_cost"": 280, ""work_order_id"": ""aefad885-67a1-40c4-8cb6-a9e97529b155""}",2024-04-14 02:24:10.142818+00
251c5894-729b-4a73-9649-119901a27634,5b180a2d-fd86-434f-b41f-04e1069b019f,60694a33-64df-4703-bb1f-20bc3948e683,maintenance_completed,,,,,"{""kind"": ""preventive"", ""labor_cost"": 480, ""parts_cost"": 0, ""work_order_id"": ""65212af8-09e2-43a0-a5ec-e96e941aec60""}",2024-10-16 05:07:10.142818+00
719f3f75-8b80-487e-8b92-be098524e837,5b180a2d-fd86-434f-b41f-04e1069b019f,60694a33-64df-4703-bb1f-20bc3948e683,maintenance_completed,,,,,"{""kind"": ""preventive"", ""labor_cost"": 120, ""parts_cost"": 0, ""work_order_id"": ""0ba9075c-a18e-4bb4-ad02-ca8294f474ca""}",2025-04-15 21:09:10.142818+00
f3d91776-7146-4478-acc9-9d9e5292f321,5b180a2d-fd86-434f-b41f-04e1069b019f,60694a33-64df-4703-bb1f-20bc3948e683,maintenance_completed,,,,,"{""kind"": ""preventive"", ""labor_cost"": 480, ""parts_cost"": 0, ""work_order_id"": ""e6804488-d95b-445c-b02a-1173648e4189""}",2025-10-12 02:16:10.142818+00
690764df-57f4-4a29-bc18-16bdead17eeb,5b180a2d-fd86-434f-b41f-04e1069b019f,60694a33-64df-4703-bb1f-20bc3948e683,maintenance_completed,,,,,"{""kind"": ""preventive"", ""labor_cost"": 480, ""parts_cost"": 0, ""work_order_id"": ""490d44ce-f42f-4035-af08-bbed0d8deed0""}",2026-04-10 22:41:10.142818+00
51fc6b0c-2235-4fc8-9364-b1210bdac77a,c1dc41f3-c50b-4af7-8fc3-2ec1a2bf50e6,60694a33-64df-4703-bb1f-20bc3948e683,maintenance_completed,,,,,"{""kind"": ""preventive"", ""labor_cost"": 480, ""parts_cost"": 0, ""work_order_id"": ""2b6b0a78-e2a9-479a-8f64-99191b3b0be8""}",2024-04-15 11:46:00+00
919f70da-ce65-498a-b6c9-32bdd6153f51,c1dc41f3-c50b-4af7-8fc3-2ec1a2bf50e6,60694a33-64df-4703-bb1f-20bc3948e683,maintenance_completed,,,,,"{""kind"": ""preventive"", ""labor_cost"": 360, ""parts_cost"": 0, ""work_order_id"": ""b054d8a4-4e68-4384-aa72-0f1c3299a1f6""}",2024-10-12 15:23:00+00
d00aac0b-9fc2-4ecf-bed8-cb69adc8cdd6,c1dc41f3-c50b-4af7-8fc3-2ec1a2bf50e6,60694a33-64df-4703-bb1f-20bc3948e683,maintenance_completed,,,,,"{""kind"": ""preventive"", ""labor_cost"": 480, ""parts_cost"": 0, ""work_order_id"": ""0deb068b-1190-4686-9678-c10798b31955""}",2025-04-07 10:25:00+00
3dd4a835-39e5-498a-aa7b-737719ad6e3f,c1dc41f3-c50b-4af7-8fc3-2ec1a2bf50e6,60694a33-64df-4703-bb1f-20bc3948e683,maintenance_completed,,,,,"{""kind"": ""preventive"", ""labor_cost"": 360, ""parts_cost"": 0, ""work_order_id"": ""c027e9d1-fd79-4b41-8d60-ef6d1d804b0a""}",2025-10-05 12:43:00+00
7ddbd972-f7b8-4802-9baa-21b1e2b73f48,c1dc41f3-c50b-4af7-8fc3-2ec1a2bf50e6,60694a33-64df-4703-bb1f-20bc3948e683,maintenance_completed,,,,,"{""kind"": ""preventive"", ""labor_cost"": 120, ""parts_cost"": 910, ""work_order_id"": ""b1708c6a-c2bb-4cdb-9243-4a62a432a616""}",2026-04-02 11:40:00+00
f1b88000-2786-471d-8464-7db5e8be7e4f,acd3f6f5-1018-4ffe-90ad-61ad1b0b9104,60694a33-64df-4703-bb1f-20bc3948e683,maintenance_completed,,,,,"{""kind"": ""preventive"", ""labor_cost"": 360, ""parts_cost"": 638, ""work_order_id"": ""cb2627ed-7ff8-4e9a-837c-43fefe6334ec""}",2023-09-26 03:09:10.142818+00
ae5b0c2c-3043-4b50-a72c-eed65067e50f,acd3f6f5-1018-4ffe-90ad-61ad1b0b9104,60694a33-64df-4703-bb1f-20bc3948e683,maintenance_completed,,,,,"{""kind"": ""preventive"", ""labor_cost"": 240, ""parts_cost"": 276, ""work_order_id"": ""b24a88ee-7e20-4df4-8a5f-0f09073829fb""}",2024-04-01 03:30:10.142818+00
c03bb532-2df4-4c52-898f-5f3429a52e10,acd3f6f5-1018-4ffe-90ad-61ad1b0b9104,60694a33-64df-4703-bb1f-20bc3948e683,maintenance_completed,,,,,"{""kind"": ""preventive"", ""labor_cost"": 240, ""parts_cost"": 0, ""work_order_id"": ""6f039708-78d9-4f57-a5c0-403733cb0fbf""}",2024-09-22 22:31:10.142818+00
cc74b217-1ef1-4f60-a833-e4fe8dd87008,acd3f6f5-1018-4ffe-90ad-61ad1b0b9104,60694a33-64df-4703-bb1f-20bc3948e683,maintenance_completed,,,,,"{""kind"": ""preventive"", ""labor_cost"": 240, ""parts_cost"": 751, ""work_order_id"": ""c54b6d44-a5ca-4c3c-8e53-23d354a5b6ba""}",2025-03-25 23:57:10.142818+00
6bca8fa3-5873-48b1-a1ee-f9ca08f666d1,acd3f6f5-1018-4ffe-90ad-61ad1b0b9104,60694a33-64df-4703-bb1f-20bc3948e683,maintenance_completed,,,,,"{""kind"": ""preventive"", ""labor_cost"": 120, ""parts_cost"": 0, ""work_order_id"": ""11625f35-ff5f-42d1-ba27-e3f661b66bd7""}",2025-09-15 02:17:10.142818+00
4777c7b2-9608-452e-a938-3291afd14eb3,acd3f6f5-1018-4ffe-90ad-61ad1b0b9104,60694a33-64df-4703-bb1f-20bc3948e683,maintenance_completed,,,,,"{""kind"": ""preventive"", ""labor_cost"": 240, ""parts_cost"": 0, ""work_order_id"": ""fa5db1ef-897c-4e22-813b-4571a8b406c6""}",2026-03-16 23:03:10.142818+00
37190f79-c865-4dd5-aa06-ef869ce27783,acd3f6f5-1018-4ffe-90ad-61ad1b0b9104,60694a33-64df-4703-bb1f-20bc3948e683,maintenance_completed,,,,,"{""kind"": ""preventive"", ""labor_cost"": 480, ""parts_cost"": 0, ""work_order_id"": ""6b36471a-1697-45c0-b17f-c44d626f929a""}",2026-09-10 01:21:10.142818+00
d767d326-f597-4521-80cd-5059a41153a0,acd3f6f5-1018-4ffe-90ad-61ad1b0b9104,60694a33-64df-4703-bb1f-20bc3948e683,maintenance_completed,,,,,"{""kind"": ""corrective"", ""outcome"": ""part replaced"", ""work_order_id"": ""1c3ceeb3-1611-4d95-bd0b-8d06cc03a7f2"", ""downtime_minutes"": 656}",2023-10-30 11:32:10.142818+00
18ca4e8a-e389-4475-b58b-062c448c65a1,ac75cc82-7428-4641-bea9-532ecb63c32c,60694a33-64df-4703-bb1f-20bc3948e683,maintenance_completed,,,,,"{""kind"": ""preventive"", ""labor_cost"": 120, ""parts_cost"": 0, ""work_order_id"": ""78c25d92-ac9c-442d-ab9a-e8b70800da39""}",2023-10-09 22:07:10.142818+00
12ef47c5-bb4f-4f4a-b2c7-d5db4c9b6df4,ac75cc82-7428-4641-bea9-532ecb63c32c,60694a33-64df-4703-bb1f-20bc3948e683,maintenance_completed,,,,,"{""kind"": ""preventive"", ""labor_cost"": 480, ""parts_cost"": 0, ""work_order_id"": ""fb6e3a88-d3e4-4094-aa8a-950dddf43630""}",2024-04-01 00:57:10.142818+00
8e988a41-4d6a-4235-8ecf-60e9f10be04a,ac75cc82-7428-4641-bea9-532ecb63c32c,60694a33-64df-4703-bb1f-20bc3948e683,maintenance_completed,,,,,"{""kind"": ""preventive"", ""labor_cost"": 360, ""parts_cost"": 877, ""work_order_id"": ""26ab17c7-af74-463c-8d27-6a4750c6e3c1""}",2024-09-29 21:40:10.142818+00
0cc491ae-46d3-4390-80fd-ebb16dcdddb9,ac75cc82-7428-4641-bea9-532ecb63c32c,60694a33-64df-4703-bb1f-20bc3948e683,maintenance_completed,,,,,"{""kind"": ""preventive"", ""labor_cost"": 240, ""parts_cost"": 0, ""work_order_id"": ""1e866730-7d78-4ae0-abae-dced3391ceda""}",2025-03-27 22:07:10.142818+00
67975573-bffb-4f43-818f-7381dfedf15a,ac75cc82-7428-4641-bea9-532ecb63c32c,60694a33-64df-4703-bb1f-20bc3948e683,maintenance_completed,,,,,"{""kind"": ""preventive"", ""labor_cost"": 240, ""parts_cost"": 0, ""work_order_id"": ""f97dca32-3e2f-426c-9269-77f78f813e0a""}",2025-09-26 01:12:10.142818+00
8064a65c-6b69-4bb2-a6bd-759d3d76fb7a,ac75cc82-7428-4641-bea9-532ecb63c32c,60694a33-64df-4703-bb1f-20bc3948e683,maintenance_completed,,,,,"{""kind"": ""preventive"", ""labor_cost"": 120, ""parts_cost"": 0, ""work_order_id"": ""54f97cda-cd31-44d3-9046-a7643ba8bfc1""}",2026-03-25 22:33:10.142818+00
bf624462-e38a-492a-b669-498baef2216c,5b4809a7-4f15-46fb-b133-afd4a28a73f9,60694a33-64df-4703-bb1f-20bc3948e683,maintenance_completed,,,,,"{""kind"": ""preventive"", ""labor_cost"": 240, ""parts_cost"": 0, ""work_order_id"": ""e8f11981-eafd-4e51-a932-258c86c5849e""}",2024-02-19 02:02:10.142818+00
4dfb23de-77e9-4af7-905c-b41694836629,5b4809a7-4f15-46fb-b133-afd4a28a73f9,60694a33-64df-4703-bb1f-20bc3948e683,maintenance_completed,,,,,"{""kind"": ""preventive"", ""labor_cost"": 120, ""parts_cost"": 0, ""work_order_id"": ""d0fad19c-0738-453b-a0fe-e2cec27c2719""}",2024-08-25 01:21:10.142818+00
94c7ba5a-a23e-4e65-82b6-61162b986c33,5b4809a7-4f15-46fb-b133-afd4a28a73f9,60694a33-64df-4703-bb1f-20bc3948e683,maintenance_completed,,,,,"{""kind"": ""preventive"", ""labor_cost"": 360, ""parts_cost"": 0, ""work_order_id"": ""e8c09e35-6b97-4b28-91b6-9b04edaee3b3""}",2025-02-14 00:07:10.142818+00
a430c1fe-d948-40ca-a866-62c3a925a80e,5b4809a7-4f15-46fb-b133-afd4a28a73f9,60694a33-64df-4703-bb1f-20bc3948e683,maintenance_completed,,,,,"{""kind"": ""preventive"", ""labor_cost"": 120, ""parts_cost"": 1006, ""work_order_id"": ""ff874b51-2979-431e-80bd-ba9e1418026f""}",2025-08-17 00:40:10.142818+00
1e0063ac-ebba-4ade-92d3-3d89fad43c99,5b4809a7-4f15-46fb-b133-afd4a28a73f9,60694a33-64df-4703-bb1f-20bc3948e683,maintenance_completed,,,,,"{""kind"": ""preventive"", ""labor_cost"": 360, ""parts_cost"": 568, ""work_order_id"": ""cb24c5bb-3c61-42c3-a281-034807369f6b""}",2026-02-08 22:42:10.142818+00
ac269cfc-91e9-4afc-b6f4-d43cb7ccac43,5b4809a7-4f15-46fb-b133-afd4a28a73f9,60694a33-64df-4703-bb1f-20bc3948e683,maintenance_completed,,,,,"{""kind"": ""preventive"", ""labor_cost"": 120, ""parts_cost"": 0, ""work_order_id"": ""0bc69b62-d61c-4348-8841-ba6cacf3af79""}",2026-08-10 04:24:10.142818+00
e93a99a0-a9c4-4148-b076-2184be06dbff,5b4809a7-4f15-46fb-b133-afd4a28a73f9,60694a33-64df-4703-bb1f-20bc3948e683,maintenance_completed,,,,,"{""kind"": ""corrective"", ""outcome"": ""part replaced"", ""work_order_id"": ""91d959e8-f4b3-43c2-a88e-488a4acec939"", ""downtime_minutes"": 899}",2024-06-12 15:35:10.142818+00
670bab69-ba47-4613-95b3-3738c1a9d582,5b4809a7-4f15-46fb-b133-afd4a28a73f9,60694a33-64df-4703-bb1f-20bc3948e683,maintenance_completed,,,,,"{""kind"": ""corrective"", ""outcome"": ""cleaned and reconfigured"", ""work_order_id"": ""a3b5c737-3954-45f2-ac91-2b9067ee3260"", ""downtime_minutes"": 2634}",2026-06-06 19:30:10.142818+00
0a8ce032-6d83-435f-ad88-89bb766d3098,5b4809a7-4f15-46fb-b133-afd4a28a73f9,60694a33-64df-4703-bb1f-20bc3948e683,maintenance_completed,,,,,"{""kind"": ""corrective"", ""outcome"": ""cleaned and reconfigured"", ""work_order_id"": ""d4dcb6fd-82ed-401f-b10c-9bb4ab50273f"", ""downtime_minutes"": 104}",2025-08-31 04:20:10.142818+00
1c2ed636-35ca-4d12-a114-e3d44508d121,5b4809a7-4f15-46fb-b133-afd4a28a73f9,60694a33-64df-4703-bb1f-20bc3948e683,maintenance_completed,,,,,"{""kind"": ""corrective"", ""outcome"": ""part replaced"", ""work_order_id"": ""7781d3a9-02b2-48bf-9650-f43ddef36fe5"", ""downtime_minutes"": 1075}",2025-11-17 17:31:10.142818+00
fe602534-bdd5-4157-8d99-61e14716ce42,e3ca20a7-3a04-4b03-b11b-ebd573ac0b16,60694a33-64df-4703-bb1f-20bc3948e683,maintenance_completed,,,,,"{""kind"": ""preventive"", ""labor_cost"": 120, ""parts_cost"": 373, ""work_order_id"": ""5fecaf61-68cc-4095-bedd-f178c494204e""}",2023-11-11 00:35:10.142818+00
bfb4f627-6298-4747-ade0-1fcd5192c2a4,e3ca20a7-3a04-4b03-b11b-ebd573ac0b16,60694a33-64df-4703-bb1f-20bc3948e683,maintenance_completed,,,,,"{""kind"": ""preventive"", ""labor_cost"": 120, ""parts_cost"": 0, ""work_order_id"": ""83cc008e-bbd6-4e75-83fa-843d08d4018e""}",2024-05-05 00:29:10.142818+00
eee483d6-e684-4d82-86a3-2ff091147c5b,e3ca20a7-3a04-4b03-b11b-ebd573ac0b16,60694a33-64df-4703-bb1f-20bc3948e683,maintenance_completed,,,,,"{""kind"": ""preventive"", ""labor_cost"": 480, ""parts_cost"": 0, ""work_order_id"": ""4e9cc701-d502-45ef-8ef5-08d9d1afe9bb""}",2024-11-03 04:13:10.142818+00
50c71468-797a-4007-8a21-cc51271df753,e3ca20a7-3a04-4b03-b11b-ebd573ac0b16,60694a33-64df-4703-bb1f-20bc3948e683,maintenance_completed,,,,,"{""kind"": ""preventive"", ""labor_cost"": 120, ""parts_cost"": 814, ""work_order_id"": ""8ee3ee16-3473-437d-bfe5-3dd4e547ebc9""}",2025-04-30 02:11:10.142818+00
7a7e7cf5-d80f-4051-a253-dd8c462aa458,e3ca20a7-3a04-4b03-b11b-ebd573ac0b16,60694a33-64df-4703-bb1f-20bc3948e683,maintenance_completed,,,,,"{""kind"": ""preventive"", ""labor_cost"": 360, ""parts_cost"": 0, ""work_order_id"": ""dd38cc56-54d9-4e69-9bd9-0cbfae918acb""}",2025-10-28 21:12:10.142818+00
ff792d42-f775-4f34-b69a-20d0d29f35c7,e3ca20a7-3a04-4b03-b11b-ebd573ac0b16,60694a33-64df-4703-bb1f-20bc3948e683,maintenance_completed,,,,,"{""kind"": ""preventive"", ""labor_cost"": 240, ""parts_cost"": 0, ""work_order_id"": ""2d98462b-a3c9-4215-b102-7cbc1ec27259""}",2026-04-28 00:49:10.142818+00
60b83bce-862a-4d0d-97fb-1a2ce6e64d01,9892c8cd-4af3-4919-b0fd-35f0fc590402,60694a33-64df-4703-bb1f-20bc3948e683,maintenance_completed,,,,,"{""kind"": ""preventive"", ""labor_cost"": 360, ""parts_cost"": 0, ""work_order_id"": ""be81a52c-0364-4900-a67e-a74218b5955f""}",2023-10-09 23:27:10.142818+00
20a428ef-1fb8-45de-a644-4f041d53808e,9892c8cd-4af3-4919-b0fd-35f0fc590402,60694a33-64df-4703-bb1f-20bc3948e683,maintenance_completed,,,,,"{""kind"": ""preventive"", ""labor_cost"": 360, ""parts_cost"": 0, ""work_order_id"": ""e37cc146-7e96-4f7a-b12e-76f5a3ca389b""}",2024-04-02 21:53:10.142818+00
fbe92348-33d8-47e2-b5e7-9f05a4015092,9892c8cd-4af3-4919-b0fd-35f0fc590402,60694a33-64df-4703-bb1f-20bc3948e683,maintenance_completed,,,,,"{""kind"": ""preventive"", ""labor_cost"": 240, ""parts_cost"": 815, ""work_order_id"": ""23abfb1a-c85b-433b-93fb-c0ef3b0fd0ce""}",2024-10-03 02:55:10.142818+00
a4bcf42d-b117-491c-8fd2-149b98c56fad,9892c8cd-4af3-4919-b0fd-35f0fc590402,60694a33-64df-4703-bb1f-20bc3948e683,maintenance_completed,,,,,"{""kind"": ""preventive"", ""labor_cost"": 240, ""parts_cost"": 240, ""work_order_id"": ""bdce9aa4-9bd5-4105-a396-7f940e0c5064""}",2025-03-27 23:12:10.142818+00
d19a36c5-e64f-4205-b277-76ad7c78abeb,9892c8cd-4af3-4919-b0fd-35f0fc590402,60694a33-64df-4703-bb1f-20bc3948e683,maintenance_completed,,,,,"{""kind"": ""preventive"", ""labor_cost"": 120, ""parts_cost"": 696, ""work_order_id"": ""5bd89dec-8ad8-4577-a4a8-a67a94192cc0""}",2025-09-22 23:31:10.142818+00
db2a74ba-56ad-443c-b60f-7d6fc0a875f0,9892c8cd-4af3-4919-b0fd-35f0fc590402,60694a33-64df-4703-bb1f-20bc3948e683,maintenance_completed,,,,,"{""kind"": ""corrective"", ""outcome"": ""cleaned and reconfigured"", ""work_order_id"": ""beb51dbb-69ef-4b15-b966-dc47ba070f63"", ""downtime_minutes"": 2662}",2024-07-23 18:58:10.142818+00
18717376-fe9c-466e-9ad4-4fa5c888b620,7e17f67a-33f4-4f80-b984-1a3286ff1ea6,60694a33-64df-4703-bb1f-20bc3948e683,maintenance_completed,,,,,"{""kind"": ""preventive"", ""labor_cost"": 120, ""parts_cost"": 0, ""work_order_id"": ""8f4623a3-397b-4a5a-877f-ec20df28a125""}",2025-07-07 13:13:00+00
f50de6ad-5f38-4a2f-b809-1c35156a2c8f,7e17f67a-33f4-4f80-b984-1a3286ff1ea6,60694a33-64df-4703-bb1f-20bc3948e683,maintenance_completed,,,,,"{""kind"": ""preventive"", ""labor_cost"": 360, ""parts_cost"": 714, ""work_order_id"": ""e604aa4e-4760-4334-8808-10ee4943e222""}",2026-01-06 14:00:00+00
a8e410f8-e3bb-4eef-8c24-41b43c6ff8c2,7e17f67a-33f4-4f80-b984-1a3286ff1ea6,60694a33-64df-4703-bb1f-20bc3948e683,maintenance_completed,,,,,"{""kind"": ""preventive"", ""labor_cost"": 240, ""parts_cost"": 612, ""work_order_id"": ""1e190c3c-ee13-4d22-b139-83d24bccfbc0""}",2026-06-28 09:30:00+00
2157201d-f25e-4b89-af84-85cae2006a1b,e6f4bed8-af08-40f5-bbaf-7020b24c6ec8,60694a33-64df-4703-bb1f-20bc3948e683,maintenance_completed,,,,,"{""kind"": ""preventive"", ""labor_cost"": 120, ""parts_cost"": 0, ""work_order_id"": ""a8e944cf-fc6d-402c-bc54-b5683f0dce25""}",2023-12-15 03:10:10.142818+00
7b1564bb-8160-4205-8816-eb9f43c61151,e6f4bed8-af08-40f5-bbaf-7020b24c6ec8,60694a33-64df-4703-bb1f-20bc3948e683,maintenance_completed,,,,,"{""kind"": ""preventive"", ""labor_cost"": 120, ""parts_cost"": 740, ""work_order_id"": ""ad5ae26e-051b-4f0e-909f-ffc8ff146590""}",2024-06-17 01:00:10.142818+00
1d7c778c-a13d-4be8-baf4-a6d23f5199b7,e6f4bed8-af08-40f5-bbaf-7020b24c6ec8,60694a33-64df-4703-bb1f-20bc3948e683,maintenance_completed,,,,,"{""kind"": ""preventive"", ""labor_cost"": 120, ""parts_cost"": 0, ""work_order_id"": ""fbc5518f-fd44-4ebd-b1e9-ec9bfc2f6d46""}",2024-12-16 01:47:10.142818+00
f6e8d09c-cf4a-4cc2-8460-0dc01deee4b7,e6f4bed8-af08-40f5-bbaf-7020b24c6ec8,60694a33-64df-4703-bb1f-20bc3948e683,maintenance_completed,,,,,"{""kind"": ""preventive"", ""labor_cost"": 480, ""parts_cost"": 0, ""work_order_id"": ""856309f6-ad88-47ca-a0e0-5dc2256426d9""}",2025-06-08 04:34:10.142818+00
7e748842-1ad2-4768-86d2-c0f351bef9bf,e6f4bed8-af08-40f5-bbaf-7020b24c6ec8,60694a33-64df-4703-bb1f-20bc3948e683,maintenance_completed,,,,,"{""kind"": ""preventive"", ""labor_cost"": 360, ""parts_cost"": 0, ""work_order_id"": ""04b9c023-f347-4567-a8ce-fc3bec6d6ce1""}",2025-12-03 23:25:10.142818+00
49a663c7-f9c8-4526-b152-a3d3a7612e02,e6f4bed8-af08-40f5-bbaf-7020b24c6ec8,60694a33-64df-4703-bb1f-20bc3948e683,maintenance_completed,,,,,"{""kind"": ""preventive"", ""labor_cost"": 360, ""parts_cost"": 0, ""work_order_id"": ""9d781606-1d75-436f-b7d1-ee7fa8967d22""}",2026-06-02 02:29:10.142818+00
515980a4-96a1-49a8-8e31-c7f450742038,e6f4bed8-af08-40f5-bbaf-7020b24c6ec8,60694a33-64df-4703-bb1f-20bc3948e683,maintenance_completed,,,,,"{""kind"": ""corrective"", ""outcome"": ""no fault found"", ""work_order_id"": ""087ce8b5-5968-41c3-a04b-3d07d35ff6cd"", ""downtime_minutes"": 2494}",2025-06-17 20:10:10.142818+00
2607e951-3610-426a-89c3-62da914131a8,98626642-760f-4c56-be38-4909419ce830,60694a33-64df-4703-bb1f-20bc3948e683,maintenance_completed,,,,,"{""kind"": ""preventive"", ""labor_cost"": 120, ""parts_cost"": 968, ""work_order_id"": ""baa80c6f-1bde-472d-864e-efa1cd2c6f19""}",2025-05-01 13:11:00+00
2f974dfb-38cf-4a1e-a05a-fe233b2bd7d8,98626642-760f-4c56-be38-4909419ce830,60694a33-64df-4703-bb1f-20bc3948e683,maintenance_completed,,,,,"{""kind"": ""preventive"", ""labor_cost"": 360, ""parts_cost"": 0, ""work_order_id"": ""4b2da97d-4e95-40c6-8ba5-c1ca4463c766""}",2025-10-27 15:43:00+00
e7264527-fd0a-47ee-a6ef-444062b0fed4,98626642-760f-4c56-be38-4909419ce830,60694a33-64df-4703-bb1f-20bc3948e683,maintenance_completed,,,,,"{""kind"": ""preventive"", ""labor_cost"": 480, ""parts_cost"": 0, ""work_order_id"": ""15791a32-3881-4fce-841c-d3497315739f""}",2026-04-28 14:25:00+00
b574b21b-08ae-47ed-a3d5-bd930972d6a4,98626642-760f-4c56-be38-4909419ce830,60694a33-64df-4703-bb1f-20bc3948e683,maintenance_completed,,,,,"{""kind"": ""corrective"", ""outcome"": ""part replaced"", ""work_order_id"": ""142e61d0-5769-42ab-9cc5-bb81132df4d2"", ""downtime_minutes"": 675}",2026-01-12 10:51:10.142818+00
1f8b0d46-2b64-4062-bfbd-f26dfaa72035,010c5824-b67f-49fd-b8d6-631b9108bc27,60694a33-64df-4703-bb1f-20bc3948e683,maintenance_completed,,,,,"{""kind"": ""preventive"", ""labor_cost"": 360, ""parts_cost"": 0, ""work_order_id"": ""7420cc1f-4026-4265-931f-b7803ba7bbd7""}",2024-03-08 00:57:10.142818+00
27c57d5d-7389-4bdc-8109-f3f4654b71ad,010c5824-b67f-49fd-b8d6-631b9108bc27,60694a33-64df-4703-bb1f-20bc3948e683,maintenance_completed,,,,,"{""kind"": ""preventive"", ""labor_cost"": 120, ""parts_cost"": 567, ""work_order_id"": ""b46f4300-0e56-45ed-b714-d18256e07d45""}",2024-09-09 21:47:10.142818+00
52dd4469-a6ec-4c89-bdba-2a6c4cd48efe,010c5824-b67f-49fd-b8d6-631b9108bc27,60694a33-64df-4703-bb1f-20bc3948e683,maintenance_completed,,,,,"{""kind"": ""preventive"", ""labor_cost"": 120, ""parts_cost"": 0, ""work_order_id"": ""e726bf72-b7ed-491b-8fe2-2e86e27e1cb4""}",2025-03-03 02:16:10.142818+00
b5d3ee82-7bfd-466a-8091-f67c6099b9f6,010c5824-b67f-49fd-b8d6-631b9108bc27,60694a33-64df-4703-bb1f-20bc3948e683,maintenance_completed,,,,,"{""kind"": ""preventive"", ""labor_cost"": 120, ""parts_cost"": 0, ""work_order_id"": ""432c5e02-7c69-4c4d-927e-f6d710da58c3""}",2025-08-30 23:18:10.142818+00
a50a0a20-c9d3-4114-8ed6-2995e6008f0d,010c5824-b67f-49fd-b8d6-631b9108bc27,60694a33-64df-4703-bb1f-20bc3948e683,maintenance_completed,,,,,"{""kind"": ""preventive"", ""labor_cost"": 360, ""parts_cost"": 0, ""work_order_id"": ""086c1ae7-2609-46f2-a228-83168e7375a4""}",2026-02-27 23:57:10.142818+00
13cf99d8-12ae-4a4d-b1d9-b57791146c46,010c5824-b67f-49fd-b8d6-631b9108bc27,60694a33-64df-4703-bb1f-20bc3948e683,maintenance_completed,,,,,"{""kind"": ""preventive"", ""labor_cost"": 360, ""parts_cost"": 0, ""work_order_id"": ""7ac7390b-8fd6-4393-b745-2ccc7fcdc34d""}",2026-08-31 04:06:10.142818+00
73e73170-9f05-4091-a9e8-978a566879a1,010c5824-b67f-49fd-b8d6-631b9108bc27,60694a33-64df-4703-bb1f-20bc3948e683,maintenance_completed,,,,,"{""kind"": ""corrective"", ""outcome"": ""part replaced"", ""work_order_id"": ""7206d29a-6968-4a63-983f-f17b27a7fbe2"", ""downtime_minutes"": 1222}",2024-10-15 16:58:10.142818+00
00fabf44-3825-43f0-b3fd-0e6cc2c93b2d,010c5824-b67f-49fd-b8d6-631b9108bc27,60694a33-64df-4703-bb1f-20bc3948e683,maintenance_completed,,,,,"{""kind"": ""corrective"", ""outcome"": ""repaired"", ""work_order_id"": ""b2a16913-f2eb-4f49-b29d-8d30fb58a6df"", ""downtime_minutes"": 259}",2025-10-07 03:55:10.142818+00
1c62adb0-630c-4938-b717-0e0eec134f13,4e61fe04-52d1-4ec4-81a2-d84e9095e51a,60694a33-64df-4703-bb1f-20bc3948e683,maintenance_completed,,,,,"{""kind"": ""preventive"", ""labor_cost"": 480, ""parts_cost"": 0, ""work_order_id"": ""84af6b08-5a1b-442d-99df-f4da0cfc146f""}",2024-03-15 01:40:10.142818+00
c669c468-8ddb-485e-8a4c-6cb44d4cf1fb,4e61fe04-52d1-4ec4-81a2-d84e9095e51a,60694a33-64df-4703-bb1f-20bc3948e683,maintenance_completed,,,,,"{""kind"": ""preventive"", ""labor_cost"": 360, ""parts_cost"": 258, ""work_order_id"": ""07e57a09-90e4-4b89-b3cf-9df3cb6342f0""}",2024-09-12 03:03:10.142818+00
f1031ae1-3c9f-42a4-9cf9-cf2c8d133456,4e61fe04-52d1-4ec4-81a2-d84e9095e51a,60694a33-64df-4703-bb1f-20bc3948e683,maintenance_completed,,,,,"{""kind"": ""preventive"", ""labor_cost"": 240, ""parts_cost"": 729, ""work_order_id"": ""63daee0b-2212-4ae4-a62e-80cb62bd017f""}",2025-03-15 01:19:10.142818+00
cd987f39-d3ab-40f8-99d2-b50c141ced63,4e61fe04-52d1-4ec4-81a2-d84e9095e51a,60694a33-64df-4703-bb1f-20bc3948e683,maintenance_completed,,,,,"{""kind"": ""preventive"", ""labor_cost"": 480, ""parts_cost"": 0, ""work_order_id"": ""92e1d38c-c8d8-4bc3-b50d-283f73d244ad""}",2025-09-10 00:25:10.142818+00
48811575-4337-4d4a-ae6b-0288fb6c732b,4e61fe04-52d1-4ec4-81a2-d84e9095e51a,60694a33-64df-4703-bb1f-20bc3948e683,maintenance_completed,,,,,"{""kind"": ""preventive"", ""labor_cost"": 480, ""parts_cost"": 0, ""work_order_id"": ""90c8ac0e-b383-4ebc-bda1-efae554a4592""}",2026-03-03 23:38:10.142818+00
b1ed8308-ef4d-4f82-9c44-f6135f326370,4e61fe04-52d1-4ec4-81a2-d84e9095e51a,60694a33-64df-4703-bb1f-20bc3948e683,maintenance_completed,,,,,"{""kind"": ""preventive"", ""labor_cost"": 240, ""parts_cost"": 0, ""work_order_id"": ""7b219e36-4ba3-43cc-a97f-1f3de7b9de05""}",2026-08-30 03:10:10.142818+00
2b7d2896-9e91-44f3-8498-2fe5d1b88d9c,ffccac1c-4cbe-4bc4-aa1c-2125a8f19c0f,60694a33-64df-4703-bb1f-20bc3948e683,maintenance_completed,,,,,"{""kind"": ""preventive"", ""labor_cost"": 240, ""parts_cost"": 207, ""work_order_id"": ""8aba0510-7e57-468e-8c32-a83d682ce064""}",2024-03-04 22:12:10.142818+00
2b357186-4d22-431e-a2af-22f0e04672b6,ffccac1c-4cbe-4bc4-aa1c-2125a8f19c0f,60694a33-64df-4703-bb1f-20bc3948e683,maintenance_completed,,,,,"{""kind"": ""preventive"", ""labor_cost"": 120, ""parts_cost"": 0, ""work_order_id"": ""99f37280-f9f0-4b5d-bd11-58d44a363428""}",2024-09-06 03:26:10.142818+00
c345c91c-7202-4a31-a39e-ceff4d741ede,ffccac1c-4cbe-4bc4-aa1c-2125a8f19c0f,60694a33-64df-4703-bb1f-20bc3948e683,maintenance_completed,,,,,"{""kind"": ""preventive"", ""labor_cost"": 480, ""parts_cost"": 0, ""work_order_id"": ""75b5dfb7-da5e-4f9c-85a9-f975a8cfa69c""}",2025-02-26 23:35:10.142818+00
06b1664e-5c14-4e8c-a954-475bcae6b9ba,ffccac1c-4cbe-4bc4-aa1c-2125a8f19c0f,60694a33-64df-4703-bb1f-20bc3948e683,maintenance_completed,,,,,"{""kind"": ""preventive"", ""labor_cost"": 480, ""parts_cost"": 432, ""work_order_id"": ""9409db5f-f16f-4a31-a917-988dd80f8204""}",2025-08-26 01:02:10.142818+00
07420c62-779d-425d-90ca-74ccdd7ba1b8,bfa86baa-0ad9-4f2a-aa92-8d30c1a896c0,60694a33-64df-4703-bb1f-20bc3948e683,maintenance_completed,,,,,"{""kind"": ""preventive"", ""labor_cost"": 360, ""parts_cost"": 0, ""work_order_id"": ""349d21fc-855f-43ac-9a77-03ce427c591c""}",2025-04-04 13:33:00+00
a12076d9-a006-40f0-8f5d-da7015c706c8,bfa86baa-0ad9-4f2a-aa92-8d30c1a896c0,60694a33-64df-4703-bb1f-20bc3948e683,maintenance_completed,,,,,"{""kind"": ""preventive"", ""labor_cost"": 240, ""parts_cost"": 616, ""work_order_id"": ""f46c18b2-1f50-4d95-914c-b91eea8998f3""}",2025-09-28 15:03:00+00
afe189da-801b-42ea-b787-06bfd8500603,bfa86baa-0ad9-4f2a-aa92-8d30c1a896c0,60694a33-64df-4703-bb1f-20bc3948e683,maintenance_completed,,,,,"{""kind"": ""preventive"", ""labor_cost"": 240, ""parts_cost"": 0, ""work_order_id"": ""3dc6bdac-1b11-41ee-bfdb-e798e3688d82""}",2026-03-27 09:58:00+00
c638a7ac-f838-41f9-808d-902f995cafbf,b56623e1-e600-49ad-8df4-452662607678,60694a33-64df-4703-bb1f-20bc3948e683,maintenance_completed,,,,,"{""kind"": ""preventive"", ""labor_cost"": 120, ""parts_cost"": 798, ""work_order_id"": ""aa18d4ec-7195-4b85-b9c2-8328be06ca87""}",2026-01-16 14:50:00+00
922ac7a5-5a1e-4541-95af-0aa817676345,b56623e1-e600-49ad-8df4-452662607678,60694a33-64df-4703-bb1f-20bc3948e683,maintenance_completed,,,,,"{""kind"": ""preventive"", ""labor_cost"": 360, ""parts_cost"": 0, ""work_order_id"": ""2e0fb9b6-ec69-4894-b055-c632b3caeba2""}",2026-07-19 16:28:00+00
3f65f31b-86e9-41a7-b05b-953b6ac0e58d,b56623e1-e600-49ad-8df4-452662607678,60694a33-64df-4703-bb1f-20bc3948e683,maintenance_completed,,,,,"{""kind"": ""corrective"", ""outcome"": ""repaired"", ""work_order_id"": ""b3ca0e03-4adf-457e-a83b-7cbb85200980"", ""downtime_minutes"": 798}",2026-07-11 16:54:10.142818+00
bfd77aed-a73d-4930-9a0b-d5237577dc46,cfc72e12-fcbf-40d6-bf14-67922dcc4a04,60694a33-64df-4703-bb1f-20bc3948e683,maintenance_completed,,,,,"{""kind"": ""preventive"", ""labor_cost"": 360, ""parts_cost"": 0, ""work_order_id"": ""505b2b72-acba-404a-97d1-1118a88118e5""}",2023-10-06 04:06:10.142818+00
aa3a9910-ad77-4e87-ba99-bdead17db50d,cfc72e12-fcbf-40d6-bf14-67922dcc4a04,60694a33-64df-4703-bb1f-20bc3948e683,maintenance_completed,,,,,"{""kind"": ""preventive"", ""labor_cost"": 120, ""parts_cost"": 0, ""work_order_id"": ""4f119b6e-fcd1-4a71-90da-7e928d783fd1""}",2024-04-01 01:08:10.142818+00
55cab525-6545-43a8-b59b-250931d63e21,cfc72e12-fcbf-40d6-bf14-67922dcc4a04,60694a33-64df-4703-bb1f-20bc3948e683,maintenance_completed,,,,,"{""kind"": ""preventive"", ""labor_cost"": 480, ""parts_cost"": 0, ""work_order_id"": ""9a14f2df-5340-40ad-8a84-89975c414154""}",2024-09-30 21:44:10.142818+00
a6008d4a-2a9a-47e8-b5d7-5ef64a89084c,cfc72e12-fcbf-40d6-bf14-67922dcc4a04,60694a33-64df-4703-bb1f-20bc3948e683,maintenance_completed,,,,,"{""kind"": ""preventive"", ""labor_cost"": 120, ""parts_cost"": 752, ""work_order_id"": ""6f371091-3b44-427e-adbf-c83b374aab96""}",2025-03-30 05:05:10.142818+00
27a657a0-6f23-4c51-a262-c1ac7febcc18,cfc72e12-fcbf-40d6-bf14-67922dcc4a04,60694a33-64df-4703-bb1f-20bc3948e683,maintenance_completed,,,,,"{""kind"": ""preventive"", ""labor_cost"": 240, ""parts_cost"": 0, ""work_order_id"": ""644fa690-3993-456a-ad5c-2b4ac1e46d4e""}",2025-09-30 01:46:10.142818+00
2ee45c70-9fe3-45f5-a3a8-3ff4d1511faf,cfc72e12-fcbf-40d6-bf14-67922dcc4a04,60694a33-64df-4703-bb1f-20bc3948e683,maintenance_completed,,,,,"{""kind"": ""preventive"", ""labor_cost"": 240, ""parts_cost"": 0, ""work_order_id"": ""f4e10d3e-c6fc-40d1-81dc-797f2b039d2c""}",2026-03-28 21:36:10.142818+00
e80fbde7-ef2f-48ae-927d-374f45f19ab1,d665aa34-1dd4-4ce5-bdc8-35f114226aba,60694a33-64df-4703-bb1f-20bc3948e683,maintenance_completed,,,,,"{""kind"": ""preventive"", ""labor_cost"": 480, ""parts_cost"": 675, ""work_order_id"": ""1239e534-2cb9-4deb-a00e-ce40b416f553""}",2023-11-24 00:00:10.142818+00
87e7be33-b49a-4abb-ac25-e9794445fd47,d665aa34-1dd4-4ce5-bdc8-35f114226aba,60694a33-64df-4703-bb1f-20bc3948e683,maintenance_completed,,,,,"{""kind"": ""preventive"", ""labor_cost"": 120, ""parts_cost"": 867, ""work_order_id"": ""878506e7-5dcf-4eb4-bb38-126b301b3b3c""}",2024-05-19 03:23:10.142818+00
a363af40-c000-4cb6-b036-af052722e68f,d665aa34-1dd4-4ce5-bdc8-35f114226aba,60694a33-64df-4703-bb1f-20bc3948e683,maintenance_completed,,,,,"{""kind"": ""preventive"", ""labor_cost"": 240, ""parts_cost"": 0, ""work_order_id"": ""2f324eeb-8486-4f7f-8987-1eba76986bd6""}",2024-11-20 01:33:10.142818+00
99c89499-3d27-4ba4-9535-994f874f68bd,d665aa34-1dd4-4ce5-bdc8-35f114226aba,60694a33-64df-4703-bb1f-20bc3948e683,maintenance_completed,,,,,"{""kind"": ""preventive"", ""labor_cost"": 360, ""parts_cost"": 0, ""work_order_id"": ""4d2b8c15-b95a-43d7-acd7-ebec2b6fba83""}",2025-05-12 02:05:10.142818+00
1dc06562-c6ba-4092-a2b9-bf66e7d3c871,d665aa34-1dd4-4ce5-bdc8-35f114226aba,60694a33-64df-4703-bb1f-20bc3948e683,maintenance_completed,,,,,"{""kind"": ""preventive"", ""labor_cost"": 240, ""parts_cost"": 0, ""work_order_id"": ""a35ab224-0d07-4e6c-93cf-da3fb591b43b""}",2025-11-12 01:19:10.142818+00
72c02114-7c27-49e8-968b-3cd41f1944cc,d665aa34-1dd4-4ce5-bdc8-35f114226aba,60694a33-64df-4703-bb1f-20bc3948e683,maintenance_completed,,,,,"{""kind"": ""preventive"", ""labor_cost"": 240, ""parts_cost"": 483, ""work_order_id"": ""9cbf5c9a-c8f6-4c2e-8d3b-70124be1eb1b""}",2026-05-10 05:18:10.142818+00
34ed570f-6859-49d1-8978-06e637213e81,df24033b-cd63-4f07-b572-956d7e526142,60694a33-64df-4703-bb1f-20bc3948e683,maintenance_completed,,,,,"{""kind"": ""preventive"", ""labor_cost"": 120, ""parts_cost"": 1034, ""work_order_id"": ""871791c9-e55f-4724-a3be-7b2733776031""}",2025-10-12 13:26:00+00
5c42e83f-24ad-49f6-b64e-f154fd2b8007,4b614724-1bd6-4d20-9a0d-9353a9280b10,60694a33-64df-4703-bb1f-20bc3948e683,maintenance_completed,,,,,"{""kind"": ""preventive"", ""labor_cost"": 480, ""parts_cost"": 0, ""work_order_id"": ""46f4b0ee-df3f-4010-9ca0-c920431df054""}",2024-05-09 10:32:00+00
2b762a01-a751-477a-9a7d-d071796cfe85,4b614724-1bd6-4d20-9a0d-9353a9280b10,60694a33-64df-4703-bb1f-20bc3948e683,maintenance_completed,,,,,"{""kind"": ""preventive"", ""labor_cost"": 120, ""parts_cost"": 0, ""work_order_id"": ""12148d20-d193-4c51-ae7a-3376623e2a1a""}",2025-05-03 15:02:00+00
87e2a9a0-b9a8-48b6-b901-3e6696360329,4b614724-1bd6-4d20-9a0d-9353a9280b10,60694a33-64df-4703-bb1f-20bc3948e683,maintenance_completed,,,,,"{""kind"": ""preventive"", ""labor_cost"": 480, ""parts_cost"": 0, ""work_order_id"": ""f145eb27-53c0-4f2f-b1d1-99ca4b8a82c5""}",2026-05-01 10:15:00+00
f3f91d80-b2e8-473c-b5ba-41dedb37824e,258bc94f-7a74-43f1-ba2c-839d856b65a4,60694a33-64df-4703-bb1f-20bc3948e683,maintenance_completed,,,,,"{""kind"": ""preventive"", ""labor_cost"": 480, ""parts_cost"": 0, ""work_order_id"": ""5f5d8208-68e2-4a56-a4c1-2ea6f7bf2743""}",2025-11-12 10:46:00+00
1a44f7df-82b1-4d9a-b323-6c8bf80da354,19376259-e7c6-474d-a274-b4a7dd0aa995,60694a33-64df-4703-bb1f-20bc3948e683,maintenance_completed,,,,,"{""kind"": ""preventive"", ""labor_cost"": 120, ""parts_cost"": 812, ""work_order_id"": ""7240c9d9-be91-4fb7-bf69-3861f74b3195""}",2024-05-05 01:36:10.142818+00
dcdfcd26-1849-449c-b2d1-8887bb7e7ea7,19376259-e7c6-474d-a274-b4a7dd0aa995,60694a33-64df-4703-bb1f-20bc3948e683,maintenance_completed,,,,,"{""kind"": ""preventive"", ""labor_cost"": 120, ""parts_cost"": 0, ""work_order_id"": ""974fcaab-61cf-432c-88ca-eac9f4376026""}",2025-05-05 01:25:10.142818+00
f93068ae-0a61-4735-aa46-f456ca5fa8a8,19376259-e7c6-474d-a274-b4a7dd0aa995,60694a33-64df-4703-bb1f-20bc3948e683,maintenance_completed,,,,,"{""kind"": ""preventive"", ""labor_cost"": 240, ""parts_cost"": 0, ""work_order_id"": ""944636e0-0302-4dc1-9c2d-5375a98048f1""}",2026-05-09 00:33:10.142818+00
e7847692-54e0-4051-b3a2-880f89a60b88,19376259-e7c6-474d-a274-b4a7dd0aa995,60694a33-64df-4703-bb1f-20bc3948e683,maintenance_completed,,,,,"{""kind"": ""corrective"", ""outcome"": ""cleaned and reconfigured"", ""work_order_id"": ""32949564-0725-419a-b70e-2d3356ebdf47"", ""downtime_minutes"": 2549}",2024-10-21 20:05:10.142818+00
338e19ac-32f4-4214-a4fa-a547e30b9676,4098a313-3526-4a48-b037-63d4b65f1bd8,60694a33-64df-4703-bb1f-20bc3948e683,maintenance_completed,,,,,"{""kind"": ""preventive"", ""labor_cost"": 120, ""parts_cost"": 0, ""work_order_id"": ""9a2a3e99-cace-4b0c-8eef-2c2203679a88""}",2024-07-31 10:39:00+00
08ceafd3-7af5-4b7e-97eb-4beebd116395,4098a313-3526-4a48-b037-63d4b65f1bd8,60694a33-64df-4703-bb1f-20bc3948e683,maintenance_completed,,,,,"{""kind"": ""preventive"", ""labor_cost"": 120, ""parts_cost"": 0, ""work_order_id"": ""57667a9f-8348-4feb-899a-f05ca3bf66ce""}",2025-07-25 14:00:00+00
36945ee4-2c1b-4564-ad6c-5f0357d92339,4098a313-3526-4a48-b037-63d4b65f1bd8,60694a33-64df-4703-bb1f-20bc3948e683,maintenance_completed,,,,,"{""kind"": ""preventive"", ""labor_cost"": 480, ""parts_cost"": 875, ""work_order_id"": ""5b59e67c-2c3f-4bc4-8359-853a472c35f4""}",2026-07-28 10:55:00+00
37ef5cb0-4581-429a-8adf-5a1b0f6542a0,4098a313-3526-4a48-b037-63d4b65f1bd8,60694a33-64df-4703-bb1f-20bc3948e683,maintenance_completed,,,,,"{""kind"": ""corrective"", ""outcome"": ""repaired"", ""work_order_id"": ""9e9d109c-31c6-401b-95e0-7e4bb6e043aa"", ""downtime_minutes"": 451}",2025-01-07 09:07:10.142818+00
72e4af8e-184f-4df2-bfa4-749e2ce167e0,4098a313-3526-4a48-b037-63d4b65f1bd8,60694a33-64df-4703-bb1f-20bc3948e683,maintenance_completed,,,,,"{""kind"": ""corrective"", ""outcome"": ""escalated to supplier"", ""work_order_id"": ""b1fbccd8-483e-4bdb-a38b-cf377691bcc4"", ""downtime_minutes"": 1463}",2025-08-09 20:59:10.142818+00
c752beba-299b-4189-8d2d-a637b9d1312b,4098a313-3526-4a48-b037-63d4b65f1bd8,60694a33-64df-4703-bb1f-20bc3948e683,maintenance_completed,,,,,"{""kind"": ""corrective"", ""outcome"": ""repaired"", ""work_order_id"": ""5cfe1358-292a-4857-8039-0e4709cdb417"", ""downtime_minutes"": 1785}",2024-12-04 02:21:10.142818+00
5e038e69-bf7f-4989-80cc-833ee477cedf,ab65e716-a553-4163-8e14-81d2954dd14a,60694a33-64df-4703-bb1f-20bc3948e683,maintenance_completed,,,,,"{""kind"": ""preventive"", ""labor_cost"": 360, ""parts_cost"": 546, ""work_order_id"": ""e6f072a6-6183-4b5f-8179-98fdcc4c4f9c""}",2023-11-23 02:39:10.142818+00
9978da1e-1f88-49ce-95a9-a9d47c722844,ab65e716-a553-4163-8e14-81d2954dd14a,60694a33-64df-4703-bb1f-20bc3948e683,maintenance_completed,,,,,"{""kind"": ""preventive"", ""labor_cost"": 240, ""parts_cost"": 0, ""work_order_id"": ""c245ecd9-6679-4191-8cb7-720b888fadde""}",2024-11-15 23:31:10.142818+00
7c9aede7-a440-4bc4-a7fb-67709e7758a2,ab65e716-a553-4163-8e14-81d2954dd14a,60694a33-64df-4703-bb1f-20bc3948e683,maintenance_completed,,,,,"{""kind"": ""preventive"", ""labor_cost"": 480, ""parts_cost"": 651, ""work_order_id"": ""cdd7914a-2837-4d7c-9142-8098f9fcbb70""}",2025-11-14 00:23:10.142818+00
07edd903-bf5a-44bc-ae0a-514d0c98d9a3,ab65e716-a553-4163-8e14-81d2954dd14a,60694a33-64df-4703-bb1f-20bc3948e683,maintenance_completed,,,,,"{""kind"": ""corrective"", ""outcome"": ""escalated to supplier"", ""work_order_id"": ""a5595847-6dd0-4936-af7f-b32811c371b8"", ""downtime_minutes"": 2241}",2025-03-18 09:57:10.142818+00
fb4f9a48-6c43-49c4-b2f3-a16e144107eb,ab65e716-a553-4163-8e14-81d2954dd14a,60694a33-64df-4703-bb1f-20bc3948e683,maintenance_completed,,,,,"{""kind"": ""corrective"", ""outcome"": ""cleaned and reconfigured"", ""work_order_id"": ""020b696b-44f1-47ae-b610-d35ef1a630bb"", ""downtime_minutes"": 1690}",2026-08-05 06:46:10.142818+00
759b1555-9688-4f18-941f-969a9b140953,ab65e716-a553-4163-8e14-81d2954dd14a,60694a33-64df-4703-bb1f-20bc3948e683,maintenance_completed,,,,,"{""kind"": ""corrective"", ""outcome"": ""cleaned and reconfigured"", ""work_order_id"": ""fa4b4dc0-9d31-4985-9efd-bc649bd5c7ef"", ""downtime_minutes"": 227}",2024-02-06 02:23:10.142818+00
08c2a0a1-1b94-4f4f-95ab-7d32b391585a,acc30ced-aad3-45a5-9adb-8b1b9e5928fd,60694a33-64df-4703-bb1f-20bc3948e683,maintenance_completed,,,,,"{""kind"": ""preventive"", ""labor_cost"": 360, ""parts_cost"": 701, ""work_order_id"": ""6baff788-cd86-43c6-b4e9-f2b5fda18b0f""}",2023-12-13 22:28:10.142818+00
b860a149-f2dc-4d78-9636-69c820f9b787,dc0fc700-5aa9-4efc-9307-56f149b156a7,60694a33-64df-4703-bb1f-20bc3948e683,maintenance_completed,,,,,"{""kind"": ""preventive"", ""labor_cost"": 120, ""parts_cost"": 345, ""work_order_id"": ""7111ff4b-46d8-4520-a108-2af5aa542092""}",2024-05-07 03:00:10.142818+00
c9067110-3808-4462-ac34-8491140af8ee,dc0fc700-5aa9-4efc-9307-56f149b156a7,60694a33-64df-4703-bb1f-20bc3948e683,maintenance_completed,,,,,"{""kind"": ""preventive"", ""labor_cost"": 360, ""parts_cost"": 0, ""work_order_id"": ""42d0324d-86e6-4d1e-a553-df7cc319c9dd""}",2025-05-06 01:47:10.142818+00
5a565dfd-dca3-4b55-8598-379d535d1f01,dc0fc700-5aa9-4efc-9307-56f149b156a7,60694a33-64df-4703-bb1f-20bc3948e683,maintenance_completed,,,,,"{""kind"": ""preventive"", ""labor_cost"": 240, ""parts_cost"": 0, ""work_order_id"": ""d5e0b129-0eb5-4ed4-bc19-8c764d4665d4""}",2026-05-08 23:27:10.142818+00
4dc0bca1-c311-4493-9aa2-1cd6956c0309,dc33516b-7ef5-4ab7-ba42-8a67085316cf,60694a33-64df-4703-bb1f-20bc3948e683,maintenance_completed,,,,,"{""kind"": ""preventive"", ""labor_cost"": 360, ""parts_cost"": 0, ""work_order_id"": ""965c1c76-6d0d-441f-8d9d-b965198ac5cb""}",2023-12-22 04:13:10.142818+00
e1f2215b-2452-46fd-8773-2ad84930fded,dc33516b-7ef5-4ab7-ba42-8a67085316cf,60694a33-64df-4703-bb1f-20bc3948e683,maintenance_completed,,,,,"{""kind"": ""preventive"", ""labor_cost"": 480, ""parts_cost"": 0, ""work_order_id"": ""03435c76-7db2-4ae6-834f-754fb4ea1168""}",2024-12-20 04:17:10.142818+00
29fb6b5e-7184-443d-a3d3-670381aac490,dc33516b-7ef5-4ab7-ba42-8a67085316cf,60694a33-64df-4703-bb1f-20bc3948e683,maintenance_completed,,,,,"{""kind"": ""preventive"", ""labor_cost"": 120, ""parts_cost"": 0, ""work_order_id"": ""f9d9cbe1-ea77-4e04-b0ec-5fed01590db8""}",2025-12-24 01:31:10.142818+00
fe58a150-6df6-4103-a4ca-60c84a199170,dc33516b-7ef5-4ab7-ba42-8a67085316cf,60694a33-64df-4703-bb1f-20bc3948e683,maintenance_completed,,,,,"{""kind"": ""corrective"", ""outcome"": ""repaired"", ""work_order_id"": ""b3965543-6ed8-4009-b0dc-9cab1f394d14"", ""downtime_minutes"": 2780}",2025-06-25 01:56:10.142818+00
2c97cb26-b22b-4948-aaaa-79e02de3d713,dc33516b-7ef5-4ab7-ba42-8a67085316cf,60694a33-64df-4703-bb1f-20bc3948e683,maintenance_completed,,,,,"{""kind"": ""corrective"", ""outcome"": ""part replaced"", ""work_order_id"": ""eaa36008-f0c1-4af5-9b66-c4e14cb96fc6"", ""downtime_minutes"": 2499}",2026-06-29 18:15:10.142818+00
6ae3d0b5-2a93-4ede-8010-4c59ce72794b,dc33516b-7ef5-4ab7-ba42-8a67085316cf,60694a33-64df-4703-bb1f-20bc3948e683,maintenance_completed,,,,,"{""kind"": ""corrective"", ""outcome"": ""repaired"", ""work_order_id"": ""9551c58e-3b69-4a97-9700-d07f66fcec4e"", ""downtime_minutes"": 2586}",2024-02-19 19:42:10.142818+00
64b04a0b-16ce-4955-8eba-ce98b9e50a7e,ade45384-6902-4859-b141-c33368d487e4,60694a33-64df-4703-bb1f-20bc3948e683,maintenance_completed,,,,,"{""kind"": ""preventive"", ""labor_cost"": 480, ""parts_cost"": 0, ""work_order_id"": ""b57d43e5-7a01-48c2-acea-c90c40d86e1d""}",2025-06-04 14:31:00+00
3fcfb4e8-a6dd-408c-b211-2fa7f7e92e7a,ade45384-6902-4859-b141-c33368d487e4,60694a33-64df-4703-bb1f-20bc3948e683,maintenance_completed,,,,,"{""kind"": ""preventive"", ""labor_cost"": 360, ""parts_cost"": 0, ""work_order_id"": ""d2e6edaa-6efe-48ef-9846-8c32ace40415""}",2026-06-10 15:59:00+00
aa7bd45e-e87e-4911-95da-c004a8892a11,8b894a48-f7a5-48c0-b378-441c6254db45,60694a33-64df-4703-bb1f-20bc3948e683,maintenance_completed,,,,,"{""kind"": ""preventive"", ""labor_cost"": 360, ""parts_cost"": 359, ""work_order_id"": ""66a88871-c615-483d-8f52-f0cd4f670f97""}",2024-10-20 16:23:00+00
a683b881-8736-4ad5-aa65-6418a9c7b906,8b894a48-f7a5-48c0-b378-441c6254db45,60694a33-64df-4703-bb1f-20bc3948e683,maintenance_completed,,,,,"{""kind"": ""preventive"", ""labor_cost"": 240, ""parts_cost"": 0, ""work_order_id"": ""4b1bfdff-1f4c-4582-8704-361a2ad3fb80""}",2025-10-19 09:37:00+00
c65b2c09-41f3-47dc-8590-ef6ee1a4f3e8,3ce9eaa4-4252-40cd-a354-288ba4a4d128,60694a33-64df-4703-bb1f-20bc3948e683,maintenance_completed,,,,,"{""kind"": ""preventive"", ""labor_cost"": 240, ""parts_cost"": 0, ""work_order_id"": ""082dd387-b715-4dc8-af70-d1f4a6580502""}",2024-07-30 00:53:10.142818+00
deb0eba4-cda3-49a6-a36d-96ae87e7323c,3ce9eaa4-4252-40cd-a354-288ba4a4d128,60694a33-64df-4703-bb1f-20bc3948e683,maintenance_completed,,,,,"{""kind"": ""preventive"", ""labor_cost"": 120, ""parts_cost"": 0, ""work_order_id"": ""fc749408-4726-408e-b612-abb935b9145d""}",2025-07-27 04:28:10.142818+00
988d9135-28e3-4239-81c2-4684baaab83c,3ce9eaa4-4252-40cd-a354-288ba4a4d128,60694a33-64df-4703-bb1f-20bc3948e683,maintenance_completed,,,,,"{""kind"": ""preventive"", ""labor_cost"": 480, ""parts_cost"": 906, ""work_order_id"": ""cd6e688d-fbcf-488d-abc6-ef59d6704400""}",2026-07-31 02:15:10.142818+00
a98082b5-3802-48e6-95ae-1b35035606d1,3ce9eaa4-4252-40cd-a354-288ba4a4d128,60694a33-64df-4703-bb1f-20bc3948e683,maintenance_completed,,,,,"{""kind"": ""corrective"", ""outcome"": ""no fault found"", ""work_order_id"": ""ee6f328b-0e6b-4f70-a14c-fde5f3a1d0a2"", ""downtime_minutes"": 1900}",2024-09-23 04:16:10.142818+00
b212c77e-ef67-493b-8054-f2f3da2cc9f6,6069757f-cd21-439d-8ac9-f9e3e7692ac4,60694a33-64df-4703-bb1f-20bc3948e683,maintenance_completed,,,,,"{""kind"": ""preventive"", ""labor_cost"": 480, ""parts_cost"": 612, ""work_order_id"": ""8c2a9add-e430-4ed5-8579-2dcce780c445""}",2025-05-04 14:18:00+00
ddca28a2-550d-4c93-9c4f-41af9b8976be,6069757f-cd21-439d-8ac9-f9e3e7692ac4,60694a33-64df-4703-bb1f-20bc3948e683,maintenance_completed,,,,,"{""kind"": ""preventive"", ""labor_cost"": 360, ""parts_cost"": 0, ""work_order_id"": ""e90c226d-162b-433a-8c4d-569b6c9b1de3""}",2026-05-02 16:46:00+00
330692ed-5bbf-41ed-85aa-9b7d91d5b360,b67ba49d-5a99-43d3-a29d-4bcb36416da3,60694a33-64df-4703-bb1f-20bc3948e683,maintenance_completed,,,,,"{""kind"": ""preventive"", ""labor_cost"": 240, ""parts_cost"": 0, ""work_order_id"": ""45d49260-6294-4973-a05a-93be671ea762""}",2024-08-20 04:36:10.142818+00
10bbfc75-ab87-4782-98b7-56de5b4d9e38,b67ba49d-5a99-43d3-a29d-4bcb36416da3,60694a33-64df-4703-bb1f-20bc3948e683,maintenance_completed,,,,,"{""kind"": ""preventive"", ""labor_cost"": 120, ""parts_cost"": 956, ""work_order_id"": ""3ef734fc-5b35-4839-8a9c-53975f65ad2c""}",2025-08-22 21:25:10.142818+00
293e81d8-d0a1-4139-a379-4d4aa37adfab,b67ba49d-5a99-43d3-a29d-4bcb36416da3,60694a33-64df-4703-bb1f-20bc3948e683,maintenance_completed,,,,,"{""kind"": ""preventive"", ""labor_cost"": 120, ""parts_cost"": 0, ""work_order_id"": ""8fd79677-430c-4a1f-b1a7-57a5157bd3e2""}",2026-08-23 04:25:10.142818+00
2fc2317a-06dd-4e20-ac10-60c3136cdd09,b67ba49d-5a99-43d3-a29d-4bcb36416da3,60694a33-64df-4703-bb1f-20bc3948e683,maintenance_completed,,,,,"{""kind"": ""corrective"", ""outcome"": ""escalated to supplier"", ""work_order_id"": ""4700a5df-3853-4d43-8ce0-69c74b35d5fe"", ""downtime_minutes"": 2035}",2024-07-21 12:31:10.142818+00
f39d01d4-e3ef-4b7c-81e6-66cc1579e8f4,eb79ed9c-6c26-44a9-87c9-3fd848f081af,60694a33-64df-4703-bb1f-20bc3948e683,maintenance_completed,,,,,"{""kind"": ""preventive"", ""labor_cost"": 120, ""parts_cost"": 839, ""work_order_id"": ""45204f9b-a0a5-407f-9388-515e841ae26c""}",2024-05-25 01:14:10.142818+00
98197ae4-2cd1-47e6-bbda-bebbd9e1b2f1,eb79ed9c-6c26-44a9-87c9-3fd848f081af,60694a33-64df-4703-bb1f-20bc3948e683,maintenance_completed,,,,,"{""kind"": ""preventive"", ""labor_cost"": 360, ""parts_cost"": 381, ""work_order_id"": ""f8ba8130-443a-414a-8a59-e6cbe76301e0""}",2025-05-28 23:35:10.142818+00
4d12ae2a-3df5-4408-90f8-519d15e4adcc,eb79ed9c-6c26-44a9-87c9-3fd848f081af,60694a33-64df-4703-bb1f-20bc3948e683,maintenance_completed,,,,,"{""kind"": ""preventive"", ""labor_cost"": 480, ""parts_cost"": 0, ""work_order_id"": ""9f35590a-00de-46f9-b9a2-045a07c4d4f6""}",2026-05-29 00:34:10.142818+00
8d2e751e-6852-4091-b1e8-8c67bdfe1bd7,eb79ed9c-6c26-44a9-87c9-3fd848f081af,60694a33-64df-4703-bb1f-20bc3948e683,maintenance_completed,,,,,"{""kind"": ""corrective"", ""outcome"": ""escalated to supplier"", ""work_order_id"": ""2a7c6c87-1066-4e83-b5cc-a3b6590c9a7d"", ""downtime_minutes"": 1306}",2025-11-05 00:22:10.142818+00
2b06ad98-62be-48ec-b5b9-14aa9de96a70,bb567931-c2a0-435a-9c53-b9a5fd409f8a,60694a33-64df-4703-bb1f-20bc3948e683,maintenance_completed,,,,,"{""kind"": ""preventive"", ""labor_cost"": 120, ""parts_cost"": 0, ""work_order_id"": ""3ba2b9b7-771b-45e8-b071-424b39061679""}",2023-12-10 22:39:10.142818+00
3c8d08f2-5431-4886-91d3-e01fb5883d44,bb567931-c2a0-435a-9c53-b9a5fd409f8a,60694a33-64df-4703-bb1f-20bc3948e683,maintenance_completed,,,,,"{""kind"": ""preventive"", ""labor_cost"": 480, ""parts_cost"": 0, ""work_order_id"": ""adbf96ec-14e3-4e77-af04-2e8e8404cbb7""}",2024-12-12 03:28:10.142818+00
497ac5ef-6b64-4c52-99f1-2ba3045c5de7,bb567931-c2a0-435a-9c53-b9a5fd409f8a,60694a33-64df-4703-bb1f-20bc3948e683,maintenance_completed,,,,,"{""kind"": ""preventive"", ""labor_cost"": 120, ""parts_cost"": 0, ""work_order_id"": ""7810f2a2-4009-461f-a2fe-8f6fe3180057""}",2025-12-08 23:32:10.142818+00
d7a9f6fa-0450-426e-bcfd-1b77a0503d8e,bb567931-c2a0-435a-9c53-b9a5fd409f8a,60694a33-64df-4703-bb1f-20bc3948e683,maintenance_completed,,,,,"{""kind"": ""corrective"", ""outcome"": ""no fault found"", ""work_order_id"": ""4836df8a-f2fd-47f1-a3a5-0a5e3c89b489"", ""downtime_minutes"": 2505}",2026-03-30 19:21:10.142818+00
01ad8917-7f9a-43cb-8ada-c83ca5dd0567,bb567931-c2a0-435a-9c53-b9a5fd409f8a,60694a33-64df-4703-bb1f-20bc3948e683,maintenance_completed,,,,,"{""kind"": ""corrective"", ""outcome"": ""no fault found"", ""work_order_id"": ""03cbca1d-f5b8-4cee-b78f-636f5d19777a"", ""downtime_minutes"": 2305}",2026-04-05 18:01:10.142818+00
bee35051-1190-4019-9b28-8d74453643a9,bb567931-c2a0-435a-9c53-b9a5fd409f8a,60694a33-64df-4703-bb1f-20bc3948e683,maintenance_completed,,,,,"{""kind"": ""corrective"", ""outcome"": ""no fault found"", ""work_order_id"": ""3a6ccd84-a3ac-4bde-8cf4-b462a2852d11"", ""downtime_minutes"": 234}",2025-10-29 04:30:10.142818+00
23a7327a-adbc-4ffe-91d8-5671bf3baa59,3ed7d4f8-3cf0-473e-b99c-41174bfcb033,60694a33-64df-4703-bb1f-20bc3948e683,maintenance_completed,,,,,"{""kind"": ""preventive"", ""labor_cost"": 240, ""parts_cost"": 301, ""work_order_id"": ""7a0f316e-5b4c-478e-82b2-91b15bf12eeb""}",2023-12-26 23:03:10.142818+00
b587aaf3-f09d-4f57-a25f-592612b2a563,3ed7d4f8-3cf0-473e-b99c-41174bfcb033,60694a33-64df-4703-bb1f-20bc3948e683,maintenance_completed,,,,,"{""kind"": ""preventive"", ""labor_cost"": 480, ""parts_cost"": 0, ""work_order_id"": ""6e34bd9d-ce40-42ab-8700-dc841db966f3""}",2024-12-25 22:07:10.142818+00
f7d44a18-c650-475d-a9ae-39ba10b87095,3ed7d4f8-3cf0-473e-b99c-41174bfcb033,60694a33-64df-4703-bb1f-20bc3948e683,maintenance_completed,,,,,"{""kind"": ""preventive"", ""labor_cost"": 360, ""parts_cost"": 0, ""work_order_id"": ""c462c8de-62d2-4e77-82ef-9c20ff760971""}",2025-12-26 02:20:10.142818+00
21255026-487a-4bf3-a762-c9cb216f3bb6,3ed7d4f8-3cf0-473e-b99c-41174bfcb033,60694a33-64df-4703-bb1f-20bc3948e683,maintenance_completed,,,,,"{""kind"": ""corrective"", ""outcome"": ""escalated to supplier"", ""work_order_id"": ""f25b02dc-e11f-4311-a857-8fca79bb82cb"", ""downtime_minutes"": 2217}",2024-08-25 12:33:10.142818+00
9d4e10b3-d485-4194-ac5b-5e97ab95fc07,30a265bf-80e0-4b58-b2bc-109fb2ad3f0c,60694a33-64df-4703-bb1f-20bc3948e683,maintenance_completed,,,,,"{""kind"": ""preventive"", ""labor_cost"": 240, ""parts_cost"": 199, ""work_order_id"": ""4095049b-7a9d-42b9-98a0-7dbba4f0ef29""}",2025-04-10 11:48:00+00
fa19fc07-96e6-4562-a5b7-245d3a6e238b,30a265bf-80e0-4b58-b2bc-109fb2ad3f0c,60694a33-64df-4703-bb1f-20bc3948e683,maintenance_completed,,,,,"{""kind"": ""preventive"", ""labor_cost"": 240, ""parts_cost"": 1008, ""work_order_id"": ""f25d333f-99bb-4983-8a5f-a1c3efa92fdb""}",2026-04-14 14:27:00+00
6293e442-ca0c-4cca-8d00-005d66dd4417,b4e30e96-1933-41e2-9ffd-614c7b67316a,60694a33-64df-4703-bb1f-20bc3948e683,maintenance_completed,,,,,"{""kind"": ""preventive"", ""labor_cost"": 480, ""parts_cost"": 359, ""work_order_id"": ""f37c1ac6-f24a-4b46-a134-52de4675f2da""}",2024-08-08 01:23:10.142818+00
b61f653f-8414-43f0-9e69-4768962e6bc4,b4e30e96-1933-41e2-9ffd-614c7b67316a,60694a33-64df-4703-bb1f-20bc3948e683,maintenance_completed,,,,,"{""kind"": ""preventive"", ""labor_cost"": 120, ""parts_cost"": 696, ""work_order_id"": ""bb0fbc8d-c8dd-46c4-a6d8-eaac16178d7e""}",2025-08-03 02:24:10.142818+00
504e43d6-5349-47a0-a57f-cfac1ce07055,b4e30e96-1933-41e2-9ffd-614c7b67316a,60694a33-64df-4703-bb1f-20bc3948e683,maintenance_completed,,,,,"{""kind"": ""preventive"", ""labor_cost"": 240, ""parts_cost"": 245, ""work_order_id"": ""930f33f9-10eb-448a-8b97-6a3169609b05""}",2026-08-05 23:23:10.142818+00
ebb93538-300a-4316-b3f7-ddd226df288a,d255a2f3-289b-49ea-8952-48145ddd3b66,60694a33-64df-4703-bb1f-20bc3948e683,maintenance_completed,,,,,"{""kind"": ""preventive"", ""labor_cost"": 120, ""parts_cost"": 0, ""work_order_id"": ""4a7154b2-ea30-4ffb-abaa-08848f55991f""}",2024-02-08 02:23:10.142818+00
a62dc5d0-705b-43f8-a415-b7811414b4c3,d255a2f3-289b-49ea-8952-48145ddd3b66,60694a33-64df-4703-bb1f-20bc3948e683,maintenance_completed,,,,,"{""kind"": ""preventive"", ""labor_cost"": 120, ""parts_cost"": 154, ""work_order_id"": ""c6ea8837-adb3-41b4-b9be-9f48a303a8b8""}",2025-02-07 04:17:10.142818+00
b37d5ba4-dbbf-4893-9e1e-79db5b587660,d255a2f3-289b-49ea-8952-48145ddd3b66,60694a33-64df-4703-bb1f-20bc3948e683,maintenance_completed,,,,,"{""kind"": ""preventive"", ""labor_cost"": 240, ""parts_cost"": 0, ""work_order_id"": ""b0d304fb-7642-426d-ac2d-e91ec9bc5666""}",2026-02-05 03:42:10.142818+00
808d37f7-ec79-4a5d-ad9f-9c44f2ba2f0c,d255a2f3-289b-49ea-8952-48145ddd3b66,60694a33-64df-4703-bb1f-20bc3948e683,maintenance_completed,,,,,"{""kind"": ""corrective"", ""outcome"": ""no fault found"", ""work_order_id"": ""5471c644-a9b1-466f-adb0-c498eed475b2"", ""downtime_minutes"": 894}",2024-06-09 18:30:10.142818+00
74464cad-042e-40c6-94a3-25bb539f796d,d255a2f3-289b-49ea-8952-48145ddd3b66,60694a33-64df-4703-bb1f-20bc3948e683,maintenance_completed,,,,,"{""kind"": ""corrective"", ""outcome"": ""cleaned and reconfigured"", ""work_order_id"": ""20a9cf3d-cb33-4874-8cd5-ee7d875e785a"", ""downtime_minutes"": 2054}",2024-06-12 09:50:10.142818+00
f5286316-9720-4154-8e0b-753b2cc3776b,17a2734c-6aa6-48c0-84f5-1b0e160aec8e,60694a33-64df-4703-bb1f-20bc3948e683,maintenance_completed,,,,,"{""kind"": ""preventive"", ""labor_cost"": 240, ""parts_cost"": 0, ""work_order_id"": ""493132de-e817-4785-afef-b9fd0335bcf4""}",2024-02-11 01:49:10.142818+00
18488aa3-e72c-4287-a81c-eb3a7530831f,17a2734c-6aa6-48c0-84f5-1b0e160aec8e,60694a33-64df-4703-bb1f-20bc3948e683,maintenance_completed,,,,,"{""kind"": ""preventive"", ""labor_cost"": 480, ""parts_cost"": 0, ""work_order_id"": ""c3079fee-efbe-429c-a1ac-8da708ce3d5f""}",2025-02-10 21:56:10.142818+00
f82b6353-32b9-437f-871d-415fdbeaf43f,17a2734c-6aa6-48c0-84f5-1b0e160aec8e,60694a33-64df-4703-bb1f-20bc3948e683,maintenance_completed,,,,,"{""kind"": ""preventive"", ""labor_cost"": 240, ""parts_cost"": 0, ""work_order_id"": ""c811bfed-74d2-431a-a17f-f380b2eb3593""}",2026-02-07 02:33:10.142818+00
37fd0a15-3c1b-4d2c-857d-9fa09b4a6779,e51260f5-0015-4e26-88f9-5a64df4c33dc,60694a33-64df-4703-bb1f-20bc3948e683,maintenance_completed,,,,,"{""kind"": ""preventive"", ""labor_cost"": 360, ""parts_cost"": 0, ""work_order_id"": ""e962300b-2ff2-4ec2-8926-76eed22ce1af""}",2025-07-29 14:40:00+00
946b4c04-1b17-48b1-b04e-6ef1af4ba1e8,e51260f5-0015-4e26-88f9-5a64df4c33dc,60694a33-64df-4703-bb1f-20bc3948e683,maintenance_completed,,,,,"{""kind"": ""preventive"", ""labor_cost"": 360, ""parts_cost"": 0, ""work_order_id"": ""8ce29ca3-09ed-434f-b0a3-2bd7fd42f8b8""}",2026-07-26 16:39:00+00
5401a10d-3bad-4db6-8575-ae59e937037f,e51260f5-0015-4e26-88f9-5a64df4c33dc,60694a33-64df-4703-bb1f-20bc3948e683,maintenance_completed,,,,,"{""kind"": ""corrective"", ""outcome"": ""no fault found"", ""work_order_id"": ""03cdbfa8-15a8-4a08-a06f-262823ce3760"", ""downtime_minutes"": 2684}",2025-09-14 00:20:10.142818+00
3be4a192-4ae4-4e17-932c-621fd32c16b1,4583c822-fe79-46d2-a2e8-d81a024ecca1,60694a33-64df-4703-bb1f-20bc3948e683,maintenance_completed,,,,,"{""kind"": ""preventive"", ""labor_cost"": 480, ""parts_cost"": 0, ""work_order_id"": ""66ed8843-f03c-4b6f-8e4e-b1eaa11dcc21""}",2024-09-06 01:08:10.142818+00
2ff9c4cf-88b4-44b8-9faf-3c7f0d766467,4583c822-fe79-46d2-a2e8-d81a024ecca1,60694a33-64df-4703-bb1f-20bc3948e683,maintenance_completed,,,,,"{""kind"": ""preventive"", ""labor_cost"": 480, ""parts_cost"": 780, ""work_order_id"": ""05408fc8-bf3c-4aa6-b175-077ab354a5f7""}",2025-09-13 01:58:10.142818+00
e2e27f1c-e1d7-49e7-8fec-a4466af5436c,4583c822-fe79-46d2-a2e8-d81a024ecca1,60694a33-64df-4703-bb1f-20bc3948e683,maintenance_completed,,,,,"{""kind"": ""preventive"", ""labor_cost"": 360, ""parts_cost"": 0, ""work_order_id"": ""60b44314-6524-4f6a-bdc1-bb4be0488473""}",2026-09-08 04:31:10.142818+00
e79c2b94-fefa-4ebd-9340-7cfc07bb1e44,4583c822-fe79-46d2-a2e8-d81a024ecca1,60694a33-64df-4703-bb1f-20bc3948e683,maintenance_completed,,,,,"{""kind"": ""corrective"", ""outcome"": ""repaired"", ""work_order_id"": ""0f079b87-4dc7-48d2-a661-7adeaa511a97"", ""downtime_minutes"": 1950}",2024-08-04 12:06:10.142818+00
438823fb-a88e-4f1c-a1ed-870b9752e055,4583c822-fe79-46d2-a2e8-d81a024ecca1,60694a33-64df-4703-bb1f-20bc3948e683,maintenance_completed,,,,,"{""kind"": ""corrective"", ""outcome"": ""part replaced"", ""work_order_id"": ""bbb6bf09-fd55-4a1f-853b-04616f1a75f9"", ""downtime_minutes"": 1003}",2024-11-11 15:19:10.142818+00
268abab6-f355-47ce-a90c-32aa849b03d1,fa0fde54-e0ec-48fd-b277-26f430e908a9,60694a33-64df-4703-bb1f-20bc3948e683,maintenance_completed,,,,,"{""kind"": ""preventive"", ""labor_cost"": 480, ""parts_cost"": 0, ""work_order_id"": ""a718cfe3-1738-430c-a488-cf2ffb22cfc7""}",2023-12-04 23:01:10.142818+00
2da6e6c8-aa4f-4d6f-9528-3f389c2372ad,fa0fde54-e0ec-48fd-b277-26f430e908a9,60694a33-64df-4703-bb1f-20bc3948e683,maintenance_completed,,,,,"{""kind"": ""preventive"", ""labor_cost"": 120, ""parts_cost"": 0, ""work_order_id"": ""302670af-63b8-4a43-a4c5-7c9321b6ff94""}",2024-12-03 23:12:10.142818+00
503d152e-c8a6-4c4b-830f-6ccb2726b0b8,fa0fde54-e0ec-48fd-b277-26f430e908a9,60694a33-64df-4703-bb1f-20bc3948e683,maintenance_completed,,,,,"{""kind"": ""preventive"", ""labor_cost"": 120, ""parts_cost"": 0, ""work_order_id"": ""e9888733-37e4-480e-9d39-6513e82ede7b""}",2025-12-02 23:17:10.142818+00
fe6ccc68-0585-42ab-b4ba-76cc27f5abca,a379b836-3bd9-412f-82dd-3bdeef2c9290,60694a33-64df-4703-bb1f-20bc3948e683,maintenance_completed,,,,,"{""kind"": ""preventive"", ""labor_cost"": 120, ""parts_cost"": 0, ""work_order_id"": ""9bdfd10a-0911-4378-a587-7c33ef115c15""}",2024-08-01 02:14:10.142818+00
faed793a-20e1-42d4-adad-3dca68771112,a379b836-3bd9-412f-82dd-3bdeef2c9290,60694a33-64df-4703-bb1f-20bc3948e683,maintenance_completed,,,,,"{""kind"": ""preventive"", ""labor_cost"": 480, ""parts_cost"": 0, ""work_order_id"": ""508bf0e4-8e58-4c5d-92e1-48ca0da27272""}",2025-07-31 03:34:10.142818+00
7c84a64d-6c17-41d3-a074-83775195a6be,a379b836-3bd9-412f-82dd-3bdeef2c9290,60694a33-64df-4703-bb1f-20bc3948e683,maintenance_completed,,,,,"{""kind"": ""preventive"", ""labor_cost"": 360, ""parts_cost"": 0, ""work_order_id"": ""54365ace-c3a7-45fc-8f47-288e37797cf2""}",2026-07-25 23:37:10.142818+00
089d2bdf-8c45-40bf-a368-4d49e0497949,a379b836-3bd9-412f-82dd-3bdeef2c9290,60694a33-64df-4703-bb1f-20bc3948e683,maintenance_completed,,,,,"{""kind"": ""corrective"", ""outcome"": ""escalated to supplier"", ""work_order_id"": ""ad3f13e2-8114-4b32-9eec-a2c0289d9ff3"", ""downtime_minutes"": 2765}",2025-07-22 20:41:10.142818+00
0941ab61-d9c0-4650-b2d2-0e6adf0cb8f2,04c8e7dc-dd09-4c2c-8722-818f6d0e1661,60694a33-64df-4703-bb1f-20bc3948e683,maintenance_completed,,,,,"{""kind"": ""preventive"", ""labor_cost"": 480, ""parts_cost"": 817, ""work_order_id"": ""2f254958-bb85-4e0f-baf4-dd6161901c0b""}",2025-10-31 13:45:00+00
a185547d-0068-44fd-a9c6-e2c4bef34d22,354fdcb6-3bbd-41f9-8a81-9e4267b24248,60694a33-64df-4703-bb1f-20bc3948e683,maintenance_completed,,,,,"{""kind"": ""preventive"", ""labor_cost"": 240, ""parts_cost"": 0, ""work_order_id"": ""5f5cba50-9333-46c0-b046-ef66225ba2e9""}",2023-12-29 23:12:10.142818+00
9c38ae6e-94bf-4043-90dd-4134424fe279,354fdcb6-3bbd-41f9-8a81-9e4267b24248,60694a33-64df-4703-bb1f-20bc3948e683,maintenance_completed,,,,,"{""kind"": ""preventive"", ""labor_cost"": 360, ""parts_cost"": 0, ""work_order_id"": ""958380f2-2ce1-4d05-9239-27f1ef1daa9c""}",2024-12-24 03:55:10.142818+00
582238d9-5d85-4a68-9090-c18c0ea3e1f5,354fdcb6-3bbd-41f9-8a81-9e4267b24248,60694a33-64df-4703-bb1f-20bc3948e683,maintenance_completed,,,,,"{""kind"": ""preventive"", ""labor_cost"": 120, ""parts_cost"": 0, ""work_order_id"": ""ce911b83-61b9-440f-89e2-1716fd9a6577""}",2025-12-28 03:14:10.142818+00
593d549a-d1fd-4148-9079-ea1071b36fbe,a78b7c1c-1bf8-4fe7-abe4-0990dc205c25,60694a33-64df-4703-bb1f-20bc3948e683,maintenance_completed,,,,,"{""kind"": ""preventive"", ""labor_cost"": 360, ""parts_cost"": 0, ""work_order_id"": ""6afc5c31-ab43-4871-859e-695098876965""}",2024-09-14 11:51:00+00
34874310-b221-4fbe-9b9f-8c15540e81ac,a78b7c1c-1bf8-4fe7-abe4-0990dc205c25,60694a33-64df-4703-bb1f-20bc3948e683,maintenance_completed,,,,,"{""kind"": ""preventive"", ""labor_cost"": 120, ""parts_cost"": 0, ""work_order_id"": ""136a3702-b98b-4a38-a867-1e3becc3445c""}",2025-09-12 12:34:00+00
4a26cbe2-6356-478f-aa46-67c18bad4a4e,a78b7c1c-1bf8-4fe7-abe4-0990dc205c25,60694a33-64df-4703-bb1f-20bc3948e683,maintenance_completed,,,,,"{""kind"": ""preventive"", ""labor_cost"": 240, ""parts_cost"": 0, ""work_order_id"": ""1c825244-9a46-44a6-bdc4-be19d6e419d1""}",2026-09-15 15:54:00+00
01a38769-438d-4b38-a08e-16279e956bb1,a78b7c1c-1bf8-4fe7-abe4-0990dc205c25,60694a33-64df-4703-bb1f-20bc3948e683,maintenance_completed,,,,,"{""kind"": ""corrective"", ""outcome"": ""no fault found"", ""work_order_id"": ""cbb5449c-4110-4721-ac9d-1cf6c1a6370a"", ""downtime_minutes"": 2783}",2026-07-02 19:59:10.142818+00
76b6b6bc-fdce-4ab7-a930-8c69e322f0c7,fc761770-1dc0-49bc-b933-0cc49f5bedf6,60694a33-64df-4703-bb1f-20bc3948e683,maintenance_completed,,,,,"{""kind"": ""corrective"", ""outcome"": ""no fault found"", ""work_order_id"": ""cfc326c8-5af3-4dd7-9bad-98cf36b14abe"", ""downtime_minutes"": 1780}",2026-06-06 07:16:10.142818+00
6c4ddc68-5777-402c-b015-1e96853eb5b4,0fc29b73-82f0-491f-b0b8-7e2eaa9010e4,60694a33-64df-4703-bb1f-20bc3948e683,maintenance_completed,,,,,"{""kind"": ""preventive"", ""labor_cost"": 480, ""parts_cost"": 897, ""work_order_id"": ""9ea407b8-0547-49ad-8d75-dac7940ace4c""}",2024-09-23 01:20:10.142818+00
5667d481-e097-4cc4-82d6-8775e441a8dc,0fc29b73-82f0-491f-b0b8-7e2eaa9010e4,60694a33-64df-4703-bb1f-20bc3948e683,maintenance_completed,,,,,"{""kind"": ""preventive"", ""labor_cost"": 360, ""parts_cost"": 0, ""work_order_id"": ""f1ffbc0b-9d70-4325-a65c-59adf8144dcb""}",2025-09-23 00:33:10.142818+00
42582bef-8dbd-4eb4-9f57-0b6c7413494f,0fc29b73-82f0-491f-b0b8-7e2eaa9010e4,60694a33-64df-4703-bb1f-20bc3948e683,maintenance_completed,,,,,"{""kind"": ""preventive"", ""labor_cost"": 480, ""parts_cost"": 0, ""work_order_id"": ""0e2ad000-dc8c-4606-b1a5-ba452f22851b""}",2026-09-20 22:56:10.142818+00
24da9d5b-1a67-4adc-a078-c57d90e7b8d1,0fc29b73-82f0-491f-b0b8-7e2eaa9010e4,60694a33-64df-4703-bb1f-20bc3948e683,maintenance_completed,,,,,"{""kind"": ""corrective"", ""outcome"": ""part replaced"", ""work_order_id"": ""88e1132c-6cf9-4f50-8a28-fe235333ed92"", ""downtime_minutes"": 1896}",2025-05-01 05:12:10.142818+00
7641d14d-0c0d-48d9-a9b8-6eab27ef8c7c,3ab59424-9410-4b42-b9e5-d78807291d63,60694a33-64df-4703-bb1f-20bc3948e683,maintenance_completed,,,,,"{""kind"": ""preventive"", ""labor_cost"": 480, ""parts_cost"": 0, ""work_order_id"": ""6ffbe891-b1d8-42a5-a111-c09d046d27e7""}",2025-08-18 11:59:00+00
30c164eb-d27e-46b8-b7ab-cbea23e2c244,3ab59424-9410-4b42-b9e5-d78807291d63,60694a33-64df-4703-bb1f-20bc3948e683,maintenance_completed,,,,,"{""kind"": ""preventive"", ""labor_cost"": 240, ""parts_cost"": 0, ""work_order_id"": ""9ba8e831-960f-404d-ac0c-9547d94697a4""}",2026-08-16 09:03:00+00
0548ddb5-f157-476c-9045-57bec27e734f,3ab59424-9410-4b42-b9e5-d78807291d63,60694a33-64df-4703-bb1f-20bc3948e683,maintenance_completed,,,,,"{""kind"": ""corrective"", ""outcome"": ""no fault found"", ""work_order_id"": ""ee58a0eb-dc28-4c5a-b392-4bfb283685b1"", ""downtime_minutes"": 2119}",2026-05-14 08:55:10.142818+00
22d8401a-173f-479a-be30-8424f90e2ba9,02063a1f-4ed1-4ba3-9cb9-21d108d2cd27,60694a33-64df-4703-bb1f-20bc3948e683,maintenance_completed,,,,,"{""kind"": ""preventive"", ""labor_cost"": 360, ""parts_cost"": 0, ""work_order_id"": ""3149bb41-8271-4391-9b2f-2107c752e903""}",2024-03-04 00:25:10.142818+00
d22991fa-4576-4184-b377-97dfcf80b8c3,02063a1f-4ed1-4ba3-9cb9-21d108d2cd27,60694a33-64df-4703-bb1f-20bc3948e683,maintenance_completed,,,,,"{""kind"": ""preventive"", ""labor_cost"": 480, ""parts_cost"": 0, ""work_order_id"": ""41c4911f-dd16-4332-a26b-823dbc89e46e""}",2025-03-03 21:43:10.142818+00
15fef64b-46a5-4a0d-8388-699c0f9b2957,02063a1f-4ed1-4ba3-9cb9-21d108d2cd27,60694a33-64df-4703-bb1f-20bc3948e683,maintenance_completed,,,,,"{""kind"": ""preventive"", ""labor_cost"": 360, ""parts_cost"": 0, ""work_order_id"": ""07cefb9e-a7a6-4dc4-b2bb-f56960c2594e""}",2026-03-05 21:09:10.142818+00
ef3e1e45-28c5-4636-8bd0-90cc6f64d539,4c863df2-82ce-480f-817f-dc8d6a07af09,60694a33-64df-4703-bb1f-20bc3948e683,maintenance_completed,,,,,"{""kind"": ""preventive"", ""labor_cost"": 120, ""parts_cost"": 379, ""work_order_id"": ""53c39aa1-1f23-4915-94be-2f87a64f9be6""}",2024-07-06 01:57:10.142818+00
7bf9c7ca-fc26-4079-a4f1-fb2928d572a6,4c863df2-82ce-480f-817f-dc8d6a07af09,60694a33-64df-4703-bb1f-20bc3948e683,maintenance_completed,,,,,"{""kind"": ""preventive"", ""labor_cost"": 120, ""parts_cost"": 0, ""work_order_id"": ""e5934c74-0333-4782-99a3-09df1c84c7b9""}",2025-07-03 23:10:10.142818+00
24fb0523-4926-40d0-aafe-ded20c83d752,4c863df2-82ce-480f-817f-dc8d6a07af09,60694a33-64df-4703-bb1f-20bc3948e683,maintenance_completed,,,,,"{""kind"": ""preventive"", ""labor_cost"": 240, ""parts_cost"": 0, ""work_order_id"": ""56517784-6069-4878-84a7-6a5e1dc06b4c""}",2026-07-06 05:05:10.142818+00
39c21bc1-4ae7-421e-9c03-e50b191afe22,4c863df2-82ce-480f-817f-dc8d6a07af09,60694a33-64df-4703-bb1f-20bc3948e683,maintenance_completed,,,,,"{""kind"": ""corrective"", ""outcome"": ""cleaned and reconfigured"", ""work_order_id"": ""3cbabc03-2e2b-42b6-a0cd-360c30c6c625"", ""downtime_minutes"": 1201}",2025-12-14 21:37:10.142818+00
f9c76933-8667-4eb9-8b8b-40e53863bbdc,4c863df2-82ce-480f-817f-dc8d6a07af09,60694a33-64df-4703-bb1f-20bc3948e683,maintenance_completed,,,,,"{""kind"": ""corrective"", ""outcome"": ""escalated to supplier"", ""work_order_id"": ""ac37e047-cff7-4306-962a-82f69f05e2f3"", ""downtime_minutes"": 2071}",2026-01-05 09:07:10.142818+00
37be5627-7373-4862-92c5-9e37ee3c1d26,15b13eef-3186-47a2-8ae9-2a2bc925632b,60694a33-64df-4703-bb1f-20bc3948e683,maintenance_completed,,,,,"{""kind"": ""preventive"", ""labor_cost"": 240, ""parts_cost"": 858, ""work_order_id"": ""7a44987d-4e0f-4686-a22b-dcc9498a9d78""}",2024-12-13 13:34:00+00
e486301b-0926-44b4-b304-326a07a19fb1,15b13eef-3186-47a2-8ae9-2a2bc925632b,60694a33-64df-4703-bb1f-20bc3948e683,maintenance_completed,,,,,"{""kind"": ""preventive"", ""labor_cost"": 480, ""parts_cost"": 0, ""work_order_id"": ""a38e34e0-1a2d-4f66-b5b4-889698c8bfcc""}",2025-12-16 14:31:00+00
7dafc079-f836-46fc-8f8c-a48caab936cd,15b13eef-3186-47a2-8ae9-2a2bc925632b,60694a33-64df-4703-bb1f-20bc3948e683,maintenance_completed,,,,,"{""kind"": ""corrective"", ""outcome"": ""part replaced"", ""work_order_id"": ""d500097a-fe96-42ea-a0d2-62b930c2dab7"", ""downtime_minutes"": 942}",2026-05-23 19:18:10.142818+00
a67a41de-8ab5-49ec-9cd7-30f8765a0b23,cf054a8c-c5c7-4de9-95e1-26fdb049691f,60694a33-64df-4703-bb1f-20bc3948e683,maintenance_completed,,,,,"{""kind"": ""preventive"", ""labor_cost"": 480, ""parts_cost"": 571, ""work_order_id"": ""9349961e-d11a-4c87-ae1e-28072239027b""}",2024-03-28 00:32:10.142818+00
aaf3f594-a56b-4bc8-9bf0-03ea7fb50df8,cf054a8c-c5c7-4de9-95e1-26fdb049691f,60694a33-64df-4703-bb1f-20bc3948e683,maintenance_completed,,,,,"{""kind"": ""preventive"", ""labor_cost"": 240, ""parts_cost"": 280, ""work_order_id"": ""3207f536-b729-4ca9-b1d7-0cccb2aac961""}",2025-04-01 05:10:10.142818+00
2a75b5ad-ade2-4372-94dd-ea87c34d934a,cf054a8c-c5c7-4de9-95e1-26fdb049691f,60694a33-64df-4703-bb1f-20bc3948e683,maintenance_completed,,,,,"{""kind"": ""preventive"", ""labor_cost"": 120, ""parts_cost"": 0, ""work_order_id"": ""c3b9173d-834c-4638-b3ac-5b477d072fd7""}",2026-03-29 01:39:10.142818+00
9b2a4e87-ed4d-4c49-849d-1f3fbe05df8f,06624745-a046-4355-82c3-608dd9eb74f9,60694a33-64df-4703-bb1f-20bc3948e683,maintenance_completed,,,,,"{""kind"": ""preventive"", ""labor_cost"": 480, ""parts_cost"": 265, ""work_order_id"": ""ac109859-c965-4fc7-83df-50bad6b265a1""}",2024-06-17 03:33:10.142818+00
d80dac74-7d94-4c1f-8598-16fdca8599f1,06624745-a046-4355-82c3-608dd9eb74f9,60694a33-64df-4703-bb1f-20bc3948e683,maintenance_completed,,,,,"{""kind"": ""preventive"", ""labor_cost"": 240, ""parts_cost"": 0, ""work_order_id"": ""6d6e34e7-dcba-4e0f-b689-dc1f43fd7a5e""}",2025-06-18 01:15:10.142818+00
7259a990-ba22-4425-a781-649990213635,06624745-a046-4355-82c3-608dd9eb74f9,60694a33-64df-4703-bb1f-20bc3948e683,maintenance_completed,,,,,"{""kind"": ""preventive"", ""labor_cost"": 120, ""parts_cost"": 0, ""work_order_id"": ""51d50a43-c26f-4b43-853e-f7b98c7f3678""}",2026-06-23 00:13:10.142818+00
71bf51bf-e44d-4009-a277-9956a7a7f1dc,06624745-a046-4355-82c3-608dd9eb74f9,60694a33-64df-4703-bb1f-20bc3948e683,maintenance_completed,,,,,"{""kind"": ""corrective"", ""outcome"": ""no fault found"", ""work_order_id"": ""db1347c4-fc41-419e-830e-506c779b7040"", ""downtime_minutes"": 1190}",2024-09-13 22:26:10.142818+00
7741fb14-c909-4cca-ba5e-7ba775a1da49,3e06ea64-6076-4b71-ad89-42bc0b61986d,60694a33-64df-4703-bb1f-20bc3948e683,maintenance_completed,,,,,"{""kind"": ""preventive"", ""labor_cost"": 360, ""parts_cost"": 0, ""work_order_id"": ""5c14bae6-161b-4805-b58e-ad7e18ea03e7""}",2023-12-29 00:56:10.142818+00
6850843f-9c07-453f-b584-d7e1d8c8b154,3e06ea64-6076-4b71-ad89-42bc0b61986d,60694a33-64df-4703-bb1f-20bc3948e683,maintenance_completed,,,,,"{""kind"": ""preventive"", ""labor_cost"": 480, ""parts_cost"": 0, ""work_order_id"": ""fc40b77f-9313-4fd3-87ba-630d848f3b51""}",2024-12-24 00:01:10.142818+00
51909969-5776-4a7f-ba0d-a2b3a30b021a,3e06ea64-6076-4b71-ad89-42bc0b61986d,60694a33-64df-4703-bb1f-20bc3948e683,maintenance_completed,,,,,"{""kind"": ""preventive"", ""labor_cost"": 120, ""parts_cost"": 939, ""work_order_id"": ""a657bef6-36fc-4a20-95eb-226118b2c4e4""}",2025-12-25 02:22:10.142818+00
45617ea0-c45f-42a4-92f4-4b8ee9ba0e55,780d5016-e349-4058-9e86-3624c70718da,60694a33-64df-4703-bb1f-20bc3948e683,maintenance_completed,,,,,"{""kind"": ""preventive"", ""labor_cost"": 240, ""parts_cost"": 549, ""work_order_id"": ""c4e0a4e7-256e-49df-bc09-1501caf9472f""}",2024-07-21 00:12:10.142818+00
bb4ad5c1-ae5b-4bde-8548-dfc02130dc46,780d5016-e349-4058-9e86-3624c70718da,60694a33-64df-4703-bb1f-20bc3948e683,maintenance_completed,,,,,"{""kind"": ""preventive"", ""labor_cost"": 480, ""parts_cost"": 0, ""work_order_id"": ""c26a165f-0539-436a-9b61-f045b6767c98""}",2025-07-24 03:33:10.142818+00
b9b0f1dc-e1d3-4b02-91be-00caa3a772f5,780d5016-e349-4058-9e86-3624c70718da,60694a33-64df-4703-bb1f-20bc3948e683,maintenance_completed,,,,,"{""kind"": ""preventive"", ""labor_cost"": 480, ""parts_cost"": 0, ""work_order_id"": ""5c3a5f61-27c7-46aa-8609-c0dd69932ede""}",2026-07-26 05:35:10.142818+00
21f53024-bc9f-418b-867d-72a765e37928,780d5016-e349-4058-9e86-3624c70718da,60694a33-64df-4703-bb1f-20bc3948e683,maintenance_completed,,,,,"{""kind"": ""corrective"", ""outcome"": ""cleaned and reconfigured"", ""work_order_id"": ""bce02382-be4c-4763-ba72-26697145cc8c"", ""downtime_minutes"": 1992}",2025-03-11 12:48:10.142818+00
ba4924a3-a45e-4d3f-8c66-f2765485366e,ee55ba20-d337-48fe-8bc9-b159b86e830e,60694a33-64df-4703-bb1f-20bc3948e683,maintenance_completed,,,,,"{""kind"": ""preventive"", ""labor_cost"": 480, ""parts_cost"": 0, ""work_order_id"": ""e1e2cf51-0bca-479a-81f3-5193c5a44945""}",2024-05-08 02:51:10.142818+00
42bff1cd-95e9-4f7c-8120-d06066f7f69f,ee55ba20-d337-48fe-8bc9-b159b86e830e,60694a33-64df-4703-bb1f-20bc3948e683,maintenance_completed,,,,,"{""kind"": ""preventive"", ""labor_cost"": 480, ""parts_cost"": 0, ""work_order_id"": ""d07796f0-3f41-4bfe-9aef-1f70fff88ee2""}",2025-05-09 05:02:10.142818+00
e787c431-aaf6-4a46-ab40-161045612647,ee55ba20-d337-48fe-8bc9-b159b86e830e,60694a33-64df-4703-bb1f-20bc3948e683,maintenance_completed,,,,,"{""kind"": ""preventive"", ""labor_cost"": 240, ""parts_cost"": 0, ""work_order_id"": ""b6d7c5e9-c9cf-461d-b8b9-5f931f398d5c""}",2026-05-08 23:14:10.142818+00
5df8599f-b9ec-4a38-909a-3b3dc8c2e72c,ee55ba20-d337-48fe-8bc9-b159b86e830e,60694a33-64df-4703-bb1f-20bc3948e683,maintenance_completed,,,,,"{""kind"": ""corrective"", ""outcome"": ""cleaned and reconfigured"", ""work_order_id"": ""74eacec0-8ada-4b94-acc7-9d94fa18999f"", ""downtime_minutes"": 2399}",2025-02-28 12:35:10.142818+00
194d75bc-a3ee-41a6-8a41-c809b862a942,0218c3e2-2634-4525-b048-1eaf770b2fcc,60694a33-64df-4703-bb1f-20bc3948e683,maintenance_completed,,,,,"{""kind"": ""preventive"", ""labor_cost"": 480, ""parts_cost"": 0, ""work_order_id"": ""2c3ce68e-aeb7-44b8-8cb4-c927224f1231""}",2024-12-25 12:47:00+00
55606984-cba5-4d37-96f0-f3bf7a59c349,0218c3e2-2634-4525-b048-1eaf770b2fcc,60694a33-64df-4703-bb1f-20bc3948e683,maintenance_completed,,,,,"{""kind"": ""preventive"", ""labor_cost"": 480, ""parts_cost"": 0, ""work_order_id"": ""e6a7e8de-0560-4bfc-85f1-c4bcec4c6fc0""}",2025-12-25 13:27:00+00
575db7b6-cf24-4715-b5e8-673f1c2211b2,f5ee5902-a563-412d-a2d0-cf4c114e2737,60694a33-64df-4703-bb1f-20bc3948e683,maintenance_completed,,,,,"{""kind"": ""preventive"", ""labor_cost"": 120, ""parts_cost"": 0, ""work_order_id"": ""9975a7fb-a2a6-4c87-a90d-5b8a1839b9a0""}",2024-05-13 13:55:00+00
8c7ff41e-629a-4b6e-a910-6b65ac804c41,f5ee5902-a563-412d-a2d0-cf4c114e2737,60694a33-64df-4703-bb1f-20bc3948e683,maintenance_completed,,,,,"{""kind"": ""preventive"", ""labor_cost"": 120, ""parts_cost"": 0, ""work_order_id"": ""5e157835-abb5-49ac-b59e-2ab029932eae""}",2025-05-14 16:03:00+00
33fd6895-87b5-4680-ae22-2e041852c756,f5ee5902-a563-412d-a2d0-cf4c114e2737,60694a33-64df-4703-bb1f-20bc3948e683,maintenance_completed,,,,,"{""kind"": ""preventive"", ""labor_cost"": 480, ""parts_cost"": 0, ""work_order_id"": ""3787204e-8572-4245-a7b5-82da48ff29fc""}",2026-05-15 15:58:00+00
d558ef4c-aba2-4af5-92d4-5671d9410328,2fe14b92-c446-4660-a72a-61b6719cad31,60694a33-64df-4703-bb1f-20bc3948e683,maintenance_completed,,,,,"{""kind"": ""preventive"", ""labor_cost"": 480, ""parts_cost"": 0, ""work_order_id"": ""3f852fd4-3494-47e2-870a-a66169a45946""}",2024-05-11 01:04:10.142818+00
a754d7f6-461b-4e02-8474-ff98f5bc172d,2fe14b92-c446-4660-a72a-61b6719cad31,60694a33-64df-4703-bb1f-20bc3948e683,maintenance_completed,,,,,"{""kind"": ""preventive"", ""labor_cost"": 360, ""parts_cost"": 0, ""work_order_id"": ""3748ccda-4699-49d3-b164-e2ccb9489f0b""}",2025-05-12 03:08:10.142818+00
83564a5c-b74e-4870-80f0-65fca5aab550,2fe14b92-c446-4660-a72a-61b6719cad31,60694a33-64df-4703-bb1f-20bc3948e683,maintenance_completed,,,,,"{""kind"": ""preventive"", ""labor_cost"": 240, ""parts_cost"": 787, ""work_order_id"": ""3d16e9ff-8bb3-4f08-8297-2f8749540534""}",2026-05-12 23:54:10.142818+00
d9ae4545-0ec0-4773-a980-a5c875685892,2fe14b92-c446-4660-a72a-61b6719cad31,60694a33-64df-4703-bb1f-20bc3948e683,maintenance_completed,,,,,"{""kind"": ""corrective"", ""outcome"": ""repaired"", ""work_order_id"": ""bb01aba0-2fe4-43ef-896d-ed04b23ad68f"", ""downtime_minutes"": 1166}",2025-04-29 22:02:10.142818+00
fef91c6c-d2a3-48c9-b1da-00b47d55e98c,a5b79db8-1d3b-4a94-9623-2d3fb1999e87,60694a33-64df-4703-bb1f-20bc3948e683,maintenance_completed,,,,,"{""kind"": ""preventive"", ""labor_cost"": 240, ""parts_cost"": 0, ""work_order_id"": ""65b958b2-4845-421b-bebc-e728c500569a""}",2024-01-10 23:56:10.142818+00
c1ec0601-3f2d-4d92-8e29-9a583a2c2f44,a5b79db8-1d3b-4a94-9623-2d3fb1999e87,60694a33-64df-4703-bb1f-20bc3948e683,maintenance_completed,,,,,"{""kind"": ""preventive"", ""labor_cost"": 240, ""parts_cost"": 0, ""work_order_id"": ""3444894f-96ce-439d-bb46-9f0727593bfc""}",2025-01-10 03:09:10.142818+00
64c21b6e-43b0-4fa3-9d4f-09c46b7e3996,a5b79db8-1d3b-4a94-9623-2d3fb1999e87,60694a33-64df-4703-bb1f-20bc3948e683,maintenance_completed,,,,,"{""kind"": ""preventive"", ""labor_cost"": 480, ""parts_cost"": 0, ""work_order_id"": ""5ba25a44-c0f9-4856-8d4b-df385318e4ff""}",2026-01-11 02:28:10.142818+00
115178e8-386a-4a5d-b8a1-1a43e3b22a8b,b31162f4-123e-45c1-ae96-363e37c60e3d,60694a33-64df-4703-bb1f-20bc3948e683,maintenance_completed,,,,,"{""kind"": ""preventive"", ""labor_cost"": 360, ""parts_cost"": 0, ""work_order_id"": ""6c39f260-2a4d-4cf9-a7cf-8e89d737eb1f""}",2023-11-21 03:50:10.142818+00
eaacd425-8882-4039-9057-d9a541359422,b31162f4-123e-45c1-ae96-363e37c60e3d,60694a33-64df-4703-bb1f-20bc3948e683,maintenance_completed,,,,,"{""kind"": ""preventive"", ""labor_cost"": 240, ""parts_cost"": 799, ""work_order_id"": ""e9b72754-0549-4df4-9758-6d83204db4bb""}",2024-11-23 22:56:10.142818+00
e676eca0-0d8f-4beb-a7dc-8579ba3af63b,b31162f4-123e-45c1-ae96-363e37c60e3d,60694a33-64df-4703-bb1f-20bc3948e683,maintenance_completed,,,,,"{""kind"": ""preventive"", ""labor_cost"": 480, ""parts_cost"": 0, ""work_order_id"": ""274424b1-c62d-4952-880b-af5f09b4ec2b""}",2025-11-23 22:55:10.142818+00
530a8094-021d-4672-b3be-25e3f538bca9,78fee29f-1ab3-481f-a56e-48e8d3c88c9b,60694a33-64df-4703-bb1f-20bc3948e683,maintenance_completed,,,,,"{""kind"": ""preventive"", ""labor_cost"": 120, ""parts_cost"": 1047, ""work_order_id"": ""18f28527-145e-4e8f-9ac1-7c63b012521d""}",2024-04-10 03:56:10.142818+00
498cbdf8-d3e3-4fc2-a07f-ad9c2719fd67,78fee29f-1ab3-481f-a56e-48e8d3c88c9b,60694a33-64df-4703-bb1f-20bc3948e683,maintenance_completed,,,,,"{""kind"": ""preventive"", ""labor_cost"": 360, ""parts_cost"": 0, ""work_order_id"": ""22985009-8310-453f-9271-fcd26abc6485""}",2025-04-15 03:14:10.142818+00
011c77ec-c6ac-4f7a-9ebc-84d88b13d0b0,78fee29f-1ab3-481f-a56e-48e8d3c88c9b,60694a33-64df-4703-bb1f-20bc3948e683,maintenance_completed,,,,,"{""kind"": ""preventive"", ""labor_cost"": 360, ""parts_cost"": 0, ""work_order_id"": ""60f6035b-71d8-42e6-b918-96a8deeb6716""}",2026-04-09 02:04:10.142818+00
bed4b648-ec39-4745-8862-7f373ba67d3c,78fee29f-1ab3-481f-a56e-48e8d3c88c9b,60694a33-64df-4703-bb1f-20bc3948e683,maintenance_completed,,,,,"{""kind"": ""corrective"", ""outcome"": ""repaired"", ""work_order_id"": ""b283f4e1-23ae-4566-8f2d-2a5fa64fc633"", ""downtime_minutes"": 1883}",2024-03-25 08:59:10.142818+00
e55f6ad9-8937-41bc-87a7-2f3e8dadc84d,557ddf37-cad5-4934-9ab5-4a03168676b0,60694a33-64df-4703-bb1f-20bc3948e683,maintenance_completed,,,,,"{""kind"": ""preventive"", ""labor_cost"": 240, ""parts_cost"": 0, ""work_order_id"": ""cc620070-42fe-4d48-a078-62e390456e04""}",2024-06-26 23:51:10.142818+00
ab95efb3-30fe-4c07-90ec-a7c7e3e1600d,557ddf37-cad5-4934-9ab5-4a03168676b0,60694a33-64df-4703-bb1f-20bc3948e683,maintenance_completed,,,,,"{""kind"": ""preventive"", ""labor_cost"": 480, ""parts_cost"": 318, ""work_order_id"": ""4057364d-d075-4f48-8613-dae519cbc2da""}",2025-06-25 23:52:10.142818+00
74f9d250-a84b-4517-b9b0-4f36c71cb7ed,557ddf37-cad5-4934-9ab5-4a03168676b0,60694a33-64df-4703-bb1f-20bc3948e683,maintenance_completed,,,,,"{""kind"": ""preventive"", ""labor_cost"": 480, ""parts_cost"": 0, ""work_order_id"": ""35d29cb1-69c7-4c7a-850d-98761794c0dc""}",2026-06-22 23:12:10.142818+00
47118c97-cdd6-410a-b212-b19b567312bd,d14c21c8-70a3-4904-92b1-ad45b911977e,60694a33-64df-4703-bb1f-20bc3948e683,maintenance_completed,,,,,"{""kind"": ""preventive"", ""labor_cost"": 360, ""parts_cost"": 0, ""work_order_id"": ""53549eb7-d03a-4413-8fb7-945d5f3882ec""}",2024-01-09 22:07:10.142818+00
d65ca685-606e-4342-aad7-31527c81e0d9,d14c21c8-70a3-4904-92b1-ad45b911977e,60694a33-64df-4703-bb1f-20bc3948e683,maintenance_completed,,,,,"{""kind"": ""preventive"", ""labor_cost"": 480, ""parts_cost"": 0, ""work_order_id"": ""0053b5e6-6131-4438-b0e5-8bd8a4d7769f""}",2025-01-10 22:56:10.142818+00
84aa753c-fa27-49fd-88c7-204c326bf729,c959dc42-2d2b-43c5-96a6-dda889bcc167,60694a33-64df-4703-bb1f-20bc3948e683,maintenance_completed,,,,,"{""kind"": ""preventive"", ""labor_cost"": 240, ""parts_cost"": 0, ""work_order_id"": ""1312f2ff-66e6-4299-b533-3d8e4b3cb8dd""}",2023-10-13 05:10:10.142818+00
42801b12-0110-44f1-b484-77da05efca86,c959dc42-2d2b-43c5-96a6-dda889bcc167,60694a33-64df-4703-bb1f-20bc3948e683,maintenance_completed,,,,,"{""kind"": ""preventive"", ""labor_cost"": 240, ""parts_cost"": 0, ""work_order_id"": ""2c2afe27-1ae2-4ce8-a427-94219fc398a6""}",2024-10-11 01:09:10.142818+00
75153907-6536-44da-ba50-9d33a4e1b311,c959dc42-2d2b-43c5-96a6-dda889bcc167,60694a33-64df-4703-bb1f-20bc3948e683,maintenance_completed,,,,,"{""kind"": ""corrective"", ""outcome"": ""no fault found"", ""work_order_id"": ""90a6d7c2-5910-4691-bcfd-232ba452fa6c"", ""downtime_minutes"": 1771}",2023-11-07 04:07:10.142818+00
e1306b4f-5f58-4af1-a7cb-314e98c2de65,f14a2705-e72f-4f75-9267-c718ab043d5c,60694a33-64df-4703-bb1f-20bc3948e683,maintenance_completed,,,,,"{""kind"": ""preventive"", ""labor_cost"": 120, ""parts_cost"": 199, ""work_order_id"": ""80ee464b-1d22-4989-9293-124ac87e55db""}",2024-09-17 01:33:10.142818+00
0f175ca4-a671-4952-981a-4f87b731b51a,f14a2705-e72f-4f75-9267-c718ab043d5c,60694a33-64df-4703-bb1f-20bc3948e683,maintenance_completed,,,,,"{""kind"": ""preventive"", ""labor_cost"": 120, ""parts_cost"": 0, ""work_order_id"": ""b7ddceab-238e-457e-a11b-b9cec719699c""}",2025-09-12 01:15:10.142818+00
2adac294-9366-4814-947b-e6a9cdedfb69,f14a2705-e72f-4f75-9267-c718ab043d5c,60694a33-64df-4703-bb1f-20bc3948e683,maintenance_completed,,,,,"{""kind"": ""preventive"", ""labor_cost"": 480, ""parts_cost"": 0, ""work_order_id"": ""d8fc50a5-cc5a-4da1-94c2-244765ab32c8""}",2026-09-14 00:06:10.142818+00
84c05d39-3d69-44e1-a6dc-dd3a46296225,f14a2705-e72f-4f75-9267-c718ab043d5c,60694a33-64df-4703-bb1f-20bc3948e683,maintenance_completed,,,,,"{""kind"": ""corrective"", ""outcome"": ""part replaced"", ""work_order_id"": ""282e6ba9-fd5a-456a-ab54-0babb995262d"", ""downtime_minutes"": 2247}",2024-05-22 16:03:10.142818+00
6ee7af1e-bcb9-44fb-a3e8-3d72bcf8aa08,70bbe4d2-7c10-4be7-bf34-781164f9f6e8,60694a33-64df-4703-bb1f-20bc3948e683,maintenance_completed,,,,,"{""kind"": ""preventive"", ""labor_cost"": 120, ""parts_cost"": 0, ""work_order_id"": ""3ada7aad-d341-4ac4-adc4-dbddf7976220""}",2023-12-17 03:31:10.142818+00
bdc1f3ea-d36e-4320-8817-4e979b97178a,70bbe4d2-7c10-4be7-bf34-781164f9f6e8,60694a33-64df-4703-bb1f-20bc3948e683,maintenance_completed,,,,,"{""kind"": ""preventive"", ""labor_cost"": 360, ""parts_cost"": 0, ""work_order_id"": ""8f7f37ed-0319-43be-8677-a70f38d18dce""}",2024-12-16 02:34:10.142818+00
5a54e5a0-2dc1-498f-af04-ee604afb41dd,70bbe4d2-7c10-4be7-bf34-781164f9f6e8,60694a33-64df-4703-bb1f-20bc3948e683,maintenance_completed,,,,,"{""kind"": ""preventive"", ""labor_cost"": 120, ""parts_cost"": 0, ""work_order_id"": ""f62208c9-8195-4623-898a-2e75baf0284d""}",2025-12-08 22:19:10.142818+00
568adc3f-0d99-4b29-91e7-3096779ef800,c8b0db7a-6259-4630-8235-dec7c52f6f0a,60694a33-64df-4703-bb1f-20bc3948e683,maintenance_completed,,,,,"{""kind"": ""preventive"", ""labor_cost"": 480, ""parts_cost"": 0, ""work_order_id"": ""921abef5-0636-4f8d-b7ed-02eeb0413897""}",2024-10-31 08:57:00+00
ab9e2da0-f19e-4457-b802-c6ece0b06cd0,c8b0db7a-6259-4630-8235-dec7c52f6f0a,60694a33-64df-4703-bb1f-20bc3948e683,maintenance_completed,,,,,"{""kind"": ""preventive"", ""labor_cost"": 360, ""parts_cost"": 0, ""work_order_id"": ""9d6997ed-f559-4c7f-8c82-606760675dec""}",2025-10-26 14:29:00+00
b46a5d04-2648-4101-84f8-07098b8de6a4,adf83cf1-86a1-4704-ae53-7954a12191ad,60694a33-64df-4703-bb1f-20bc3948e683,maintenance_completed,,,,,"{""kind"": ""preventive"", ""labor_cost"": 360, ""parts_cost"": 698, ""work_order_id"": ""fa186a36-d714-40fd-b01a-7765498505cc""}",2025-10-31 10:18:00+00
c0c4f9b1-788b-40df-9ab4-5f701c455f4f,0cd380da-7e0d-4741-9dca-9231f00f845e,60694a33-64df-4703-bb1f-20bc3948e683,maintenance_completed,,,,,"{""kind"": ""preventive"", ""labor_cost"": 120, ""parts_cost"": 591, ""work_order_id"": ""e22b7ae4-2af4-47b4-85be-d88955b16f2c""}",2024-08-27 12:47:00+00
c16e2064-b5bf-41b4-939a-0fc7f73b4617,0cd380da-7e0d-4741-9dca-9231f00f845e,60694a33-64df-4703-bb1f-20bc3948e683,maintenance_completed,,,,,"{""kind"": ""preventive"", ""labor_cost"": 360, ""parts_cost"": 0, ""work_order_id"": ""8aeb5bbd-78de-4fd8-a066-b9b4ac68c43d""}",2025-08-28 09:38:00+00
d004289c-f283-44b5-892d-210a492f5029,0cd380da-7e0d-4741-9dca-9231f00f845e,60694a33-64df-4703-bb1f-20bc3948e683,maintenance_completed,,,,,"{""kind"": ""preventive"", ""labor_cost"": 480, ""parts_cost"": 581, ""work_order_id"": ""af02a5dc-ec51-444d-b177-9c70e5fffe3d""}",2026-08-27 08:57:00+00
78b93b83-c2a2-4bc0-ad2b-daa48983acfc,87b9834f-3c9b-446d-a2c7-acb1961a7c54,60694a33-64df-4703-bb1f-20bc3948e683,maintenance_completed,,,,,"{""kind"": ""preventive"", ""labor_cost"": 480, ""parts_cost"": 0, ""work_order_id"": ""dd5933d4-6c50-409e-af35-98b131042c9c""}",2023-12-18 04:07:10.142818+00
fb8eecd8-17bb-4cfb-8412-c80f24fb0bd2,87b9834f-3c9b-446d-a2c7-acb1961a7c54,60694a33-64df-4703-bb1f-20bc3948e683,maintenance_completed,,,,,"{""kind"": ""preventive"", ""labor_cost"": 120, ""parts_cost"": 0, ""work_order_id"": ""4f808b69-5c46-45a7-902f-2be507c22601""}",2024-12-16 03:20:10.142818+00
af15c583-35b1-4caf-869d-7521282ac026,87b9834f-3c9b-446d-a2c7-acb1961a7c54,60694a33-64df-4703-bb1f-20bc3948e683,maintenance_completed,,,,,"{""kind"": ""corrective"", ""outcome"": ""repaired"", ""work_order_id"": ""68cd3cf7-350d-4648-99f6-e6449533466d"", ""downtime_minutes"": 2468}",2025-04-19 18:44:10.142818+00
66de8219-2edc-4a2d-a335-075ffcae224c,87b9834f-3c9b-446d-a2c7-acb1961a7c54,60694a33-64df-4703-bb1f-20bc3948e683,maintenance_completed,,,,,"{""kind"": ""corrective"", ""outcome"": ""no fault found"", ""work_order_id"": ""eb96e2c9-1a57-4673-a6a6-e13c6267bb31"", ""downtime_minutes"": 1973}",2024-01-26 06:29:10.142818+00
d2a020ec-8664-4d8d-a5f0-bfe8efc86eb8,6ee79af7-d7b1-4915-af81-f1bd110dfdd0,60694a33-64df-4703-bb1f-20bc3948e683,maintenance_completed,,,,,"{""kind"": ""preventive"", ""labor_cost"": 240, ""parts_cost"": 204, ""work_order_id"": ""b049aa1b-a4ed-43f0-a549-0f1a2fc27f39""}",2024-02-22 02:02:10.142818+00
a8b2eb1c-e4de-4bdd-b36d-7da71cdf1a58,6ee79af7-d7b1-4915-af81-f1bd110dfdd0,60694a33-64df-4703-bb1f-20bc3948e683,maintenance_completed,,,,,"{""kind"": ""preventive"", ""labor_cost"": 360, ""parts_cost"": 0, ""work_order_id"": ""4f04b5b4-48d9-4de3-b32b-bd79a266fb11""}",2025-02-21 04:10:10.142818+00
b3e888e8-fe5e-438b-88ae-c12d9427d8de,6ee79af7-d7b1-4915-af81-f1bd110dfdd0,60694a33-64df-4703-bb1f-20bc3948e683,maintenance_completed,,,,,"{""kind"": ""preventive"", ""labor_cost"": 360, ""parts_cost"": 0, ""work_order_id"": ""2544a562-bd80-4961-a0bc-48d4973cb48b""}",2026-03-01 01:03:10.142818+00
b405d1c6-d9dc-47d0-9d88-8b530cdd2166,522dd78e-ecfe-476b-8f6a-d003524ff49c,60694a33-64df-4703-bb1f-20bc3948e683,maintenance_completed,,,,,"{""kind"": ""preventive"", ""labor_cost"": 480, ""parts_cost"": 819, ""work_order_id"": ""b2f29da9-f100-4419-81ca-e4a0a9a1314e""}",2025-08-29 08:33:00+00
1a2a5f88-c054-41bd-a9a7-55691b8b9c13,522dd78e-ecfe-476b-8f6a-d003524ff49c,60694a33-64df-4703-bb1f-20bc3948e683,maintenance_completed,,,,,"{""kind"": ""preventive"", ""labor_cost"": 360, ""parts_cost"": 0, ""work_order_id"": ""374e5390-885e-4658-84eb-2c6e32fbbea3""}",2026-09-03 15:07:00+00
b1c83c53-da6f-4e45-af1a-413350d8d0be,77d94d70-fb5a-495e-85b4-96ae4e89e840,60694a33-64df-4703-bb1f-20bc3948e683,maintenance_completed,,,,,"{""kind"": ""preventive"", ""labor_cost"": 480, ""parts_cost"": 0, ""work_order_id"": ""2af0f1e9-3f62-401d-8c03-6595a5f5315f""}",2024-07-10 02:12:10.142818+00
9b8bc31d-9812-49cd-85c0-259670a48aa0,77d94d70-fb5a-495e-85b4-96ae4e89e840,60694a33-64df-4703-bb1f-20bc3948e683,maintenance_completed,,,,,"{""kind"": ""preventive"", ""labor_cost"": 120, ""parts_cost"": 0, ""work_order_id"": ""868a2aba-cfb7-4447-a134-9ad10cf31d22""}",2025-07-06 23:12:10.142818+00
c975a177-7053-400e-bc85-3d1ec8b1715d,77d94d70-fb5a-495e-85b4-96ae4e89e840,60694a33-64df-4703-bb1f-20bc3948e683,maintenance_completed,,,,,"{""kind"": ""preventive"", ""labor_cost"": 240, ""parts_cost"": 0, ""work_order_id"": ""cb6bcb55-f724-49b0-9544-d9d7693ddfde""}",2026-07-05 23:50:10.142818+00
04b59efa-de0f-4ebe-a357-70d06356ba27,77d94d70-fb5a-495e-85b4-96ae4e89e840,60694a33-64df-4703-bb1f-20bc3948e683,maintenance_completed,,,,,"{""kind"": ""corrective"", ""outcome"": ""repaired"", ""work_order_id"": ""c187caa6-1a6d-44db-989c-f56cc4455ba9"", ""downtime_minutes"": 638}",2025-03-16 09:14:10.142818+00
fc9b9541-46dd-4924-b5ba-8b8ebd293105,e1b94a6d-4fbc-4df4-a56c-0c00a7c98a2f,60694a33-64df-4703-bb1f-20bc3948e683,maintenance_completed,,,,,"{""kind"": ""preventive"", ""labor_cost"": 240, ""parts_cost"": 0, ""work_order_id"": ""8a579cca-4475-4836-a396-436648b77d30""}",2024-08-22 11:05:00+00
83fa5212-92c1-4935-96b7-be8eb98714e4,e1b94a6d-4fbc-4df4-a56c-0c00a7c98a2f,60694a33-64df-4703-bb1f-20bc3948e683,maintenance_completed,,,,,"{""kind"": ""preventive"", ""labor_cost"": 240, ""parts_cost"": 0, ""work_order_id"": ""61ee2857-90c2-4c38-ba36-044429357bd0""}",2025-08-20 13:50:00+00
f358891b-e9c0-44d1-ab31-e84e09d5befa,e1b94a6d-4fbc-4df4-a56c-0c00a7c98a2f,60694a33-64df-4703-bb1f-20bc3948e683,maintenance_completed,,,,,"{""kind"": ""preventive"", ""labor_cost"": 120, ""parts_cost"": 0, ""work_order_id"": ""28f003e3-e198-4a29-884a-7d56ee7498b0""}",2026-08-21 09:52:00+00
c22ddb2f-5ba1-4a09-8ee7-7030786fe161,e1b94a6d-4fbc-4df4-a56c-0c00a7c98a2f,60694a33-64df-4703-bb1f-20bc3948e683,maintenance_completed,,,,,"{""kind"": ""corrective"", ""outcome"": ""escalated to supplier"", ""work_order_id"": ""2ffbd8b9-4187-4957-b278-027c6603b687"", ""downtime_minutes"": 2346}",2024-10-30 13:42:10.142818+00
bae46786-6597-4dc8-bf57-0081a7bb2f05,207d9595-f982-4e50-805c-5a1f17cb1a0c,60694a33-64df-4703-bb1f-20bc3948e683,maintenance_completed,,,,,"{""kind"": ""preventive"", ""labor_cost"": 360, ""parts_cost"": 536, ""work_order_id"": ""7d1aa818-7987-429a-9df5-5ee1dff5d8a1""}",2024-01-31 22:52:10.142818+00
6bd9216f-34ce-455f-acc6-73c7bf46eb26,207d9595-f982-4e50-805c-5a1f17cb1a0c,60694a33-64df-4703-bb1f-20bc3948e683,maintenance_completed,,,,,"{""kind"": ""preventive"", ""labor_cost"": 240, ""parts_cost"": 0, ""work_order_id"": ""6ddf3981-8428-408e-95d1-ddad86b9544f""}",2025-02-02 03:55:10.142818+00
51cda4ed-4b41-485f-9502-bb2a620929a1,207d9595-f982-4e50-805c-5a1f17cb1a0c,60694a33-64df-4703-bb1f-20bc3948e683,maintenance_completed,,,,,"{""kind"": ""preventive"", ""labor_cost"": 480, ""parts_cost"": 0, ""work_order_id"": ""bc2aa05e-985a-4674-ba52-a251bb541972""}",2026-01-30 00:11:10.142818+00
09e31ffa-b7b3-43b1-9b61-0335b1287011,207d9595-f982-4e50-805c-5a1f17cb1a0c,60694a33-64df-4703-bb1f-20bc3948e683,maintenance_completed,,,,,"{""kind"": ""corrective"", ""outcome"": ""no fault found"", ""work_order_id"": ""1465f79c-f864-410c-a743-0c92a9b6daf7"", ""downtime_minutes"": 1499}",2024-07-11 21:35:10.142818+00
3815bb34-954a-45d2-8029-25f34a2b79df,f1d526bd-6c8e-4843-991a-a72d9b467218,60694a33-64df-4703-bb1f-20bc3948e683,maintenance_completed,,,,,"{""kind"": ""preventive"", ""labor_cost"": 360, ""parts_cost"": 0, ""work_order_id"": ""255450cd-0899-4ca1-a2a1-371881c2f207""}",2025-08-28 16:45:00+00
58382778-5eb1-4ea3-83ae-4b9098d36955,f1d526bd-6c8e-4843-991a-a72d9b467218,60694a33-64df-4703-bb1f-20bc3948e683,maintenance_completed,,,,,"{""kind"": ""preventive"", ""labor_cost"": 360, ""parts_cost"": 0, ""work_order_id"": ""5d9cd454-9b6a-485e-8f2a-4f832ea8cb7c""}",2026-08-26 09:59:00+00
a1f83357-0748-4577-8a89-043fa7605c2d,2ce7cee8-e996-4e70-bfc7-7c70725db820,60694a33-64df-4703-bb1f-20bc3948e683,maintenance_completed,,,,,"{""kind"": ""preventive"", ""labor_cost"": 360, ""parts_cost"": 438, ""work_order_id"": ""66ffc121-58d4-4fd6-8e41-25f1281f8470""}",2024-02-23 22:45:10.142818+00
8baf60d2-eea5-4009-a40d-18da79b5cb6f,2ce7cee8-e996-4e70-bfc7-7c70725db820,60694a33-64df-4703-bb1f-20bc3948e683,maintenance_completed,,,,,"{""kind"": ""preventive"", ""labor_cost"": 120, ""parts_cost"": 0, ""work_order_id"": ""c0490f2e-18de-47e1-b93b-74a1a364b54f""}",2025-03-02 03:55:10.142818+00
9b76764e-fb98-4236-b9e6-05e0bce49c6f,2ce7cee8-e996-4e70-bfc7-7c70725db820,60694a33-64df-4703-bb1f-20bc3948e683,maintenance_completed,,,,,"{""kind"": ""preventive"", ""labor_cost"": 360, ""parts_cost"": 0, ""work_order_id"": ""6b4dce72-7d46-4f1e-aa12-4413d44e2c58""}",2026-02-25 23:44:10.142818+00
b534d1b2-36f9-4cc4-9ebb-4266de35dfe5,2ce7cee8-e996-4e70-bfc7-7c70725db820,60694a33-64df-4703-bb1f-20bc3948e683,maintenance_completed,,,,,"{""kind"": ""corrective"", ""outcome"": ""cleaned and reconfigured"", ""work_order_id"": ""2fe32b3b-7575-4f77-9ab0-b3bd813e0acb"", ""downtime_minutes"": 2800}",2024-08-27 21:16:10.142818+00
4ae4c1e4-3ca8-4f14-bb02-87cbbb33d17e,55411313-a3ad-41c9-a9ef-96390c3a9c17,60694a33-64df-4703-bb1f-20bc3948e683,maintenance_completed,,,,,"{""kind"": ""preventive"", ""labor_cost"": 120, ""parts_cost"": 0, ""work_order_id"": ""34ef01d6-9453-4a2f-a59b-ba909c1ce48e""}",2024-07-21 01:23:10.142818+00
d905812f-5c6a-43d0-9643-757fc9e95187,55411313-a3ad-41c9-a9ef-96390c3a9c17,60694a33-64df-4703-bb1f-20bc3948e683,maintenance_completed,,,,,"{""kind"": ""preventive"", ""labor_cost"": 360, ""parts_cost"": 0, ""work_order_id"": ""cf484604-e213-42b1-8f08-c3a4f108e59b""}",2025-07-23 04:31:10.142818+00
b1a9a1f7-7016-4f4f-b544-b9beb7a392c7,55411313-a3ad-41c9-a9ef-96390c3a9c17,60694a33-64df-4703-bb1f-20bc3948e683,maintenance_completed,,,,,"{""kind"": ""preventive"", ""labor_cost"": 240, ""parts_cost"": 449, ""work_order_id"": ""5cc3c2d9-9eb3-47d0-a695-0025127ad4d0""}",2026-07-17 00:58:10.142818+00
3a431b1b-cd02-43cf-92fc-0a201829dbc9,55411313-a3ad-41c9-a9ef-96390c3a9c17,60694a33-64df-4703-bb1f-20bc3948e683,maintenance_completed,,,,,"{""kind"": ""corrective"", ""outcome"": ""no fault found"", ""work_order_id"": ""af746890-2911-4fdb-85eb-a07afb985bb9"", ""downtime_minutes"": 1581}",2025-02-05 02:57:10.142818+00
232e510e-4042-4281-a47d-4a313f7989ab,50683c77-6921-4848-8436-c79df5d37707,60694a33-64df-4703-bb1f-20bc3948e683,maintenance_completed,,,,,"{""kind"": ""preventive"", ""labor_cost"": 240, ""parts_cost"": 0, ""work_order_id"": ""fcb31402-d08a-44cf-933d-1a74aec09095""}",2023-12-20 23:27:10.142818+00
952477b3-e8ce-41bc-a188-98f81aada67e,50683c77-6921-4848-8436-c79df5d37707,60694a33-64df-4703-bb1f-20bc3948e683,maintenance_completed,,,,,"{""kind"": ""preventive"", ""labor_cost"": 240, ""parts_cost"": 825, ""work_order_id"": ""f078378b-62f8-43bd-8487-1da5d4bda6b7""}",2024-12-25 00:34:10.142818+00
3d7d4719-46ef-401c-a3f3-e26102c2129b,50683c77-6921-4848-8436-c79df5d37707,60694a33-64df-4703-bb1f-20bc3948e683,maintenance_completed,,,,,"{""kind"": ""preventive"", ""labor_cost"": 360, ""parts_cost"": 0, ""work_order_id"": ""bba56d7d-dd0a-401b-90a0-13a00f0d11df""}",2025-12-25 04:01:10.142818+00
dd5f9c78-5984-4b91-a57a-bffc5bfb7984,50683c77-6921-4848-8436-c79df5d37707,60694a33-64df-4703-bb1f-20bc3948e683,maintenance_completed,,,,,"{""kind"": ""corrective"", ""outcome"": ""no fault found"", ""work_order_id"": ""af124dea-06ee-4428-ab91-a966eae18327"", ""downtime_minutes"": 90}",2025-09-24 00:06:10.142818+00
59146b3e-6063-425e-8dc2-6dfe1e443346,975c440e-0dd5-4765-8d8b-60c806ec6768,60694a33-64df-4703-bb1f-20bc3948e683,maintenance_completed,,,,,"{""kind"": ""preventive"", ""labor_cost"": 120, ""parts_cost"": 779, ""work_order_id"": ""95575389-bf92-4539-8536-3e978efeb336""}",2024-05-27 01:11:10.142818+00
5161040f-fd1c-417f-b545-4d39ff75d3be,975c440e-0dd5-4765-8d8b-60c806ec6768,60694a33-64df-4703-bb1f-20bc3948e683,maintenance_completed,,,,,"{""kind"": ""preventive"", ""labor_cost"": 240, ""parts_cost"": 337, ""work_order_id"": ""c09e0942-8cb8-490e-9e54-4fe6b43bd475""}",2025-05-29 04:25:10.142818+00
fab8cfa4-0318-4ca1-b4e6-92afe2773885,975c440e-0dd5-4765-8d8b-60c806ec6768,60694a33-64df-4703-bb1f-20bc3948e683,maintenance_completed,,,,,"{""kind"": ""preventive"", ""labor_cost"": 360, ""parts_cost"": 0, ""work_order_id"": ""b392348b-aa07-473c-a5bb-3a55d729d82c""}",2026-05-27 05:09:10.142818+00
9630b279-6d4e-416a-adbb-6d6128dd8db6,975c440e-0dd5-4765-8d8b-60c806ec6768,60694a33-64df-4703-bb1f-20bc3948e683,maintenance_completed,,,,,"{""kind"": ""corrective"", ""outcome"": ""escalated to supplier"", ""work_order_id"": ""64dc21fe-9c5c-421a-a1a5-ef98b7128aed"", ""downtime_minutes"": 1065}",2026-02-01 21:21:10.142818+00
5896a576-64df-4542-85be-a1a126e4218e,960e8af4-d574-4bf8-964b-3043938a0877,60694a33-64df-4703-bb1f-20bc3948e683,maintenance_completed,,,,,"{""kind"": ""preventive"", ""labor_cost"": 480, ""parts_cost"": 736, ""work_order_id"": ""1dad8b61-9441-4ade-9967-7b97d188333d""}",2023-11-10 04:15:10.142818+00
d8087c49-7ba0-45af-b9b8-5969f983c878,960e8af4-d574-4bf8-964b-3043938a0877,60694a33-64df-4703-bb1f-20bc3948e683,maintenance_completed,,,,,"{""kind"": ""preventive"", ""labor_cost"": 360, ""parts_cost"": 426, ""work_order_id"": ""8d26be08-282c-4a36-b30b-0c67be6e3c11""}",2024-11-10 22:41:10.142818+00
59eb0349-5b57-4fe1-92e9-dacce174ab47,960e8af4-d574-4bf8-964b-3043938a0877,60694a33-64df-4703-bb1f-20bc3948e683,maintenance_completed,,,,,"{""kind"": ""preventive"", ""labor_cost"": 120, ""parts_cost"": 0, ""work_order_id"": ""8a41dc38-af54-4b33-b148-22182f6f1c11""}",2025-11-16 03:13:10.142818+00
6433df59-3523-4c56-8406-16756ca6a411,34773136-a9f4-4c28-b192-10768afd174c,60694a33-64df-4703-bb1f-20bc3948e683,maintenance_completed,,,,,"{""kind"": ""preventive"", ""labor_cost"": 240, ""parts_cost"": 0, ""work_order_id"": ""2f1bcb7e-f12e-4c5d-8eb5-6253084f1db4""}",2024-08-18 01:04:10.142818+00
2a9b3585-6fae-4315-9872-5b39bf0c5d43,34773136-a9f4-4c28-b192-10768afd174c,60694a33-64df-4703-bb1f-20bc3948e683,maintenance_completed,,,,,"{""kind"": ""preventive"", ""labor_cost"": 360, ""parts_cost"": 0, ""work_order_id"": ""e6b8dd10-883e-4a56-9759-b4fc6aa4492a""}",2025-08-15 01:02:10.142818+00
d9bea4aa-1adf-4255-a519-b0bbb4e123e4,34773136-a9f4-4c28-b192-10768afd174c,60694a33-64df-4703-bb1f-20bc3948e683,maintenance_completed,,,,,"{""kind"": ""preventive"", ""labor_cost"": 480, ""parts_cost"": 675, ""work_order_id"": ""08d15578-97fb-47c9-a31a-89c90b953c06""}",2026-08-15 03:54:10.142818+00
ba513973-f673-4c18-ba00-e62b29c5ed05,34773136-a9f4-4c28-b192-10768afd174c,60694a33-64df-4703-bb1f-20bc3948e683,maintenance_completed,,,,,"{""kind"": ""corrective"", ""outcome"": ""escalated to supplier"", ""work_order_id"": ""9be0401b-dad9-4410-8958-582efdc3dab6"", ""downtime_minutes"": 362}",2024-06-19 05:38:10.142818+00
12cf73d6-2a96-4a98-8c77-f80c0c06c875,c0b8349c-e0a9-4f3f-837a-b9d2777f893d,60694a33-64df-4703-bb1f-20bc3948e683,maintenance_completed,,,,,"{""kind"": ""preventive"", ""labor_cost"": 480, ""parts_cost"": 699, ""work_order_id"": ""5c9e0634-749c-44e7-8dd5-b1224630ee63""}",2024-03-23 00:45:10.142818+00
ca831984-c147-4cb3-b130-2fa97a76142e,c0b8349c-e0a9-4f3f-837a-b9d2777f893d,60694a33-64df-4703-bb1f-20bc3948e683,maintenance_completed,,,,,"{""kind"": ""preventive"", ""labor_cost"": 240, ""parts_cost"": 0, ""work_order_id"": ""01111835-5784-4ab9-869a-e437caec98b6""}",2025-03-24 03:00:10.142818+00
bc837740-cc82-4801-85ef-186c37a24ebe,c0b8349c-e0a9-4f3f-837a-b9d2777f893d,60694a33-64df-4703-bb1f-20bc3948e683,maintenance_completed,,,,,"{""kind"": ""preventive"", ""labor_cost"": 240, ""parts_cost"": 0, ""work_order_id"": ""8dfb9232-f844-4cd8-999b-3487069f5660""}",2026-03-21 21:51:10.142818+00
2f8acade-f63a-491f-806d-9b5c20a96245,92afb581-bd72-4fb9-94e1-bb09563e01f2,60694a33-64df-4703-bb1f-20bc3948e683,maintenance_completed,,,,,"{""kind"": ""preventive"", ""labor_cost"": 120, ""parts_cost"": 0, ""work_order_id"": ""78bde9b1-e1c4-4ba2-a151-aaef72338f1c""}",2023-11-24 00:54:10.142818+00
6e4950a7-211c-4cf2-ba05-142060029a50,92afb581-bd72-4fb9-94e1-bb09563e01f2,60694a33-64df-4703-bb1f-20bc3948e683,maintenance_completed,,,,,"{""kind"": ""preventive"", ""labor_cost"": 480, ""parts_cost"": 0, ""work_order_id"": ""2d2c2304-08b4-4814-9ad3-28f84171c38a""}",2024-11-29 22:20:10.142818+00
7c4cb60c-bc71-463b-b1a7-23bd471dd71c,92afb581-bd72-4fb9-94e1-bb09563e01f2,60694a33-64df-4703-bb1f-20bc3948e683,maintenance_completed,,,,,"{""kind"": ""preventive"", ""labor_cost"": 360, ""parts_cost"": 847, ""work_order_id"": ""7a8f97c8-0c2f-44b4-a6fb-1e0fc9681a13""}",2025-11-26 01:07:10.142818+00
c7b8047d-9b5f-431d-ab5c-321501f9a5cc,faf94263-3003-43b6-8daf-84fdd8c41d87,60694a33-64df-4703-bb1f-20bc3948e683,maintenance_completed,,,,,"{""kind"": ""preventive"", ""labor_cost"": 480, ""parts_cost"": 1048, ""work_order_id"": ""31f25b90-8db6-4bb2-9272-4d8fccfa68ff""}",2025-12-19 13:49:00+00
8c107914-72c4-47d8-af7d-3d0614920f20,faf94263-3003-43b6-8daf-84fdd8c41d87,60694a33-64df-4703-bb1f-20bc3948e683,maintenance_completed,,,,,"{""kind"": ""corrective"", ""outcome"": ""repaired"", ""work_order_id"": ""e9890506-1b6d-4ca7-895d-be04931daa48"", ""downtime_minutes"": 1099}",2026-01-01 19:55:10.142818+00
70966622-1763-4cf0-a22e-79ed84741315,227534e4-4950-4fbb-8288-54788dd08861,60694a33-64df-4703-bb1f-20bc3948e683,maintenance_completed,,,,,"{""kind"": ""preventive"", ""labor_cost"": 360, ""parts_cost"": 0, ""work_order_id"": ""de5fec79-9404-478b-bf6b-24688e71b8f7""}",2025-03-07 10:57:00+00
15de1ad2-1969-4d62-a805-73aca21d4d6e,e223b2f9-09d2-4edc-bc76-8163122571b6,60694a33-64df-4703-bb1f-20bc3948e683,maintenance_completed,,,,,"{""kind"": ""preventive"", ""labor_cost"": 240, ""parts_cost"": 0, ""work_order_id"": ""3e72661f-52ce-4d76-ae70-e157d693c4f4""}",2023-12-29 23:58:10.142818+00
a8fc87c5-c824-4ff4-8f14-87e626e8a18c,e223b2f9-09d2-4edc-bc76-8163122571b6,60694a33-64df-4703-bb1f-20bc3948e683,maintenance_completed,,,,,"{""kind"": ""preventive"", ""labor_cost"": 240, ""parts_cost"": 0, ""work_order_id"": ""2811a863-7d53-4bef-860d-7d799c210fb9""}",2024-12-25 22:52:10.142818+00
b3f62597-d0d3-4193-bfe2-8b4ea1caa863,e223b2f9-09d2-4edc-bc76-8163122571b6,60694a33-64df-4703-bb1f-20bc3948e683,maintenance_completed,,,,,"{""kind"": ""preventive"", ""labor_cost"": 360, ""parts_cost"": 989, ""work_order_id"": ""c23e0714-be40-4b44-8834-502246ac0392""}",2025-12-30 02:15:10.142818+00
6ab7f638-ab47-430c-a633-1dbcc54dbd45,e223b2f9-09d2-4edc-bc76-8163122571b6,60694a33-64df-4703-bb1f-20bc3948e683,maintenance_completed,,,,,"{""kind"": ""corrective"", ""outcome"": ""cleaned and reconfigured"", ""work_order_id"": ""599c3162-cee7-4de3-b6b2-016472f49410"", ""downtime_minutes"": 2351}",2024-02-18 17:47:10.142818+00
de8730a8-4710-4054-9a0a-d5a7c5727138,8c923525-b653-4851-a2f4-3fb498911b7d,60694a33-64df-4703-bb1f-20bc3948e683,maintenance_completed,,,,,"{""kind"": ""preventive"", ""labor_cost"": 120, ""parts_cost"": 0, ""work_order_id"": ""37829960-95dd-473d-b289-bb4bebabbd07""}",2023-12-08 03:15:10.142818+00
4516f12e-906c-42a4-9ada-8c75cd7ef4a3,8c923525-b653-4851-a2f4-3fb498911b7d,60694a33-64df-4703-bb1f-20bc3948e683,maintenance_completed,,,,,"{""kind"": ""preventive"", ""labor_cost"": 480, ""parts_cost"": 742, ""work_order_id"": ""c417904a-aeb5-472f-a943-5a4b9aa32eac""}",2024-06-04 23:07:10.142818+00
d8ab0cb3-0ad7-4a05-a6c1-42c965a0a187,8c923525-b653-4851-a2f4-3fb498911b7d,60694a33-64df-4703-bb1f-20bc3948e683,maintenance_completed,,,,,"{""kind"": ""preventive"", ""labor_cost"": 480, ""parts_cost"": 841, ""work_order_id"": ""50c1afdb-d159-4805-b7c6-dba0a2b8a217""}",2024-12-08 05:21:10.142818+00
7ce08a2e-dbbc-4e3d-9e78-13aa02dd3ba3,8c923525-b653-4851-a2f4-3fb498911b7d,60694a33-64df-4703-bb1f-20bc3948e683,maintenance_completed,,,,,"{""kind"": ""preventive"", ""labor_cost"": 360, ""parts_cost"": 0, ""work_order_id"": ""deda62e1-a34d-40c8-9409-d12da6e317c4""}",2025-05-28 21:54:10.142818+00
ca0800a5-45f4-4e8d-a31d-31c1b89fdc82,8c923525-b653-4851-a2f4-3fb498911b7d,60694a33-64df-4703-bb1f-20bc3948e683,maintenance_completed,,,,,"{""kind"": ""preventive"", ""labor_cost"": 240, ""parts_cost"": 0, ""work_order_id"": ""372c163b-d0c0-4a36-be18-315cb717dfd5""}",2025-11-27 00:52:10.142818+00
3843b36f-4c50-44e5-856d-a7c8fe95aec1,8c923525-b653-4851-a2f4-3fb498911b7d,60694a33-64df-4703-bb1f-20bc3948e683,maintenance_completed,,,,,"{""kind"": ""corrective"", ""outcome"": ""escalated to supplier"", ""work_order_id"": ""74f2571d-412f-4e67-b802-e86088c4ba29"", ""downtime_minutes"": 2605}",2024-02-17 20:01:10.142818+00
2cf3172b-5472-44f8-a980-0f0c5d6652fb,8c923525-b653-4851-a2f4-3fb498911b7d,60694a33-64df-4703-bb1f-20bc3948e683,maintenance_completed,,,,,"{""kind"": ""corrective"", ""outcome"": ""repaired"", ""work_order_id"": ""3dcd0a0a-19d8-463f-9f2d-5aa35e989416"", ""downtime_minutes"": 1929}",2026-07-25 08:45:10.142818+00
bc179e5f-0e6d-47df-a17e-de0daed11a29,8c923525-b653-4851-a2f4-3fb498911b7d,60694a33-64df-4703-bb1f-20bc3948e683,maintenance_completed,,,,,"{""kind"": ""corrective"", ""outcome"": ""part replaced"", ""work_order_id"": ""2f7acecd-7776-4cd1-b90a-710bfa0400b3"", ""downtime_minutes"": 2067}",2025-06-07 14:03:10.142818+00
62c51f51-00f0-4a4e-964b-587fccdbe572,8c923525-b653-4851-a2f4-3fb498911b7d,60694a33-64df-4703-bb1f-20bc3948e683,maintenance_completed,,,,,"{""kind"": ""corrective"", ""outcome"": ""cleaned and reconfigured"", ""work_order_id"": ""7770c0a4-aa9b-402c-9ea6-d31708468378"", ""downtime_minutes"": 1637}",2025-03-03 00:53:10.142818+00
7fd3baaa-47e8-4334-9bbb-63f1780ffb37,8c923525-b653-4851-a2f4-3fb498911b7d,60694a33-64df-4703-bb1f-20bc3948e683,maintenance_completed,,,,,"{""kind"": ""corrective"", ""outcome"": ""cleaned and reconfigured"", ""work_order_id"": ""a481515b-1acc-4193-87f0-01ac43feb35f"", ""downtime_minutes"": 757}",2024-09-03 12:13:10.142818+00
419f7fa5-5f21-4ed0-a286-b364193b6fe6,094e9be1-4250-4720-8fd0-0413662d1900,60694a33-64df-4703-bb1f-20bc3948e683,maintenance_completed,,,,,"{""kind"": ""preventive"", ""labor_cost"": 120, ""parts_cost"": 0, ""work_order_id"": ""edccd844-507e-4d15-a705-6549f25c646a""}",2024-01-16 23:11:10.142818+00
fd4cb2b3-e7a9-43f0-a069-b36ed264c092,094e9be1-4250-4720-8fd0-0413662d1900,60694a33-64df-4703-bb1f-20bc3948e683,maintenance_completed,,,,,"{""kind"": ""preventive"", ""labor_cost"": 360, ""parts_cost"": 0, ""work_order_id"": ""dbe7570b-303b-42b1-abe1-43115752d7f0""}",2024-07-14 01:35:10.142818+00
ab634096-0975-453d-9b49-139a0349cde5,094e9be1-4250-4720-8fd0-0413662d1900,60694a33-64df-4703-bb1f-20bc3948e683,maintenance_completed,,,,,"{""kind"": ""preventive"", ""labor_cost"": 120, ""parts_cost"": 0, ""work_order_id"": ""2f4070ae-d82d-4927-a2d9-02eff6678f63""}",2025-01-15 03:45:10.142818+00
b7167f9d-eb03-4ab7-8883-771fcbcce379,094e9be1-4250-4720-8fd0-0413662d1900,60694a33-64df-4703-bb1f-20bc3948e683,maintenance_completed,,,,,"{""kind"": ""preventive"", ""labor_cost"": 120, ""parts_cost"": 860, ""work_order_id"": ""026734cc-a6db-4f74-ba40-eda2d8475926""}",2025-07-13 00:14:10.142818+00
d0c33223-7862-4be0-838f-27442cb71dfb,094e9be1-4250-4720-8fd0-0413662d1900,60694a33-64df-4703-bb1f-20bc3948e683,maintenance_completed,,,,,"{""kind"": ""preventive"", ""labor_cost"": 360, ""parts_cost"": 0, ""work_order_id"": ""66b6ce64-96be-4541-a957-a98d41991c1b""}",2026-01-06 04:13:10.142818+00
5c182b13-39f9-40df-9070-0a22f62270d1,094e9be1-4250-4720-8fd0-0413662d1900,60694a33-64df-4703-bb1f-20bc3948e683,maintenance_completed,,,,,"{""kind"": ""preventive"", ""labor_cost"": 240, ""parts_cost"": 582, ""work_order_id"": ""3a1f9442-35b6-4a35-800a-38ce12f86a14""}",2026-07-04 01:44:10.142818+00
c8e06080-55bc-4d1e-b6dc-c557cf30187f,094e9be1-4250-4720-8fd0-0413662d1900,60694a33-64df-4703-bb1f-20bc3948e683,maintenance_completed,,,,,"{""kind"": ""corrective"", ""outcome"": ""no fault found"", ""work_order_id"": ""07411692-0b9e-49bd-b5c0-fe4924004498"", ""downtime_minutes"": 1701}",2025-08-16 07:57:10.142818+00
ace346ec-eee6-4b71-a935-93f8555aae16,094e9be1-4250-4720-8fd0-0413662d1900,60694a33-64df-4703-bb1f-20bc3948e683,maintenance_completed,,,,,"{""kind"": ""corrective"", ""outcome"": ""escalated to supplier"", ""work_order_id"": ""eb8b4e65-e504-4e56-9042-493b8477bd65"", ""downtime_minutes"": 1474}",2025-08-22 04:10:10.142818+00
4f37ae62-0267-459d-9fcf-fb4f3a01cca9,f9cde054-6c1e-462f-84c1-3cd2a49e251a,60694a33-64df-4703-bb1f-20bc3948e683,maintenance_completed,,,,,"{""kind"": ""preventive"", ""labor_cost"": 360, ""parts_cost"": 359, ""work_order_id"": ""15390df7-f13f-45da-bb59-24869239fe77""}",2024-03-17 04:38:10.142818+00
39bb723c-ac15-4945-88e5-70d90cecc622,f9cde054-6c1e-462f-84c1-3cd2a49e251a,60694a33-64df-4703-bb1f-20bc3948e683,maintenance_completed,,,,,"{""kind"": ""preventive"", ""labor_cost"": 360, ""parts_cost"": 0, ""work_order_id"": ""d287c7a7-6362-46dc-a666-ef23bfbeab67""}",2024-09-17 03:31:10.142818+00
26b538ba-b478-4252-92ff-3a262f065de0,f9cde054-6c1e-462f-84c1-3cd2a49e251a,60694a33-64df-4703-bb1f-20bc3948e683,maintenance_completed,,,,,"{""kind"": ""preventive"", ""labor_cost"": 240, ""parts_cost"": 0, ""work_order_id"": ""bb40c1ed-fc0d-4b58-a269-c85db0d30732""}",2025-03-15 00:20:10.142818+00
2fd37527-4f3d-4318-a70b-3e0a52123cac,f9cde054-6c1e-462f-84c1-3cd2a49e251a,60694a33-64df-4703-bb1f-20bc3948e683,maintenance_completed,,,,,"{""kind"": ""preventive"", ""labor_cost"": 480, ""parts_cost"": 372, ""work_order_id"": ""c3d5b51c-988f-4c4e-844e-cdbfe39f0afa""}",2025-09-12 22:49:10.142818+00
745c0a1b-07e1-4b96-91af-930f3bcf0f4b,f9cde054-6c1e-462f-84c1-3cd2a49e251a,60694a33-64df-4703-bb1f-20bc3948e683,maintenance_completed,,,,,"{""kind"": ""preventive"", ""labor_cost"": 240, ""parts_cost"": 0, ""work_order_id"": ""6f486a4a-337c-4ac8-b268-7a082f604a82""}",2026-03-09 03:14:10.142818+00
b241804b-6bcd-4ccb-a4ac-795382f873f3,f9cde054-6c1e-462f-84c1-3cd2a49e251a,60694a33-64df-4703-bb1f-20bc3948e683,maintenance_completed,,,,,"{""kind"": ""preventive"", ""labor_cost"": 120, ""parts_cost"": 276, ""work_order_id"": ""848d40fa-88c5-457d-91f2-6ef5c2ec2efa""}",2026-09-01 23:25:10.142818+00
77bd1310-c814-4c20-a19c-31cd65fbc05c,f9cde054-6c1e-462f-84c1-3cd2a49e251a,60694a33-64df-4703-bb1f-20bc3948e683,maintenance_completed,,,,,"{""kind"": ""corrective"", ""outcome"": ""part replaced"", ""work_order_id"": ""2c44cbec-9885-478b-b1c5-695f01b72849"", ""downtime_minutes"": 378}",2026-08-26 08:54:10.142818+00
df1649fd-ccbe-4c5e-9720-abeb57ad5064,66c97b08-7569-4abe-a6cc-83804009f001,60694a33-64df-4703-bb1f-20bc3948e683,maintenance_completed,,,,,"{""kind"": ""preventive"", ""labor_cost"": 240, ""parts_cost"": 335, ""work_order_id"": ""9e4733e0-70ec-4ce4-bc0a-56b39fcad1f0""}",2023-10-30 02:24:10.142818+00
964d8802-b6fe-4405-80d3-1dada429af14,66c97b08-7569-4abe-a6cc-83804009f001,60694a33-64df-4703-bb1f-20bc3948e683,maintenance_completed,,,,,"{""kind"": ""preventive"", ""labor_cost"": 480, ""parts_cost"": 0, ""work_order_id"": ""de03f7e3-bc82-4e0a-be61-190d519bd324""}",2024-04-29 03:32:10.142818+00
3840b40c-1753-4423-92e8-dcf25c07faae,66c97b08-7569-4abe-a6cc-83804009f001,60694a33-64df-4703-bb1f-20bc3948e683,maintenance_completed,,,,,"{""kind"": ""preventive"", ""labor_cost"": 120, ""parts_cost"": 0, ""work_order_id"": ""7c8344cf-cac4-4165-adf7-b73ac96c953a""}",2024-10-20 02:38:10.142818+00
9950b500-0000-4c72-bf85-a415d32e26d8,66c97b08-7569-4abe-a6cc-83804009f001,60694a33-64df-4703-bb1f-20bc3948e683,maintenance_completed,,,,,"{""kind"": ""preventive"", ""labor_cost"": 480, ""parts_cost"": 0, ""work_order_id"": ""e520b653-0987-4642-9337-eb48dc955197""}",2025-04-22 22:59:10.142818+00
7b5a4b35-735f-479e-96ba-f8e5e1fa1f68,66c97b08-7569-4abe-a6cc-83804009f001,60694a33-64df-4703-bb1f-20bc3948e683,maintenance_completed,,,,,"{""kind"": ""preventive"", ""labor_cost"": 120, ""parts_cost"": 0, ""work_order_id"": ""94bc0ce7-3973-4b66-b4d1-58f5f3c0691c""}",2025-10-20 04:29:10.142818+00
3f4f68ea-6faa-4bd0-9b77-72369043fbc7,66c97b08-7569-4abe-a6cc-83804009f001,60694a33-64df-4703-bb1f-20bc3948e683,maintenance_completed,,,,,"{""kind"": ""corrective"", ""outcome"": ""part replaced"", ""work_order_id"": ""2b5d200f-6864-4a95-aa08-44bcd670e674"", ""downtime_minutes"": 329}",2024-11-07 08:05:10.142818+00
e23e344d-41dd-4ebf-9d04-411ac03bf09c,034a8b7f-433c-4cab-b207-1fc181783f0d,60694a33-64df-4703-bb1f-20bc3948e683,maintenance_completed,,,,,"{""kind"": ""preventive"", ""labor_cost"": 360, ""parts_cost"": 0, ""work_order_id"": ""76ea7b00-b19a-43dd-92c2-5368556dfa00""}",2025-10-22 12:24:00+00
3fe470da-85d7-4eb4-8d30-f5196248565e,034a8b7f-433c-4cab-b207-1fc181783f0d,60694a33-64df-4703-bb1f-20bc3948e683,maintenance_completed,,,,,"{""kind"": ""preventive"", ""labor_cost"": 240, ""parts_cost"": 425, ""work_order_id"": ""25d3b331-4d30-4c61-b11c-d46f152374f4""}",2026-04-25 16:57:00+00
d318cf3f-01c6-4dcf-bf08-0a0012632624,034a8b7f-433c-4cab-b207-1fc181783f0d,60694a33-64df-4703-bb1f-20bc3948e683,maintenance_completed,,,,,"{""kind"": ""corrective"", ""outcome"": ""repaired"", ""work_order_id"": ""22e04ec0-de9a-4a1a-b332-96d45dc72158"", ""downtime_minutes"": 1070}",2026-06-05 17:26:10.142818+00
f675f959-088c-4092-aac3-50bdda9b082e,c6d03084-f5a9-424a-b550-03cded5331ad,60694a33-64df-4703-bb1f-20bc3948e683,maintenance_completed,,,,,"{""kind"": ""preventive"", ""labor_cost"": 120, ""parts_cost"": 0, ""work_order_id"": ""1fedd44c-b039-40b5-9bcb-410f653ab0ed""}",2023-12-09 01:10:10.142818+00
0b7b3cf3-982d-4f8c-b533-727ffa86844e,c6d03084-f5a9-424a-b550-03cded5331ad,60694a33-64df-4703-bb1f-20bc3948e683,maintenance_completed,,,,,"{""kind"": ""preventive"", ""labor_cost"": 480, ""parts_cost"": 905, ""work_order_id"": ""b6d95a8b-b339-40cd-8f97-43786f4c90ca""}",2024-06-10 00:19:10.142818+00
7e88d2f4-3750-4e17-80d3-41d83fba9e64,c6d03084-f5a9-424a-b550-03cded5331ad,60694a33-64df-4703-bb1f-20bc3948e683,maintenance_completed,,,,,"{""kind"": ""preventive"", ""labor_cost"": 120, ""parts_cost"": 0, ""work_order_id"": ""527097dd-c73d-4847-8508-18bd5f523c45""}",2024-12-02 01:12:10.142818+00
e526ee26-5f28-44c7-b752-2fe3df8e7d3d,c6d03084-f5a9-424a-b550-03cded5331ad,60694a33-64df-4703-bb1f-20bc3948e683,maintenance_completed,,,,,"{""kind"": ""preventive"", ""labor_cost"": 480, ""parts_cost"": 484, ""work_order_id"": ""48f88105-ab73-4e9b-9273-fce896a2bd92""}",2025-06-02 00:29:10.142818+00
606811b8-002e-4034-9b85-6761b081ecf5,c6d03084-f5a9-424a-b550-03cded5331ad,60694a33-64df-4703-bb1f-20bc3948e683,maintenance_completed,,,,,"{""kind"": ""preventive"", ""labor_cost"": 360, ""parts_cost"": 0, ""work_order_id"": ""bb777a8e-16fe-401c-8cd2-4f42833d43d8""}",2025-12-04 03:03:10.142818+00
11c65677-00f1-4382-b623-dbd6b549bd4b,c6d03084-f5a9-424a-b550-03cded5331ad,60694a33-64df-4703-bb1f-20bc3948e683,maintenance_completed,,,,,"{""kind"": ""preventive"", ""labor_cost"": 480, ""parts_cost"": 1014, ""work_order_id"": ""580c7b43-4fb8-4eef-9dd8-fdc5474a11ce""}",2026-06-02 04:57:10.142818+00
c226e001-f444-4a6b-bf14-5adf5369cf6c,99cb7ad9-b2b7-451a-9134-e0d7c92449f6,60694a33-64df-4703-bb1f-20bc3948e683,maintenance_completed,,,,,"{""kind"": ""preventive"", ""labor_cost"": 240, ""parts_cost"": 0, ""work_order_id"": ""d6ff321c-0aee-4323-b146-de03ee55fa9a""}",2023-12-01 00:18:10.142818+00
f091dd51-9bb8-468d-81f3-e40a2d8f7006,99cb7ad9-b2b7-451a-9134-e0d7c92449f6,60694a33-64df-4703-bb1f-20bc3948e683,maintenance_completed,,,,,"{""kind"": ""preventive"", ""labor_cost"": 360, ""parts_cost"": 0, ""work_order_id"": ""70e66473-2759-48a5-9f31-24b36af9ceb8""}",2024-05-30 01:24:10.142818+00
3050964b-395e-4da6-aa68-9b09d2759805,99cb7ad9-b2b7-451a-9134-e0d7c92449f6,60694a33-64df-4703-bb1f-20bc3948e683,maintenance_completed,,,,,"{""kind"": ""preventive"", ""labor_cost"": 120, ""parts_cost"": 0, ""work_order_id"": ""fb27dbb5-3d39-46ca-b5f9-05112bd4a6fd""}",2024-11-24 03:30:10.142818+00
c607d941-4f7f-4872-a6e8-f56a20bb4fb0,99cb7ad9-b2b7-451a-9134-e0d7c92449f6,60694a33-64df-4703-bb1f-20bc3948e683,maintenance_completed,,,,,"{""kind"": ""preventive"", ""labor_cost"": 360, ""parts_cost"": 0, ""work_order_id"": ""05b38937-949a-4e4f-be66-98495980cc34""}",2025-05-23 02:54:10.142818+00
384bed8b-3902-42ba-94af-12c05bfce899,99cb7ad9-b2b7-451a-9134-e0d7c92449f6,60694a33-64df-4703-bb1f-20bc3948e683,maintenance_completed,,,,,"{""kind"": ""preventive"", ""labor_cost"": 120, ""parts_cost"": 0, ""work_order_id"": ""a043d8a3-c4d8-4a21-a4a0-b788082641c1""}",2025-11-21 02:23:10.142818+00
f38d7d7a-ef75-4ac8-a333-2bc534091dc0,99cb7ad9-b2b7-451a-9134-e0d7c92449f6,60694a33-64df-4703-bb1f-20bc3948e683,maintenance_completed,,,,,"{""kind"": ""preventive"", ""labor_cost"": 480, ""parts_cost"": 0, ""work_order_id"": ""b979d7e4-ba25-4af1-aa42-088a4dcd47d5""}",2026-05-21 04:18:10.142818+00
af813b3e-a507-437e-a607-cb91cfb8f310,99cb7ad9-b2b7-451a-9134-e0d7c92449f6,60694a33-64df-4703-bb1f-20bc3948e683,maintenance_completed,,,,,"{""kind"": ""corrective"", ""outcome"": ""repaired"", ""work_order_id"": ""77313c21-5ef0-4f24-8299-a9a94122946a"", ""downtime_minutes"": 1731}",2026-09-08 01:27:10.142818+00
6a433081-2a4f-4d83-a9d0-a4ec36e931fb,41a54514-80ef-4746-a97f-53647586466a,60694a33-64df-4703-bb1f-20bc3948e683,maintenance_completed,,,,,"{""kind"": ""preventive"", ""labor_cost"": 480, ""parts_cost"": 826, ""work_order_id"": ""76d3f36e-6438-4581-ac7c-1dfc48c67933""}",2024-03-03 22:56:10.142818+00
4b2c14d0-2987-4db8-aea4-43bc1388f4ec,41a54514-80ef-4746-a97f-53647586466a,60694a33-64df-4703-bb1f-20bc3948e683,maintenance_completed,,,,,"{""kind"": ""preventive"", ""labor_cost"": 480, ""parts_cost"": 1040, ""work_order_id"": ""024a458a-4b17-40c5-b425-336f7f325ee3""}",2024-09-06 01:18:10.142818+00
dfa989a8-7ab7-467b-a2ce-527899dae32f,41a54514-80ef-4746-a97f-53647586466a,60694a33-64df-4703-bb1f-20bc3948e683,maintenance_completed,,,,,"{""kind"": ""preventive"", ""labor_cost"": 240, ""parts_cost"": 0, ""work_order_id"": ""2b0a13af-0cb1-41bd-886b-2e4a6d665cc8""}",2025-03-04 02:30:10.142818+00
2c0c2ea1-6761-40c1-8e63-f25681064c38,41a54514-80ef-4746-a97f-53647586466a,60694a33-64df-4703-bb1f-20bc3948e683,maintenance_completed,,,,,"{""kind"": ""preventive"", ""labor_cost"": 120, ""parts_cost"": 0, ""work_order_id"": ""09a0a62b-7b6b-4402-a15b-8fbde434bf4c""}",2025-08-31 01:50:10.142818+00
bb7b2cb8-d788-4159-8ff6-7fe4fd869ea7,41a54514-80ef-4746-a97f-53647586466a,60694a33-64df-4703-bb1f-20bc3948e683,maintenance_completed,,,,,"{""kind"": ""preventive"", ""labor_cost"": 240, ""parts_cost"": 0, ""work_order_id"": ""8076257e-c8f5-4247-99ba-437b1a7e6914""}",2026-02-28 02:29:10.142818+00
a3802809-4390-4c59-bd85-b2a005641c22,41a54514-80ef-4746-a97f-53647586466a,60694a33-64df-4703-bb1f-20bc3948e683,maintenance_completed,,,,,"{""kind"": ""preventive"", ""labor_cost"": 480, ""parts_cost"": 722, ""work_order_id"": ""60eabf1c-4e8d-4183-8cfa-5cbd3997c8c9""}",2026-08-24 22:30:10.142818+00
6639943c-638c-4f5a-9abe-78c422396d98,41a54514-80ef-4746-a97f-53647586466a,60694a33-64df-4703-bb1f-20bc3948e683,maintenance_completed,,,,,"{""kind"": ""corrective"", ""outcome"": ""repaired"", ""work_order_id"": ""69172dfb-a998-40ed-bd1b-34d725e4c8f6"", ""downtime_minutes"": 1396}",2024-02-05 22:52:10.142818+00
012303dd-4790-4e68-b048-711d8bca12a4,35adb947-a42f-48dc-8aa1-88bb765de796,60694a33-64df-4703-bb1f-20bc3948e683,maintenance_completed,,,,,"{""kind"": ""preventive"", ""labor_cost"": 480, ""parts_cost"": 0, ""work_order_id"": ""23bb5738-93ea-4d18-9efe-28aa0c1d9142""}",2023-12-11 02:34:10.142818+00
b4b7a167-f1d6-478f-9561-06e1c7f83985,35adb947-a42f-48dc-8aa1-88bb765de796,60694a33-64df-4703-bb1f-20bc3948e683,maintenance_completed,,,,,"{""kind"": ""preventive"", ""labor_cost"": 360, ""parts_cost"": 0, ""work_order_id"": ""bf2a99d1-231f-4cdd-9b41-67deee644c27""}",2024-06-08 04:08:10.142818+00
a8dbb781-dfce-4aaf-8c00-222566a11686,35adb947-a42f-48dc-8aa1-88bb765de796,60694a33-64df-4703-bb1f-20bc3948e683,maintenance_completed,,,,,"{""kind"": ""preventive"", ""labor_cost"": 480, ""parts_cost"": 0, ""work_order_id"": ""bdaa42bb-4081-4503-a0f4-718c94c4aee8""}",2024-11-30 02:59:10.142818+00
2df8af35-26e9-48e9-8686-8a1e069a0c5a,35adb947-a42f-48dc-8aa1-88bb765de796,60694a33-64df-4703-bb1f-20bc3948e683,maintenance_completed,,,,,"{""kind"": ""preventive"", ""labor_cost"": 360, ""parts_cost"": 229, ""work_order_id"": ""a545c44c-a371-4b1f-848a-70244b97d5ef""}",2025-06-01 03:32:10.142818+00
886c2afc-0b50-4cac-9709-4ebb1f3cc29a,35adb947-a42f-48dc-8aa1-88bb765de796,60694a33-64df-4703-bb1f-20bc3948e683,maintenance_completed,,,,,"{""kind"": ""preventive"", ""labor_cost"": 120, ""parts_cost"": 0, ""work_order_id"": ""a40edeea-6b72-43f6-ab39-66feff3a29df""}",2025-11-28 00:53:10.142818+00
0c7e2546-6093-4293-9a11-3ed51c178470,35adb947-a42f-48dc-8aa1-88bb765de796,60694a33-64df-4703-bb1f-20bc3948e683,maintenance_completed,,,,,"{""kind"": ""preventive"", ""labor_cost"": 480, ""parts_cost"": 0, ""work_order_id"": ""de1a3b03-818d-45f8-8776-55713e3fc457""}",2026-05-25 03:50:10.142818+00
d4bf80df-9c92-42a7-9069-06e2be0d3b49,333c3235-57bd-41f1-933e-95f1ea8b288e,60694a33-64df-4703-bb1f-20bc3948e683,maintenance_completed,,,,,"{""kind"": ""preventive"", ""labor_cost"": 240, ""parts_cost"": 0, ""work_order_id"": ""f0c4acfd-cfb6-4af4-84bb-8a8794a5dba5""}",2023-10-05 00:29:10.142818+00
871f4074-cbf2-4d14-9ea9-262bd84d8019,333c3235-57bd-41f1-933e-95f1ea8b288e,60694a33-64df-4703-bb1f-20bc3948e683,maintenance_completed,,,,,"{""kind"": ""preventive"", ""labor_cost"": 120, ""parts_cost"": 0, ""work_order_id"": ""d736c8cd-0ebb-43e4-b989-8b9200be3040""}",2024-03-31 02:09:10.142818+00
4c274864-2f28-4c87-81d7-c5a79f314b71,333c3235-57bd-41f1-933e-95f1ea8b288e,60694a33-64df-4703-bb1f-20bc3948e683,maintenance_completed,,,,,"{""kind"": ""preventive"", ""labor_cost"": 360, ""parts_cost"": 0, ""work_order_id"": ""a120757c-ac6b-4167-8725-9e2e6769844c""}",2024-10-01 05:00:10.142818+00
e937f525-9d08-43e8-9444-e23286066f4b,333c3235-57bd-41f1-933e-95f1ea8b288e,60694a33-64df-4703-bb1f-20bc3948e683,maintenance_completed,,,,,"{""kind"": ""preventive"", ""labor_cost"": 480, ""parts_cost"": 0, ""work_order_id"": ""fce56a70-eb1e-441a-9756-0edd2bcdca23""}",2025-03-27 03:35:10.142818+00
59799e73-a189-4010-ba1c-564df878d3bb,333c3235-57bd-41f1-933e-95f1ea8b288e,60694a33-64df-4703-bb1f-20bc3948e683,maintenance_completed,,,,,"{""kind"": ""preventive"", ""labor_cost"": 120, ""parts_cost"": 0, ""work_order_id"": ""36e7c8ed-5c52-4059-8dd8-8882ca770fb6""}",2025-09-24 00:36:10.142818+00
34e4ce57-9114-49f4-9fe8-b17feba6a575,333c3235-57bd-41f1-933e-95f1ea8b288e,60694a33-64df-4703-bb1f-20bc3948e683,maintenance_completed,,,,,"{""kind"": ""preventive"", ""labor_cost"": 120, ""parts_cost"": 954, ""work_order_id"": ""79faf8e5-edc2-462f-b076-e4f8b70a16ee""}",2026-03-28 03:32:10.142818+00
8f8c5582-6c81-4bf2-b099-1e4c0bef1dab,333c3235-57bd-41f1-933e-95f1ea8b288e,60694a33-64df-4703-bb1f-20bc3948e683,maintenance_completed,,,,,"{""kind"": ""preventive"", ""labor_cost"": 480, ""parts_cost"": 815, ""work_order_id"": ""eedf9acb-82ac-4725-9927-2ee4e67cfef1""}",2026-09-17 23:38:10.142818+00
d39a291e-258a-45b5-a5e6-6bda7ec9d79b,f99f741b-31d6-465b-b4c9-1521fe24372c,60694a33-64df-4703-bb1f-20bc3948e683,maintenance_completed,,,,,"{""kind"": ""preventive"", ""labor_cost"": 360, ""parts_cost"": 454, ""work_order_id"": ""c2553955-1a19-4230-ad1a-07042d2dc5af""}",2025-07-28 15:43:00+00
19877837-58b9-4658-b778-61d610e4dd3f,f99f741b-31d6-465b-b4c9-1521fe24372c,60694a33-64df-4703-bb1f-20bc3948e683,maintenance_completed,,,,,"{""kind"": ""preventive"", ""labor_cost"": 120, ""parts_cost"": 0, ""work_order_id"": ""75a0e79d-7cf5-4061-a456-571c13cde6a1""}",2026-01-24 13:15:00+00
1441cf07-35eb-4859-95d6-ff99747bac08,f99f741b-31d6-465b-b4c9-1521fe24372c,60694a33-64df-4703-bb1f-20bc3948e683,maintenance_completed,,,,,"{""kind"": ""preventive"", ""labor_cost"": 120, ""parts_cost"": 0, ""work_order_id"": ""8ff1014c-f42d-4f46-8adc-9481b3d3c4b5""}",2026-07-20 09:50:00+00
70789e11-8442-4514-a774-f209483469cb,f99f741b-31d6-465b-b4c9-1521fe24372c,60694a33-64df-4703-bb1f-20bc3948e683,maintenance_completed,,,,,"{""kind"": ""corrective"", ""outcome"": ""escalated to supplier"", ""work_order_id"": ""ecf2022f-d1d4-434c-92da-23b82746b591"", ""downtime_minutes"": 2782}",2025-11-06 23:58:10.142818+00
0018a622-275d-4672-aac5-db2da4691f79,ff96bdb1-62cb-46af-af07-46dc3cf98d7f,60694a33-64df-4703-bb1f-20bc3948e683,maintenance_completed,,,,,"{""kind"": ""preventive"", ""labor_cost"": 120, ""parts_cost"": 290, ""work_order_id"": ""2bc65889-e6f0-4e02-939a-0094f3409411""}",2024-01-12 00:25:10.142818+00
3f4203bd-1ebb-4490-b858-e7a4794c3215,ff96bdb1-62cb-46af-af07-46dc3cf98d7f,60694a33-64df-4703-bb1f-20bc3948e683,maintenance_completed,,,,,"{""kind"": ""preventive"", ""labor_cost"": 120, ""parts_cost"": 985, ""work_order_id"": ""8eccebec-6f31-4fb4-bdfe-e312773d4a31""}",2024-07-11 05:33:10.142818+00
f9ccec80-00da-4532-881f-f605de3675f6,ff96bdb1-62cb-46af-af07-46dc3cf98d7f,60694a33-64df-4703-bb1f-20bc3948e683,maintenance_completed,,,,,"{""kind"": ""preventive"", ""labor_cost"": 480, ""parts_cost"": 0, ""work_order_id"": ""b36bcaa3-0a74-495c-8333-dfd1f40e506b""}",2025-01-07 00:47:10.142818+00
d991b4f2-16c5-487d-adb3-9d705d3fdca8,ff96bdb1-62cb-46af-af07-46dc3cf98d7f,60694a33-64df-4703-bb1f-20bc3948e683,maintenance_completed,,,,,"{""kind"": ""preventive"", ""labor_cost"": 360, ""parts_cost"": 0, ""work_order_id"": ""6f389e57-eab4-44c6-82ac-1c4fefd3aec7""}",2025-07-08 01:14:10.142818+00
4725500f-3b7e-4c55-a8bb-ec48ca504abb,ff96bdb1-62cb-46af-af07-46dc3cf98d7f,60694a33-64df-4703-bb1f-20bc3948e683,maintenance_completed,,,,,"{""kind"": ""preventive"", ""labor_cost"": 480, ""parts_cost"": 0, ""work_order_id"": ""833be6bc-5bab-4a9f-9953-a8566b1e0c2f""}",2026-01-01 00:44:10.142818+00
4c65e553-e811-4922-a4b8-0029d942fbf4,ff96bdb1-62cb-46af-af07-46dc3cf98d7f,60694a33-64df-4703-bb1f-20bc3948e683,maintenance_completed,,,,,"{""kind"": ""preventive"", ""labor_cost"": 480, ""parts_cost"": 0, ""work_order_id"": ""a76cf90f-f69f-4b5a-b3c3-78abc0866c09""}",2026-07-03 21:36:10.142818+00
1c950a82-2562-4b7e-9ba2-aed27e1df490,ff96bdb1-62cb-46af-af07-46dc3cf98d7f,60694a33-64df-4703-bb1f-20bc3948e683,maintenance_completed,,,,,"{""kind"": ""corrective"", ""outcome"": ""cleaned and reconfigured"", ""work_order_id"": ""8b27737a-a75a-4e24-8b6b-25eb3ef44aae"", ""downtime_minutes"": 1999}",2026-04-19 05:55:10.142818+00
06d40b6a-ae6d-42f0-b5df-2991bc3845d2,6ab4df89-1b50-4b6a-962d-92d3ef5ddc4c,60694a33-64df-4703-bb1f-20bc3948e683,maintenance_completed,,,,,"{""kind"": ""preventive"", ""labor_cost"": 360, ""parts_cost"": 250, ""work_order_id"": ""92f25d7a-c0ce-45bd-9d94-95b494df66cd""}",2024-02-05 03:22:10.142818+00
3eaac961-e99c-4ead-a331-527824947822,6ab4df89-1b50-4b6a-962d-92d3ef5ddc4c,60694a33-64df-4703-bb1f-20bc3948e683,maintenance_completed,,,,,"{""kind"": ""preventive"", ""labor_cost"": 120, ""parts_cost"": 0, ""work_order_id"": ""9d53bc44-078a-46f0-9f1d-fe2a6edd2003""}",2024-08-02 22:52:10.142818+00
f113e409-72f1-470a-9ccf-4dac220ae818,6ab4df89-1b50-4b6a-962d-92d3ef5ddc4c,60694a33-64df-4703-bb1f-20bc3948e683,maintenance_completed,,,,,"{""kind"": ""preventive"", ""labor_cost"": 240, ""parts_cost"": 0, ""work_order_id"": ""828fa2f2-0720-42bc-bab4-003701520e68""}",2025-02-03 23:23:10.142818+00
2314031a-5d62-41c6-9d9c-e52e9ff95545,6ab4df89-1b50-4b6a-962d-92d3ef5ddc4c,60694a33-64df-4703-bb1f-20bc3948e683,maintenance_completed,,,,,"{""kind"": ""preventive"", ""labor_cost"": 120, ""parts_cost"": 0, ""work_order_id"": ""4b549a26-1362-4e20-8ea7-f35c7fe5dbe5""}",2025-08-02 01:44:10.142818+00
0b37ed21-d01f-4a3d-91b6-97b0f9c8856e,6ab4df89-1b50-4b6a-962d-92d3ef5ddc4c,60694a33-64df-4703-bb1f-20bc3948e683,maintenance_completed,,,,,"{""kind"": ""preventive"", ""labor_cost"": 360, ""parts_cost"": 768, ""work_order_id"": ""68622843-dde9-4f78-b944-d050ad7df013""}",2026-01-28 02:49:10.142818+00
db74d3a5-040f-4193-8b73-acd780722fb8,23d8e810-f123-417e-ac55-fb506dc961e4,60694a33-64df-4703-bb1f-20bc3948e683,maintenance_completed,,,,,"{""kind"": ""preventive"", ""labor_cost"": 240, ""parts_cost"": 0, ""work_order_id"": ""7296196e-24bd-4bb6-b76a-fd24627741b8""}",2023-09-30 00:27:10.142818+00
91899161-5c01-4741-8472-e26425d1602a,23d8e810-f123-417e-ac55-fb506dc961e4,60694a33-64df-4703-bb1f-20bc3948e683,maintenance_completed,,,,,"{""kind"": ""preventive"", ""labor_cost"": 360, ""parts_cost"": 0, ""work_order_id"": ""b896b0ff-847d-4b69-8a8f-bcb317683e76""}",2024-03-30 01:32:10.142818+00
bb9f7e95-bb32-4ae3-8bd8-9712fde17a46,23d8e810-f123-417e-ac55-fb506dc961e4,60694a33-64df-4703-bb1f-20bc3948e683,maintenance_completed,,,,,"{""kind"": ""preventive"", ""labor_cost"": 240, ""parts_cost"": 0, ""work_order_id"": ""54f09500-2f77-4af4-9b93-beae016a658f""}",2024-09-24 00:20:10.142818+00
c52ef41f-6fac-4590-a032-c1ee8c788e96,23d8e810-f123-417e-ac55-fb506dc961e4,60694a33-64df-4703-bb1f-20bc3948e683,maintenance_completed,,,,,"{""kind"": ""preventive"", ""labor_cost"": 120, ""parts_cost"": 0, ""work_order_id"": ""194f8af7-f16b-497a-8f0a-7a5621453fa0""}",2025-03-24 22:27:10.142818+00
deef40ee-8299-45de-991e-bb07eb38a5de,23d8e810-f123-417e-ac55-fb506dc961e4,60694a33-64df-4703-bb1f-20bc3948e683,maintenance_completed,,,,,"{""kind"": ""preventive"", ""labor_cost"": 120, ""parts_cost"": 648, ""work_order_id"": ""82fa7757-2a9b-4d84-a4c6-393efb1accca""}",2025-09-21 05:33:10.142818+00
c132a608-e0ea-42ad-8551-bd65f353722a,23d8e810-f123-417e-ac55-fb506dc961e4,60694a33-64df-4703-bb1f-20bc3948e683,maintenance_completed,,,,,"{""kind"": ""preventive"", ""labor_cost"": 480, ""parts_cost"": 862, ""work_order_id"": ""ca1c3d70-c2c7-4cd0-a9a9-469094bd7fea""}",2026-03-17 23:06:10.142818+00
508e786b-fd2b-46fc-8d1a-36397066dac2,23d8e810-f123-417e-ac55-fb506dc961e4,60694a33-64df-4703-bb1f-20bc3948e683,maintenance_completed,,,,,"{""kind"": ""preventive"", ""labor_cost"": 360, ""parts_cost"": 621, ""work_order_id"": ""58dfed21-f4bf-4643-b12d-eacf50ef6ec2""}",2026-09-15 23:38:10.142818+00
028a103b-2efc-46d8-907a-3bb39da01750,23d8e810-f123-417e-ac55-fb506dc961e4,60694a33-64df-4703-bb1f-20bc3948e683,maintenance_completed,,,,,"{""kind"": ""corrective"", ""outcome"": ""part replaced"", ""work_order_id"": ""7cbbf1ce-b35a-495e-8597-60835a5f7085"", ""downtime_minutes"": 2564}",2024-11-14 18:20:10.142818+00
97616d98-fdac-42e8-a502-cbeda0b8be9e,9a328951-6f87-4694-900b-d16dfc676cae,60694a33-64df-4703-bb1f-20bc3948e683,maintenance_completed,,,,,"{""kind"": ""preventive"", ""labor_cost"": 480, ""parts_cost"": 0, ""work_order_id"": ""ea923d6d-15c9-4d17-ac28-da7ca7498dcd""}",2023-11-15 02:35:10.142818+00
2fe3f35c-ca17-4bdb-b59a-5ec1c7f811c8,9a328951-6f87-4694-900b-d16dfc676cae,60694a33-64df-4703-bb1f-20bc3948e683,maintenance_completed,,,,,"{""kind"": ""preventive"", ""labor_cost"": 480, ""parts_cost"": 627, ""work_order_id"": ""4550a259-47e3-43f9-934d-e40ad975816a""}",2024-05-14 05:07:10.142818+00
972dec55-6605-4b32-80c3-e9719ca68be4,9a328951-6f87-4694-900b-d16dfc676cae,60694a33-64df-4703-bb1f-20bc3948e683,maintenance_completed,,,,,"{""kind"": ""preventive"", ""labor_cost"": 240, ""parts_cost"": 372, ""work_order_id"": ""25733bdc-6ec1-4da4-9f35-060bfe15bd4f""}",2024-11-03 03:45:10.142818+00
6539020d-ffdd-4cc0-8b9e-67fd0302e3aa,9a328951-6f87-4694-900b-d16dfc676cae,60694a33-64df-4703-bb1f-20bc3948e683,maintenance_completed,,,,,"{""kind"": ""preventive"", ""labor_cost"": 360, ""parts_cost"": 0, ""work_order_id"": ""e73b3465-bd45-412b-be90-33837852fd7f""}",2025-05-03 00:18:10.142818+00
85d8bfaf-f1a4-4672-90e2-d8a8e2bc4eb9,9a328951-6f87-4694-900b-d16dfc676cae,60694a33-64df-4703-bb1f-20bc3948e683,maintenance_completed,,,,,"{""kind"": ""preventive"", ""labor_cost"": 120, ""parts_cost"": 0, ""work_order_id"": ""aff257ec-d554-4ae6-8ef2-5844ac71cfcc""}",2025-10-29 03:09:10.142818+00
84502861-50f9-4fdc-b0ea-776c2a26a196,9a328951-6f87-4694-900b-d16dfc676cae,60694a33-64df-4703-bb1f-20bc3948e683,maintenance_completed,,,,,"{""kind"": ""preventive"", ""labor_cost"": 240, ""parts_cost"": 0, ""work_order_id"": ""bb0d8536-3fb0-498c-9664-757250c7cf9a""}",2026-05-04 22:04:10.142818+00
040e28af-9e42-4bf6-abd6-71d972e24281,9a328951-6f87-4694-900b-d16dfc676cae,60694a33-64df-4703-bb1f-20bc3948e683,maintenance_completed,,,,,"{""kind"": ""corrective"", ""outcome"": ""escalated to supplier"", ""work_order_id"": ""1758993a-8b6b-4ddf-8918-2367742ea53c"", ""downtime_minutes"": 698}",2026-03-05 14:14:10.142818+00
aa8efac6-1e99-48f9-82ac-2dad66ad2f67,9a328951-6f87-4694-900b-d16dfc676cae,60694a33-64df-4703-bb1f-20bc3948e683,maintenance_completed,,,,,"{""kind"": ""corrective"", ""outcome"": ""cleaned and reconfigured"", ""work_order_id"": ""6689a4ea-0a24-475d-87f3-59ad9c7646e1"", ""downtime_minutes"": 2562}",2025-02-19 16:18:10.142818+00
2f5b831b-a694-4cc2-903e-3787efb9a536,9a328951-6f87-4694-900b-d16dfc676cae,60694a33-64df-4703-bb1f-20bc3948e683,maintenance_completed,,,,,"{""kind"": ""corrective"", ""outcome"": ""part replaced"", ""work_order_id"": ""82494437-61c1-44f4-b682-93e1c24879fd"", ""downtime_minutes"": 2223}",2025-05-04 10:39:10.142818+00
2cef5569-3349-4125-8c67-07e5cc5c23b3,1373f268-b4a1-4773-bd7d-0def0ca0662c,60694a33-64df-4703-bb1f-20bc3948e683,maintenance_completed,,,,,"{""kind"": ""preventive"", ""labor_cost"": 480, ""parts_cost"": 896, ""work_order_id"": ""9acf528e-6768-40bc-b137-02be54cc4e2c""}",2025-01-08 12:31:00+00
fce458dd-9c53-4890-b51f-5fcac40d6f87,1373f268-b4a1-4773-bd7d-0def0ca0662c,60694a33-64df-4703-bb1f-20bc3948e683,maintenance_completed,,,,,"{""kind"": ""preventive"", ""labor_cost"": 120, ""parts_cost"": 0, ""work_order_id"": ""91495f60-5bb3-402e-b556-1227e7757219""}",2025-07-07 14:56:00+00
9c785831-4d76-4872-acc6-3a5521965c75,1373f268-b4a1-4773-bd7d-0def0ca0662c,60694a33-64df-4703-bb1f-20bc3948e683,maintenance_completed,,,,,"{""kind"": ""preventive"", ""labor_cost"": 240, ""parts_cost"": 0, ""work_order_id"": ""39b8b739-f278-495e-8076-183c2853d718""}",2026-01-04 10:37:00+00
ee50cdad-f2f5-4dcb-a9a1-dfd8896d93f3,1373f268-b4a1-4773-bd7d-0def0ca0662c,60694a33-64df-4703-bb1f-20bc3948e683,maintenance_completed,,,,,"{""kind"": ""preventive"", ""labor_cost"": 480, ""parts_cost"": 224, ""work_order_id"": ""d2d6004f-f673-47cb-8425-1c58636040a0""}",2026-07-02 12:38:00+00
b860fedf-0133-4650-8633-cb4b3237662a,ced1fc40-c2f8-4143-8f8b-84292cdaace1,60694a33-64df-4703-bb1f-20bc3948e683,maintenance_completed,,,,,"{""kind"": ""preventive"", ""labor_cost"": 480, ""parts_cost"": 0, ""work_order_id"": ""2883bfa1-5ed9-4d32-b050-57a674ca6385""}",2023-12-17 02:30:10.142818+00
eda36b1e-faa6-4f3c-8059-82c2a3177f49,ced1fc40-c2f8-4143-8f8b-84292cdaace1,60694a33-64df-4703-bb1f-20bc3948e683,maintenance_completed,,,,,"{""kind"": ""preventive"", ""labor_cost"": 360, ""parts_cost"": 0, ""work_order_id"": ""c34b25ab-b2e7-4c50-ac6b-054406ad425f""}",2024-06-14 00:37:10.142818+00
63bb54f2-1185-45e2-ade4-1e19ae0240e4,ced1fc40-c2f8-4143-8f8b-84292cdaace1,60694a33-64df-4703-bb1f-20bc3948e683,maintenance_completed,,,,,"{""kind"": ""preventive"", ""labor_cost"": 120, ""parts_cost"": 0, ""work_order_id"": ""f38ef9cb-7023-4a86-9fc3-f6bfecebb2bc""}",2024-12-08 22:58:10.142818+00
eb2236b4-2d72-4917-b079-8079f7a811c3,ced1fc40-c2f8-4143-8f8b-84292cdaace1,60694a33-64df-4703-bb1f-20bc3948e683,maintenance_completed,,,,,"{""kind"": ""preventive"", ""labor_cost"": 360, ""parts_cost"": 0, ""work_order_id"": ""c0b6dbc7-ca0f-4707-b8c4-e98150c70448""}",2025-06-06 01:18:10.142818+00
123e1dcd-9d3f-4e69-b459-a5706885b03f,ced1fc40-c2f8-4143-8f8b-84292cdaace1,60694a33-64df-4703-bb1f-20bc3948e683,maintenance_completed,,,,,"{""kind"": ""preventive"", ""labor_cost"": 360, ""parts_cost"": 0, ""work_order_id"": ""efa05fd5-643c-475c-9090-ef1fc38e81e6""}",2025-12-07 03:09:10.142818+00
5f1febd9-5991-47a7-9931-7041609b76ef,ced1fc40-c2f8-4143-8f8b-84292cdaace1,60694a33-64df-4703-bb1f-20bc3948e683,maintenance_completed,,,,,"{""kind"": ""preventive"", ""labor_cost"": 120, ""parts_cost"": 0, ""work_order_id"": ""afe5ae4e-166c-4517-98a2-6ca9c71f73ad""}",2026-06-08 04:21:10.142818+00
ed4b4f03-24f5-4834-9fe1-d26bd38589f6,ced1fc40-c2f8-4143-8f8b-84292cdaace1,60694a33-64df-4703-bb1f-20bc3948e683,maintenance_completed,,,,,"{""kind"": ""corrective"", ""outcome"": ""escalated to supplier"", ""work_order_id"": ""d82e0411-0fd7-4d83-a772-e94b358daaf5"", ""downtime_minutes"": 2789}",2026-02-15 22:05:10.142818+00
5ef21d59-7d47-46c3-b09a-11a50c7d60a5,c9447499-81c6-4239-9254-400f41a45ed8,60694a33-64df-4703-bb1f-20bc3948e683,maintenance_completed,,,,,"{""kind"": ""preventive"", ""labor_cost"": 120, ""parts_cost"": 0, ""work_order_id"": ""981657fc-4f3f-4632-b5d1-36dcc585c7fa""}",2023-12-30 00:00:10.142818+00
4d55e409-6dc1-485e-9d57-f4ddecfc6b4e,c9447499-81c6-4239-9254-400f41a45ed8,60694a33-64df-4703-bb1f-20bc3948e683,maintenance_completed,,,,,"{""kind"": ""preventive"", ""labor_cost"": 360, ""parts_cost"": 606, ""work_order_id"": ""ae010fba-c21f-4e7e-b3ee-4e1ab9fe515e""}",2024-06-29 22:45:10.142818+00
eb00897c-d759-4768-9dc0-f6462b00bc34,c9447499-81c6-4239-9254-400f41a45ed8,60694a33-64df-4703-bb1f-20bc3948e683,maintenance_completed,,,,,"{""kind"": ""preventive"", ""labor_cost"": 120, ""parts_cost"": 0, ""work_order_id"": ""4cdc16a3-0f9b-4a6e-96fc-7254976b129a""}",2024-12-20 03:35:10.142818+00
b4053bd5-f2a0-4cfb-90c6-7663cb847803,c9447499-81c6-4239-9254-400f41a45ed8,60694a33-64df-4703-bb1f-20bc3948e683,maintenance_completed,,,,,"{""kind"": ""preventive"", ""labor_cost"": 360, ""parts_cost"": 0, ""work_order_id"": ""53e83279-67f0-4fe3-92e0-52d0f84c5708""}",2025-06-18 05:14:10.142818+00
0faae52c-6d46-47bd-918d-8a1eb6df08da,c9447499-81c6-4239-9254-400f41a45ed8,60694a33-64df-4703-bb1f-20bc3948e683,maintenance_completed,,,,,"{""kind"": ""preventive"", ""labor_cost"": 480, ""parts_cost"": 0, ""work_order_id"": ""a143facd-020d-4c04-8d68-3b4f79a31a6e""}",2025-12-22 02:03:10.142818+00
6ddb2c79-dcdd-4420-9920-cea15f21bf75,c9447499-81c6-4239-9254-400f41a45ed8,60694a33-64df-4703-bb1f-20bc3948e683,maintenance_completed,,,,,"{""kind"": ""preventive"", ""labor_cost"": 240, ""parts_cost"": 628, ""work_order_id"": ""1b8f2ae6-fbbd-4606-9a1a-58d5d4b13acc""}",2026-06-11 23:07:10.142818+00
4f5d7457-0c70-4c41-a0b2-dea57f29a769,c9447499-81c6-4239-9254-400f41a45ed8,60694a33-64df-4703-bb1f-20bc3948e683,maintenance_completed,,,,,"{""kind"": ""corrective"", ""outcome"": ""repaired"", ""work_order_id"": ""edd64da9-3278-409b-a38c-d64f88e0e335"", ""downtime_minutes"": 2185}",2023-12-18 14:01:10.142818+00
b65d9df0-022d-47b6-86f6-c4804665e303,c9447499-81c6-4239-9254-400f41a45ed8,60694a33-64df-4703-bb1f-20bc3948e683,maintenance_completed,,,,,"{""kind"": ""corrective"", ""outcome"": ""part replaced"", ""work_order_id"": ""cac41767-e3d1-44b5-a4a3-0712e5cad367"", ""downtime_minutes"": 1428}",2025-03-28 20:24:10.142818+00
6566ca33-75b4-4321-96c8-66507711f592,63f8c423-fb57-4736-8283-17d293b8db97,60694a33-64df-4703-bb1f-20bc3948e683,maintenance_completed,,,,,"{""kind"": ""preventive"", ""labor_cost"": 240, ""parts_cost"": 0, ""work_order_id"": ""89e46a5c-91f4-446b-b945-d941d0c2b124""}",2023-10-03 23:09:10.142818+00
abd5ecc7-47f3-4ef8-8071-08380a708783,63f8c423-fb57-4736-8283-17d293b8db97,60694a33-64df-4703-bb1f-20bc3948e683,maintenance_completed,,,,,"{""kind"": ""preventive"", ""labor_cost"": 480, ""parts_cost"": 0, ""work_order_id"": ""e7bff277-285d-4fb8-b52e-610c51fb1054""}",2024-03-28 22:55:10.142818+00
e918d902-c10b-4225-8d64-cfef1a3c3a1b,63f8c423-fb57-4736-8283-17d293b8db97,60694a33-64df-4703-bb1f-20bc3948e683,maintenance_completed,,,,,"{""kind"": ""preventive"", ""labor_cost"": 480, ""parts_cost"": 1013, ""work_order_id"": ""91a4167a-9f1a-457c-8e2c-86df9ceb45df""}",2024-09-25 02:16:10.142818+00
7d0c4121-2be2-47d2-b99d-09f124d5cc62,63f8c423-fb57-4736-8283-17d293b8db97,60694a33-64df-4703-bb1f-20bc3948e683,maintenance_completed,,,,,"{""kind"": ""preventive"", ""labor_cost"": 120, ""parts_cost"": 669, ""work_order_id"": ""dd53241b-e604-4790-8de8-733cbc1c002f""}",2025-03-30 21:47:10.142818+00
188fd150-8318-434d-a253-aa9e117cdaca,63f8c423-fb57-4736-8283-17d293b8db97,60694a33-64df-4703-bb1f-20bc3948e683,maintenance_completed,,,,,"{""kind"": ""preventive"", ""labor_cost"": 360, ""parts_cost"": 0, ""work_order_id"": ""f4f05ebd-9b27-45f1-bd11-323a266968c0""}",2025-09-21 22:53:10.142818+00
98d60f73-76df-4ff3-b744-3eaeb22b8730,63f8c423-fb57-4736-8283-17d293b8db97,60694a33-64df-4703-bb1f-20bc3948e683,maintenance_completed,,,,,"{""kind"": ""preventive"", ""labor_cost"": 120, ""parts_cost"": 0, ""work_order_id"": ""447b01e8-9eba-4ac2-9e6f-f580aa6bb90f""}",2026-03-26 00:29:10.142818+00
eb7355cf-cf66-4663-a2ec-dc88ea921973,63f8c423-fb57-4736-8283-17d293b8db97,60694a33-64df-4703-bb1f-20bc3948e683,maintenance_completed,,,,,"{""kind"": ""preventive"", ""labor_cost"": 240, ""parts_cost"": 0, ""work_order_id"": ""55954ef1-3fca-4ff1-9472-8b756e271a63""}",2026-09-16 22:24:10.142818+00
5cd5737f-35f8-4d13-a71d-7874b91980b7,63f8c423-fb57-4736-8283-17d293b8db97,60694a33-64df-4703-bb1f-20bc3948e683,maintenance_completed,,,,,"{""kind"": ""corrective"", ""outcome"": ""repaired"", ""work_order_id"": ""1b3c5873-fbe8-4b13-9fdd-d69422f88c4d"", ""downtime_minutes"": 1923}",2024-02-01 06:39:10.142818+00
2ffb2ad1-67d7-4077-a11d-8ea71a9413d4,ab5bc906-ecb3-4539-baae-74b24206906a,60694a33-64df-4703-bb1f-20bc3948e683,maintenance_completed,,,,,"{""kind"": ""preventive"", ""labor_cost"": 120, ""parts_cost"": 0, ""work_order_id"": ""b5a3b16c-1a5e-48f2-88c0-50d9bb6c4b30""}",2024-09-10 14:35:00+00
aa8143e1-a6c2-442b-b18c-e0c555de770f,ab5bc906-ecb3-4539-baae-74b24206906a,60694a33-64df-4703-bb1f-20bc3948e683,maintenance_completed,,,,,"{""kind"": ""preventive"", ""labor_cost"": 480, ""parts_cost"": 0, ""work_order_id"": ""3774418a-e8a5-47eb-bd34-59aaae6346b3""}",2025-03-10 15:27:00+00
b650ba34-2876-421a-8805-032e88c927a0,ab5bc906-ecb3-4539-baae-74b24206906a,60694a33-64df-4703-bb1f-20bc3948e683,maintenance_completed,,,,,"{""kind"": ""preventive"", ""labor_cost"": 120, ""parts_cost"": 579, ""work_order_id"": ""6a2a75fb-698a-4769-9f54-41a7a6707c83""}",2025-09-09 13:23:00+00
54ca24f4-9fc1-4075-91bd-f242b6ed09be,ab5bc906-ecb3-4539-baae-74b24206906a,60694a33-64df-4703-bb1f-20bc3948e683,maintenance_completed,,,,,"{""kind"": ""corrective"", ""outcome"": ""repaired"", ""work_order_id"": ""267a1a87-21fe-4f2c-8fd9-9e316b5205e4"", ""downtime_minutes"": 925}",2026-01-21 16:01:10.142818+00
04b00fc5-479a-4d30-8c2f-fcb49e66f3e9,ab5bc906-ecb3-4539-baae-74b24206906a,60694a33-64df-4703-bb1f-20bc3948e683,maintenance_completed,,,,,"{""kind"": ""corrective"", ""outcome"": ""no fault found"", ""work_order_id"": ""73e8a82e-f329-45b7-b6ac-f831ff26f3dd"", ""downtime_minutes"": 663}",2025-02-11 10:39:10.142818+00
8731ce45-97a4-48f8-9bd9-c937ec4e91fd,15707320-cbb1-4984-a776-895049448c18,60694a33-64df-4703-bb1f-20bc3948e683,maintenance_completed,,,,,"{""kind"": ""preventive"", ""labor_cost"": 240, ""parts_cost"": 0, ""work_order_id"": ""69f176a6-bbcc-4819-83e6-5718015e3f0c""}",2023-11-19 00:59:10.142818+00
a7f8b25f-8931-4266-8715-a2a3a8e68cf7,15707320-cbb1-4984-a776-895049448c18,60694a33-64df-4703-bb1f-20bc3948e683,maintenance_completed,,,,,"{""kind"": ""preventive"", ""labor_cost"": 480, ""parts_cost"": 0, ""work_order_id"": ""eb8d6a2e-cbb8-43a6-9505-dc17ac2260fc""}",2024-05-19 22:39:10.142818+00
3d44088e-f34a-43a7-b013-94ac57d34b11,15707320-cbb1-4984-a776-895049448c18,60694a33-64df-4703-bb1f-20bc3948e683,maintenance_completed,,,,,"{""kind"": ""preventive"", ""labor_cost"": 240, ""parts_cost"": 0, ""work_order_id"": ""deca3132-14c1-4081-b185-98c8d3c289c8""}",2024-11-14 00:47:10.142818+00
ea8f0e6a-9354-4be3-8d02-39ce9445080d,15707320-cbb1-4984-a776-895049448c18,60694a33-64df-4703-bb1f-20bc3948e683,maintenance_completed,,,,,"{""kind"": ""preventive"", ""labor_cost"": 240, ""parts_cost"": 213, ""work_order_id"": ""dae0baf8-a9bf-4c1b-8ec8-b6474b0c8557""}",2025-05-15 23:03:10.142818+00
5512165c-7e7c-48ca-9036-ea173c634f99,15707320-cbb1-4984-a776-895049448c18,60694a33-64df-4703-bb1f-20bc3948e683,maintenance_completed,,,,,"{""kind"": ""preventive"", ""labor_cost"": 120, ""parts_cost"": 0, ""work_order_id"": ""5e37aa18-0d1d-4e92-ad44-fffad29464bb""}",2025-11-10 23:41:10.142818+00
e6346256-ab32-4607-b06a-7e74803560b7,15707320-cbb1-4984-a776-895049448c18,60694a33-64df-4703-bb1f-20bc3948e683,maintenance_completed,,,,,"{""kind"": ""preventive"", ""labor_cost"": 120, ""parts_cost"": 0, ""work_order_id"": ""171f19fb-52b6-41f1-bf15-fb9162569b1e""}",2026-05-04 03:40:10.142818+00
00b82d46-5491-491d-9825-9fe45911cb4b,76b9ca71-81f5-4dbe-bdb1-24e3de0f1c26,60694a33-64df-4703-bb1f-20bc3948e683,maintenance_completed,,,,,"{""kind"": ""preventive"", ""labor_cost"": 360, ""parts_cost"": 0, ""work_order_id"": ""c0a069b7-c487-4eff-97d7-684f96a6f334""}",2023-11-01 22:38:10.142818+00
5830133c-3b4e-4dd4-aa1e-72d3b5bd5678,76b9ca71-81f5-4dbe-bdb1-24e3de0f1c26,60694a33-64df-4703-bb1f-20bc3948e683,maintenance_completed,,,,,"{""kind"": ""preventive"", ""labor_cost"": 120, ""parts_cost"": 0, ""work_order_id"": ""f7c7050e-d39e-444f-a7f1-84a41ec96ed2""}",2024-05-05 23:14:10.142818+00
69ff3d2e-c8fc-401a-a618-16c2c2db4701,76b9ca71-81f5-4dbe-bdb1-24e3de0f1c26,60694a33-64df-4703-bb1f-20bc3948e683,maintenance_completed,,,,,"{""kind"": ""preventive"", ""labor_cost"": 360, ""parts_cost"": 0, ""work_order_id"": ""a90aee81-6cd7-4d26-926d-7f97044c50f6""}",2024-10-26 21:27:10.142818+00
0de47a56-bc1b-42c8-bbdb-e584284ace4b,76b9ca71-81f5-4dbe-bdb1-24e3de0f1c26,60694a33-64df-4703-bb1f-20bc3948e683,maintenance_completed,,,,,"{""kind"": ""preventive"", ""labor_cost"": 120, ""parts_cost"": 0, ""work_order_id"": ""ae9e7db4-9537-4359-828a-f61775f75cf4""}",2025-04-23 02:19:10.142818+00
75d51ebb-f717-4538-860e-d43eacdafa63,76b9ca71-81f5-4dbe-bdb1-24e3de0f1c26,60694a33-64df-4703-bb1f-20bc3948e683,maintenance_completed,,,,,"{""kind"": ""preventive"", ""labor_cost"": 120, ""parts_cost"": 0, ""work_order_id"": ""277988c4-5d20-4a7c-9f3d-a54aff5e2ea2""}",2025-10-25 00:47:10.142818+00
34f0038d-9469-4cc1-9644-7680ed4a7f04,76b9ca71-81f5-4dbe-bdb1-24e3de0f1c26,60694a33-64df-4703-bb1f-20bc3948e683,maintenance_completed,,,,,"{""kind"": ""preventive"", ""labor_cost"": 360, ""parts_cost"": 0, ""work_order_id"": ""fa09274b-d770-45d1-adab-98a725834e24""}",2026-04-26 03:27:10.142818+00
9b96eb81-e7d5-480f-8bfc-829e03a4eed6,76b9ca71-81f5-4dbe-bdb1-24e3de0f1c26,60694a33-64df-4703-bb1f-20bc3948e683,maintenance_completed,,,,,"{""kind"": ""corrective"", ""outcome"": ""no fault found"", ""work_order_id"": ""8e73a035-f6eb-40a6-8363-93839ebe11f9"", ""downtime_minutes"": 1417}",2026-08-03 21:13:10.142818+00
53549a5b-e27a-4649-9c11-b7be7219fba3,76b9ca71-81f5-4dbe-bdb1-24e3de0f1c26,60694a33-64df-4703-bb1f-20bc3948e683,maintenance_completed,,,,,"{""kind"": ""corrective"", ""outcome"": ""escalated to supplier"", ""work_order_id"": ""75887b3f-556b-4b0e-9f71-ec5c0e7a8d15"", ""downtime_minutes"": 1378}",2025-06-18 22:34:10.142818+00
7d563f10-fe27-4e56-ac89-9416dd969af4,d71c37c1-f089-4ce6-924f-1bfd30fd360c,60694a33-64df-4703-bb1f-20bc3948e683,maintenance_completed,,,,,"{""kind"": ""preventive"", ""labor_cost"": 120, ""parts_cost"": 519, ""work_order_id"": ""ad392658-e101-469f-a563-b33c3979cd9d""}",2023-11-27 03:57:10.142818+00
697f6f51-e7b9-463b-b1eb-da64aaa41390,d71c37c1-f089-4ce6-924f-1bfd30fd360c,60694a33-64df-4703-bb1f-20bc3948e683,maintenance_completed,,,,,"{""kind"": ""preventive"", ""labor_cost"": 120, ""parts_cost"": 0, ""work_order_id"": ""5d973284-2eb9-4db2-a1a2-dc5baaca86b9""}",2024-05-23 22:18:10.142818+00
4c74eeff-7597-4afd-a667-dd4a391592db,d71c37c1-f089-4ce6-924f-1bfd30fd360c,60694a33-64df-4703-bb1f-20bc3948e683,maintenance_completed,,,,,"{""kind"": ""preventive"", ""labor_cost"": 240, ""parts_cost"": 0, ""work_order_id"": ""0d5f54ef-616f-4efd-a35d-fbc0f2395663""}",2024-11-22 01:47:10.142818+00
cbb6ffe7-d5b2-48eb-8ff5-553a1eafd56b,d71c37c1-f089-4ce6-924f-1bfd30fd360c,60694a33-64df-4703-bb1f-20bc3948e683,maintenance_completed,,,,,"{""kind"": ""preventive"", ""labor_cost"": 240, ""parts_cost"": 0, ""work_order_id"": ""3651870e-4d74-46e6-9123-01fbb1b7eff0""}",2025-05-23 23:09:10.142818+00
3b6ab58e-906d-4aa9-be75-58b77d775ebb,d71c37c1-f089-4ce6-924f-1bfd30fd360c,60694a33-64df-4703-bb1f-20bc3948e683,maintenance_completed,,,,,"{""kind"": ""preventive"", ""labor_cost"": 120, ""parts_cost"": 1046, ""work_order_id"": ""3c903a91-9d81-4144-b6ec-705b4e3871fe""}",2025-11-17 22:50:10.142818+00
8b3f3ce9-da15-41b9-b755-410f169ccf63,d71c37c1-f089-4ce6-924f-1bfd30fd360c,60694a33-64df-4703-bb1f-20bc3948e683,maintenance_completed,,,,,"{""kind"": ""preventive"", ""labor_cost"": 360, ""parts_cost"": 0, ""work_order_id"": ""0679707c-8f38-4064-8fbd-4c5d53fb1cef""}",2026-05-18 03:48:10.142818+00
df40edfc-e72b-403e-a0d2-66e8b96b9597,d71c37c1-f089-4ce6-924f-1bfd30fd360c,60694a33-64df-4703-bb1f-20bc3948e683,maintenance_completed,,,,,"{""kind"": ""corrective"", ""outcome"": ""part replaced"", ""work_order_id"": ""1768a557-2d9c-447a-b4e5-7d2f94fc77a7"", ""downtime_minutes"": 2260}",2025-05-08 10:16:10.142818+00
553e18f5-54ec-43d3-bc73-6429c5d82c90,0d4c6f27-4d61-4ee8-9e95-199882ab6329,60694a33-64df-4703-bb1f-20bc3948e683,maintenance_completed,,,,,"{""kind"": ""preventive"", ""labor_cost"": 240, ""parts_cost"": 0, ""work_order_id"": ""ea0169a8-814d-4311-9268-588a9febacb8""}",2024-02-04 02:37:10.142818+00
02eb6343-4e83-43b7-87b3-d3020e21efcf,0d4c6f27-4d61-4ee8-9e95-199882ab6329,60694a33-64df-4703-bb1f-20bc3948e683,maintenance_completed,,,,,"{""kind"": ""preventive"", ""labor_cost"": 120, ""parts_cost"": 898, ""work_order_id"": ""eaa8c99e-ff83-4a14-b5d3-ea63deb933fb""}",2024-07-31 00:08:10.142818+00
c57dc2c4-a01a-403b-acb5-8a781e627f08,0d4c6f27-4d61-4ee8-9e95-199882ab6329,60694a33-64df-4703-bb1f-20bc3948e683,maintenance_completed,,,,,"{""kind"": ""preventive"", ""labor_cost"": 480, ""parts_cost"": 0, ""work_order_id"": ""fed8fd90-6417-40f5-b918-202c27756339""}",2025-02-01 05:26:10.142818+00
4e71623c-078b-425e-8947-ad7bed38431a,0d4c6f27-4d61-4ee8-9e95-199882ab6329,60694a33-64df-4703-bb1f-20bc3948e683,maintenance_completed,,,,,"{""kind"": ""preventive"", ""labor_cost"": 480, ""parts_cost"": 462, ""work_order_id"": ""b7c85182-f660-4b0c-b193-179697e8dc75""}",2025-08-03 03:52:10.142818+00
2b3b3ceb-55ac-44e7-a824-72a6b52b3697,0d4c6f27-4d61-4ee8-9e95-199882ab6329,60694a33-64df-4703-bb1f-20bc3948e683,maintenance_completed,,,,,"{""kind"": ""preventive"", ""labor_cost"": 240, ""parts_cost"": 0, ""work_order_id"": ""ae309af9-7426-4089-ad88-0da131e479b3""}",2026-01-30 02:54:10.142818+00
05d425c4-093c-40bb-b079-b04d0556797a,0d4c6f27-4d61-4ee8-9e95-199882ab6329,60694a33-64df-4703-bb1f-20bc3948e683,maintenance_completed,,,,,"{""kind"": ""preventive"", ""labor_cost"": 240, ""parts_cost"": 167, ""work_order_id"": ""d5fbe2c0-f14c-43cf-80f2-88ba14fec9f9""}",2026-07-21 22:16:10.142818+00
3fdcc54f-7226-4117-897e-7e0ab9fccd6a,0d4c6f27-4d61-4ee8-9e95-199882ab6329,60694a33-64df-4703-bb1f-20bc3948e683,maintenance_completed,,,,,"{""kind"": ""corrective"", ""outcome"": ""escalated to supplier"", ""work_order_id"": ""f6b1697d-74ff-4116-b5d5-cdc8b4eefcb9"", ""downtime_minutes"": 1013}",2024-02-19 20:29:10.142818+00
9d19301b-3107-4c06-89f5-d8a8f2ac9864,661926d4-ef61-4388-b957-a43f3ac66a78,60694a33-64df-4703-bb1f-20bc3948e683,maintenance_completed,,,,,"{""kind"": ""preventive"", ""labor_cost"": 240, ""parts_cost"": 583, ""work_order_id"": ""b630edbc-a589-4f20-b951-6656b58fb569""}",2024-02-12 04:35:10.142818+00
bb76b976-c1cc-4acb-b9b6-11dbbb57d332,661926d4-ef61-4388-b957-a43f3ac66a78,60694a33-64df-4703-bb1f-20bc3948e683,maintenance_completed,,,,,"{""kind"": ""preventive"", ""labor_cost"": 120, ""parts_cost"": 0, ""work_order_id"": ""460527db-f80e-45f9-8fa1-b5870f1388a3""}",2024-08-14 00:16:10.142818+00
0a8752f7-ab13-421d-9800-eb778889ef22,661926d4-ef61-4388-b957-a43f3ac66a78,60694a33-64df-4703-bb1f-20bc3948e683,maintenance_completed,,,,,"{""kind"": ""preventive"", ""labor_cost"": 360, ""parts_cost"": 564, ""work_order_id"": ""3eb0698f-1bb2-441b-87ab-695309eb4696""}",2025-02-09 00:59:10.142818+00
c1054a24-74de-403b-b62b-3c7cd2615ed2,661926d4-ef61-4388-b957-a43f3ac66a78,60694a33-64df-4703-bb1f-20bc3948e683,maintenance_completed,,,,,"{""kind"": ""preventive"", ""labor_cost"": 360, ""parts_cost"": 0, ""work_order_id"": ""f9037845-de83-4651-92a6-b598665a3813""}",2025-08-01 05:26:10.142818+00
e6041ad3-7fab-4354-977d-f5506b3b1db9,661926d4-ef61-4388-b957-a43f3ac66a78,60694a33-64df-4703-bb1f-20bc3948e683,maintenance_completed,,,,,"{""kind"": ""preventive"", ""labor_cost"": 240, ""parts_cost"": 1009, ""work_order_id"": ""02320084-de59-4860-aef0-0cd1a9a1cf08""}",2026-02-02 04:17:10.142818+00
28fec1b9-3e09-445e-9d50-abed157d70fd,661926d4-ef61-4388-b957-a43f3ac66a78,60694a33-64df-4703-bb1f-20bc3948e683,maintenance_completed,,,,,"{""kind"": ""preventive"", ""labor_cost"": 120, ""parts_cost"": 474, ""work_order_id"": ""51363a6a-a030-4bee-b6ac-dd91a917b7f6""}",2026-08-03 01:28:10.142818+00
d7b28a3c-d549-454a-87ad-2d784bbecb47,791324a4-7f04-4c2d-a81f-df66cf7bb9d9,60694a33-64df-4703-bb1f-20bc3948e683,maintenance_completed,,,,,"{""kind"": ""preventive"", ""labor_cost"": 480, ""parts_cost"": 0, ""work_order_id"": ""7c1f9ba8-462e-41ae-9c4a-e272271aad2e""}",2023-10-13 23:17:10.142818+00
d1a43ed9-be8f-4071-8b7b-605b8ab5ba42,791324a4-7f04-4c2d-a81f-df66cf7bb9d9,60694a33-64df-4703-bb1f-20bc3948e683,maintenance_completed,,,,,"{""kind"": ""preventive"", ""labor_cost"": 480, ""parts_cost"": 742, ""work_order_id"": ""b375da1f-bc3a-4fd7-8fff-2e553d10afcf""}",2024-04-14 00:19:10.142818+00
8402bc68-ee6b-454c-9b16-139434cd0bae,791324a4-7f04-4c2d-a81f-df66cf7bb9d9,60694a33-64df-4703-bb1f-20bc3948e683,maintenance_completed,,,,,"{""kind"": ""preventive"", ""labor_cost"": 480, ""parts_cost"": 0, ""work_order_id"": ""274d2ac6-1d4c-4751-a76a-46158a7b905c""}",2024-10-09 04:42:10.142818+00
4eee0ac9-2726-4907-aa29-423d9a46c55b,791324a4-7f04-4c2d-a81f-df66cf7bb9d9,60694a33-64df-4703-bb1f-20bc3948e683,maintenance_completed,,,,,"{""kind"": ""preventive"", ""labor_cost"": 120, ""parts_cost"": 912, ""work_order_id"": ""dd968f60-5974-4879-9123-14b52ec60a52""}",2025-04-07 00:46:10.142818+00
97ad1314-d697-419d-97c7-a57e678e1cff,791324a4-7f04-4c2d-a81f-df66cf7bb9d9,60694a33-64df-4703-bb1f-20bc3948e683,maintenance_completed,,,,,"{""kind"": ""preventive"", ""labor_cost"": 120, ""parts_cost"": 423, ""work_order_id"": ""0eea4b43-ce7a-4faf-a99c-9633895e0302""}",2025-10-01 02:52:10.142818+00
35d0ea1d-c5d2-4a9c-8869-37be8e5de9cb,791324a4-7f04-4c2d-a81f-df66cf7bb9d9,60694a33-64df-4703-bb1f-20bc3948e683,maintenance_completed,,,,,"{""kind"": ""preventive"", ""labor_cost"": 480, ""parts_cost"": 0, ""work_order_id"": ""f66caee9-fa8f-4d3b-b0c5-86679152324d""}",2026-03-31 23:51:10.142818+00
174d2e34-1042-4a96-b604-a7f33020ad29,791324a4-7f04-4c2d-a81f-df66cf7bb9d9,60694a33-64df-4703-bb1f-20bc3948e683,maintenance_completed,,,,,"{""kind"": ""corrective"", ""outcome"": ""repaired"", ""work_order_id"": ""aaaf825f-aa6a-431b-a8a1-8b5f4b410e69"", ""downtime_minutes"": 1944}",2025-05-31 06:00:10.142818+00
80ae54bd-ed89-4cba-a898-2cb3918c8815,866bf58d-cff4-4719-b726-3357fb436e70,60694a33-64df-4703-bb1f-20bc3948e683,maintenance_completed,,,,,"{""kind"": ""preventive"", ""labor_cost"": 360, ""parts_cost"": 0, ""work_order_id"": ""083fef62-3379-48f9-ac59-ad8ceb65c661""}",2024-01-31 00:36:10.142818+00
51139d9e-42e7-4218-b473-3cadba98aa03,866bf58d-cff4-4719-b726-3357fb436e70,60694a33-64df-4703-bb1f-20bc3948e683,maintenance_completed,,,,,"{""kind"": ""preventive"", ""labor_cost"": 480, ""parts_cost"": 0, ""work_order_id"": ""c85aa99d-110c-442a-b317-2954962c18e6""}",2024-08-03 22:18:10.142818+00
5f0168d6-8d50-496d-b8c7-1f5908509c80,866bf58d-cff4-4719-b726-3357fb436e70,60694a33-64df-4703-bb1f-20bc3948e683,maintenance_completed,,,,,"{""kind"": ""preventive"", ""labor_cost"": 120, ""parts_cost"": 383, ""work_order_id"": ""39a759cf-bfec-479d-80d0-f4a54791dd43""}",2025-01-29 04:26:10.142818+00
6cfab7ce-db0d-45ed-8a2c-3c7ccd549f12,866bf58d-cff4-4719-b726-3357fb436e70,60694a33-64df-4703-bb1f-20bc3948e683,maintenance_completed,,,,,"{""kind"": ""preventive"", ""labor_cost"": 360, ""parts_cost"": 0, ""work_order_id"": ""2f7e406f-96cd-4a62-84e0-b632fec139b6""}",2025-07-29 04:09:10.142818+00
b823d893-bd60-4d6e-89a0-d461e1b9a342,866bf58d-cff4-4719-b726-3357fb436e70,60694a33-64df-4703-bb1f-20bc3948e683,maintenance_completed,,,,,"{""kind"": ""preventive"", ""labor_cost"": 480, ""parts_cost"": 0, ""work_order_id"": ""fdbdeb3e-847e-4f07-8a53-0db600d56c7f""}",2026-01-22 03:10:10.142818+00
47755314-f460-446d-a4ad-d5c5853b1dbc,866bf58d-cff4-4719-b726-3357fb436e70,60694a33-64df-4703-bb1f-20bc3948e683,maintenance_completed,,,,,"{""kind"": ""preventive"", ""labor_cost"": 120, ""parts_cost"": 0, ""work_order_id"": ""db4f1a74-422c-442e-8f2c-df98dff2d3ed""}",2026-07-22 01:25:10.142818+00
9c3c233e-b7d0-4d47-b791-a3d046eeda5a,bde8dd16-74c6-404d-89e8-7d957b0e0e67,60694a33-64df-4703-bb1f-20bc3948e683,maintenance_completed,,,,,"{""kind"": ""preventive"", ""labor_cost"": 240, ""parts_cost"": 0, ""work_order_id"": ""ccd9751f-0cc7-4900-92db-0d623c53e398""}",2023-11-30 03:59:10.142818+00
24005a53-8f6a-498a-a88b-5025ab1778a0,bde8dd16-74c6-404d-89e8-7d957b0e0e67,60694a33-64df-4703-bb1f-20bc3948e683,maintenance_completed,,,,,"{""kind"": ""preventive"", ""labor_cost"": 480, ""parts_cost"": 0, ""work_order_id"": ""1ec52f2a-3993-4b3c-b430-e32cff9c3f22""}",2024-05-29 01:39:10.142818+00
d37f9ff9-7c53-4f42-ac64-5897b5e1e0e6,bde8dd16-74c6-404d-89e8-7d957b0e0e67,60694a33-64df-4703-bb1f-20bc3948e683,maintenance_completed,,,,,"{""kind"": ""preventive"", ""labor_cost"": 240, ""parts_cost"": 0, ""work_order_id"": ""9037400d-fbc2-4248-86d5-15a7bea8d906""}",2024-11-19 23:58:10.142818+00
c4b98b12-ee1b-489a-843f-96acbf9a0943,bde8dd16-74c6-404d-89e8-7d957b0e0e67,60694a33-64df-4703-bb1f-20bc3948e683,maintenance_completed,,,,,"{""kind"": ""preventive"", ""labor_cost"": 240, ""parts_cost"": 378, ""work_order_id"": ""44967b13-3704-40d1-b287-29a1e1a64b15""}",2025-05-24 01:12:10.142818+00
011e4300-0249-4a61-886d-f7c503f77e0a,bde8dd16-74c6-404d-89e8-7d957b0e0e67,60694a33-64df-4703-bb1f-20bc3948e683,maintenance_completed,,,,,"{""kind"": ""preventive"", ""labor_cost"": 480, ""parts_cost"": 0, ""work_order_id"": ""38d26ec1-7865-4026-b6bc-d843be4fecd3""}",2025-11-12 03:06:10.142818+00
185c4219-148c-479f-ad37-2a28019c571c,bde8dd16-74c6-404d-89e8-7d957b0e0e67,60694a33-64df-4703-bb1f-20bc3948e683,maintenance_completed,,,,,"{""kind"": ""preventive"", ""labor_cost"": 120, ""parts_cost"": 339, ""work_order_id"": ""99a01f03-172b-481b-a5a9-cf87de2b5549""}",2026-05-13 03:51:10.142818+00
e0ed3d9e-ff68-46b5-85f1-d55fa232225e,bde8dd16-74c6-404d-89e8-7d957b0e0e67,60694a33-64df-4703-bb1f-20bc3948e683,maintenance_completed,,,,,"{""kind"": ""corrective"", ""outcome"": ""escalated to supplier"", ""work_order_id"": ""57d78297-0c4b-4a92-830d-668c461e89f4"", ""downtime_minutes"": 2830}",2024-06-21 00:46:10.142818+00
18e22882-c5ba-4845-a83e-20ec4140f342,577d2037-fa1a-4502-ad03-655b700478ab,60694a33-64df-4703-bb1f-20bc3948e683,maintenance_completed,,,,,"{""kind"": ""preventive"", ""labor_cost"": 480, ""parts_cost"": 0, ""work_order_id"": ""ad866bdb-29d0-40e4-9e0b-d0c0b5e9c6b0""}",2025-01-13 11:13:00+00
73a25b3f-c0b3-4c5b-b592-f4a96bb3c2ff,577d2037-fa1a-4502-ad03-655b700478ab,60694a33-64df-4703-bb1f-20bc3948e683,maintenance_completed,,,,,"{""kind"": ""preventive"", ""labor_cost"": 120, ""parts_cost"": 0, ""work_order_id"": ""73b54bc7-0c6e-4351-af96-cf31ae6d12cd""}",2025-07-19 10:00:00+00
4561b4ab-a2d8-4e3d-b31e-e9f5a817db8d,577d2037-fa1a-4502-ad03-655b700478ab,60694a33-64df-4703-bb1f-20bc3948e683,maintenance_completed,,,,,"{""kind"": ""preventive"", ""labor_cost"": 120, ""parts_cost"": 852, ""work_order_id"": ""37dbffb3-06e1-409f-921b-d6dffb369cf1""}",2026-01-08 13:40:00+00
7b2dd8be-9e65-491b-804f-8a7053e524f5,577d2037-fa1a-4502-ad03-655b700478ab,60694a33-64df-4703-bb1f-20bc3948e683,maintenance_completed,,,,,"{""kind"": ""preventive"", ""labor_cost"": 240, ""parts_cost"": 0, ""work_order_id"": ""2fde5c46-0294-4246-908d-9e7f8b590a9f""}",2026-07-10 13:41:00+00
673e3ce8-bc64-407a-8aa1-263aa7b32e75,a695b6b5-5239-46ee-a55e-2da1a73b49f9,60694a33-64df-4703-bb1f-20bc3948e683,maintenance_completed,,,,,"{""kind"": ""preventive"", ""labor_cost"": 480, ""parts_cost"": 247, ""work_order_id"": ""b165869b-3322-4370-8222-2a52403434a2""}",2024-03-14 23:07:10.142818+00
a994b7b8-b4bb-4f11-8c6d-e11f723482ef,a695b6b5-5239-46ee-a55e-2da1a73b49f9,60694a33-64df-4703-bb1f-20bc3948e683,maintenance_completed,,,,,"{""kind"": ""preventive"", ""labor_cost"": 120, ""parts_cost"": 0, ""work_order_id"": ""1408c17a-cfb0-46e0-a241-931e473bcfdf""}",2024-09-12 00:29:10.142818+00
ad2cde6b-996a-445e-b2dc-995676027b87,a695b6b5-5239-46ee-a55e-2da1a73b49f9,60694a33-64df-4703-bb1f-20bc3948e683,maintenance_completed,,,,,"{""kind"": ""preventive"", ""labor_cost"": 120, ""parts_cost"": 0, ""work_order_id"": ""d91bba62-ecfd-44cf-a8cd-cb2eab2826ef""}",2025-03-13 22:31:10.142818+00
ccb1f591-d798-4a5d-b858-223c6f88e723,a695b6b5-5239-46ee-a55e-2da1a73b49f9,60694a33-64df-4703-bb1f-20bc3948e683,maintenance_completed,,,,,"{""kind"": ""preventive"", ""labor_cost"": 360, ""parts_cost"": 0, ""work_order_id"": ""56cf54bb-565d-45b4-8f93-ef0e27c64391""}",2025-09-13 00:25:10.142818+00
51b59a05-3ff4-404b-b4db-50a8922edcfb,a695b6b5-5239-46ee-a55e-2da1a73b49f9,60694a33-64df-4703-bb1f-20bc3948e683,maintenance_completed,,,,,"{""kind"": ""preventive"", ""labor_cost"": 120, ""parts_cost"": 0, ""work_order_id"": ""dfc20993-95d2-4ad4-9df0-bedb230d8842""}",2026-03-08 02:23:10.142818+00
9a543e74-6e23-453e-b8c2-7f325b7f8fb9,a695b6b5-5239-46ee-a55e-2da1a73b49f9,60694a33-64df-4703-bb1f-20bc3948e683,maintenance_completed,,,,,"{""kind"": ""preventive"", ""labor_cost"": 480, ""parts_cost"": 513, ""work_order_id"": ""b0d7a84f-978c-4952-ad10-d016cbb5f3b4""}",2026-09-05 23:21:10.142818+00
d7ab79df-2952-4e2b-ba47-bee527ed3e19,a695b6b5-5239-46ee-a55e-2da1a73b49f9,60694a33-64df-4703-bb1f-20bc3948e683,maintenance_completed,,,,,"{""kind"": ""corrective"", ""outcome"": ""escalated to supplier"", ""work_order_id"": ""57defa4a-41c3-4d46-88af-e791e78661f8"", ""downtime_minutes"": 1310}",2025-06-06 21:26:10.142818+00
fab11f10-c661-4927-85ee-9af83bd06dfe,be235f20-06e4-4da9-b9da-d609b91c58ef,60694a33-64df-4703-bb1f-20bc3948e683,maintenance_completed,,,,,"{""kind"": ""preventive"", ""labor_cost"": 480, ""parts_cost"": 0, ""work_order_id"": ""0fc8cd79-e46c-42eb-902b-4c3713bef20d""}",2024-01-16 01:17:10.142818+00
f2230a23-900e-4e54-b2ee-daecff029fa9,be235f20-06e4-4da9-b9da-d609b91c58ef,60694a33-64df-4703-bb1f-20bc3948e683,maintenance_completed,,,,,"{""kind"": ""preventive"", ""labor_cost"": 480, ""parts_cost"": 0, ""work_order_id"": ""377e1616-9a63-4c28-8b9a-3c36dae276ff""}",2024-07-18 21:22:10.142818+00
2b572a1a-57e4-483f-a1db-0dcf7ca47094,be235f20-06e4-4da9-b9da-d609b91c58ef,60694a33-64df-4703-bb1f-20bc3948e683,maintenance_completed,,,,,"{""kind"": ""preventive"", ""labor_cost"": 120, ""parts_cost"": 0, ""work_order_id"": ""3e2eb2e7-b374-49c9-94f9-149e355d740c""}",2025-01-12 00:35:10.142818+00
52bebb54-a499-4b55-9e7c-97f376d7245b,be235f20-06e4-4da9-b9da-d609b91c58ef,60694a33-64df-4703-bb1f-20bc3948e683,maintenance_completed,,,,,"{""kind"": ""preventive"", ""labor_cost"": 480, ""parts_cost"": 0, ""work_order_id"": ""9cdb8cff-bd58-4ade-923c-44e51b310b85""}",2025-07-15 01:28:10.142818+00
e8f821be-e006-4675-8075-1ed80c0db50b,be235f20-06e4-4da9-b9da-d609b91c58ef,60694a33-64df-4703-bb1f-20bc3948e683,maintenance_completed,,,,,"{""kind"": ""preventive"", ""labor_cost"": 480, ""parts_cost"": 0, ""work_order_id"": ""87ebf095-f1af-48e1-8557-f9b3cefa607b""}",2026-01-06 23:12:10.142818+00
b79980e0-8845-4506-8da5-ed4d9d5b9ac3,be235f20-06e4-4da9-b9da-d609b91c58ef,60694a33-64df-4703-bb1f-20bc3948e683,maintenance_completed,,,,,"{""kind"": ""preventive"", ""labor_cost"": 240, ""parts_cost"": 0, ""work_order_id"": ""d7fe8c38-36e1-478f-9897-4256e14d23b7""}",2026-07-03 22:10:10.142818+00
8495caaf-c322-41c7-8df3-42cd099eef07,be235f20-06e4-4da9-b9da-d609b91c58ef,60694a33-64df-4703-bb1f-20bc3948e683,maintenance_completed,,,,,"{""kind"": ""corrective"", ""outcome"": ""cleaned and reconfigured"", ""work_order_id"": ""50c14b96-e8a8-4703-973f-1c1804c2950c"", ""downtime_minutes"": 2281}",2025-06-21 17:37:10.142818+00
311ba53f-6f70-4b8d-9c75-9d2bf58a83c9,0d30e518-585c-4756-a7f3-19caeba33493,60694a33-64df-4703-bb1f-20bc3948e683,maintenance_completed,,,,,"{""kind"": ""preventive"", ""labor_cost"": 120, ""parts_cost"": 0, ""work_order_id"": ""fbbd0e93-cd43-4e2c-b24e-02ae86e69a73""}",2023-11-17 03:56:10.142818+00
4aebd6b0-196f-46d6-b21e-b251b7f45dd0,0d30e518-585c-4756-a7f3-19caeba33493,60694a33-64df-4703-bb1f-20bc3948e683,maintenance_completed,,,,,"{""kind"": ""preventive"", ""labor_cost"": 360, ""parts_cost"": 962, ""work_order_id"": ""1dc5f1e2-9a55-486b-9a30-efbf94c2fe52""}",2024-05-12 03:24:10.142818+00
8dffc516-473d-4ab3-9333-1a93b9b1beaa,0d30e518-585c-4756-a7f3-19caeba33493,60694a33-64df-4703-bb1f-20bc3948e683,maintenance_completed,,,,,"{""kind"": ""preventive"", ""labor_cost"": 240, ""parts_cost"": 1023, ""work_order_id"": ""58c9c27c-1f34-4261-b127-343e85605321""}",2024-11-09 21:23:10.142818+00
8a557351-6185-406f-9100-6c703e5daf26,0d30e518-585c-4756-a7f3-19caeba33493,60694a33-64df-4703-bb1f-20bc3948e683,maintenance_completed,,,,,"{""kind"": ""preventive"", ""labor_cost"": 240, ""parts_cost"": 0, ""work_order_id"": ""03ad5641-88a2-4db3-bc4b-51074c793bac""}",2025-05-05 04:51:10.142818+00
513a44eb-3010-49ee-851e-43078e3b64ce,0d30e518-585c-4756-a7f3-19caeba33493,60694a33-64df-4703-bb1f-20bc3948e683,maintenance_completed,,,,,"{""kind"": ""preventive"", ""labor_cost"": 120, ""parts_cost"": 991, ""work_order_id"": ""7fd0fd19-2b22-4e94-8d3d-4ba1fb3c32be""}",2025-11-04 03:28:10.142818+00
da4adca7-7c95-4a83-b75c-68b795b2d568,0d30e518-585c-4756-a7f3-19caeba33493,60694a33-64df-4703-bb1f-20bc3948e683,maintenance_completed,,,,,"{""kind"": ""preventive"", ""labor_cost"": 360, ""parts_cost"": 842, ""work_order_id"": ""9f383954-ae0b-4e26-a1c6-8e8683221de2""}",2026-04-28 23:18:10.142818+00
32ce843f-844f-4aae-afc6-50af8e9478c2,0d30e518-585c-4756-a7f3-19caeba33493,60694a33-64df-4703-bb1f-20bc3948e683,maintenance_completed,,,,,"{""kind"": ""corrective"", ""outcome"": ""part replaced"", ""work_order_id"": ""73b2780b-ba84-4ed5-b26f-c8dd56418323"", ""downtime_minutes"": 1932}",2025-11-11 08:48:10.142818+00
3f2ec212-3847-4baf-a80e-f975a7694e8c,531d06f2-dc97-4727-8bae-d4929105d722,60694a33-64df-4703-bb1f-20bc3948e683,maintenance_completed,,,,,"{""kind"": ""preventive"", ""labor_cost"": 480, ""parts_cost"": 0, ""work_order_id"": ""16d82043-0a5e-4466-a6c9-b9b3804c4f75""}",2025-09-06 14:09:00+00
51f2c69c-14f4-4dac-99e0-6cf7134d0b10,531d06f2-dc97-4727-8bae-d4929105d722,60694a33-64df-4703-bb1f-20bc3948e683,maintenance_completed,,,,,"{""kind"": ""preventive"", ""labor_cost"": 240, ""parts_cost"": 206, ""work_order_id"": ""508a29ae-4507-4a95-a1de-4192ffea75b6""}",2026-03-11 11:39:00+00
eb7c54a4-c6ed-4bcd-90e9-ea58e2178d73,531d06f2-dc97-4727-8bae-d4929105d722,60694a33-64df-4703-bb1f-20bc3948e683,maintenance_completed,,,,,"{""kind"": ""preventive"", ""labor_cost"": 480, ""parts_cost"": 0, ""work_order_id"": ""ec8fcbdd-bdab-43d9-aa06-09527d360ae1""}",2026-09-08 09:06:00+00
f5b78988-6d73-4d0f-bdff-685aba74bf7d,531d06f2-dc97-4727-8bae-d4929105d722,60694a33-64df-4703-bb1f-20bc3948e683,maintenance_completed,,,,,"{""kind"": ""corrective"", ""outcome"": ""repaired"", ""work_order_id"": ""98f0fa5c-1666-4159-ab33-c03efd2915fd"", ""downtime_minutes"": 685}",2025-12-07 11:01:10.142818+00
da009a17-2668-4349-a54a-a315d88039ed,b69fd306-6b06-4c59-961a-d2a3cd1a97e8,60694a33-64df-4703-bb1f-20bc3948e683,maintenance_completed,,,,,"{""kind"": ""preventive"", ""labor_cost"": 240, ""parts_cost"": 0, ""work_order_id"": ""3b29bdfc-5f9d-4c5c-9d34-eeca0068577b""}",2024-02-11 01:02:10.142818+00
9ddd8355-3e8a-4930-a2ab-d303ed47c9a7,b69fd306-6b06-4c59-961a-d2a3cd1a97e8,60694a33-64df-4703-bb1f-20bc3948e683,maintenance_completed,,,,,"{""kind"": ""preventive"", ""labor_cost"": 120, ""parts_cost"": 0, ""work_order_id"": ""7fcdef98-2cb4-49fc-80c2-5c0152429543""}",2024-08-05 23:30:10.142818+00
ffac2627-7afd-4c34-9810-0e2f1264e9cb,b69fd306-6b06-4c59-961a-d2a3cd1a97e8,60694a33-64df-4703-bb1f-20bc3948e683,maintenance_completed,,,,,"{""kind"": ""preventive"", ""labor_cost"": 480, ""parts_cost"": 884, ""work_order_id"": ""31641b2c-ab0c-4a3d-ab80-b98b5729f024""}",2025-02-03 03:15:10.142818+00
56c641e9-f1ec-4874-9b2c-76adc5d3e012,b69fd306-6b06-4c59-961a-d2a3cd1a97e8,60694a33-64df-4703-bb1f-20bc3948e683,maintenance_completed,,,,,"{""kind"": ""preventive"", ""labor_cost"": 240, ""parts_cost"": 667, ""work_order_id"": ""8132cdbd-490f-4ed1-aa06-bbbca4984388""}",2025-08-05 01:50:10.142818+00
8712490f-7e46-4575-8a6f-61a19f00d057,b69fd306-6b06-4c59-961a-d2a3cd1a97e8,60694a33-64df-4703-bb1f-20bc3948e683,maintenance_completed,,,,,"{""kind"": ""preventive"", ""labor_cost"": 240, ""parts_cost"": 0, ""work_order_id"": ""b6dc44bf-7746-4434-8ffb-89925645ab7b""}",2026-01-28 05:31:10.142818+00
ba29b28c-cceb-48d1-afc3-37e2474c790e,b69fd306-6b06-4c59-961a-d2a3cd1a97e8,60694a33-64df-4703-bb1f-20bc3948e683,maintenance_completed,,,,,"{""kind"": ""preventive"", ""labor_cost"": 480, ""parts_cost"": 748, ""work_order_id"": ""bfd1205e-a8c2-42d9-a09a-dea7dd862afd""}",2026-07-31 00:23:10.142818+00
f424d7e3-c9bd-446a-a0f4-b0f655690e8d,8a02e139-2263-48a9-95f4-7b9103da437a,60694a33-64df-4703-bb1f-20bc3948e683,maintenance_completed,,,,,"{""kind"": ""preventive"", ""labor_cost"": 480, ""parts_cost"": 0, ""work_order_id"": ""c8027f63-8da7-46f5-86d2-1b9427b0d44f""}",2024-11-26 03:30:10.142818+00
6ca51e64-b073-4aba-a1a2-9054b001c9ac,62ef7d8e-1a3c-41d8-a044-9fefde078224,60694a33-64df-4703-bb1f-20bc3948e683,maintenance_completed,,,,,"{""kind"": ""preventive"", ""labor_cost"": 240, ""parts_cost"": 622, ""work_order_id"": ""74f770d5-e4a9-42d1-91ec-1290c4f3b014""}",2025-05-09 05:03:10.142818+00
cd0dd935-665f-4dfa-ace8-9037b735438f,0fa4e66e-4e83-4f2f-9a3f-118ba0e74086,60694a33-64df-4703-bb1f-20bc3948e683,maintenance_completed,,,,,"{""kind"": ""preventive"", ""labor_cost"": 480, ""parts_cost"": 0, ""work_order_id"": ""53dee98a-f418-4851-9af6-898448d8ee27""}",2025-10-25 15:26:00+00
fc6f2861-58d3-42f1-84fc-5852a62d7c1b,47b98c8a-75a2-4a6b-bdee-42b3794b60f2,60694a33-64df-4703-bb1f-20bc3948e683,maintenance_completed,,,,,"{""kind"": ""preventive"", ""labor_cost"": 240, ""parts_cost"": 0, ""work_order_id"": ""eb36c1f3-af41-4f8b-a30a-2f8cfa203d7e""}",2024-07-25 10:39:00+00
1d188e56-64f9-414d-9a4f-a64ccd7276ba,47b98c8a-75a2-4a6b-bdee-42b3794b60f2,60694a33-64df-4703-bb1f-20bc3948e683,maintenance_completed,,,,,"{""kind"": ""preventive"", ""labor_cost"": 480, ""parts_cost"": 0, ""work_order_id"": ""3ee4bd76-2bc8-4072-aa95-afb33728f524""}",2026-07-21 12:57:00+00
ea21069b-9bb9-423b-aa11-57d922e564fc,e1bf7f4c-ce10-43d5-9f59-55740d26d991,60694a33-64df-4703-bb1f-20bc3948e683,maintenance_completed,,,,,"{""kind"": ""corrective"", ""outcome"": ""no fault found"", ""work_order_id"": ""b603f05b-ed63-4504-80ee-b9e8312c8de9"", ""downtime_minutes"": 1900}",2025-08-13 10:16:10.142818+00
be129742-e3d7-4b6b-976c-70389eec28fc,4ab023fe-56e3-4b29-8558-badc2ded9fa5,60694a33-64df-4703-bb1f-20bc3948e683,maintenance_completed,,,,,"{""kind"": ""preventive"", ""labor_cost"": 360, ""parts_cost"": 0, ""work_order_id"": ""3703a694-2ba3-4c80-b461-f15fa0b9a824""}",2024-04-06 15:59:00+00
6a0a1d49-1324-4ea9-9d8f-7d359b780c6a,4ab023fe-56e3-4b29-8558-badc2ded9fa5,60694a33-64df-4703-bb1f-20bc3948e683,maintenance_completed,,,,,"{""kind"": ""preventive"", ""labor_cost"": 240, ""parts_cost"": 0, ""work_order_id"": ""be1b40a1-9957-49e7-bc5f-32d507e34229""}",2026-03-31 10:55:00+00
7c1bac0f-94c3-48be-8491-9e3fa77655dc,425c02ac-fc8e-4acd-82fa-ec04c7d1efe7,60694a33-64df-4703-bb1f-20bc3948e683,maintenance_completed,,,,,"{""kind"": ""preventive"", ""labor_cost"": 360, ""parts_cost"": 0, ""work_order_id"": ""d47dd344-ab08-4353-be64-997fdc6949e4""}",2024-05-14 03:40:10.142818+00
c40962dc-fd73-4b59-bf47-514f94aac7c1,425c02ac-fc8e-4acd-82fa-ec04c7d1efe7,60694a33-64df-4703-bb1f-20bc3948e683,maintenance_completed,,,,,"{""kind"": ""preventive"", ""labor_cost"": 120, ""parts_cost"": 215, ""work_order_id"": ""2a50cd75-be99-48d7-9c23-de98970ece62""}",2026-05-17 04:00:10.142818+00
dad70cd5-00e9-4d68-aafe-1db9ee0cfb8d,425c02ac-fc8e-4acd-82fa-ec04c7d1efe7,60694a33-64df-4703-bb1f-20bc3948e683,maintenance_completed,,,,,"{""kind"": ""corrective"", ""outcome"": ""part replaced"", ""work_order_id"": ""acbf847a-d466-44ea-b71d-9c8f7573ebb4"", ""downtime_minutes"": 318}",2024-07-04 07:54:10.142818+00
fad1e96d-51e9-42c3-8c0f-7c631aab1c49,425c02ac-fc8e-4acd-82fa-ec04c7d1efe7,60694a33-64df-4703-bb1f-20bc3948e683,maintenance_completed,,,,,"{""kind"": ""corrective"", ""outcome"": ""no fault found"", ""work_order_id"": ""40976486-41e9-4eca-85ed-940c2ab7a2ae"", ""downtime_minutes"": 1131}",2023-10-21 16:27:10.142818+00
a8af244c-97d7-4625-9248-02fd7d7b32a1,425c02ac-fc8e-4acd-82fa-ec04c7d1efe7,60694a33-64df-4703-bb1f-20bc3948e683,maintenance_completed,,,,,"{""kind"": ""corrective"", ""outcome"": ""escalated to supplier"", ""work_order_id"": ""a01d0ee6-74ae-4929-a454-0439e083742e"", ""downtime_minutes"": 1341}",2023-10-17 22:57:10.142818+00
eafb2b6e-459a-4230-9b8e-304c0f79e5cd,a5d788c6-fc55-45f7-932d-e22ecba6057b,60694a33-64df-4703-bb1f-20bc3948e683,maintenance_completed,,,,,"{""kind"": ""preventive"", ""labor_cost"": 360, ""parts_cost"": 585, ""work_order_id"": ""8c83a9c3-2ae8-40bb-9164-2f9ea49e6099""}",2025-07-24 23:45:10.142818+00
6868e9fe-692d-4222-86f2-3f97a68e2dd9,0ae665b9-f018-405a-870f-327a23153262,60694a33-64df-4703-bb1f-20bc3948e683,maintenance_completed,,,,,"{""kind"": ""preventive"", ""labor_cost"": 360, ""parts_cost"": 0, ""work_order_id"": ""324eaa45-f1a4-4b72-9800-dbbcfda9e8fc""}",2024-09-06 04:21:10.142818+00
7c435240-9c4e-4351-acf7-fad9bbf1275e,0ae665b9-f018-405a-870f-327a23153262,60694a33-64df-4703-bb1f-20bc3948e683,maintenance_completed,,,,,"{""kind"": ""preventive"", ""labor_cost"": 480, ""parts_cost"": 0, ""work_order_id"": ""dfd496e7-e1b9-4426-8048-7ffa5bf02db3""}",2026-09-06 03:21:10.142818+00
5094c947-9e2a-45bc-917f-30213e2569a0,0ae665b9-f018-405a-870f-327a23153262,60694a33-64df-4703-bb1f-20bc3948e683,maintenance_completed,,,,,"{""kind"": ""corrective"", ""outcome"": ""escalated to supplier"", ""work_order_id"": ""360e9c77-ed7b-4935-aeb2-57057556f643"", ""downtime_minutes"": 1534}",2026-09-02 04:10:10.142818+00
dc4886b3-d163-4485-a1ef-93ab8906a700,a5aceaf8-bc0a-44c4-ac3f-d64e1d271a80,60694a33-64df-4703-bb1f-20bc3948e683,maintenance_completed,,,,,"{""kind"": ""preventive"", ""labor_cost"": 480, ""parts_cost"": 0, ""work_order_id"": ""5c1c6580-ec79-440c-8e3b-4a8e15013ef6""}",2025-11-24 13:32:00+00
9f51ffe5-c669-45b3-83f2-d06efc26d95a,93876c21-0c9e-49a9-a24a-11e0cd8433fa,60694a33-64df-4703-bb1f-20bc3948e683,maintenance_completed,,,,,"{""kind"": ""preventive"", ""labor_cost"": 360, ""parts_cost"": 0, ""work_order_id"": ""921788f4-000a-458f-82b8-470c06542e1d""}",2025-05-01 23:05:10.142818+00
07d53975-0dd0-435f-98fc-506a115964dc,86c0433f-8e2c-4945-88f5-eb61ecf775ce,60694a33-64df-4703-bb1f-20bc3948e683,maintenance_completed,,,,,"{""kind"": ""preventive"", ""labor_cost"": 360, ""parts_cost"": 0, ""work_order_id"": ""099e7fff-a9c4-4a50-b98f-64046970f504""}",2024-01-13 00:38:10.142818+00
c1ea35f4-19d9-4ce1-8a1a-42656c30b176,86c0433f-8e2c-4945-88f5-eb61ecf775ce,60694a33-64df-4703-bb1f-20bc3948e683,maintenance_completed,,,,,"{""kind"": ""preventive"", ""labor_cost"": 480, ""parts_cost"": 0, ""work_order_id"": ""8b14df7e-825f-4a98-a187-801d39b00b40""}",2026-01-17 04:02:10.142818+00
5e5f28b5-b88f-4e05-94eb-1edb01455cc9,922c2b56-f70b-43d9-962d-02990e718976,60694a33-64df-4703-bb1f-20bc3948e683,maintenance_completed,,,,,"{""kind"": ""preventive"", ""labor_cost"": 480, ""parts_cost"": 615, ""work_order_id"": ""e5009517-227d-4c87-9217-a2602a66c4b8""}",2025-03-20 14:54:00+00
9925eaea-b6c4-4395-8a1e-1918b6cc6813,4ac924ac-9b8a-423d-898b-6bdb5b1eecbe,60694a33-64df-4703-bb1f-20bc3948e683,maintenance_completed,,,,,"{""kind"": ""preventive"", ""labor_cost"": 360, ""parts_cost"": 0, ""work_order_id"": ""c2110689-294e-4458-8d62-3f51b1d002ac""}",2024-03-19 04:29:10.142818+00
51c8e3af-1688-40c0-98b0-4c1467855017,4ac924ac-9b8a-423d-898b-6bdb5b1eecbe,60694a33-64df-4703-bb1f-20bc3948e683,maintenance_completed,,,,,"{""kind"": ""preventive"", ""labor_cost"": 240, ""parts_cost"": 222, ""work_order_id"": ""4c7b17d8-5ff2-45a9-89d0-7533a3f98cb2""}",2026-03-19 23:01:10.142818+00
b9b3fdc1-6ca1-43c9-a471-ec67f0f61025,a97d79b8-bf69-45bf-86ff-a5a488ddf88c,60694a33-64df-4703-bb1f-20bc3948e683,maintenance_completed,,,,,"{""kind"": ""preventive"", ""labor_cost"": 360, ""parts_cost"": 315, ""work_order_id"": ""7b937159-5523-4363-aced-f64265ea01a9""}",2025-08-25 02:09:10.142818+00
7db060eb-8246-414c-b065-ee9327128181,a97d79b8-bf69-45bf-86ff-a5a488ddf88c,60694a33-64df-4703-bb1f-20bc3948e683,maintenance_completed,,,,,"{""kind"": ""corrective"", ""outcome"": ""part replaced"", ""work_order_id"": ""bbd26615-5231-4656-aa20-7708b302b8a4"", ""downtime_minutes"": 1536}",2026-03-27 22:12:10.142818+00
43e5b4cd-896c-4d5f-af5c-d13c1abe53d9,788bb250-6b48-4e09-88ff-9b97b0e0941c,60694a33-64df-4703-bb1f-20bc3948e683,maintenance_completed,,,,,"{""kind"": ""preventive"", ""labor_cost"": 360, ""parts_cost"": 597, ""work_order_id"": ""e0ed4480-e25d-4a92-8a88-b01b7c9e8e84""}",2025-08-26 04:27:10.142818+00
d87b8b29-304e-4ced-8c32-70bd4b69156e,b9069e48-d8db-4a30-856f-59c0b9ec67c5,60694a33-64df-4703-bb1f-20bc3948e683,maintenance_completed,,,,,"{""kind"": ""preventive"", ""labor_cost"": 240, ""parts_cost"": 0, ""work_order_id"": ""9531bf16-2d0d-4fe1-832c-2a0263271ab4""}",2025-04-09 13:44:00+00
8edb460d-fe94-421d-875d-d7d69a9c4ca6,b9069e48-d8db-4a30-856f-59c0b9ec67c5,60694a33-64df-4703-bb1f-20bc3948e683,maintenance_completed,,,,,"{""kind"": ""corrective"", ""outcome"": ""repaired"", ""work_order_id"": ""c715e11a-195a-45c1-923e-80cbcdcbc714"", ""downtime_minutes"": 2746}",2026-01-05 01:22:10.142818+00
439f8e3c-7d3a-46b4-9c92-2c9ff598bd01,5bf7bd29-a12f-4781-b9d0-bfd54f897868,60694a33-64df-4703-bb1f-20bc3948e683,maintenance_completed,,,,,"{""kind"": ""preventive"", ""labor_cost"": 120, ""parts_cost"": 446, ""work_order_id"": ""cfba49b8-eede-4f94-a033-dd35b2735d52""}",2025-01-13 22:32:10.142818+00
01bd5d8c-f931-4653-88bd-47f9df662def,5bf7bd29-a12f-4781-b9d0-bfd54f897868,60694a33-64df-4703-bb1f-20bc3948e683,maintenance_completed,,,,,"{""kind"": ""corrective"", ""outcome"": ""cleaned and reconfigured"", ""work_order_id"": ""02001104-0ca2-40bf-b417-f9f5ba9c7ffc"", ""downtime_minutes"": 1116}",2026-07-31 19:12:10.142818+00
19dca408-7df9-41d4-a6c4-be2abaa0c08e,5bf7bd29-a12f-4781-b9d0-bfd54f897868,60694a33-64df-4703-bb1f-20bc3948e683,maintenance_completed,,,,,"{""kind"": ""corrective"", ""outcome"": ""escalated to supplier"", ""work_order_id"": ""3d2fe134-62bc-4ce1-b990-58a9cce69094"", ""downtime_minutes"": 994}",2024-11-05 13:10:10.142818+00
4d082721-48d2-4350-be13-cb4d43f00183,abb6c3a1-f251-46da-ba51-4b52d59fd74c,60694a33-64df-4703-bb1f-20bc3948e683,maintenance_completed,,,,,"{""kind"": ""preventive"", ""labor_cost"": 480, ""parts_cost"": 355, ""work_order_id"": ""be0e46f8-64da-43d3-93f8-3de27dfa1e41""}",2024-04-23 22:36:10.142818+00
8bc48249-66e0-489b-9ae7-62569c94f7ce,abb6c3a1-f251-46da-ba51-4b52d59fd74c,60694a33-64df-4703-bb1f-20bc3948e683,maintenance_completed,,,,,"{""kind"": ""preventive"", ""labor_cost"": 480, ""parts_cost"": 0, ""work_order_id"": ""dad798cd-ef3e-4c32-b8b8-61ccba27eed3""}",2026-04-19 01:15:10.142818+00
c5d01800-e008-4a1c-b3fa-6bfffb067b0b,b3b640b7-af1f-444d-9c49-2fb6751baa85,60694a33-64df-4703-bb1f-20bc3948e683,maintenance_completed,,,,,"{""kind"": ""preventive"", ""labor_cost"": 480, ""parts_cost"": 0, ""work_order_id"": ""329ddc62-5856-46fe-b467-70f8faa0d3b8""}",2025-06-26 04:19:10.142818+00
417abb17-ae05-4477-94df-f5657f9075b8,b3b640b7-af1f-444d-9c49-2fb6751baa85,60694a33-64df-4703-bb1f-20bc3948e683,maintenance_completed,,,,,"{""kind"": ""corrective"", ""outcome"": ""no fault found"", ""work_order_id"": ""7dd77637-3b84-4975-8e60-023f612ecf8c"", ""downtime_minutes"": 436}",2024-11-19 08:52:10.142818+00
80a457cb-0010-4d18-8b7b-0c0015bad600,4c171fa3-11db-4b74-8748-5918e0c0ed3e,60694a33-64df-4703-bb1f-20bc3948e683,maintenance_completed,,,,,"{""kind"": ""preventive"", ""labor_cost"": 480, ""parts_cost"": 0, ""work_order_id"": ""3e07b7a6-da77-47d6-967c-4e27723e4efd""}",2024-08-22 03:27:10.142818+00
7db70baf-6d48-48ef-8ee2-c67f138a3e5f,4c171fa3-11db-4b74-8748-5918e0c0ed3e,60694a33-64df-4703-bb1f-20bc3948e683,maintenance_completed,,,,,"{""kind"": ""preventive"", ""labor_cost"": 120, ""parts_cost"": 0, ""work_order_id"": ""2df858a8-7b38-4cc8-b0f6-6c7830d8eb8f""}",2026-08-22 21:59:10.142818+00
9fd06f61-0b68-496f-9fe0-636522aae413,4c171fa3-11db-4b74-8748-5918e0c0ed3e,60694a33-64df-4703-bb1f-20bc3948e683,maintenance_completed,,,,,"{""kind"": ""corrective"", ""outcome"": ""repaired"", ""work_order_id"": ""96730f1f-ce61-4457-b50a-466e86238fa7"", ""downtime_minutes"": 782}",2024-08-25 10:38:10.142818+00
5d43afea-f9b3-4934-9dc5-04bdeef30591,c637be88-832d-4bc8-8f0f-74fc8315daaf,60694a33-64df-4703-bb1f-20bc3948e683,maintenance_completed,,,,,"{""kind"": ""preventive"", ""labor_cost"": 480, ""parts_cost"": 0, ""work_order_id"": ""9a83b9d2-8b81-497e-8cf7-01d6e117d294""}",2024-01-06 00:26:10.142818+00
0b92cddf-2002-4e24-aff5-01455a17438c,c637be88-832d-4bc8-8f0f-74fc8315daaf,60694a33-64df-4703-bb1f-20bc3948e683,maintenance_completed,,,,,"{""kind"": ""preventive"", ""labor_cost"": 240, ""parts_cost"": 790, ""work_order_id"": ""3ac95b00-4336-4f8c-ba48-8405c101df9d""}",2026-01-05 22:48:10.142818+00
29c7a736-6fae-42f1-90b2-b4db9943abf2,6b923bd3-542e-495c-ad1d-ef5555cc61e6,60694a33-64df-4703-bb1f-20bc3948e683,maintenance_completed,,,,,"{""kind"": ""preventive"", ""labor_cost"": 120, ""parts_cost"": 0, ""work_order_id"": ""d0b7e16d-8936-4481-bcab-3e47cb583b7a""}",2025-09-02 21:33:10.142818+00
1ddac761-847e-4935-8d1d-f2c1e74f4a8f,77298c56-0546-402f-a366-edf9d1119649,60694a33-64df-4703-bb1f-20bc3948e683,maintenance_completed,,,,,"{""kind"": ""preventive"", ""labor_cost"": 480, ""parts_cost"": 861, ""work_order_id"": ""d438fa88-484d-4118-b9af-4bf3438c0e3f""}",2024-11-05 02:21:10.142818+00
0020b426-2f1f-49a9-b72f-0972f6b17be1,5eed4c5e-144f-412a-89ad-04edeca9f995,60694a33-64df-4703-bb1f-20bc3948e683,maintenance_completed,,,,,"{""kind"": ""preventive"", ""labor_cost"": 480, ""parts_cost"": 0, ""work_order_id"": ""12bbc987-645c-48f2-96df-d11a10b494eb""}",2024-04-05 00:24:10.142818+00
365f41aa-40a6-493a-b45c-d7583c24da32,5eed4c5e-144f-412a-89ad-04edeca9f995,60694a33-64df-4703-bb1f-20bc3948e683,maintenance_completed,,,,,"{""kind"": ""preventive"", ""labor_cost"": 240, ""parts_cost"": 402, ""work_order_id"": ""1a1dc7cc-3c40-4671-8a20-4595d440e9a9""}",2026-04-10 02:16:10.142818+00
29e7133c-9b2f-4af9-abee-b598891e5ba9,5eed4c5e-144f-412a-89ad-04edeca9f995,60694a33-64df-4703-bb1f-20bc3948e683,maintenance_completed,,,,,"{""kind"": ""corrective"", ""outcome"": ""no fault found"", ""work_order_id"": ""a4469ed2-959b-4059-913f-989d516b490f"", ""downtime_minutes"": 2768}",2025-07-15 19:44:10.142818+00
bc13a737-b194-45f9-9e0b-09dab3af76c8,03193ec4-3de2-4fd6-b4a7-87e5697fb3b4,60694a33-64df-4703-bb1f-20bc3948e683,maintenance_completed,,,,,"{""kind"": ""preventive"", ""labor_cost"": 480, ""parts_cost"": 858, ""work_order_id"": ""9fc3fbea-9541-432d-8265-9e7d145f47be""}",2026-03-20 15:24:00+00
6de3f110-042a-4032-bbda-24d7d383f732,cfefaee4-e424-4c7a-957e-e76ccabe8504,60694a33-64df-4703-bb1f-20bc3948e683,maintenance_completed,,,,,"{""kind"": ""preventive"", ""labor_cost"": 360, ""parts_cost"": 0, ""work_order_id"": ""332dcdec-c253-4d07-971f-64134a6b36e9""}",2024-05-23 03:24:10.142818+00
b5ea73ea-3c0e-4c78-bc0c-c7ebdcd241cd,cfefaee4-e424-4c7a-957e-e76ccabe8504,60694a33-64df-4703-bb1f-20bc3948e683,maintenance_completed,,,,,"{""kind"": ""preventive"", ""labor_cost"": 120, ""parts_cost"": 0, ""work_order_id"": ""2f121456-bfbb-4ffd-a166-34e1df4d3ce0""}",2026-05-26 01:36:10.142818+00
94d850da-7251-435a-9eb9-a22f93a94e03,9f4d7c57-ada0-4305-8d3f-125034f1ab1f,60694a33-64df-4703-bb1f-20bc3948e683,maintenance_completed,,,,,"{""kind"": ""preventive"", ""labor_cost"": 240, ""parts_cost"": 0, ""work_order_id"": ""2fb81fc1-abfc-4243-a9cf-9f6af14dbe01""}",2025-09-29 16:24:00+00
79eb1eed-7271-423f-abf8-cba98c3e76ca,5bca1677-8958-4130-99fc-234307930124,60694a33-64df-4703-bb1f-20bc3948e683,maintenance_completed,,,,,"{""kind"": ""preventive"", ""labor_cost"": 480, ""parts_cost"": 0, ""work_order_id"": ""c58eab8e-d4a5-43ae-933b-6a3c47201c2c""}",2024-12-22 13:37:00+00
b16cc8cc-4fcb-4b38-a6b0-c24b07f6495f,c43aa763-01ff-49c7-ae22-3fb3366e2668,60694a33-64df-4703-bb1f-20bc3948e683,maintenance_completed,,,,,"{""kind"": ""preventive"", ""labor_cost"": 240, ""parts_cost"": 255, ""work_order_id"": ""a870fe18-59ae-4207-a07f-a95e13329550""}",2025-09-05 03:12:10.142818+00
26fc5964-6340-4eba-8857-b31bed8062f7,80a9c3df-bb15-4fd7-8c87-326df788dfb5,60694a33-64df-4703-bb1f-20bc3948e683,maintenance_completed,,,,,"{""kind"": ""preventive"", ""labor_cost"": 240, ""parts_cost"": 0, ""work_order_id"": ""19715668-e94f-4185-afe6-a656504013da""}",2024-09-22 22:58:10.142818+00
93000e7e-be9d-440d-8738-878def8d4f51,80a9c3df-bb15-4fd7-8c87-326df788dfb5,60694a33-64df-4703-bb1f-20bc3948e683,maintenance_completed,,,,,"{""kind"": ""preventive"", ""labor_cost"": 360, ""parts_cost"": 781, ""work_order_id"": ""1e9462aa-325a-4f1d-9fe6-38e4df305165""}",2026-09-21 04:40:10.142818+00
450c8ee2-5107-459f-96c6-452e05909657,b90086d0-96ee-46ff-ad7c-1ede87627019,60694a33-64df-4703-bb1f-20bc3948e683,maintenance_completed,,,,,"{""kind"": ""corrective"", ""outcome"": ""no fault found"", ""work_order_id"": ""07f18916-a1af-4a73-ab31-6b0015faebb8"", ""downtime_minutes"": 269}",2026-01-29 04:05:10.142818+00
63359ab9-07e2-4e46-87b5-dd414ee38dce,e264899e-2ce6-4724-b7f9-4e422aa2af92,60694a33-64df-4703-bb1f-20bc3948e683,maintenance_completed,,,,,"{""kind"": ""corrective"", ""outcome"": ""escalated to supplier"", ""work_order_id"": ""59ec829e-a0e1-49a7-a9f9-1a8364bf6723"", ""downtime_minutes"": 1781}",2026-02-25 06:17:10.142818+00
d1de174c-a31e-45d3-b42f-01d7fb005349,88a998f2-c22f-4362-9c85-3a5f273982d1,60694a33-64df-4703-bb1f-20bc3948e683,maintenance_completed,,,,,"{""kind"": ""corrective"", ""outcome"": ""repaired"", ""work_order_id"": ""28e1f2f4-6f2c-42bd-a03c-bd357fc92042"", ""downtime_minutes"": 492}",2024-10-01 11:48:10.142818+00
ac2a5c94-d9e5-4c18-b428-d3b7605811f3,ec5aa83a-7dce-4464-9335-92d8a60b93f4,60694a33-64df-4703-bb1f-20bc3948e683,maintenance_completed,,,,,"{""kind"": ""corrective"", ""outcome"": ""part replaced"", ""work_order_id"": ""7d2c7e3e-08f3-4d1b-9857-fe8bded99418"", ""downtime_minutes"": 628}",2024-02-14 11:04:10.142818+00
6ed7b6e4-b1bc-4be7-ab57-083f619970ed,ec5aa83a-7dce-4464-9335-92d8a60b93f4,60694a33-64df-4703-bb1f-20bc3948e683,maintenance_completed,,,,,"{""kind"": ""corrective"", ""outcome"": ""part replaced"", ""work_order_id"": ""7d358782-7404-4227-ada8-c0f30284fd30"", ""downtime_minutes"": 2253}",2026-09-13 15:09:10.142818+00
c7e5d35b-c450-468e-b47e-553bec7e3949,ec5aa83a-7dce-4464-9335-92d8a60b93f4,60694a33-64df-4703-bb1f-20bc3948e683,maintenance_completed,,,,,"{""kind"": ""corrective"", ""outcome"": ""repaired"", ""work_order_id"": ""7c0b0c2b-56d1-4330-b06d-7d8eae4a40a1"", ""downtime_minutes"": 2481}",2024-03-12 18:57:10.142818+00
e636072c-32df-4b3b-9647-89b7f2d55484,005c93a5-5ee4-4b23-80d6-8f3ff2953ac3,60694a33-64df-4703-bb1f-20bc3948e683,maintenance_completed,,,,,"{""kind"": ""corrective"", ""outcome"": ""no fault found"", ""work_order_id"": ""a5cd1fd0-2c56-43ec-a684-058274b46263"", ""downtime_minutes"": 331}",2025-09-01 07:07:10.142818+00
d860712f-6700-4c66-a673-e096a9d185a2,ade793c8-ae98-4dde-aa2a-c7483decef92,60694a33-64df-4703-bb1f-20bc3948e683,maintenance_completed,,,,,"{""kind"": ""corrective"", ""outcome"": ""cleaned and reconfigured"", ""work_order_id"": ""2a0f2785-5095-49f7-854f-b22b5e8d47ec"", ""downtime_minutes"": 1158}",2025-12-03 22:54:10.142818+00
04ff695f-c773-4498-98fa-14d895a42fe1,ade793c8-ae98-4dde-aa2a-c7483decef92,60694a33-64df-4703-bb1f-20bc3948e683,maintenance_completed,,,,,"{""kind"": ""corrective"", ""outcome"": ""repaired"", ""work_order_id"": ""67e739e9-3d5e-4662-b32c-310a42b11a8f"", ""downtime_minutes"": 1454}",2026-08-21 21:50:10.142818+00
8b4be2c2-d32b-4008-9995-9d1d093f3c00,ade793c8-ae98-4dde-aa2a-c7483decef92,60694a33-64df-4703-bb1f-20bc3948e683,maintenance_completed,,,,,"{""kind"": ""corrective"", ""outcome"": ""escalated to supplier"", ""work_order_id"": ""7fcd711d-3788-4113-8ad7-09d4f4299ddf"", ""downtime_minutes"": 2477}",2026-02-17 14:53:10.142818+00
6324c3ae-01d0-4399-9c37-f776ad56aea7,ade793c8-ae98-4dde-aa2a-c7483decef92,60694a33-64df-4703-bb1f-20bc3948e683,maintenance_completed,,,,,"{""kind"": ""corrective"", ""outcome"": ""repaired"", ""work_order_id"": ""76e4d46c-1031-4701-9eaa-32e125cc62a9"", ""downtime_minutes"": 743}",2023-12-21 14:59:10.142818+00
de460e12-f145-47dc-85f5-5c17d65429ee,c3f7f812-f3ff-45bd-9cec-5dac220c6e52,60694a33-64df-4703-bb1f-20bc3948e683,maintenance_completed,,,,,"{""kind"": ""corrective"", ""outcome"": ""no fault found"", ""work_order_id"": ""ae1b2c3e-047c-44a7-8d21-b9403647afb1"", ""downtime_minutes"": 1131}",2024-04-08 21:27:10.142818+00
0d5686ed-ad10-4195-9505-9dfc79fed50d,d63c515a-26b3-4b01-aa87-def4c27b824b,60694a33-64df-4703-bb1f-20bc3948e683,maintenance_completed,,,,,"{""kind"": ""corrective"", ""outcome"": ""escalated to supplier"", ""work_order_id"": ""cdd9351b-3248-42a9-96b6-60c7504875d9"", ""downtime_minutes"": 1265}",2024-12-08 19:41:10.142818+00
f742fb1f-85ca-4309-990a-23a88dfcb1f3,c9963b25-763f-4f60-aaf5-f07f16561a8d,60694a33-64df-4703-bb1f-20bc3948e683,maintenance_completed,,,,,"{""kind"": ""corrective"", ""outcome"": ""no fault found"", ""work_order_id"": ""d8cf57b9-a3de-4566-89a4-f6e6cd619621"", ""downtime_minutes"": 2447}",2025-06-08 20:23:10.142818+00
9264edcb-e0fc-4ed4-86c2-5808fe16efa4,7a9ad579-f1a4-4724-b29d-55a2939ae3ee,60694a33-64df-4703-bb1f-20bc3948e683,maintenance_completed,,,,,"{""kind"": ""corrective"", ""outcome"": ""no fault found"", ""work_order_id"": ""e3c4f08f-a61d-43bc-9673-f6c60c127e9c"", ""downtime_minutes"": 2548}",2024-02-26 22:04:10.142818+00
9bf0b7dd-074b-4ea8-9f4b-0bc419a2812b,554d6041-1b26-429f-b36b-9976bf27eaa4,60694a33-64df-4703-bb1f-20bc3948e683,maintenance_completed,,,,,"{""kind"": ""corrective"", ""outcome"": ""repaired"", ""work_order_id"": ""9ef48ac0-3922-435e-a8f8-51003f8de42f"", ""downtime_minutes"": 2376}",2024-09-18 18:12:10.142818+00
6ee49859-90f3-40b2-9b93-47ed74fb6cf1,554d6041-1b26-429f-b36b-9976bf27eaa4,60694a33-64df-4703-bb1f-20bc3948e683,maintenance_completed,,,,,"{""kind"": ""corrective"", ""outcome"": ""no fault found"", ""work_order_id"": ""e3750953-d3c8-4c1d-a22c-df9f9eacf0b7"", ""downtime_minutes"": 1055}",2026-01-02 19:11:10.142818+00
ffd57e47-6ec5-4cc8-9d49-f1c84b0e81de,554d6041-1b26-429f-b36b-9976bf27eaa4,60694a33-64df-4703-bb1f-20bc3948e683,maintenance_completed,,,,,"{""kind"": ""corrective"", ""outcome"": ""no fault found"", ""work_order_id"": ""354f5c77-61f6-4ca8-83fc-1db3d844a9d4"", ""downtime_minutes"": 1205}",2026-01-22 16:41:10.142818+00
58feda37-b119-4de3-897e-078ea8d3a126,554d6041-1b26-429f-b36b-9976bf27eaa4,60694a33-64df-4703-bb1f-20bc3948e683,maintenance_completed,,,,,"{""kind"": ""corrective"", ""outcome"": ""no fault found"", ""work_order_id"": ""2ec9bb01-5882-4f26-9776-cb9c7eeeb863"", ""downtime_minutes"": 937}",2025-01-14 14:13:10.142818+00
0eb09745-976c-4714-a03d-9ed135532509,49bf0f85-0e34-42e9-9b20-de4087bc25a3,60694a33-64df-4703-bb1f-20bc3948e683,maintenance_completed,,,,,"{""kind"": ""corrective"", ""outcome"": ""cleaned and reconfigured"", ""work_order_id"": ""c394392d-d553-4f21-99f1-507c1111f5e3"", ""downtime_minutes"": 1015}",2025-09-12 16:31:10.142818+00
13e78e16-f50a-47ac-8e6b-efab20bb3320,49bf0f85-0e34-42e9-9b20-de4087bc25a3,60694a33-64df-4703-bb1f-20bc3948e683,maintenance_completed,,,,,"{""kind"": ""corrective"", ""outcome"": ""no fault found"", ""work_order_id"": ""8884f5a0-fd16-4759-8c4a-d4e09afc2330"", ""downtime_minutes"": 1335}",2025-11-29 22:51:10.142818+00
39f03005-7220-495f-9036-7b6d8e434228,69f502b1-eece-47ec-9ee0-518fe3c0eebc,60694a33-64df-4703-bb1f-20bc3948e683,maintenance_completed,,,,,"{""kind"": ""corrective"", ""outcome"": ""no fault found"", ""work_order_id"": ""3916b9b8-d484-4151-b8f1-c2d834322c2d"", ""downtime_minutes"": 2520}",2025-03-14 15:36:10.142818+00
5e09cd4d-be1a-4ec7-8c87-9e5a7d38a598,8c8afd0c-eb92-4fae-883e-a1e74b5c8fa7,60694a33-64df-4703-bb1f-20bc3948e683,maintenance_completed,,,,,"{""kind"": ""corrective"", ""outcome"": ""escalated to supplier"", ""work_order_id"": ""d21cd0ee-786f-441f-83b1-6dfd7cd27b18"", ""downtime_minutes"": 1599}",2025-10-11 03:15:10.142818+00
2d63937b-4a1f-4028-b4ec-7b042725854d,05eb72ca-3e8d-4948-9a47-910a57414fd4,60694a33-64df-4703-bb1f-20bc3948e683,maintenance_completed,,,,,"{""kind"": ""corrective"", ""outcome"": ""repaired"", ""work_order_id"": ""0c2b26f1-2287-4195-9b2e-b219c8599feb"", ""downtime_minutes"": 1324}",2025-11-16 23:40:10.142818+00
89a038ea-dbbb-4e8b-96bf-2eb98e130288,2d401ac0-5992-479d-9c3a-c636fe03fce3,60694a33-64df-4703-bb1f-20bc3948e683,maintenance_completed,,,,,"{""kind"": ""corrective"", ""outcome"": ""part replaced"", ""work_order_id"": ""23f04843-350d-4a14-a2a1-72f0cfb805be"", ""downtime_minutes"": 2686}",2025-01-20 19:22:10.142818+00
528d0883-3a8c-4f84-8e15-004a20a9fbe2,ae86aa6d-3e87-4a2a-81ed-6e34d4e56636,60694a33-64df-4703-bb1f-20bc3948e683,maintenance_completed,,,,,"{""kind"": ""corrective"", ""outcome"": ""cleaned and reconfigured"", ""work_order_id"": ""d2aa4b34-d9f3-4d7b-8586-c2f5a4d228a6"", ""downtime_minutes"": 1940}",2025-08-04 05:56:10.142818+00
964049e5-9035-48b5-866a-eb6bc624c10a,ae86aa6d-3e87-4a2a-81ed-6e34d4e56636,60694a33-64df-4703-bb1f-20bc3948e683,maintenance_completed,,,,,"{""kind"": ""corrective"", ""outcome"": ""repaired"", ""work_order_id"": ""9f5908a0-9510-4b0a-9dae-eaade9ae897c"", ""downtime_minutes"": 1524}",2026-08-06 00:00:10.142818+00
403069ad-a4ec-476d-9504-43d629cb19b5,bf853716-95ce-4780-b6f6-d421c3eb7e98,60694a33-64df-4703-bb1f-20bc3948e683,maintenance_completed,,,,,"{""kind"": ""corrective"", ""outcome"": ""cleaned and reconfigured"", ""work_order_id"": ""538eb1c3-cc0d-4f01-967e-261e6eaf93ad"", ""downtime_minutes"": 900}",2026-02-07 12:36:10.142818+00
f66bf1dd-1e20-4c88-abc8-f8e158a0873b,bf853716-95ce-4780-b6f6-d421c3eb7e98,60694a33-64df-4703-bb1f-20bc3948e683,maintenance_completed,,,,,"{""kind"": ""corrective"", ""outcome"": ""no fault found"", ""work_order_id"": ""fb013e5f-92e9-46b1-a5f3-93920ef4e12e"", ""downtime_minutes"": 2699}",2025-03-04 00:35:10.142818+00
265429aa-a7be-46fa-8c89-b3cd7a0d7eed,bf853716-95ce-4780-b6f6-d421c3eb7e98,60694a33-64df-4703-bb1f-20bc3948e683,maintenance_completed,,,,,"{""kind"": ""corrective"", ""outcome"": ""repaired"", ""work_order_id"": ""0bc05263-ed5b-405c-84b2-7787c3104521"", ""downtime_minutes"": 1042}",2024-06-12 14:58:10.142818+00
0b7c0342-6211-4797-b642-c9eb393f4b2e,bf853716-95ce-4780-b6f6-d421c3eb7e98,60694a33-64df-4703-bb1f-20bc3948e683,maintenance_completed,,,,,"{""kind"": ""corrective"", ""outcome"": ""no fault found"", ""work_order_id"": ""7545da3f-5b6d-47e2-b5aa-df82464160be"", ""downtime_minutes"": 310}",2024-11-09 08:46:10.142818+00
fbfcec6a-f5f2-40c9-9544-bd2d615eaf2f,236e3ef4-e754-43cc-870e-6a4f396f8ffb,60694a33-64df-4703-bb1f-20bc3948e683,maintenance_completed,,,,,"{""kind"": ""corrective"", ""outcome"": ""part replaced"", ""work_order_id"": ""6fd20cb2-d253-47e9-9dcd-51edf91c7d2d"", ""downtime_minutes"": 1778}",2026-04-28 02:14:10.142818+00
00f21d7d-ccfd-49c7-af52-3757ed103bef,236e3ef4-e754-43cc-870e-6a4f396f8ffb,60694a33-64df-4703-bb1f-20bc3948e683,maintenance_completed,,,,,"{""kind"": ""corrective"", ""outcome"": ""repaired"", ""work_order_id"": ""42b01c99-6620-4ce4-afe9-6bd35779171b"", ""downtime_minutes"": 246}",2024-03-18 02:42:10.142818+00
62846d77-ba70-4312-9dad-b2a525351759,236e3ef4-e754-43cc-870e-6a4f396f8ffb,60694a33-64df-4703-bb1f-20bc3948e683,maintenance_completed,,,,,"{""kind"": ""corrective"", ""outcome"": ""part replaced"", ""work_order_id"": ""8f76f4f2-78b1-4773-a6da-49fe5df0fa3e"", ""downtime_minutes"": 335}",2024-02-06 08:11:10.142818+00
b090b5b1-23b4-4b8b-b4a2-2dfd0498d6e6,236e3ef4-e754-43cc-870e-6a4f396f8ffb,60694a33-64df-4703-bb1f-20bc3948e683,maintenance_completed,,,,,"{""kind"": ""corrective"", ""outcome"": ""escalated to supplier"", ""work_order_id"": ""cdeb7f24-94ea-49a1-b233-2c1a64351852"", ""downtime_minutes"": 604}",2025-04-04 07:40:10.142818+00
2b2a9d9b-d63a-49b6-ae06-0b540c1150d6,3085cb48-55e4-4415-bdca-bc7f9d0b4535,60694a33-64df-4703-bb1f-20bc3948e683,maintenance_completed,,,,,"{""kind"": ""corrective"", ""outcome"": ""escalated to supplier"", ""work_order_id"": ""691d66b1-c11d-4a34-ad06-dcf8e5338358"", ""downtime_minutes"": 2105}",2026-02-26 13:41:10.142818+00
329facef-9d5d-4a89-8f7b-4a940ab15e98,3085cb48-55e4-4415-bdca-bc7f9d0b4535,60694a33-64df-4703-bb1f-20bc3948e683,maintenance_completed,,,,,"{""kind"": ""corrective"", ""outcome"": ""repaired"", ""work_order_id"": ""4d9bf5b1-8f6d-4585-ab72-b358a750e553"", ""downtime_minutes"": 932}",2026-07-11 18:08:10.142818+00
53fb0886-e193-4942-8d50-106ac0f63b91,7fe1bcfe-74c1-4691-bec0-496189b173ff,60694a33-64df-4703-bb1f-20bc3948e683,maintenance_completed,,,,,"{""kind"": ""corrective"", ""outcome"": ""escalated to supplier"", ""work_order_id"": ""b23f7b09-a109-4bfa-ae4a-9362bc175bf6"", ""downtime_minutes"": 1627}",2024-01-31 23:43:10.142818+00
4b33811c-7295-4707-ac20-351b0a430518,7fe1bcfe-74c1-4691-bec0-496189b173ff,60694a33-64df-4703-bb1f-20bc3948e683,maintenance_completed,,,,,"{""kind"": ""corrective"", ""outcome"": ""repaired"", ""work_order_id"": ""d68ef5f1-1a4b-4eca-a35d-d15a7e156bab"", ""downtime_minutes"": 1159}",2025-11-15 21:55:10.142818+00
d9bc2256-6602-4330-ae72-280bf2756f20,7fe1bcfe-74c1-4691-bec0-496189b173ff,60694a33-64df-4703-bb1f-20bc3948e683,maintenance_completed,,,,,"{""kind"": ""corrective"", ""outcome"": ""part replaced"", ""work_order_id"": ""31564c45-d0f5-49dd-8f99-b134caec3028"", ""downtime_minutes"": 1648}",2025-07-06 00:04:10.142818+00
de4006c5-ce10-46ec-8f79-5f4060049982,7fe1bcfe-74c1-4691-bec0-496189b173ff,60694a33-64df-4703-bb1f-20bc3948e683,maintenance_completed,,,,,"{""kind"": ""corrective"", ""outcome"": ""cleaned and reconfigured"", ""work_order_id"": ""32700544-5f04-419d-9617-5a0274ed2186"", ""downtime_minutes"": 352}",2025-09-16 09:28:10.142818+00
7c0888b7-bf22-4eef-91f7-72afd0e47951,01475fef-d0d0-4491-9afd-308a228d3be5,60694a33-64df-4703-bb1f-20bc3948e683,maintenance_completed,,,,,"{""kind"": ""corrective"", ""outcome"": ""no fault found"", ""work_order_id"": ""3b18bd1a-4305-46fe-a6d1-48e8003ab0e1"", ""downtime_minutes"": 306}",2024-05-15 04:42:10.142818+00
e549c507-08a7-4483-adf7-5e57ad2b4347,681b7608-e7f4-4112-b55c-bcfd12e19951,60694a33-64df-4703-bb1f-20bc3948e683,maintenance_completed,,,,,"{""kind"": ""corrective"", ""outcome"": ""part replaced"", ""work_order_id"": ""a4d071ab-1f1d-40b4-b1b5-ced9395b7c80"", ""downtime_minutes"": 1578}",2024-12-20 04:54:10.142818+00
0fdfa6d1-aef6-468b-b209-98c76066d00b,681b7608-e7f4-4112-b55c-bcfd12e19951,60694a33-64df-4703-bb1f-20bc3948e683,maintenance_completed,,,,,"{""kind"": ""corrective"", ""outcome"": ""cleaned and reconfigured"", ""work_order_id"": ""0f248306-f7a5-4e77-9578-3611df318bb0"", ""downtime_minutes"": 2664}",2025-03-02 20:00:10.142818+00
2ebf531b-10b0-4126-a08a-db2aa43d5524,1dae4ff8-39e9-4c3b-97c7-1f6686b1b644,60694a33-64df-4703-bb1f-20bc3948e683,maintenance_completed,,,,,"{""kind"": ""corrective"", ""outcome"": ""escalated to supplier"", ""work_order_id"": ""ee221fe0-6772-46e4-8ac6-e90ea63d5983"", ""downtime_minutes"": 717}",2024-03-07 11:33:10.142818+00
0d0e2819-0782-4dc4-8543-3133f8762851,ef825d0e-252d-4533-a0f6-6e2c16149ea2,60694a33-64df-4703-bb1f-20bc3948e683,maintenance_completed,,,,,"{""kind"": ""preventive"", ""labor_cost"": 480, ""parts_cost"": 0, ""work_order_id"": ""758fc540-265b-40ba-8390-d8434f27fd7b""}",2023-11-30 04:02:10.142818+00
9d1086fa-2857-489b-875c-99f2b65724c5,ef825d0e-252d-4533-a0f6-6e2c16149ea2,60694a33-64df-4703-bb1f-20bc3948e683,maintenance_completed,,,,,"{""kind"": ""preventive"", ""labor_cost"": 120, ""parts_cost"": 0, ""work_order_id"": ""4999cc56-69f4-4542-8b20-e4cd0ba29c46""}",2024-02-26 00:31:10.142818+00
6ae91557-7cc2-48f3-ae81-157912abf8f9,ef825d0e-252d-4533-a0f6-6e2c16149ea2,60694a33-64df-4703-bb1f-20bc3948e683,maintenance_completed,,,,,"{""kind"": ""preventive"", ""labor_cost"": 120, ""parts_cost"": 801, ""work_order_id"": ""f05a9431-a6bc-493c-9b01-89f20197432b""}",2024-05-28 02:26:10.142818+00
2a93a83c-d11d-4f5a-8f71-90c0c0b91def,ef825d0e-252d-4533-a0f6-6e2c16149ea2,60694a33-64df-4703-bb1f-20bc3948e683,maintenance_completed,,,,,"{""kind"": ""preventive"", ""labor_cost"": 360, ""parts_cost"": 0, ""work_order_id"": ""e551299c-2e71-4468-8e53-29b22f979ac0""}",2024-08-25 04:52:10.142818+00
d0e11480-277c-4877-8cad-ab92e18f61fa,ef825d0e-252d-4533-a0f6-6e2c16149ea2,60694a33-64df-4703-bb1f-20bc3948e683,maintenance_completed,,,,,"{""kind"": ""preventive"", ""labor_cost"": 240, ""parts_cost"": 0, ""work_order_id"": ""88189487-e321-41a6-8f87-43f551312bd4""}",2024-11-21 00:34:10.142818+00
c1d33ffb-6908-4bc8-ae8d-f67ea5a5751f,ef825d0e-252d-4533-a0f6-6e2c16149ea2,60694a33-64df-4703-bb1f-20bc3948e683,maintenance_completed,,,,,"{""kind"": ""preventive"", ""labor_cost"": 480, ""parts_cost"": 975, ""work_order_id"": ""2c98e281-5f79-4c7b-83e3-6e486a373868""}",2025-02-23 22:54:10.142818+00
a1a8644e-216f-41f2-802c-3d11d62362c8,ef825d0e-252d-4533-a0f6-6e2c16149ea2,60694a33-64df-4703-bb1f-20bc3948e683,maintenance_completed,,,,,"{""kind"": ""preventive"", ""labor_cost"": 360, ""parts_cost"": 827, ""work_order_id"": ""d25739ae-b784-432c-b0ce-5ff736d3d6b9""}",2025-05-23 04:06:10.142818+00
d7be9a3a-45a7-412a-b56e-82142c457670,ef825d0e-252d-4533-a0f6-6e2c16149ea2,60694a33-64df-4703-bb1f-20bc3948e683,maintenance_completed,,,,,"{""kind"": ""preventive"", ""labor_cost"": 360, ""parts_cost"": 0, ""work_order_id"": ""4a5ebd69-2cf6-4ac3-9325-ecb8ff4ac34e""}",2025-08-21 23:23:10.142818+00
4c286c57-f9f1-4dda-8f50-774125d817ea,ef825d0e-252d-4533-a0f6-6e2c16149ea2,60694a33-64df-4703-bb1f-20bc3948e683,maintenance_completed,,,,,"{""kind"": ""preventive"", ""labor_cost"": 360, ""parts_cost"": 0, ""work_order_id"": ""5e175a9b-adc6-4de1-a34b-7b7c7a780c09""}",2025-11-13 23:30:10.142818+00
04364bea-ac04-439a-819a-fbb60dbabde3,ef825d0e-252d-4533-a0f6-6e2c16149ea2,60694a33-64df-4703-bb1f-20bc3948e683,maintenance_completed,,,,,"{""kind"": ""preventive"", ""labor_cost"": 240, ""parts_cost"": 0, ""work_order_id"": ""0d960656-50a7-4e2b-851c-7faf0801096d""}",2026-02-16 03:29:10.142818+00
97f206aa-54c2-4473-afa1-de1bbdeaca05,ef825d0e-252d-4533-a0f6-6e2c16149ea2,60694a33-64df-4703-bb1f-20bc3948e683,maintenance_completed,,,,,"{""kind"": ""preventive"", ""labor_cost"": 360, ""parts_cost"": 0, ""work_order_id"": ""7c16d2d9-f2a4-4b2b-97ac-6fa4a5a16eec""}",2026-05-14 02:13:10.142818+00
a3dc3e41-43dc-45a2-a713-242e092d629e,ef825d0e-252d-4533-a0f6-6e2c16149ea2,60694a33-64df-4703-bb1f-20bc3948e683,maintenance_completed,,,,,"{""kind"": ""preventive"", ""labor_cost"": 120, ""parts_cost"": 281, ""work_order_id"": ""68f11632-2ea9-44d5-b5e2-df6c12292411""}",2026-08-17 04:45:10.142818+00
1e14a3c8-a392-4bdf-97a1-864fd40ab230,ef825d0e-252d-4533-a0f6-6e2c16149ea2,60694a33-64df-4703-bb1f-20bc3948e683,maintenance_completed,,,,,"{""kind"": ""corrective"", ""outcome"": ""escalated to supplier"", ""work_order_id"": ""02ba9be5-9619-43e2-a5bc-0753e6ce85bf"", ""downtime_minutes"": 122}",2026-09-01 22:38:10.142818+00
5099bf62-2fa5-44a8-81f7-471fd5330fb2,ef825d0e-252d-4533-a0f6-6e2c16149ea2,60694a33-64df-4703-bb1f-20bc3948e683,maintenance_completed,,,,,"{""kind"": ""corrective"", ""outcome"": ""part replaced"", ""work_order_id"": ""470ceb06-4551-4734-9bc5-9f8ff7025257"", ""downtime_minutes"": 316}",2024-04-18 08:52:10.142818+00
4ab5ddac-b6a3-4337-a45a-e35b310eeb80,f7afe2cc-0cda-4958-889a-434d67d83d7c,60694a33-64df-4703-bb1f-20bc3948e683,maintenance_completed,,,,,"{""kind"": ""preventive"", ""labor_cost"": 120, ""parts_cost"": 276, ""work_order_id"": ""1894312e-80b9-4c2a-9fe1-4a91f42a4ef3""}",2023-12-18 01:16:10.142818+00
48cc4180-2a5d-4049-82da-80cf5bc86741,f7afe2cc-0cda-4958-889a-434d67d83d7c,60694a33-64df-4703-bb1f-20bc3948e683,maintenance_completed,,,,,"{""kind"": ""preventive"", ""labor_cost"": 120, ""parts_cost"": 0, ""work_order_id"": ""8abd0d1b-5565-402e-aba9-d99ce82a07ec""}",2024-03-19 03:34:10.142818+00
5d1c8576-78be-4a33-9684-95a68a3e6529,f7afe2cc-0cda-4958-889a-434d67d83d7c,60694a33-64df-4703-bb1f-20bc3948e683,maintenance_completed,,,,,"{""kind"": ""preventive"", ""labor_cost"": 360, ""parts_cost"": 0, ""work_order_id"": ""202f57b3-3166-4162-828a-34a1901f450e""}",2024-06-15 01:40:10.142818+00
1081eed9-cb0a-4970-badf-9a6edbdc72e2,f7afe2cc-0cda-4958-889a-434d67d83d7c,60694a33-64df-4703-bb1f-20bc3948e683,maintenance_completed,,,,,"{""kind"": ""preventive"", ""labor_cost"": 360, ""parts_cost"": 178, ""work_order_id"": ""aa8c5fe1-ea73-4dbe-912f-427e8c9036b2""}",2024-09-10 02:20:10.142818+00
5b9c8305-1e2d-4313-8645-1d8ba6bf1053,f7afe2cc-0cda-4958-889a-434d67d83d7c,60694a33-64df-4703-bb1f-20bc3948e683,maintenance_completed,,,,,"{""kind"": ""preventive"", ""labor_cost"": 120, ""parts_cost"": 0, ""work_order_id"": ""42c989fc-f98a-425a-bcc0-ef250ea704e5""}",2024-12-15 03:40:10.142818+00
0af8b054-692f-4428-bc18-8fd9281b69b2,f7afe2cc-0cda-4958-889a-434d67d83d7c,60694a33-64df-4703-bb1f-20bc3948e683,maintenance_completed,,,,,"{""kind"": ""preventive"", ""labor_cost"": 240, ""parts_cost"": 0, ""work_order_id"": ""fb367405-2fc3-43c5-b7c4-5c4ba812b1e1""}",2025-03-08 23:11:10.142818+00
232caa6d-cf27-4a5e-8594-4d87161715e5,f7afe2cc-0cda-4958-889a-434d67d83d7c,60694a33-64df-4703-bb1f-20bc3948e683,maintenance_completed,,,,,"{""kind"": ""preventive"", ""labor_cost"": 240, ""parts_cost"": 0, ""work_order_id"": ""c9522d28-05d9-4f4f-ab89-d74e156acac2""}",2025-06-10 01:24:10.142818+00
7db01087-1c58-4624-8f57-13b0f8dd7f22,f7afe2cc-0cda-4958-889a-434d67d83d7c,60694a33-64df-4703-bb1f-20bc3948e683,maintenance_completed,,,,,"{""kind"": ""preventive"", ""labor_cost"": 120, ""parts_cost"": 0, ""work_order_id"": ""4403dd9e-af73-4297-a71e-c719ca31d83d""}",2025-09-08 01:03:10.142818+00
99848635-26e9-4242-a321-11baef1068aa,f7afe2cc-0cda-4958-889a-434d67d83d7c,60694a33-64df-4703-bb1f-20bc3948e683,maintenance_completed,,,,,"{""kind"": ""preventive"", ""labor_cost"": 240, ""parts_cost"": 0, ""work_order_id"": ""7f47faca-427a-42d9-a6f2-f554915e62db""}",2025-12-09 22:25:10.142818+00
b2a5301a-33b2-49e9-9172-76adb67d75b1,f7afe2cc-0cda-4958-889a-434d67d83d7c,60694a33-64df-4703-bb1f-20bc3948e683,maintenance_completed,,,,,"{""kind"": ""preventive"", ""labor_cost"": 120, ""parts_cost"": 1027, ""work_order_id"": ""d0c5e3bb-82c9-499b-b189-baa334c9dff1""}",2026-03-03 01:08:10.142818+00
acc6a80c-cac7-460a-a9eb-5be82e29552d,f7afe2cc-0cda-4958-889a-434d67d83d7c,60694a33-64df-4703-bb1f-20bc3948e683,maintenance_completed,,,,,"{""kind"": ""preventive"", ""labor_cost"": 240, ""parts_cost"": 0, ""work_order_id"": ""55c65ab5-eb0c-4254-853b-69cb0e0db54d""}",2026-06-01 01:32:10.142818+00
d5e2f46c-f706-47ba-8849-8f3ab48ac3ac,f7afe2cc-0cda-4958-889a-434d67d83d7c,60694a33-64df-4703-bb1f-20bc3948e683,maintenance_completed,,,,,"{""kind"": ""preventive"", ""labor_cost"": 360, ""parts_cost"": 0, ""work_order_id"": ""05cc98d4-c987-4aaf-bd3f-5fea209e9d0a""}",2026-09-02 23:30:10.142818+00
4cbd6b82-b9a3-45f4-a244-e8d7cd0fef0f,f7afe2cc-0cda-4958-889a-434d67d83d7c,60694a33-64df-4703-bb1f-20bc3948e683,maintenance_completed,,,,,"{""kind"": ""corrective"", ""outcome"": ""cleaned and reconfigured"", ""work_order_id"": ""61e5cb32-deeb-4885-8170-39ca8512bd17"", ""downtime_minutes"": 625}",2024-02-11 09:01:10.142818+00
a4b6bc16-cf40-41b8-bf66-0458c739b99d,cd86ca79-4209-43fa-8dc0-ce6f23a485df,60694a33-64df-4703-bb1f-20bc3948e683,maintenance_completed,,,,,"{""kind"": ""preventive"", ""labor_cost"": 360, ""parts_cost"": 0, ""work_order_id"": ""1d22bd36-57c8-4ed9-b33e-b3204bdf6498""}",2025-09-27 10:41:00+00
bb5ab53c-996a-4df5-85c8-191af62b0c8b,cd86ca79-4209-43fa-8dc0-ce6f23a485df,60694a33-64df-4703-bb1f-20bc3948e683,maintenance_completed,,,,,"{""kind"": ""preventive"", ""labor_cost"": 240, ""parts_cost"": 0, ""work_order_id"": ""a02f05af-b718-4154-9d0d-17a370ca77bf""}",2025-12-27 11:49:00+00
deb1cc4d-0517-4a6b-a58e-37671b545429,cd86ca79-4209-43fa-8dc0-ce6f23a485df,60694a33-64df-4703-bb1f-20bc3948e683,maintenance_completed,,,,,"{""kind"": ""preventive"", ""labor_cost"": 240, ""parts_cost"": 0, ""work_order_id"": ""1dc095b5-5d06-467a-bce3-2a1de4ab1b1a""}",2026-03-27 13:03:00+00
0dcbbb9b-9e43-438f-9b71-8668d6918fc7,c6c338df-b90f-4081-a380-6802bc2f3c0a,60694a33-64df-4703-bb1f-20bc3948e683,maintenance_completed,,,,,"{""kind"": ""preventive"", ""labor_cost"": 240, ""parts_cost"": 493, ""work_order_id"": ""0c6a8223-a582-410b-8ec4-4cad6e5d0b7a""}",2023-11-06 04:06:10.142818+00
e2ca9549-cf96-4490-81a0-72bd4249d57c,c6c338df-b90f-4081-a380-6802bc2f3c0a,60694a33-64df-4703-bb1f-20bc3948e683,maintenance_completed,,,,,"{""kind"": ""preventive"", ""labor_cost"": 360, ""parts_cost"": 0, ""work_order_id"": ""4b519ed2-fe29-4079-bc57-25d3cbe929d6""}",2024-02-02 23:29:10.142818+00
0403ae9d-979e-4c78-bed5-91175a903875,c6c338df-b90f-4081-a380-6802bc2f3c0a,60694a33-64df-4703-bb1f-20bc3948e683,maintenance_completed,,,,,"{""kind"": ""preventive"", ""labor_cost"": 120, ""parts_cost"": 0, ""work_order_id"": ""044f60d8-65c4-4ee3-a668-85ce6556e22f""}",2024-05-04 04:44:10.142818+00
8677ff6d-4fc7-4653-bb5b-9a1790cd213b,c6c338df-b90f-4081-a380-6802bc2f3c0a,60694a33-64df-4703-bb1f-20bc3948e683,maintenance_completed,,,,,"{""kind"": ""preventive"", ""labor_cost"": 240, ""parts_cost"": 927, ""work_order_id"": ""3c4e24c7-32e5-4571-bddf-6c8c306ae91f""}",2024-07-26 00:20:10.142818+00
bc99884c-58fa-4cf4-9ab2-168e90bcd060,c6c338df-b90f-4081-a380-6802bc2f3c0a,60694a33-64df-4703-bb1f-20bc3948e683,maintenance_completed,,,,,"{""kind"": ""preventive"", ""labor_cost"": 240, ""parts_cost"": 0, ""work_order_id"": ""c40d4410-6f4f-4ce8-8a05-28cc448d4964""}",2024-10-24 01:40:10.142818+00
b5853ee0-4cf8-49e5-ac84-acb1b8122981,c6c338df-b90f-4081-a380-6802bc2f3c0a,60694a33-64df-4703-bb1f-20bc3948e683,maintenance_completed,,,,,"{""kind"": ""preventive"", ""labor_cost"": 240, ""parts_cost"": 413, ""work_order_id"": ""19f28f0e-259e-4989-b171-c7a022f59a61""}",2025-01-22 01:30:10.142818+00
86165f90-9f25-48ca-995c-f331124db403,c6c338df-b90f-4081-a380-6802bc2f3c0a,60694a33-64df-4703-bb1f-20bc3948e683,maintenance_completed,,,,,"{""kind"": ""preventive"", ""labor_cost"": 120, ""parts_cost"": 0, ""work_order_id"": ""aca9c6d7-b583-4a15-9a61-b030defe4939""}",2025-04-21 00:25:10.142818+00
f0cb5714-d48f-4e4e-a93b-bd573393794c,c6c338df-b90f-4081-a380-6802bc2f3c0a,60694a33-64df-4703-bb1f-20bc3948e683,maintenance_completed,,,,,"{""kind"": ""preventive"", ""labor_cost"": 360, ""parts_cost"": 380, ""work_order_id"": ""e25176b7-3066-4bbd-a02b-0a717fa3ea1b""}",2025-07-21 03:33:10.142818+00
8f8b9a16-f5e1-43fa-b8f0-677c9af1fbb6,c6c338df-b90f-4081-a380-6802bc2f3c0a,60694a33-64df-4703-bb1f-20bc3948e683,maintenance_completed,,,,,"{""kind"": ""preventive"", ""labor_cost"": 360, ""parts_cost"": 0, ""work_order_id"": ""c255e515-dca6-4060-a773-5b626c1d6481""}",2025-10-25 00:25:10.142818+00
ccb1103c-fa94-48ea-8c3c-c7c90fb0a81b,c6c338df-b90f-4081-a380-6802bc2f3c0a,60694a33-64df-4703-bb1f-20bc3948e683,maintenance_completed,,,,,"{""kind"": ""preventive"", ""labor_cost"": 480, ""parts_cost"": 0, ""work_order_id"": ""9f115c00-2a7e-485c-8b13-532b8c58f4c9""}",2026-01-23 00:04:10.142818+00
0d540f0b-b212-4878-ae41-5cc4052b5c22,c6c338df-b90f-4081-a380-6802bc2f3c0a,60694a33-64df-4703-bb1f-20bc3948e683,maintenance_completed,,,,,"{""kind"": ""corrective"", ""outcome"": ""part replaced"", ""work_order_id"": ""fcc7ec22-632b-402c-aeca-c7f1ccbe79c8"", ""downtime_minutes"": 1422}",2024-04-07 02:18:10.142818+00
d8eabc9f-f0c7-48a1-9e4c-593223b760b2,16b21293-b6a2-480f-a726-5a1c87cec645,60694a33-64df-4703-bb1f-20bc3948e683,maintenance_completed,,,,,"{""kind"": ""preventive"", ""labor_cost"": 360, ""parts_cost"": 0, ""work_order_id"": ""bf1f7497-13d5-4126-949c-27c4ff563f48""}",2023-11-28 21:50:10.142818+00
0c86bc1f-5952-4bf2-a2bb-1c7bf6b6666b,16b21293-b6a2-480f-a726-5a1c87cec645,60694a33-64df-4703-bb1f-20bc3948e683,maintenance_completed,,,,,"{""kind"": ""preventive"", ""labor_cost"": 240, ""parts_cost"": 0, ""work_order_id"": ""62f3d473-45c2-4e8e-98c5-ef53c11f90a4""}",2024-03-04 01:06:10.142818+00
ad7c0613-c354-4ac0-bd6a-b090f8b5c234,16b21293-b6a2-480f-a726-5a1c87cec645,60694a33-64df-4703-bb1f-20bc3948e683,maintenance_completed,,,,,"{""kind"": ""preventive"", ""labor_cost"": 240, ""parts_cost"": 0, ""work_order_id"": ""ca035871-9d01-4ed0-8ce0-76dd923857fd""}",2024-06-01 23:32:10.142818+00
308f94fb-88c2-4a0e-bbdb-440fd4a15aed,16b21293-b6a2-480f-a726-5a1c87cec645,60694a33-64df-4703-bb1f-20bc3948e683,maintenance_completed,,,,,"{""kind"": ""preventive"", ""labor_cost"": 360, ""parts_cost"": 341, ""work_order_id"": ""4553d51e-981f-4a7c-82c3-7937bd485436""}",2024-08-25 22:11:10.142818+00
742fb397-c918-48c4-ac5f-e46a3ca9b3ea,16b21293-b6a2-480f-a726-5a1c87cec645,60694a33-64df-4703-bb1f-20bc3948e683,maintenance_completed,,,,,"{""kind"": ""preventive"", ""labor_cost"": 240, ""parts_cost"": 0, ""work_order_id"": ""1923d55f-0560-4b6c-954e-74ede3526ef3""}",2024-11-21 03:57:10.142818+00
a8012201-2e57-4e3c-a9a9-0e2c55503d54,16b21293-b6a2-480f-a726-5a1c87cec645,60694a33-64df-4703-bb1f-20bc3948e683,maintenance_completed,,,,,"{""kind"": ""preventive"", ""labor_cost"": 240, ""parts_cost"": 0, ""work_order_id"": ""f86d7b44-a014-46f6-b519-a9cc17baf4bc""}",2025-02-25 22:11:10.142818+00
5a76cb06-5c1e-47c7-970f-0c7202fc7c75,16b21293-b6a2-480f-a726-5a1c87cec645,60694a33-64df-4703-bb1f-20bc3948e683,maintenance_completed,,,,,"{""kind"": ""preventive"", ""labor_cost"": 120, ""parts_cost"": 0, ""work_order_id"": ""fb0b915e-0c54-4abf-b7fe-5e9e2c928fd7""}",2025-05-22 23:53:10.142818+00
994dfff2-1e6b-49fb-9a43-90768b58c6fa,16b21293-b6a2-480f-a726-5a1c87cec645,60694a33-64df-4703-bb1f-20bc3948e683,maintenance_completed,,,,,"{""kind"": ""preventive"", ""labor_cost"": 120, ""parts_cost"": 211, ""work_order_id"": ""183b0f7c-7377-439b-a229-ec783b442e6c""}",2025-08-22 01:07:10.142818+00
0e1e86ac-12e6-4bce-99c2-d361b99f98fa,16b21293-b6a2-480f-a726-5a1c87cec645,60694a33-64df-4703-bb1f-20bc3948e683,maintenance_completed,,,,,"{""kind"": ""preventive"", ""labor_cost"": 480, ""parts_cost"": 0, ""work_order_id"": ""f8808830-51b0-4043-8329-10f17b2c87f4""}",2025-11-16 00:56:10.142818+00
f81edc29-0e27-4e36-b9e0-666b81aa9eff,16b21293-b6a2-480f-a726-5a1c87cec645,60694a33-64df-4703-bb1f-20bc3948e683,maintenance_completed,,,,,"{""kind"": ""preventive"", ""labor_cost"": 360, ""parts_cost"": 0, ""work_order_id"": ""7eccdd9b-69d5-438c-a642-ce3f4e1092bd""}",2026-02-14 01:25:10.142818+00
55ff6ef2-e9e1-4f1b-99d9-ded6b0df57cb,16b21293-b6a2-480f-a726-5a1c87cec645,60694a33-64df-4703-bb1f-20bc3948e683,maintenance_completed,,,,,"{""kind"": ""preventive"", ""labor_cost"": 480, ""parts_cost"": 0, ""work_order_id"": ""73617c28-7a9a-415e-a6e3-013a326a555d""}",2026-05-17 02:23:10.142818+00
1df7217e-0265-4362-8d44-8742484c1cac,16b21293-b6a2-480f-a726-5a1c87cec645,60694a33-64df-4703-bb1f-20bc3948e683,maintenance_completed,,,,,"{""kind"": ""preventive"", ""labor_cost"": 480, ""parts_cost"": 0, ""work_order_id"": ""8b806439-ab38-4cf5-b592-65f0fff5c45d""}",2026-08-15 00:26:10.142818+00
9a2aec2a-7612-4e62-9046-0adea6c68ac7,16b21293-b6a2-480f-a726-5a1c87cec645,60694a33-64df-4703-bb1f-20bc3948e683,maintenance_completed,,,,,"{""kind"": ""corrective"", ""outcome"": ""part replaced"", ""work_order_id"": ""c7c86643-0281-4feb-8909-4a12b285562c"", ""downtime_minutes"": 1317}",2025-09-22 18:33:10.142818+00
7f4bb031-938a-4f2e-9ecc-44a552fce5f4,3e9a4522-5167-4379-91f6-60f4d5ad68a9,60694a33-64df-4703-bb1f-20bc3948e683,maintenance_completed,,,,,"{""kind"": ""preventive"", ""labor_cost"": 360, ""parts_cost"": 0, ""work_order_id"": ""edaac463-692c-4a6f-8616-c31a4944f34c""}",2023-10-05 04:28:10.142818+00
7193d488-38be-4703-8e56-c2171bbd161c,3e9a4522-5167-4379-91f6-60f4d5ad68a9,60694a33-64df-4703-bb1f-20bc3948e683,maintenance_completed,,,,,"{""kind"": ""preventive"", ""labor_cost"": 120, ""parts_cost"": 0, ""work_order_id"": ""8a87cdd2-ed77-48c3-b84d-9f8801c1b852""}",2024-01-06 02:23:10.142818+00
cb754aa7-d3d9-490b-8d01-772582b3c19f,3e9a4522-5167-4379-91f6-60f4d5ad68a9,60694a33-64df-4703-bb1f-20bc3948e683,maintenance_completed,,,,,"{""kind"": ""preventive"", ""labor_cost"": 480, ""parts_cost"": 394, ""work_order_id"": ""1bbac624-5b5f-4608-94c7-ab790f76780f""}",2024-04-06 04:04:10.142818+00
53c89dbf-8b31-4647-80a3-dd6ef5f4d3ae,3e9a4522-5167-4379-91f6-60f4d5ad68a9,60694a33-64df-4703-bb1f-20bc3948e683,maintenance_completed,,,,,"{""kind"": ""preventive"", ""labor_cost"": 480, ""parts_cost"": 0, ""work_order_id"": ""a4099755-c229-4c42-86d6-9179ed73130d""}",2024-07-04 01:06:10.142818+00
8d402136-94e2-40da-88fe-c23650431efb,3e9a4522-5167-4379-91f6-60f4d5ad68a9,60694a33-64df-4703-bb1f-20bc3948e683,maintenance_completed,,,,,"{""kind"": ""preventive"", ""labor_cost"": 120, ""parts_cost"": 699, ""work_order_id"": ""212bc956-c543-4667-9d26-4ba3272101e1""}",2024-10-04 03:33:10.142818+00
a68b667c-9719-4627-82d1-422a9e4174d2,3e9a4522-5167-4379-91f6-60f4d5ad68a9,60694a33-64df-4703-bb1f-20bc3948e683,maintenance_completed,,,,,"{""kind"": ""preventive"", ""labor_cost"": 120, ""parts_cost"": 0, ""work_order_id"": ""32d74935-0f50-4c37-9a6f-85a1cf66add2""}",2025-01-01 21:13:10.142818+00
b0cbb21d-441c-4426-ad58-a46c9c767947,3e9a4522-5167-4379-91f6-60f4d5ad68a9,60694a33-64df-4703-bb1f-20bc3948e683,maintenance_completed,,,,,"{""kind"": ""preventive"", ""labor_cost"": 240, ""parts_cost"": 623, ""work_order_id"": ""186fc46c-7f98-44c2-9f76-2d996931b81a""}",2025-04-01 01:02:10.142818+00
662c932e-7f9d-4c32-8736-d6062ca3ab26,3e9a4522-5167-4379-91f6-60f4d5ad68a9,60694a33-64df-4703-bb1f-20bc3948e683,maintenance_completed,,,,,"{""kind"": ""preventive"", ""labor_cost"": 240, ""parts_cost"": 0, ""work_order_id"": ""1a5aec85-9c5b-4573-b1be-f817c048663e""}",2025-07-02 22:26:10.142818+00
b9cc025c-7eae-4163-b11c-08dc37c90307,3e9a4522-5167-4379-91f6-60f4d5ad68a9,60694a33-64df-4703-bb1f-20bc3948e683,maintenance_completed,,,,,"{""kind"": ""preventive"", ""labor_cost"": 480, ""parts_cost"": 0, ""work_order_id"": ""4ef63721-5352-4cf0-b05d-2206f18fd28f""}",2025-09-23 00:21:10.142818+00
ffee5920-ef9c-4227-b282-38a665afb12d,3e9a4522-5167-4379-91f6-60f4d5ad68a9,60694a33-64df-4703-bb1f-20bc3948e683,maintenance_completed,,,,,"{""kind"": ""preventive"", ""labor_cost"": 360, ""parts_cost"": 1043, ""work_order_id"": ""dd5a3bf3-0860-434e-b305-e27a848e0378""}",2025-12-23 02:48:10.142818+00
7db2f999-d763-4fb5-a113-5fa28f0a82e0,3e9a4522-5167-4379-91f6-60f4d5ad68a9,60694a33-64df-4703-bb1f-20bc3948e683,maintenance_completed,,,,,"{""kind"": ""preventive"", ""labor_cost"": 240, ""parts_cost"": 207, ""work_order_id"": ""7fa5aca9-68b5-495c-a1cd-b997e608392c""}",2026-03-24 23:05:10.142818+00
5e175a4f-d6c6-4560-a5fb-760bab062fb5,3e9a4522-5167-4379-91f6-60f4d5ad68a9,60694a33-64df-4703-bb1f-20bc3948e683,maintenance_completed,,,,,"{""kind"": ""preventive"", ""labor_cost"": 120, ""parts_cost"": 0, ""work_order_id"": ""b1278c59-d1e6-4c2f-ba20-96ab7af3daa6""}",2026-06-24 03:19:10.142818+00
63d4afc4-6cb2-4375-8414-c5554cea86ed,3e9a4522-5167-4379-91f6-60f4d5ad68a9,60694a33-64df-4703-bb1f-20bc3948e683,maintenance_completed,,,,,"{""kind"": ""corrective"", ""outcome"": ""no fault found"", ""work_order_id"": ""f6549d3f-37ff-4d17-8ecc-c837e8035c73"", ""downtime_minutes"": 1174}",2026-03-24 17:10:10.142818+00
53900f5d-0525-4a1c-a5f8-a59285ea35fa,c0c4170c-358b-4feb-8bd4-65e3caea002f,60694a33-64df-4703-bb1f-20bc3948e683,maintenance_completed,,,,,"{""kind"": ""preventive"", ""labor_cost"": 240, ""parts_cost"": 153, ""work_order_id"": ""d263367b-f2a8-4d71-a711-8c79bd5dad04""}",2023-12-18 23:28:10.142818+00
7d7f733c-b83f-4bcf-93ca-7f1eb91dfa58,c0c4170c-358b-4feb-8bd4-65e3caea002f,60694a33-64df-4703-bb1f-20bc3948e683,maintenance_completed,,,,,"{""kind"": ""preventive"", ""labor_cost"": 240, ""parts_cost"": 0, ""work_order_id"": ""10e65d86-5536-4749-9104-f5753c0c3f55""}",2024-03-21 03:33:10.142818+00
645b9333-5de5-4e6d-8fa7-ee0b6902a52c,c0c4170c-358b-4feb-8bd4-65e3caea002f,60694a33-64df-4703-bb1f-20bc3948e683,maintenance_completed,,,,,"{""kind"": ""preventive"", ""labor_cost"": 120, ""parts_cost"": 0, ""work_order_id"": ""2061d015-643c-4b58-9adc-01ad72b360aa""}",2024-06-20 01:52:10.142818+00
e1c30fe3-18fd-4d53-957f-d6073e6522c2,c0c4170c-358b-4feb-8bd4-65e3caea002f,60694a33-64df-4703-bb1f-20bc3948e683,maintenance_completed,,,,,"{""kind"": ""preventive"", ""labor_cost"": 120, ""parts_cost"": 0, ""work_order_id"": ""ed7810b7-505f-4bb4-8959-e9fde9d5ba2e""}",2024-09-16 01:59:10.142818+00
3cb714af-4712-4225-bb0f-1b6e949036de,c0c4170c-358b-4feb-8bd4-65e3caea002f,60694a33-64df-4703-bb1f-20bc3948e683,maintenance_completed,,,,,"{""kind"": ""preventive"", ""labor_cost"": 360, ""parts_cost"": 613, ""work_order_id"": ""8b2a0dfb-64a0-4478-8948-f627207be134""}",2024-12-15 02:43:10.142818+00
fe92c100-8741-4119-b54a-f03ab06afee6,c0c4170c-358b-4feb-8bd4-65e3caea002f,60694a33-64df-4703-bb1f-20bc3948e683,maintenance_completed,,,,,"{""kind"": ""preventive"", ""labor_cost"": 360, ""parts_cost"": 0, ""work_order_id"": ""de515c47-9f65-448b-882b-cc42dd6073cb""}",2025-03-14 23:54:10.142818+00
6481f401-7aa7-440d-a975-3e9fbd17444e,c0c4170c-358b-4feb-8bd4-65e3caea002f,60694a33-64df-4703-bb1f-20bc3948e683,maintenance_completed,,,,,"{""kind"": ""preventive"", ""labor_cost"": 360, ""parts_cost"": 0, ""work_order_id"": ""77c61e56-8e53-43b1-af79-c9c2d662dce2""}",2025-06-14 23:01:10.142818+00
4a9ef7c5-7efc-4d5a-9175-b34a12b1154f,c0c4170c-358b-4feb-8bd4-65e3caea002f,60694a33-64df-4703-bb1f-20bc3948e683,maintenance_completed,,,,,"{""kind"": ""preventive"", ""labor_cost"": 240, ""parts_cost"": 0, ""work_order_id"": ""9b73705c-187a-4406-a00e-e6f9466223a3""}",2025-09-14 02:40:10.142818+00
2ee25e6f-fc63-4608-af69-44f5bbcd44f7,c0c4170c-358b-4feb-8bd4-65e3caea002f,60694a33-64df-4703-bb1f-20bc3948e683,maintenance_completed,,,,,"{""kind"": ""preventive"", ""labor_cost"": 120, ""parts_cost"": 0, ""work_order_id"": ""3b462e86-d0f0-4be5-aff6-dd66abc9f981""}",2025-12-13 22:51:10.142818+00
bc7bbff6-4649-4c4b-8ef0-f71e94ea4989,c0c4170c-358b-4feb-8bd4-65e3caea002f,60694a33-64df-4703-bb1f-20bc3948e683,maintenance_completed,,,,,"{""kind"": ""preventive"", ""labor_cost"": 480, ""parts_cost"": 576, ""work_order_id"": ""4e31203a-495e-4223-983e-fd9a8eaf68c7""}",2026-03-13 03:29:10.142818+00
9b4b66c5-ce49-4f76-a37d-bdd1da21313d,c0c4170c-358b-4feb-8bd4-65e3caea002f,60694a33-64df-4703-bb1f-20bc3948e683,maintenance_completed,,,,,"{""kind"": ""preventive"", ""labor_cost"": 480, ""parts_cost"": 0, ""work_order_id"": ""a737a067-f0a9-466f-a45c-c6bf026041fb""}",2026-06-11 03:43:10.142818+00
82131b38-debd-499d-b0d5-586fc69981d0,c0c4170c-358b-4feb-8bd4-65e3caea002f,60694a33-64df-4703-bb1f-20bc3948e683,maintenance_completed,,,,,"{""kind"": ""preventive"", ""labor_cost"": 120, ""parts_cost"": 0, ""work_order_id"": ""2c709c2a-2475-4a74-85f9-04fc2efe97e3""}",2026-09-03 02:25:10.142818+00
963f3585-5d20-4ba1-857c-350a1e7c9ff9,c0c4170c-358b-4feb-8bd4-65e3caea002f,60694a33-64df-4703-bb1f-20bc3948e683,maintenance_completed,,,,,"{""kind"": ""corrective"", ""outcome"": ""cleaned and reconfigured"", ""work_order_id"": ""40ddd40a-bb88-4ff3-b88e-987d8b9115d1"", ""downtime_minutes"": 1817}",2024-03-14 05:53:10.142818+00
3615d6c6-6984-4030-a0fb-06e03e458458,8345b397-c894-4634-ad3e-981860ed4ff8,60694a33-64df-4703-bb1f-20bc3948e683,maintenance_completed,,,,,"{""kind"": ""preventive"", ""labor_cost"": 240, ""parts_cost"": 0, ""work_order_id"": ""85da907e-49b2-457f-b16e-123dc64edec0""}",2023-10-10 02:42:10.142818+00
f4d9b20b-9ffc-40ce-b97d-b90a0a1070be,8345b397-c894-4634-ad3e-981860ed4ff8,60694a33-64df-4703-bb1f-20bc3948e683,maintenance_completed,,,,,"{""kind"": ""preventive"", ""labor_cost"": 120, ""parts_cost"": 0, ""work_order_id"": ""88f8f195-b261-41bd-8d74-9c35c716c192""}",2024-01-04 02:07:10.142818+00
c844cdbf-fcb2-4e54-84b7-d4a8cd1e3fa0,8345b397-c894-4634-ad3e-981860ed4ff8,60694a33-64df-4703-bb1f-20bc3948e683,maintenance_completed,,,,,"{""kind"": ""preventive"", ""labor_cost"": 120, ""parts_cost"": 0, ""work_order_id"": ""f591758c-c788-4504-9e71-e630ed883426""}",2024-04-09 02:09:10.142818+00
8ec9634e-4cda-4eea-bd4e-a4bdceb75c9c,8345b397-c894-4634-ad3e-981860ed4ff8,60694a33-64df-4703-bb1f-20bc3948e683,maintenance_completed,,,,,"{""kind"": ""preventive"", ""labor_cost"": 120, ""parts_cost"": 0, ""work_order_id"": ""a36d1ed7-1dfa-4d47-88aa-4f2ed6ec324c""}",2024-07-01 22:27:10.142818+00
b22f2411-fdf1-4c31-bd73-da14386f1ad0,8345b397-c894-4634-ad3e-981860ed4ff8,60694a33-64df-4703-bb1f-20bc3948e683,maintenance_completed,,,,,"{""kind"": ""preventive"", ""labor_cost"": 240, ""parts_cost"": 857, ""work_order_id"": ""446f3978-bbe5-4065-abd9-9093f43e3394""}",2024-09-28 22:55:10.142818+00
e7bf2178-ccb1-4f78-a6f0-30e61be54657,8345b397-c894-4634-ad3e-981860ed4ff8,60694a33-64df-4703-bb1f-20bc3948e683,maintenance_completed,,,,,"{""kind"": ""preventive"", ""labor_cost"": 360, ""parts_cost"": 0, ""work_order_id"": ""936bedce-a069-41b9-9851-5dc6448cd2ad""}",2024-12-28 03:19:10.142818+00
4487ce26-ab98-40e2-9ec7-cd98847e0dab,8345b397-c894-4634-ad3e-981860ed4ff8,60694a33-64df-4703-bb1f-20bc3948e683,maintenance_completed,,,,,"{""kind"": ""preventive"", ""labor_cost"": 240, ""parts_cost"": 657, ""work_order_id"": ""0968ede8-bb22-4470-8a3b-ae998386c645""}",2025-04-01 00:20:10.142818+00
3013be4d-0bea-42ad-b1d7-57f9b9a080a5,8345b397-c894-4634-ad3e-981860ed4ff8,60694a33-64df-4703-bb1f-20bc3948e683,maintenance_completed,,,,,"{""kind"": ""preventive"", ""labor_cost"": 360, ""parts_cost"": 0, ""work_order_id"": ""7f9add4a-9648-449b-bb7d-c0994fad33f7""}",2025-06-25 00:35:10.142818+00
7ad3999f-66b5-4935-a3b9-4eecf2705e78,8345b397-c894-4634-ad3e-981860ed4ff8,60694a33-64df-4703-bb1f-20bc3948e683,maintenance_completed,,,,,"{""kind"": ""preventive"", ""labor_cost"": 360, ""parts_cost"": 0, ""work_order_id"": ""3582b4c1-26a1-4805-93da-f8adcb74d431""}",2025-09-25 02:55:10.142818+00
eeb9dc76-2281-4f65-a30e-684f4cabb7bb,8345b397-c894-4634-ad3e-981860ed4ff8,60694a33-64df-4703-bb1f-20bc3948e683,maintenance_completed,,,,,"{""kind"": ""preventive"", ""labor_cost"": 120, ""parts_cost"": 997, ""work_order_id"": ""de02cb4c-6ebe-4fbd-82a5-1ab87013d8bc""}",2025-12-29 02:04:10.142818+00
f1951ac7-9302-4deb-b843-c522c9ac229a,8345b397-c894-4634-ad3e-981860ed4ff8,60694a33-64df-4703-bb1f-20bc3948e683,maintenance_completed,,,,,"{""kind"": ""preventive"", ""labor_cost"": 120, ""parts_cost"": 0, ""work_order_id"": ""5664c26a-ab49-46a1-8e9b-4ec6d9e75eb3""}",2026-03-26 03:51:10.142818+00
e0797591-c4e0-4436-a85a-5ac507ba9d22,8345b397-c894-4634-ad3e-981860ed4ff8,60694a33-64df-4703-bb1f-20bc3948e683,maintenance_completed,,,,,"{""kind"": ""preventive"", ""labor_cost"": 120, ""parts_cost"": 0, ""work_order_id"": ""4a8e01f6-a5e1-4cd0-8914-f51a5f34a413""}",2026-06-26 23:27:10.142818+00
b031b092-cf5b-4532-b61f-398fc3ad48f7,8345b397-c894-4634-ad3e-981860ed4ff8,60694a33-64df-4703-bb1f-20bc3948e683,maintenance_completed,,,,,"{""kind"": ""preventive"", ""labor_cost"": 360, ""parts_cost"": 218, ""work_order_id"": ""1cfec269-82c7-496c-80f1-3372a36aa303""}",2026-09-18 01:19:10.142818+00
32cf7245-ff37-45f2-8272-82e8f9e3321b,8345b397-c894-4634-ad3e-981860ed4ff8,60694a33-64df-4703-bb1f-20bc3948e683,maintenance_completed,,,,,"{""kind"": ""corrective"", ""outcome"": ""part replaced"", ""work_order_id"": ""a6ae80b9-416d-4c21-a131-5ca42ce9a50d"", ""downtime_minutes"": 701}",2025-02-09 11:17:10.142818+00
bfcc0202-9007-4fec-af4f-768150af0dc8,8c7db0db-6f83-4007-95db-8ac6eca67355,60694a33-64df-4703-bb1f-20bc3948e683,maintenance_completed,,,,,"{""kind"": ""preventive"", ""labor_cost"": 480, ""parts_cost"": 0, ""work_order_id"": ""1b3fc232-dd78-4a2f-8328-dad11240b47b""}",2023-11-02 03:26:10.142818+00
09988ae1-fd13-435b-9260-508330575b66,8c7db0db-6f83-4007-95db-8ac6eca67355,60694a33-64df-4703-bb1f-20bc3948e683,maintenance_completed,,,,,"{""kind"": ""preventive"", ""labor_cost"": 240, ""parts_cost"": 0, ""work_order_id"": ""6d9d5933-dfb7-4af3-8306-f81c374529de""}",2024-01-30 04:46:10.142818+00
83046d31-23a6-4ff5-a2eb-aca2e50575d8,8c7db0db-6f83-4007-95db-8ac6eca67355,60694a33-64df-4703-bb1f-20bc3948e683,maintenance_completed,,,,,"{""kind"": ""preventive"", ""labor_cost"": 240, ""parts_cost"": 0, ""work_order_id"": ""da2ebc2a-60e3-489f-9dfe-58ca366c8d01""}",2024-04-29 00:28:10.142818+00
7c3476cc-e498-4d37-bb89-5616f58acb25,8c7db0db-6f83-4007-95db-8ac6eca67355,60694a33-64df-4703-bb1f-20bc3948e683,maintenance_completed,,,,,"{""kind"": ""preventive"", ""labor_cost"": 120, ""parts_cost"": 680, ""work_order_id"": ""3d0f4460-4c6c-48e3-ad16-f5f81260b55a""}",2024-07-28 21:33:10.142818+00
e1353231-8e13-47ff-9e49-023bda70e76b,8c7db0db-6f83-4007-95db-8ac6eca67355,60694a33-64df-4703-bb1f-20bc3948e683,maintenance_completed,,,,,"{""kind"": ""preventive"", ""labor_cost"": 480, ""parts_cost"": 0, ""work_order_id"": ""0474d47b-044f-4eb9-bde9-986f25a825f4""}",2024-10-26 22:30:10.142818+00
ce085ccd-8524-43fa-aeb4-a27670a3496d,8c7db0db-6f83-4007-95db-8ac6eca67355,60694a33-64df-4703-bb1f-20bc3948e683,maintenance_completed,,,,,"{""kind"": ""preventive"", ""labor_cost"": 120, ""parts_cost"": 0, ""work_order_id"": ""73a2be74-b42e-44a2-b19d-d6308bd738fa""}",2025-01-31 04:27:10.142818+00
a112cd15-c353-4c8d-b3c6-1dca50b8e8f7,8c7db0db-6f83-4007-95db-8ac6eca67355,60694a33-64df-4703-bb1f-20bc3948e683,maintenance_completed,,,,,"{""kind"": ""preventive"", ""labor_cost"": 120, ""parts_cost"": 835, ""work_order_id"": ""c1f5a4b9-93c6-46e1-8662-e351622d025d""}",2025-04-26 03:14:10.142818+00
dbf588bd-5834-4bfe-bdc2-b2f59e4755c9,8c7db0db-6f83-4007-95db-8ac6eca67355,60694a33-64df-4703-bb1f-20bc3948e683,maintenance_completed,,,,,"{""kind"": ""preventive"", ""labor_cost"": 120, ""parts_cost"": 0, ""work_order_id"": ""4ecdbf36-50dc-4bd9-b0bb-497a320d5e77""}",2025-07-26 02:43:10.142818+00
85974459-bc2c-4449-b81c-5856021ebeb4,8c7db0db-6f83-4007-95db-8ac6eca67355,60694a33-64df-4703-bb1f-20bc3948e683,maintenance_completed,,,,,"{""kind"": ""preventive"", ""labor_cost"": 360, ""parts_cost"": 0, ""work_order_id"": ""37e59f95-9495-4db0-858f-9b23932cf303""}",2025-10-22 02:47:10.142818+00
f8381b8f-d4bf-440e-afee-2de83fe61a29,8c7db0db-6f83-4007-95db-8ac6eca67355,60694a33-64df-4703-bb1f-20bc3948e683,maintenance_completed,,,,,"{""kind"": ""preventive"", ""labor_cost"": 480, ""parts_cost"": 0, ""work_order_id"": ""f0133575-3e66-4d13-bbcf-0657405a872a""}",2026-01-26 03:55:10.142818+00
f04d52e9-7ac1-4c54-9810-523fb81493dd,8c7db0db-6f83-4007-95db-8ac6eca67355,60694a33-64df-4703-bb1f-20bc3948e683,maintenance_completed,,,,,"{""kind"": ""preventive"", ""labor_cost"": 240, ""parts_cost"": 627, ""work_order_id"": ""42baab66-06ca-4436-b3cf-b8900228c121""}",2026-04-24 00:45:10.142818+00
0c979871-73d6-4703-a106-dcedd4df8f35,8c7db0db-6f83-4007-95db-8ac6eca67355,60694a33-64df-4703-bb1f-20bc3948e683,maintenance_completed,,,,,"{""kind"": ""preventive"", ""labor_cost"": 360, ""parts_cost"": 0, ""work_order_id"": ""d6ab2039-b9e1-4e35-8d77-8a537380942f""}",2026-07-19 04:12:10.142818+00
6a0acaac-9f9d-493a-a4d5-3908b3ceac28,8c7db0db-6f83-4007-95db-8ac6eca67355,60694a33-64df-4703-bb1f-20bc3948e683,maintenance_completed,,,,,"{""kind"": ""corrective"", ""outcome"": ""no fault found"", ""work_order_id"": ""9bafa574-52d6-4682-a183-73668e554af8"", ""downtime_minutes"": 1037}",2024-01-21 15:53:10.142818+00
ac59bfd5-7284-4307-8a72-599da9351b0c,ed91931d-3607-464f-a50c-794c0b6d6e7f,60694a33-64df-4703-bb1f-20bc3948e683,maintenance_completed,,,,,"{""kind"": ""preventive"", ""labor_cost"": 480, ""parts_cost"": 0, ""work_order_id"": ""a35bff37-e5aa-483e-b8af-36d8f25cda2d""}",2024-07-14 14:57:00+00
abdc2a32-cec5-4ddb-9830-d92fd032437f,ed91931d-3607-464f-a50c-794c0b6d6e7f,60694a33-64df-4703-bb1f-20bc3948e683,maintenance_completed,,,,,"{""kind"": ""preventive"", ""labor_cost"": 240, ""parts_cost"": 0, ""work_order_id"": ""d032a6e5-7fdc-49c3-8d92-d7096ad84633""}",2024-10-18 16:47:00+00
b6a2aff1-67c6-4792-aa68-35eac0ef36b7,ed91931d-3607-464f-a50c-794c0b6d6e7f,60694a33-64df-4703-bb1f-20bc3948e683,maintenance_completed,,,,,"{""kind"": ""preventive"", ""labor_cost"": 240, ""parts_cost"": 699, ""work_order_id"": ""ca9b08cd-343e-450c-8eb4-3ff163918719""}",2025-01-13 14:14:00+00
e5cb4480-0fe1-46de-849e-0de1a80a3857,ed91931d-3607-464f-a50c-794c0b6d6e7f,60694a33-64df-4703-bb1f-20bc3948e683,maintenance_completed,,,,,"{""kind"": ""preventive"", ""labor_cost"": 240, ""parts_cost"": 0, ""work_order_id"": ""615c0f18-731a-4ecd-9ac2-c76775691902""}",2025-04-14 10:01:00+00
3cb6cb21-7fab-463c-a9be-5aeea11492e5,ed91931d-3607-464f-a50c-794c0b6d6e7f,60694a33-64df-4703-bb1f-20bc3948e683,maintenance_completed,,,,,"{""kind"": ""preventive"", ""labor_cost"": 480, ""parts_cost"": 767, ""work_order_id"": ""cb355bf9-c1f9-44bc-b20a-3730117673e4""}",2025-07-09 14:28:00+00
98296f95-efa8-4836-8b40-3a6cb8a6af68,ed91931d-3607-464f-a50c-794c0b6d6e7f,60694a33-64df-4703-bb1f-20bc3948e683,maintenance_completed,,,,,"{""kind"": ""preventive"", ""labor_cost"": 480, ""parts_cost"": 388, ""work_order_id"": ""61425b6e-1fac-48da-9067-9001ba5974b2""}",2025-10-13 15:11:00+00
e3515f51-0c1a-4f2e-998a-2941e64f7403,ed91931d-3607-464f-a50c-794c0b6d6e7f,60694a33-64df-4703-bb1f-20bc3948e683,maintenance_completed,,,,,"{""kind"": ""preventive"", ""labor_cost"": 360, ""parts_cost"": 0, ""work_order_id"": ""059970f3-cce2-4b08-b73e-f3087545ede2""}",2026-01-09 11:42:00+00
dc17f07f-f448-411e-acd5-4b2edaee17ff,ed91931d-3607-464f-a50c-794c0b6d6e7f,60694a33-64df-4703-bb1f-20bc3948e683,maintenance_completed,,,,,"{""kind"": ""preventive"", ""labor_cost"": 360, ""parts_cost"": 0, ""work_order_id"": ""5ccb2f83-9a11-4427-8f6d-a1155c0c1f4a""}",2026-04-05 09:06:00+00
0ae3129d-964d-4ddf-af59-9623dec4ba71,ed91931d-3607-464f-a50c-794c0b6d6e7f,60694a33-64df-4703-bb1f-20bc3948e683,maintenance_completed,,,,,"{""kind"": ""preventive"", ""labor_cost"": 360, ""parts_cost"": 0, ""work_order_id"": ""f3bd952c-57f1-4c69-b59c-012cb0d058c8""}",2026-07-07 15:58:00+00
8180af3a-30b7-419c-88c6-70cfe5250d36,ed91931d-3607-464f-a50c-794c0b6d6e7f,60694a33-64df-4703-bb1f-20bc3948e683,maintenance_completed,,,,,"{""kind"": ""corrective"", ""outcome"": ""part replaced"", ""work_order_id"": ""de26c06c-d1ce-4414-b613-e4b42ebb6eef"", ""downtime_minutes"": 967}",2025-09-19 16:43:10.142818+00
f3f13dca-2870-4ee7-884f-9d86d6416075,3f9432fa-7e81-4556-9d2c-124f5477fa22,60694a33-64df-4703-bb1f-20bc3948e683,maintenance_completed,,,,,"{""kind"": ""preventive"", ""labor_cost"": 480, ""parts_cost"": 266, ""work_order_id"": ""ccce5962-495d-4607-8947-277a936b3dd9""}",2023-12-19 02:26:10.142818+00
f8da26c0-ab5f-4aa6-a108-05ba1b209289,3f9432fa-7e81-4556-9d2c-124f5477fa22,60694a33-64df-4703-bb1f-20bc3948e683,maintenance_completed,,,,,"{""kind"": ""preventive"", ""labor_cost"": 120, ""parts_cost"": 0, ""work_order_id"": ""a73edb70-60b8-4e8a-80d1-f2a6304bf992""}",2024-03-20 02:08:10.142818+00
14acd60c-216d-494e-bee8-7f7150ce2213,3f9432fa-7e81-4556-9d2c-124f5477fa22,60694a33-64df-4703-bb1f-20bc3948e683,maintenance_completed,,,,,"{""kind"": ""preventive"", ""labor_cost"": 240, ""parts_cost"": 0, ""work_order_id"": ""8ab41ad3-183c-4935-b385-719516efb9ac""}",2024-06-14 21:12:10.142818+00
b2d720ef-69d8-4dfe-a1cf-8b2bdb601f4f,3f9432fa-7e81-4556-9d2c-124f5477fa22,60694a33-64df-4703-bb1f-20bc3948e683,maintenance_completed,,,,,"{""kind"": ""preventive"", ""labor_cost"": 360, ""parts_cost"": 0, ""work_order_id"": ""b9aef359-dc37-429f-b415-a085d772f4dc""}",2024-09-15 04:20:10.142818+00
033a5b14-ce02-4740-800e-eb5d95aa8ccb,3f9432fa-7e81-4556-9d2c-124f5477fa22,60694a33-64df-4703-bb1f-20bc3948e683,maintenance_completed,,,,,"{""kind"": ""preventive"", ""labor_cost"": 240, ""parts_cost"": 0, ""work_order_id"": ""d2111fdb-02d0-40a6-a6db-30643b2251a0""}",2024-12-15 01:06:10.142818+00
b62663cd-b426-4d1a-8251-70307b7eb58b,3f9432fa-7e81-4556-9d2c-124f5477fa22,60694a33-64df-4703-bb1f-20bc3948e683,maintenance_completed,,,,,"{""kind"": ""preventive"", ""labor_cost"": 480, ""parts_cost"": 0, ""work_order_id"": ""d44f26f6-4270-498a-bb32-ad20ce8c93cf""}",2025-03-18 03:20:10.142818+00
81408bf9-790e-4717-b357-b926b2475f59,3f9432fa-7e81-4556-9d2c-124f5477fa22,60694a33-64df-4703-bb1f-20bc3948e683,maintenance_completed,,,,,"{""kind"": ""preventive"", ""labor_cost"": 480, ""parts_cost"": 0, ""work_order_id"": ""1c5135b1-56f0-4008-99a5-c51a605038e6""}",2025-06-16 03:39:10.142818+00
8700d2f3-948c-46ac-9888-282e2fd96ede,3f9432fa-7e81-4556-9d2c-124f5477fa22,60694a33-64df-4703-bb1f-20bc3948e683,maintenance_completed,,,,,"{""kind"": ""preventive"", ""labor_cost"": 480, ""parts_cost"": 179, ""work_order_id"": ""43d34da1-c087-4145-bbce-f32db7e3a553""}",2025-09-12 23:23:10.142818+00
201b44a9-8a37-4810-85a1-ffc7285c38a2,3f9432fa-7e81-4556-9d2c-124f5477fa22,60694a33-64df-4703-bb1f-20bc3948e683,maintenance_completed,,,,,"{""kind"": ""preventive"", ""labor_cost"": 120, ""parts_cost"": 679, ""work_order_id"": ""3d486f42-2273-42f3-831a-5a417739a558""}",2025-12-08 03:52:10.142818+00
9ef44125-b53f-419a-a124-648032e159d3,3f9432fa-7e81-4556-9d2c-124f5477fa22,60694a33-64df-4703-bb1f-20bc3948e683,maintenance_completed,,,,,"{""kind"": ""preventive"", ""labor_cost"": 360, ""parts_cost"": 0, ""work_order_id"": ""370583b3-2515-4c8b-80e8-8565cf27e147""}",2026-03-10 23:35:10.142818+00
f8015ec4-9975-482a-8aec-fae1cc0563c9,3f9432fa-7e81-4556-9d2c-124f5477fa22,60694a33-64df-4703-bb1f-20bc3948e683,maintenance_completed,,,,,"{""kind"": ""preventive"", ""labor_cost"": 240, ""parts_cost"": 0, ""work_order_id"": ""2bdee544-1f1e-48b2-8282-7657382e5b47""}",2026-06-07 04:22:10.142818+00
ad995bf0-622c-4723-930a-1b8f1febe683,3f9432fa-7e81-4556-9d2c-124f5477fa22,60694a33-64df-4703-bb1f-20bc3948e683,maintenance_completed,,,,,"{""kind"": ""preventive"", ""labor_cost"": 120, ""parts_cost"": 0, ""work_order_id"": ""4ac1e604-fe8c-4ee7-8246-b4d9b10f1422""}",2026-09-10 00:27:10.142818+00
ccfff9f7-0cc7-45be-9dc6-c95cc85067d0,152bd1ea-1a45-4b8f-8395-fb34927e301b,60694a33-64df-4703-bb1f-20bc3948e683,maintenance_completed,,,,,"{""kind"": ""preventive"", ""labor_cost"": 240, ""parts_cost"": 0, ""work_order_id"": ""84318d4c-6e61-4d9e-96cd-d7464044a81b""}",2023-10-05 22:41:10.142818+00
cd92a1b6-6adb-4a3f-bc4a-5708d77860bc,152bd1ea-1a45-4b8f-8395-fb34927e301b,60694a33-64df-4703-bb1f-20bc3948e683,maintenance_completed,,,,,"{""kind"": ""preventive"", ""labor_cost"": 480, ""parts_cost"": 0, ""work_order_id"": ""0b0d40e3-5261-4a39-ad8b-1a1650cc42ca""}",2024-01-08 01:57:10.142818+00
771d792e-37ac-4590-b222-135413c86cb4,152bd1ea-1a45-4b8f-8395-fb34927e301b,60694a33-64df-4703-bb1f-20bc3948e683,maintenance_completed,,,,,"{""kind"": ""preventive"", ""labor_cost"": 240, ""parts_cost"": 209, ""work_order_id"": ""950c8554-b407-4296-bb7f-b32169419b2e""}",2024-04-03 01:30:10.142818+00
3a2ac15b-ddf7-46f5-a2ec-c3ff7f7492aa,152bd1ea-1a45-4b8f-8395-fb34927e301b,60694a33-64df-4703-bb1f-20bc3948e683,maintenance_completed,,,,,"{""kind"": ""preventive"", ""labor_cost"": 120, ""parts_cost"": 0, ""work_order_id"": ""0c27b5b4-acd9-4231-adbd-401b5688466b""}",2024-07-05 23:42:10.142818+00
9179963d-47f3-45ac-8b82-05019a6fcfa8,152bd1ea-1a45-4b8f-8395-fb34927e301b,60694a33-64df-4703-bb1f-20bc3948e683,maintenance_completed,,,,,"{""kind"": ""preventive"", ""labor_cost"": 360, ""parts_cost"": 0, ""work_order_id"": ""c0a73ea9-5787-4a53-b41f-b86c432b2a61""}",2024-10-06 02:03:10.142818+00
812e3944-2a17-45ac-8a14-9b5163550558,152bd1ea-1a45-4b8f-8395-fb34927e301b,60694a33-64df-4703-bb1f-20bc3948e683,maintenance_completed,,,,,"{""kind"": ""preventive"", ""labor_cost"": 480, ""parts_cost"": 0, ""work_order_id"": ""bef56a21-6897-4c87-a2d6-59449e556c59""}",2025-01-04 22:06:10.142818+00
2ea575ed-eea6-4a4c-ac1b-b7e7bd43748f,152bd1ea-1a45-4b8f-8395-fb34927e301b,60694a33-64df-4703-bb1f-20bc3948e683,maintenance_completed,,,,,"{""kind"": ""preventive"", ""labor_cost"": 240, ""parts_cost"": 318, ""work_order_id"": ""4125b458-bc56-4901-94bc-957d927c9d24""}",2025-04-06 01:55:10.142818+00
0959c1d6-4fb2-41b0-850d-428635e4eca3,152bd1ea-1a45-4b8f-8395-fb34927e301b,60694a33-64df-4703-bb1f-20bc3948e683,maintenance_completed,,,,,"{""kind"": ""preventive"", ""labor_cost"": 360, ""parts_cost"": 0, ""work_order_id"": ""cc47342d-bfce-4262-bab3-81ff69c7721e""}",2025-07-02 02:53:10.142818+00
0971b4a6-5a17-4bbc-a7d4-39eac0745601,152bd1ea-1a45-4b8f-8395-fb34927e301b,60694a33-64df-4703-bb1f-20bc3948e683,maintenance_completed,,,,,"{""kind"": ""preventive"", ""labor_cost"": 360, ""parts_cost"": 0, ""work_order_id"": ""04d85926-a703-4a13-8ccd-f5e502b46428""}",2025-10-01 00:17:10.142818+00
3651f270-d890-441a-9279-c6f0cc7adbff,152bd1ea-1a45-4b8f-8395-fb34927e301b,60694a33-64df-4703-bb1f-20bc3948e683,maintenance_completed,,,,,"{""kind"": ""preventive"", ""labor_cost"": 480, ""parts_cost"": 0, ""work_order_id"": ""51458931-8708-4244-a3a2-d21bf8017fcf""}",2025-12-26 23:24:10.142818+00
c9509f8a-8b73-4af8-ba72-5a73a7cc7839,152bd1ea-1a45-4b8f-8395-fb34927e301b,60694a33-64df-4703-bb1f-20bc3948e683,maintenance_completed,,,,,"{""kind"": ""preventive"", ""labor_cost"": 480, ""parts_cost"": 0, ""work_order_id"": ""3ac62827-3dc5-4dc4-b00d-a3bc54dc7c93""}",2026-04-01 02:21:10.142818+00
f27a18bb-49e0-4fdc-88fc-72f30086030f,152bd1ea-1a45-4b8f-8395-fb34927e301b,60694a33-64df-4703-bb1f-20bc3948e683,maintenance_completed,,,,,"{""kind"": ""corrective"", ""outcome"": ""cleaned and reconfigured"", ""work_order_id"": ""de33d31a-48e2-445d-8bf5-9dc7c403305c"", ""downtime_minutes"": 1231}",2023-11-25 22:07:10.142818+00
0d0caa0f-65ac-4509-bb9e-0a1c1117dfb5,9039c585-128a-496e-91c2-7567e83b7b1b,60694a33-64df-4703-bb1f-20bc3948e683,maintenance_completed,,,,,"{""kind"": ""preventive"", ""labor_cost"": 480, ""parts_cost"": 0, ""work_order_id"": ""f4fb6928-1272-4d64-973b-04553186482e""}",2026-02-08 10:59:00+00
525c374b-cd7d-491d-8d10-8fe59889e042,9039c585-128a-496e-91c2-7567e83b7b1b,60694a33-64df-4703-bb1f-20bc3948e683,maintenance_completed,,,,,"{""kind"": ""preventive"", ""labor_cost"": 120, ""parts_cost"": 0, ""work_order_id"": ""c2c79240-012a-4f31-a048-f9548ff7d2c1""}",2026-05-08 10:59:00+00
3adc6f1a-0f5b-4f62-81ae-9e3f868ef10d,9039c585-128a-496e-91c2-7567e83b7b1b,60694a33-64df-4703-bb1f-20bc3948e683,maintenance_completed,,,,,"{""kind"": ""preventive"", ""labor_cost"": 480, ""parts_cost"": 0, ""work_order_id"": ""720dc921-afd5-4735-894a-52f9d4a43527""}",2026-08-12 09:50:00+00
e76f9317-d6d0-473c-9451-b343cac40f91,3673afb5-08c2-4510-aca4-37914bedfc03,60694a33-64df-4703-bb1f-20bc3948e683,maintenance_completed,,,,,"{""kind"": ""preventive"", ""labor_cost"": 120, ""parts_cost"": 0, ""work_order_id"": ""822690d3-c12f-42a9-88a2-20c7f5d7276c""}",2023-10-15 04:46:10.142818+00
a61dd958-8725-467d-b040-bbe01dd6ded9,3673afb5-08c2-4510-aca4-37914bedfc03,60694a33-64df-4703-bb1f-20bc3948e683,maintenance_completed,,,,,"{""kind"": ""preventive"", ""labor_cost"": 360, ""parts_cost"": 0, ""work_order_id"": ""430559e3-47d3-4c5b-954b-70cee55e232b""}",2024-01-21 00:52:10.142818+00
4548680d-e30e-4e45-8204-38a4a7290463,3673afb5-08c2-4510-aca4-37914bedfc03,60694a33-64df-4703-bb1f-20bc3948e683,maintenance_completed,,,,,"{""kind"": ""preventive"", ""labor_cost"": 120, ""parts_cost"": 0, ""work_order_id"": ""565e9f49-4b10-403f-a3dc-af5de2bdb464""}",2024-04-16 23:21:10.142818+00
c6268b5a-39e8-4566-98ea-0067eb89b0b7,3673afb5-08c2-4510-aca4-37914bedfc03,60694a33-64df-4703-bb1f-20bc3948e683,maintenance_completed,,,,,"{""kind"": ""preventive"", ""labor_cost"": 480, ""parts_cost"": 0, ""work_order_id"": ""b59b7707-1138-41a8-855e-09a3bcc9f7d7""}",2024-07-17 02:54:10.142818+00
9461b09f-9692-45c9-851d-44e8489f3b8e,3673afb5-08c2-4510-aca4-37914bedfc03,60694a33-64df-4703-bb1f-20bc3948e683,maintenance_completed,,,,,"{""kind"": ""preventive"", ""labor_cost"": 360, ""parts_cost"": 1002, ""work_order_id"": ""b5b243e6-2699-409c-8ca3-e2707a03780f""}",2024-10-14 00:39:10.142818+00
7d9bb68f-5371-41ce-94e6-35eb4084b582,3673afb5-08c2-4510-aca4-37914bedfc03,60694a33-64df-4703-bb1f-20bc3948e683,maintenance_completed,,,,,"{""kind"": ""preventive"", ""labor_cost"": 120, ""parts_cost"": 0, ""work_order_id"": ""96c695d9-2ef7-406d-933f-4e383662270b""}",2025-01-14 21:37:10.142818+00
90722214-9b97-4d91-b944-36f551255eb1,3673afb5-08c2-4510-aca4-37914bedfc03,60694a33-64df-4703-bb1f-20bc3948e683,maintenance_completed,,,,,"{""kind"": ""preventive"", ""labor_cost"": 480, ""parts_cost"": 580, ""work_order_id"": ""fd6e0d39-b9bc-42d2-bccd-cf12c4a5b6d3""}",2025-04-10 05:22:10.142818+00
998115fb-4b44-4842-aade-76e86994dfac,3673afb5-08c2-4510-aca4-37914bedfc03,60694a33-64df-4703-bb1f-20bc3948e683,maintenance_completed,,,,,"{""kind"": ""preventive"", ""labor_cost"": 360, ""parts_cost"": 0, ""work_order_id"": ""abe4e220-5b90-49f3-83cd-ea6f9ffd1e26""}",2025-07-09 22:46:10.142818+00
4630e49f-767d-4b44-a9c5-19a018d43466,3673afb5-08c2-4510-aca4-37914bedfc03,60694a33-64df-4703-bb1f-20bc3948e683,maintenance_completed,,,,,"{""kind"": ""preventive"", ""labor_cost"": 360, ""parts_cost"": 795, ""work_order_id"": ""5e296b40-4202-46c8-9309-951f5ff4c491""}",2025-10-08 23:52:10.142818+00
100a0175-021c-42e5-a45a-24b0426a0ead,3673afb5-08c2-4510-aca4-37914bedfc03,60694a33-64df-4703-bb1f-20bc3948e683,maintenance_completed,,,,,"{""kind"": ""preventive"", ""labor_cost"": 480, ""parts_cost"": 0, ""work_order_id"": ""e84b3535-a855-427c-83b3-45a47c6f88b7""}",2026-01-02 00:59:10.142818+00
7e72a3eb-96d5-4f93-9d69-392ea3512245,3673afb5-08c2-4510-aca4-37914bedfc03,60694a33-64df-4703-bb1f-20bc3948e683,maintenance_completed,,,,,"{""kind"": ""preventive"", ""labor_cost"": 360, ""parts_cost"": 0, ""work_order_id"": ""905dd26c-eb96-4fc7-8505-fc2eaa8df973""}",2026-04-04 22:53:10.142818+00
f6ae8482-20c5-4095-82fa-02938b0636ba,3673afb5-08c2-4510-aca4-37914bedfc03,60694a33-64df-4703-bb1f-20bc3948e683,maintenance_completed,,,,,"{""kind"": ""preventive"", ""labor_cost"": 480, ""parts_cost"": 0, ""work_order_id"": ""66b9ec5a-e294-489a-90d5-547d9bdf4c76""}",2026-07-07 03:29:10.142818+00
c00ad05a-cf9e-48b0-8e4a-b7b2bf384bba,3673afb5-08c2-4510-aca4-37914bedfc03,60694a33-64df-4703-bb1f-20bc3948e683,maintenance_completed,,,,,"{""kind"": ""corrective"", ""outcome"": ""part replaced"", ""work_order_id"": ""8bbd24bd-c763-4a64-9318-2ab82ebb96cb"", ""downtime_minutes"": 1862}",2025-06-24 04:38:10.142818+00
427ab28b-8ba5-48bb-94e8-b9e657dbda8b,148003af-a85e-4d2b-8321-332aa956264e,60694a33-64df-4703-bb1f-20bc3948e683,maintenance_completed,,,,,"{""kind"": ""preventive"", ""labor_cost"": 480, ""parts_cost"": 0, ""work_order_id"": ""6c1889b7-9c25-401a-b616-ebe04f414d77""}",2024-12-02 12:01:00+00
91c3431c-c859-47d9-a4a3-f524d2ab2e58,148003af-a85e-4d2b-8321-332aa956264e,60694a33-64df-4703-bb1f-20bc3948e683,maintenance_completed,,,,,"{""kind"": ""preventive"", ""labor_cost"": 120, ""parts_cost"": 0, ""work_order_id"": ""c09543ab-9215-4836-aa3b-91300ff60320""}",2025-03-05 10:27:00+00
906d41c7-8f12-4dff-88ef-ffaf2a2553b1,148003af-a85e-4d2b-8321-332aa956264e,60694a33-64df-4703-bb1f-20bc3948e683,maintenance_completed,,,,,"{""kind"": ""preventive"", ""labor_cost"": 120, ""parts_cost"": 370, ""work_order_id"": ""fcc963df-f68e-49ce-82fe-4dbf5dcbbbe8""}",2025-05-28 15:14:00+00
3ee3ae28-5736-49e7-8235-25283d3f39b0,148003af-a85e-4d2b-8321-332aa956264e,60694a33-64df-4703-bb1f-20bc3948e683,maintenance_completed,,,,,"{""kind"": ""preventive"", ""labor_cost"": 120, ""parts_cost"": 0, ""work_order_id"": ""93a7792e-8908-46d9-a535-3bb924c27099""}",2025-08-26 15:43:00+00
56328657-46b5-46e0-b368-c5f70efa6134,148003af-a85e-4d2b-8321-332aa956264e,60694a33-64df-4703-bb1f-20bc3948e683,maintenance_completed,,,,,"{""kind"": ""preventive"", ""labor_cost"": 360, ""parts_cost"": 355, ""work_order_id"": ""d963f3ac-d08c-40da-9078-010ff151a05b""}",2025-11-24 13:03:00+00
e2e14450-1c9e-4b60-989c-cb4e2556f1e2,148003af-a85e-4d2b-8321-332aa956264e,60694a33-64df-4703-bb1f-20bc3948e683,maintenance_completed,,,,,"{""kind"": ""preventive"", ""labor_cost"": 240, ""parts_cost"": 0, ""work_order_id"": ""a7f68f59-224a-4ac8-b193-35a8faa0cf23""}",2026-02-28 10:46:00+00
b10bdd02-36ac-4aef-aa49-b79aaedf6b8e,2e348b1b-ebc3-45cc-9e4c-b6e68da6846f,60694a33-64df-4703-bb1f-20bc3948e683,maintenance_completed,,,,,"{""kind"": ""preventive"", ""labor_cost"": 240, ""parts_cost"": 0, ""work_order_id"": ""d990c6b9-d9d1-4ed1-b510-7632a9682fc6""}",2023-11-13 22:59:10.142818+00
d4666e29-3787-48ac-9de1-79985a0a848b,2e348b1b-ebc3-45cc-9e4c-b6e68da6846f,60694a33-64df-4703-bb1f-20bc3948e683,maintenance_completed,,,,,"{""kind"": ""preventive"", ""labor_cost"": 120, ""parts_cost"": 0, ""work_order_id"": ""d507f5fc-d83a-4348-8633-1f85433a5e6f""}",2024-05-15 23:05:10.142818+00
883fc0f1-64fb-4626-9064-0d921a55b2e0,2e348b1b-ebc3-45cc-9e4c-b6e68da6846f,60694a33-64df-4703-bb1f-20bc3948e683,maintenance_completed,,,,,"{""kind"": ""preventive"", ""labor_cost"": 240, ""parts_cost"": 237, ""work_order_id"": ""755693c9-070d-40b8-9a99-89b0e7d3710d""}",2024-11-08 04:53:10.142818+00
252a6ea4-34ff-4f03-8e1e-b7d5b74f1059,2e348b1b-ebc3-45cc-9e4c-b6e68da6846f,60694a33-64df-4703-bb1f-20bc3948e683,maintenance_completed,,,,,"{""kind"": ""preventive"", ""labor_cost"": 240, ""parts_cost"": 0, ""work_order_id"": ""9bd83a7c-0008-4033-8e11-6ea1d2b1a131""}",2025-05-08 22:38:10.142818+00
361b004d-aaec-4b46-bc05-0c22bfeb24de,2e348b1b-ebc3-45cc-9e4c-b6e68da6846f,60694a33-64df-4703-bb1f-20bc3948e683,maintenance_completed,,,,,"{""kind"": ""preventive"", ""labor_cost"": 240, ""parts_cost"": 0, ""work_order_id"": ""98e8b1ca-514c-4334-8c94-ca3933c70e8d""}",2025-11-04 04:22:10.142818+00
f73972a9-3083-49e5-8736-d16ff07c7dc8,2e348b1b-ebc3-45cc-9e4c-b6e68da6846f,60694a33-64df-4703-bb1f-20bc3948e683,maintenance_completed,,,,,"{""kind"": ""preventive"", ""labor_cost"": 480, ""parts_cost"": 0, ""work_order_id"": ""aa95c702-bf4c-491a-8dad-c6881dc3c371""}",2026-05-08 23:22:10.142818+00
8916533f-4013-4e22-9ffc-5a90aaf502e1,8d82556a-4880-422b-925a-842e8f303d08,60694a33-64df-4703-bb1f-20bc3948e683,maintenance_completed,,,,,"{""kind"": ""preventive"", ""labor_cost"": 480, ""parts_cost"": 566, ""work_order_id"": ""9f1b5ecf-dcdb-48fc-ad90-f83ddfda75f8""}",2025-06-29 14:12:00+00
9de3c2d1-9ed7-42df-b400-9ad938677c27,8d82556a-4880-422b-925a-842e8f303d08,60694a33-64df-4703-bb1f-20bc3948e683,maintenance_completed,,,,,"{""kind"": ""corrective"", ""outcome"": ""repaired"", ""work_order_id"": ""fe34f91f-81b7-4496-bf82-fd7416b8787f"", ""downtime_minutes"": 2400}",2026-04-16 16:36:10.142818+00
75092656-04f6-4901-842c-6ee745705569,88bab730-e065-4622-ae76-1cfd1f3662dd,60694a33-64df-4703-bb1f-20bc3948e683,maintenance_completed,,,,,"{""kind"": ""preventive"", ""labor_cost"": 120, ""parts_cost"": 0, ""work_order_id"": ""66675d13-3f81-46e1-b82c-4dafbdae33e5""}",2024-03-13 04:29:10.142818+00
68e809f2-0c2f-4f57-bcbe-f78f5509480e,88bab730-e065-4622-ae76-1cfd1f3662dd,60694a33-64df-4703-bb1f-20bc3948e683,maintenance_completed,,,,,"{""kind"": ""preventive"", ""labor_cost"": 120, ""parts_cost"": 196, ""work_order_id"": ""bfd7a021-f9dd-4a65-9ff1-827ae4100edc""}",2024-09-16 03:19:10.142818+00
ef2e21c4-f356-4e89-9d3c-e6658359c54c,88bab730-e065-4622-ae76-1cfd1f3662dd,60694a33-64df-4703-bb1f-20bc3948e683,maintenance_completed,,,,,"{""kind"": ""preventive"", ""labor_cost"": 480, ""parts_cost"": 0, ""work_order_id"": ""1a6d9226-5f5d-49a2-b55a-c7adc7404c7e""}",2025-03-15 04:15:10.142818+00
41a49079-2e65-42e6-89e7-05615e68ab7a,88bab730-e065-4622-ae76-1cfd1f3662dd,60694a33-64df-4703-bb1f-20bc3948e683,maintenance_completed,,,,,"{""kind"": ""preventive"", ""labor_cost"": 120, ""parts_cost"": 396, ""work_order_id"": ""30dd6ccd-2ea8-4144-ae79-ea7315521ee5""}",2025-09-04 23:28:10.142818+00
428606f9-f3dc-41b0-b8ae-90e772a0f6a4,88bab730-e065-4622-ae76-1cfd1f3662dd,60694a33-64df-4703-bb1f-20bc3948e683,maintenance_completed,,,,,"{""kind"": ""preventive"", ""labor_cost"": 240, ""parts_cost"": 0, ""work_order_id"": ""b5417699-3334-46be-8168-d065b3774cae""}",2026-03-08 03:19:10.142818+00
721bf8c8-8415-47e2-a0fd-97150c69bc77,88bab730-e065-4622-ae76-1cfd1f3662dd,60694a33-64df-4703-bb1f-20bc3948e683,maintenance_completed,,,,,"{""kind"": ""preventive"", ""labor_cost"": 360, ""parts_cost"": 0, ""work_order_id"": ""7cb74b17-7430-4c16-9a8e-002775cda507""}",2026-08-29 23:40:10.142818+00
fee03bc9-d4a4-49c2-8d3c-700707760a67,a4d012bc-5210-436e-b313-d524ce50eec4,60694a33-64df-4703-bb1f-20bc3948e683,maintenance_completed,,,,,"{""kind"": ""preventive"", ""labor_cost"": 120, ""parts_cost"": 500, ""work_order_id"": ""88f27eae-ac80-4dba-a77e-87fd5a753569""}",2024-02-09 03:18:10.142818+00
87b18a70-7262-4c16-9602-e36a7e3e911d,a4d012bc-5210-436e-b313-d524ce50eec4,60694a33-64df-4703-bb1f-20bc3948e683,maintenance_completed,,,,,"{""kind"": ""preventive"", ""labor_cost"": 360, ""parts_cost"": 861, ""work_order_id"": ""6f966c36-1989-4d4f-bf7b-bc1d4dad1a39""}",2024-08-05 02:53:10.142818+00
6ac79cb6-1251-47d7-a5b9-ec7ec45c9e10,a4d012bc-5210-436e-b313-d524ce50eec4,60694a33-64df-4703-bb1f-20bc3948e683,maintenance_completed,,,,,"{""kind"": ""preventive"", ""labor_cost"": 480, ""parts_cost"": 973, ""work_order_id"": ""a01955ed-2a4f-4298-8f47-df1028aa39bc""}",2025-01-30 04:35:10.142818+00
9a266dc2-a2f2-421e-9fce-58793d3589f7,a4d012bc-5210-436e-b313-d524ce50eec4,60694a33-64df-4703-bb1f-20bc3948e683,maintenance_completed,,,,,"{""kind"": ""preventive"", ""labor_cost"": 120, ""parts_cost"": 0, ""work_order_id"": ""d25833aa-54ef-4bea-a416-f2a524e9c0d2""}",2025-08-01 03:43:10.142818+00
97e4406d-d180-42a9-a328-da69cad3c18b,a4d012bc-5210-436e-b313-d524ce50eec4,60694a33-64df-4703-bb1f-20bc3948e683,maintenance_completed,,,,,"{""kind"": ""preventive"", ""labor_cost"": 360, ""parts_cost"": 0, ""work_order_id"": ""a04ca995-cee3-474f-a562-1b8bd484d6df""}",2026-02-02 01:23:10.142818+00
d0a8de12-d4ac-43b7-be13-310ee966c110,a4d012bc-5210-436e-b313-d524ce50eec4,60694a33-64df-4703-bb1f-20bc3948e683,maintenance_completed,,,,,"{""kind"": ""preventive"", ""labor_cost"": 360, ""parts_cost"": 244, ""work_order_id"": ""64f2613a-f41c-444b-a06c-48458dd47802""}",2026-07-27 02:17:10.142818+00
6cba7327-9a6b-4dbe-9f8f-06a407ab18bc,5f8c097d-479b-4729-8172-b86640868e2e,60694a33-64df-4703-bb1f-20bc3948e683,maintenance_completed,,,,,"{""kind"": ""preventive"", ""labor_cost"": 360, ""parts_cost"": 874, ""work_order_id"": ""69b23b58-1cb4-4bdc-95fd-2c8a7d4c8dbd""}",2025-05-31 08:56:00+00
4fde4e58-e415-4985-a06a-34e57d8abf39,5f8c097d-479b-4729-8172-b86640868e2e,60694a33-64df-4703-bb1f-20bc3948e683,maintenance_completed,,,,,"{""kind"": ""preventive"", ""labor_cost"": 240, ""parts_cost"": 0, ""work_order_id"": ""119e94d0-2bdc-4e2a-a013-d6a743429e32""}",2025-11-25 12:30:00+00
c8e3de06-5b22-4808-a215-ffa08cb57cfe,5f8c097d-479b-4729-8172-b86640868e2e,60694a33-64df-4703-bb1f-20bc3948e683,maintenance_completed,,,,,"{""kind"": ""preventive"", ""labor_cost"": 120, ""parts_cost"": 0, ""work_order_id"": ""d7525b74-de05-48d5-b283-1e95800bff75""}",2026-05-25 12:03:00+00
33caf967-2bee-43eb-ba35-d90f751d4b02,39082336-9803-4031-95a8-c5eee23e98b6,60694a33-64df-4703-bb1f-20bc3948e683,maintenance_completed,,,,,"{""kind"": ""preventive"", ""labor_cost"": 120, ""parts_cost"": 0, ""work_order_id"": ""84036d22-d71c-4af0-88c5-7b1ea94f9a03""}",2024-01-25 00:54:10.142818+00
ed851976-1f7b-4e57-b0b0-b43d8a294cc8,39082336-9803-4031-95a8-c5eee23e98b6,60694a33-64df-4703-bb1f-20bc3948e683,maintenance_completed,,,,,"{""kind"": ""preventive"", ""labor_cost"": 360, ""parts_cost"": 0, ""work_order_id"": ""d1bca351-7474-4062-aa37-5427cf374b2c""}",2024-07-15 04:50:10.142818+00
32dfa1ff-3043-450e-8461-2897b67cc922,39082336-9803-4031-95a8-c5eee23e98b6,60694a33-64df-4703-bb1f-20bc3948e683,maintenance_completed,,,,,"{""kind"": ""preventive"", ""labor_cost"": 240, ""parts_cost"": 0, ""work_order_id"": ""c535a77a-2311-487b-8bcb-8d68fe91dc7d""}",2025-01-15 01:28:10.142818+00
a5c76afd-f525-4030-bc81-909b62b1045a,39082336-9803-4031-95a8-c5eee23e98b6,60694a33-64df-4703-bb1f-20bc3948e683,maintenance_completed,,,,,"{""kind"": ""preventive"", ""labor_cost"": 360, ""parts_cost"": 0, ""work_order_id"": ""a29aed0d-0944-4ae7-9bce-89d9cef9877f""}",2025-07-18 02:07:10.142818+00
4ae98bdc-0caa-4175-bf86-3b3c6db27160,39082336-9803-4031-95a8-c5eee23e98b6,60694a33-64df-4703-bb1f-20bc3948e683,maintenance_completed,,,,,"{""kind"": ""preventive"", ""labor_cost"": 360, ""parts_cost"": 0, ""work_order_id"": ""14bebfdc-f7bc-4930-9b19-876bc00464b5""}",2026-01-06 00:46:10.142818+00
e523b8f3-b81f-4722-8671-310e1486d194,39082336-9803-4031-95a8-c5eee23e98b6,60694a33-64df-4703-bb1f-20bc3948e683,maintenance_completed,,,,,"{""kind"": ""corrective"", ""outcome"": ""escalated to supplier"", ""work_order_id"": ""77013eb8-ca94-4a4a-a156-b8a4477cd136"", ""downtime_minutes"": 1886}",2024-08-26 05:02:10.142818+00
4ab0ba71-a184-4824-9cea-b5ef7f53cf8b,d6609890-892c-403a-8f4a-12d47e59305d,60694a33-64df-4703-bb1f-20bc3948e683,maintenance_completed,,,,,"{""kind"": ""preventive"", ""labor_cost"": 360, ""parts_cost"": 0, ""work_order_id"": ""205d2cd8-a7ff-43cf-861e-0665dfb7da79""}",2024-10-28 14:32:00+00
e9e424ed-3714-46a8-b724-9b8dc2f10103,d6609890-892c-403a-8f4a-12d47e59305d,60694a33-64df-4703-bb1f-20bc3948e683,maintenance_completed,,,,,"{""kind"": ""preventive"", ""labor_cost"": 240, ""parts_cost"": 950, ""work_order_id"": ""f441c96e-61d0-4c4e-8d73-412f53f82956""}",2025-05-02 14:41:00+00
33c2bfca-a5ec-4536-93b8-8b5f05a5e071,d6609890-892c-403a-8f4a-12d47e59305d,60694a33-64df-4703-bb1f-20bc3948e683,maintenance_completed,,,,,"{""kind"": ""preventive"", ""labor_cost"": 240, ""parts_cost"": 0, ""work_order_id"": ""ce6533f6-4ce1-4f5c-9d4e-754a0115a2bf""}",2025-10-27 14:56:00+00
9e4b833f-83f8-413f-bb29-ec8c3f77f1dc,d6609890-892c-403a-8f4a-12d47e59305d,60694a33-64df-4703-bb1f-20bc3948e683,maintenance_completed,,,,,"{""kind"": ""preventive"", ""labor_cost"": 240, ""parts_cost"": 405, ""work_order_id"": ""005fca40-627c-4b78-9f21-be9753f32e16""}",2026-04-25 14:17:00+00
516d3e70-4a3a-47ee-a83e-8db2f25e76e7,d6609890-892c-403a-8f4a-12d47e59305d,60694a33-64df-4703-bb1f-20bc3948e683,maintenance_completed,,,,,"{""kind"": ""corrective"", ""outcome"": ""cleaned and reconfigured"", ""work_order_id"": ""265d20e7-5760-476d-9b2a-cf3c8fd8ebdb"", ""downtime_minutes"": 546}",2025-08-27 08:42:10.142818+00
daf9b64a-d225-421c-b28a-77035e838127,1366efcf-9b11-4708-8821-07867e9c25c6,60694a33-64df-4703-bb1f-20bc3948e683,maintenance_completed,,,,,"{""kind"": ""preventive"", ""labor_cost"": 120, ""parts_cost"": 0, ""work_order_id"": ""205a50b9-18fb-409d-a275-0db57cb0aa96""}",2024-03-08 00:08:10.142818+00
84a5ef23-9eec-49bd-b5dc-c597215d184e,1366efcf-9b11-4708-8821-07867e9c25c6,60694a33-64df-4703-bb1f-20bc3948e683,maintenance_completed,,,,,"{""kind"": ""preventive"", ""labor_cost"": 360, ""parts_cost"": 0, ""work_order_id"": ""9b8e69f9-e6c7-4f27-a368-4bea3ad38065""}",2024-09-03 23:23:10.142818+00
f5b158a3-1094-4698-8ff5-8a4a7055635b,1366efcf-9b11-4708-8821-07867e9c25c6,60694a33-64df-4703-bb1f-20bc3948e683,maintenance_completed,,,,,"{""kind"": ""preventive"", ""labor_cost"": 480, ""parts_cost"": 0, ""work_order_id"": ""ff34bcce-bc58-42cc-a163-0376fca376b3""}",2025-03-03 23:56:10.142818+00
0efbee61-3a25-477a-b855-f7164de13242,1366efcf-9b11-4708-8821-07867e9c25c6,60694a33-64df-4703-bb1f-20bc3948e683,maintenance_completed,,,,,"{""kind"": ""preventive"", ""labor_cost"": 360, ""parts_cost"": 990, ""work_order_id"": ""25bf3141-fe91-47b9-9da2-792952c3f890""}",2025-08-27 02:55:10.142818+00
0d7619c3-396a-4a72-848e-a784f70fb2c2,1366efcf-9b11-4708-8821-07867e9c25c6,60694a33-64df-4703-bb1f-20bc3948e683,maintenance_completed,,,,,"{""kind"": ""preventive"", ""labor_cost"": 360, ""parts_cost"": 0, ""work_order_id"": ""7fc29103-7201-41ad-8c51-38df797dad76""}",2026-02-20 02:04:10.142818+00
e1b2a6f9-6fa4-4f18-a51a-96b0e598d4af,1366efcf-9b11-4708-8821-07867e9c25c6,60694a33-64df-4703-bb1f-20bc3948e683,maintenance_completed,,,,,"{""kind"": ""preventive"", ""labor_cost"": 480, ""parts_cost"": 668, ""work_order_id"": ""5033b8d1-510f-43ca-bedd-cb37d0ac92a6""}",2026-08-24 00:16:10.142818+00
d20f41df-78e2-48d8-9eb2-2f82454fe832,89e43624-0d65-4ead-9c78-15a7b1de7d1c,60694a33-64df-4703-bb1f-20bc3948e683,maintenance_completed,,,,,"{""kind"": ""preventive"", ""labor_cost"": 360, ""parts_cost"": 0, ""work_order_id"": ""9754166c-8c42-4fd8-b899-5afe6aae9663""}",2024-01-19 00:01:10.142818+00
b3ff689c-1712-47c3-b842-18e70dc88b8d,89e43624-0d65-4ead-9c78-15a7b1de7d1c,60694a33-64df-4703-bb1f-20bc3948e683,maintenance_completed,,,,,"{""kind"": ""preventive"", ""labor_cost"": 360, ""parts_cost"": 0, ""work_order_id"": ""97caf7cc-46c9-47d0-b5d2-d3954719e008""}",2024-07-20 00:34:10.142818+00
c602b131-19c4-4d17-a733-6aa4f6a23562,89e43624-0d65-4ead-9c78-15a7b1de7d1c,60694a33-64df-4703-bb1f-20bc3948e683,maintenance_completed,,,,,"{""kind"": ""preventive"", ""labor_cost"": 480, ""parts_cost"": 236, ""work_order_id"": ""ba705856-af02-4dbb-a431-787cba1cb917""}",2025-01-14 00:59:10.142818+00
58d97505-e5b0-410b-873c-6ae037efdcf4,89e43624-0d65-4ead-9c78-15a7b1de7d1c,60694a33-64df-4703-bb1f-20bc3948e683,maintenance_completed,,,,,"{""kind"": ""preventive"", ""labor_cost"": 360, ""parts_cost"": 0, ""work_order_id"": ""61c7e205-9f03-45e0-82fa-4e7a599f815e""}",2025-07-15 04:32:10.142818+00
8940e8ba-8d00-4051-8e53-867b250815fd,5094c415-bfc6-4ad7-97eb-9ee6e1da6df2,60694a33-64df-4703-bb1f-20bc3948e683,maintenance_completed,,,,,"{""kind"": ""preventive"", ""labor_cost"": 480, ""parts_cost"": 584, ""work_order_id"": ""b7635c54-41a5-4aca-b586-6c64e7dae079""}",2023-11-09 01:54:10.142818+00
faed8b71-df3e-4ba9-bac6-14e7c7e67c94,5094c415-bfc6-4ad7-97eb-9ee6e1da6df2,60694a33-64df-4703-bb1f-20bc3948e683,maintenance_completed,,,,,"{""kind"": ""preventive"", ""labor_cost"": 240, ""parts_cost"": 0, ""work_order_id"": ""abb7a0bb-af73-4fc8-ba91-21c8ef4f8808""}",2024-05-05 05:25:10.142818+00
6613a689-a227-4622-87b7-00c0dd8903c3,5094c415-bfc6-4ad7-97eb-9ee6e1da6df2,60694a33-64df-4703-bb1f-20bc3948e683,maintenance_completed,,,,,"{""kind"": ""preventive"", ""labor_cost"": 120, ""parts_cost"": 0, ""work_order_id"": ""870a881d-56c3-4d40-b6e5-78eaa071bc53""}",2024-11-01 02:05:10.142818+00
b6eb0c92-44e4-48ef-8790-8d2848928c89,5094c415-bfc6-4ad7-97eb-9ee6e1da6df2,60694a33-64df-4703-bb1f-20bc3948e683,maintenance_completed,,,,,"{""kind"": ""preventive"", ""labor_cost"": 360, ""parts_cost"": 0, ""work_order_id"": ""0188e5bf-7e75-4c7d-96ad-b18cd1fddd63""}",2025-04-29 03:42:10.142818+00
103cf86b-f4c1-4fed-9bac-e0f2b914cbd8,5094c415-bfc6-4ad7-97eb-9ee6e1da6df2,60694a33-64df-4703-bb1f-20bc3948e683,maintenance_completed,,,,,"{""kind"": ""preventive"", ""labor_cost"": 360, ""parts_cost"": 0, ""work_order_id"": ""f7353403-ad35-4e0d-a992-bb504c60da35""}",2025-10-28 00:45:10.142818+00
22969d22-49ce-4728-9259-0f5c8d28baa1,5094c415-bfc6-4ad7-97eb-9ee6e1da6df2,60694a33-64df-4703-bb1f-20bc3948e683,maintenance_completed,,,,,"{""kind"": ""preventive"", ""labor_cost"": 480, ""parts_cost"": 1014, ""work_order_id"": ""18e0c260-1ad8-46de-adfe-36bd2bc161ef""}",2026-04-22 04:19:10.142818+00
9c39e41c-4f53-4cd0-a5b3-446f66880d92,3d82df37-eb31-4789-9182-1acf8c0a0d77,60694a33-64df-4703-bb1f-20bc3948e683,maintenance_completed,,,,,"{""kind"": ""preventive"", ""labor_cost"": 360, ""parts_cost"": 630, ""work_order_id"": ""87ea38d8-ce1a-46e1-a4d4-a18e9668b7a3""}",2023-09-30 01:15:10.142818+00
976316d1-e852-4e90-95a7-0754a6f4db3c,3d82df37-eb31-4789-9182-1acf8c0a0d77,60694a33-64df-4703-bb1f-20bc3948e683,maintenance_completed,,,,,"{""kind"": ""preventive"", ""labor_cost"": 120, ""parts_cost"": 0, ""work_order_id"": ""23cdd7b1-2ac4-4625-af5a-ad1d1387a92b""}",2024-03-25 23:26:10.142818+00
5179d220-3ae6-4bf7-9f2f-320617ed7a34,3d82df37-eb31-4789-9182-1acf8c0a0d77,60694a33-64df-4703-bb1f-20bc3948e683,maintenance_completed,,,,,"{""kind"": ""preventive"", ""labor_cost"": 360, ""parts_cost"": 0, ""work_order_id"": ""af26ddfe-4b0c-4776-ba23-552c6ae44952""}",2024-09-23 04:16:10.142818+00
837e4607-9932-4b45-8a41-a0e427efc7b0,3d82df37-eb31-4789-9182-1acf8c0a0d77,60694a33-64df-4703-bb1f-20bc3948e683,maintenance_completed,,,,,"{""kind"": ""preventive"", ""labor_cost"": 240, ""parts_cost"": 0, ""work_order_id"": ""e7ba6045-0a42-4a91-ba69-80382a81588c""}",2025-03-21 02:10:10.142818+00
c90eb894-8c6c-4ca2-a2d1-bf292abb35d5,3d82df37-eb31-4789-9182-1acf8c0a0d77,60694a33-64df-4703-bb1f-20bc3948e683,maintenance_completed,,,,,"{""kind"": ""preventive"", ""labor_cost"": 240, ""parts_cost"": 0, ""work_order_id"": ""1e06c912-36df-4b61-9853-d88ea2d5f672""}",2025-09-16 03:19:10.142818+00
63469b06-bfa5-4334-a9e8-531827f1b743,35d6700e-4f92-4e38-81dd-2df78f813e43,60694a33-64df-4703-bb1f-20bc3948e683,maintenance_completed,,,,,"{""kind"": ""preventive"", ""labor_cost"": 480, ""parts_cost"": 0, ""work_order_id"": ""e742e685-54de-4e37-9079-fbb18c208889""}",2024-02-06 03:34:10.142818+00
2f955b1c-2191-4ae2-963b-144cad6d43d0,35d6700e-4f92-4e38-81dd-2df78f813e43,60694a33-64df-4703-bb1f-20bc3948e683,maintenance_completed,,,,,"{""kind"": ""preventive"", ""labor_cost"": 480, ""parts_cost"": 919, ""work_order_id"": ""098fa8e9-2427-41ac-a855-87f291e43ce4""}",2024-07-27 23:16:10.142818+00
e2701bbd-1fb7-48ba-a47b-0024481a3cd3,35d6700e-4f92-4e38-81dd-2df78f813e43,60694a33-64df-4703-bb1f-20bc3948e683,maintenance_completed,,,,,"{""kind"": ""preventive"", ""labor_cost"": 240, ""parts_cost"": 0, ""work_order_id"": ""a818f7f9-96db-4dd5-8b18-93a5075060e7""}",2025-01-27 22:23:10.142818+00
a6e1a40b-188e-49e0-b28d-e3a5a616f93d,35d6700e-4f92-4e38-81dd-2df78f813e43,60694a33-64df-4703-bb1f-20bc3948e683,maintenance_completed,,,,,"{""kind"": ""preventive"", ""labor_cost"": 240, ""parts_cost"": 0, ""work_order_id"": ""1cf29920-3144-4129-87f8-0a203ddb003b""}",2025-07-28 01:57:10.142818+00
44fbcd42-5ae1-4a1b-9f6f-99e9c97e428e,4b91b883-e1a1-4b8f-8e28-5d1a77c73478,60694a33-64df-4703-bb1f-20bc3948e683,maintenance_completed,,,,,"{""kind"": ""preventive"", ""labor_cost"": 240, ""parts_cost"": 390, ""work_order_id"": ""a9a27df4-0dea-41e8-ac8b-6a83fb39c0d4""}",2024-02-25 01:35:10.142818+00
30518c98-e93c-4f16-82b6-f7bdff430373,4b91b883-e1a1-4b8f-8e28-5d1a77c73478,60694a33-64df-4703-bb1f-20bc3948e683,maintenance_completed,,,,,"{""kind"": ""preventive"", ""labor_cost"": 360, ""parts_cost"": 1004, ""work_order_id"": ""2c379ac3-1f9e-495c-8b8f-5538bb9129b7""}",2024-08-27 00:29:10.142818+00
62dbc55c-3ee9-46a4-8dd5-915766e7b24d,4b91b883-e1a1-4b8f-8e28-5d1a77c73478,60694a33-64df-4703-bb1f-20bc3948e683,maintenance_completed,,,,,"{""kind"": ""preventive"", ""labor_cost"": 360, ""parts_cost"": 679, ""work_order_id"": ""df2b7948-5903-4cd3-b847-4a7bee69f09e""}",2025-02-16 03:18:10.142818+00
aed49d2d-9705-45ae-9e20-221e45a20e8b,4b91b883-e1a1-4b8f-8e28-5d1a77c73478,60694a33-64df-4703-bb1f-20bc3948e683,maintenance_completed,,,,,"{""kind"": ""preventive"", ""labor_cost"": 240, ""parts_cost"": 0, ""work_order_id"": ""293ac5fb-00ae-4d30-914d-809fede22147""}",2025-08-17 00:53:10.142818+00
094f84b0-df65-46a4-9f2c-6a41a5512375,4b91b883-e1a1-4b8f-8e28-5d1a77c73478,60694a33-64df-4703-bb1f-20bc3948e683,maintenance_completed,,,,,"{""kind"": ""preventive"", ""labor_cost"": 480, ""parts_cost"": 0, ""work_order_id"": ""2fc5be3a-1e94-431f-a141-a811c8395f7f""}",2026-02-14 00:13:10.142818+00
af12e6fe-3d83-4411-803b-89fa2b553371,4b91b883-e1a1-4b8f-8e28-5d1a77c73478,60694a33-64df-4703-bb1f-20bc3948e683,maintenance_completed,,,,,"{""kind"": ""corrective"", ""outcome"": ""escalated to supplier"", ""work_order_id"": ""5376cdce-bc2b-48b7-a548-3e30cc970514"", ""downtime_minutes"": 1140}",2024-10-19 19:36:10.142818+00
982992a1-c390-483a-a1b8-be7eebf0bdfb,633bf4fc-958e-469f-be48-c49a8c2cd116,60694a33-64df-4703-bb1f-20bc3948e683,maintenance_completed,,,,,"{""kind"": ""preventive"", ""labor_cost"": 240, ""parts_cost"": 0, ""work_order_id"": ""fd5439cd-327c-4cb4-b446-2c1abe611aac""}",2023-10-06 01:35:10.142818+00
034c603d-2b60-4ad3-a6f3-42c2feb5d830,633bf4fc-958e-469f-be48-c49a8c2cd116,60694a33-64df-4703-bb1f-20bc3948e683,maintenance_completed,,,,,"{""kind"": ""preventive"", ""labor_cost"": 480, ""parts_cost"": 0, ""work_order_id"": ""c2322a27-48c9-4b23-8b96-a624c127b7fe""}",2024-04-01 03:34:10.142818+00
a5c8d436-47be-4ee9-a019-2df5ed01e86a,633bf4fc-958e-469f-be48-c49a8c2cd116,60694a33-64df-4703-bb1f-20bc3948e683,maintenance_completed,,,,,"{""kind"": ""preventive"", ""labor_cost"": 240, ""parts_cost"": 0, ""work_order_id"": ""aab33986-8a5d-4b3e-be52-f458a042c987""}",2024-09-25 21:09:10.142818+00
10beee34-2080-4c86-96ff-d268dfdc3d22,633bf4fc-958e-469f-be48-c49a8c2cd116,60694a33-64df-4703-bb1f-20bc3948e683,maintenance_completed,,,,,"{""kind"": ""preventive"", ""labor_cost"": 240, ""parts_cost"": 0, ""work_order_id"": ""96bdd3cf-91cf-4471-a9d9-9b1ed389a295""}",2025-03-31 01:25:10.142818+00
f8cd3a45-5fdc-480d-b120-d7e76b7698ac,633bf4fc-958e-469f-be48-c49a8c2cd116,60694a33-64df-4703-bb1f-20bc3948e683,maintenance_completed,,,,,"{""kind"": ""preventive"", ""labor_cost"": 120, ""parts_cost"": 836, ""work_order_id"": ""ebc9f988-8d7a-4f68-8ba9-cf982d7b80fc""}",2025-09-24 02:04:10.142818+00
1cbb013b-38c2-4093-9cfe-5e44694c6f42,633bf4fc-958e-469f-be48-c49a8c2cd116,60694a33-64df-4703-bb1f-20bc3948e683,maintenance_completed,,,,,"{""kind"": ""preventive"", ""labor_cost"": 120, ""parts_cost"": 0, ""work_order_id"": ""1682fd93-22fb-4e6f-be5d-2a2f775f6edd""}",2026-03-20 01:48:10.142818+00
6f62f157-1015-47d8-815c-c0faf401a3a8,633bf4fc-958e-469f-be48-c49a8c2cd116,60694a33-64df-4703-bb1f-20bc3948e683,maintenance_completed,,,,,"{""kind"": ""preventive"", ""labor_cost"": 360, ""parts_cost"": 0, ""work_order_id"": ""c3477032-fa1d-45a4-b3bf-55d907fa9018""}",2026-09-20 02:31:10.142818+00
728c18e7-27e0-4c1d-bf02-e1cf4e50ea2f,633bf4fc-958e-469f-be48-c49a8c2cd116,60694a33-64df-4703-bb1f-20bc3948e683,maintenance_completed,,,,,"{""kind"": ""corrective"", ""outcome"": ""no fault found"", ""work_order_id"": ""1301c687-127e-4d75-a3a4-1d41b005359a"", ""downtime_minutes"": 1802}",2025-03-09 08:38:10.142818+00
ad9a367a-5c50-49ce-ae89-ca4ab620847e,1f161153-09ea-4bea-9501-621fd6755072,60694a33-64df-4703-bb1f-20bc3948e683,maintenance_completed,,,,,"{""kind"": ""preventive"", ""labor_cost"": 480, ""parts_cost"": 514, ""work_order_id"": ""87f19794-a143-4a9c-aba7-7478584848af""}",2024-02-25 01:11:10.142818+00
d1ed26d3-b601-4542-8342-fcee12ac4b4b,1f161153-09ea-4bea-9501-621fd6755072,60694a33-64df-4703-bb1f-20bc3948e683,maintenance_completed,,,,,"{""kind"": ""preventive"", ""labor_cost"": 120, ""parts_cost"": 214, ""work_order_id"": ""124346ef-9acc-4eb5-aa58-3aae8d3f5213""}",2024-08-24 00:41:10.142818+00
f6f61389-d8bd-4d3a-bbef-f5a280379c7f,1f161153-09ea-4bea-9501-621fd6755072,60694a33-64df-4703-bb1f-20bc3948e683,maintenance_completed,,,,,"{""kind"": ""preventive"", ""labor_cost"": 240, ""parts_cost"": 0, ""work_order_id"": ""71893b61-2886-4533-be8b-0bc9e99c9120""}",2025-02-18 02:13:10.142818+00
b35ebb0d-ab11-42a2-b6c6-252d216d8ee5,1f161153-09ea-4bea-9501-621fd6755072,60694a33-64df-4703-bb1f-20bc3948e683,maintenance_completed,,,,,"{""kind"": ""preventive"", ""labor_cost"": 120, ""parts_cost"": 0, ""work_order_id"": ""88e354d3-22bc-481a-a46f-22297236c464""}",2025-08-18 03:33:10.142818+00
a49313fa-9770-49f6-b500-1d9b226d46a4,1f161153-09ea-4bea-9501-621fd6755072,60694a33-64df-4703-bb1f-20bc3948e683,maintenance_completed,,,,,"{""kind"": ""preventive"", ""labor_cost"": 240, ""parts_cost"": 539, ""work_order_id"": ""54030276-394d-4f3e-a782-9722feb23e01""}",2026-02-10 00:11:10.142818+00
47892248-a69d-41cb-8529-220d1c3e164d,1f161153-09ea-4bea-9501-621fd6755072,60694a33-64df-4703-bb1f-20bc3948e683,maintenance_completed,,,,,"{""kind"": ""preventive"", ""labor_cost"": 360, ""parts_cost"": 900, ""work_order_id"": ""c80c3ad5-c216-423d-bec5-d11b0671878a""}",2026-08-15 00:18:10.142818+00
6e30c2d7-9cba-4464-bc78-052f60163273,5c69d63a-79af-4855-9496-8dbeddd207ad,60694a33-64df-4703-bb1f-20bc3948e683,maintenance_completed,,,,,"{""kind"": ""preventive"", ""labor_cost"": 360, ""parts_cost"": 0, ""work_order_id"": ""ec0cdeba-5f36-4dfd-b9bc-6aa85ac40e04""}",2025-03-30 15:54:00+00
754dbe2a-1f93-4434-ac2c-d95ee686dad2,5c69d63a-79af-4855-9496-8dbeddd207ad,60694a33-64df-4703-bb1f-20bc3948e683,maintenance_completed,,,,,"{""kind"": ""preventive"", ""labor_cost"": 240, ""parts_cost"": 0, ""work_order_id"": ""42df94fd-ccaf-4ceb-908c-950626f97122""}",2025-09-30 13:54:00+00
cff9e8cc-fb60-40f6-82a4-12cfcc6e8499,5c69d63a-79af-4855-9496-8dbeddd207ad,60694a33-64df-4703-bb1f-20bc3948e683,maintenance_completed,,,,,"{""kind"": ""preventive"", ""labor_cost"": 360, ""parts_cost"": 0, ""work_order_id"": ""92a43b0d-62e1-49f6-ac7e-a3eb526f9714""}",2026-03-26 14:40:00+00
b6468955-011f-43b3-960a-0dc8cebe0b6e,5c69d63a-79af-4855-9496-8dbeddd207ad,60694a33-64df-4703-bb1f-20bc3948e683,maintenance_completed,,,,,"{""kind"": ""corrective"", ""outcome"": ""escalated to supplier"", ""work_order_id"": ""9e373111-65ac-4da9-a7ad-1a9f5209989d"", ""downtime_minutes"": 2534}",2025-07-11 17:50:10.142818+00
2a43b78d-d61d-4382-aec2-5f275b69dc06,88b32d42-dcd3-42a3-b781-e29c49719c8c,60694a33-64df-4703-bb1f-20bc3948e683,maintenance_completed,,,,,"{""kind"": ""preventive"", ""labor_cost"": 480, ""parts_cost"": 0, ""work_order_id"": ""4ec1751e-b424-4be8-ae8e-4b8aded37537""}",2023-12-19 04:10:10.142818+00
fb7b655c-048b-4fe4-9149-2088d64372fb,88b32d42-dcd3-42a3-b781-e29c49719c8c,60694a33-64df-4703-bb1f-20bc3948e683,maintenance_completed,,,,,"{""kind"": ""preventive"", ""labor_cost"": 240, ""parts_cost"": 0, ""work_order_id"": ""692f3625-cac1-4c12-9cf2-b39c53a8b65e""}",2024-04-10 22:46:10.142818+00
6de0af68-7161-4a1c-b3ab-9a9e2324f0ec,88b32d42-dcd3-42a3-b781-e29c49719c8c,60694a33-64df-4703-bb1f-20bc3948e683,maintenance_completed,,,,,"{""kind"": ""preventive"", ""labor_cost"": 120, ""parts_cost"": 630, ""work_order_id"": ""357052d3-d922-4135-a5fa-e00836b93f0f""}",2024-08-14 02:46:10.142818+00
5aef8d2d-1d79-4129-9415-333a8e800aa5,88b32d42-dcd3-42a3-b781-e29c49719c8c,60694a33-64df-4703-bb1f-20bc3948e683,maintenance_completed,,,,,"{""kind"": ""preventive"", ""labor_cost"": 120, ""parts_cost"": 0, ""work_order_id"": ""5d83cb50-5e84-4a98-b615-0a4887ff5115""}",2024-12-11 03:23:10.142818+00
e43bd161-fe7a-43ec-b8bd-ac470a0ba328,88b32d42-dcd3-42a3-b781-e29c49719c8c,60694a33-64df-4703-bb1f-20bc3948e683,maintenance_completed,,,,,"{""kind"": ""preventive"", ""labor_cost"": 120, ""parts_cost"": 0, ""work_order_id"": ""47ca0d28-396d-45af-8fde-2f9269a7f869""}",2025-04-05 00:44:10.142818+00
c7d0d776-8fc7-4dc3-85fc-cfe7f854c9e1,88b32d42-dcd3-42a3-b781-e29c49719c8c,60694a33-64df-4703-bb1f-20bc3948e683,maintenance_completed,,,,,"{""kind"": ""preventive"", ""labor_cost"": 480, ""parts_cost"": 0, ""work_order_id"": ""ad893f3f-cdf4-4450-bb21-dcfc42d0b5d1""}",2025-08-10 21:32:10.142818+00
7a929d06-aa17-4329-92e4-7d5ac5d8b7f1,88b32d42-dcd3-42a3-b781-e29c49719c8c,60694a33-64df-4703-bb1f-20bc3948e683,maintenance_completed,,,,,"{""kind"": ""preventive"", ""labor_cost"": 480, ""parts_cost"": 0, ""work_order_id"": ""20025d64-3b34-4a26-abba-efdee71d5eb3""}",2025-12-02 01:01:10.142818+00
751a6609-ec85-4cd9-ab8b-97838b0623ae,88b32d42-dcd3-42a3-b781-e29c49719c8c,60694a33-64df-4703-bb1f-20bc3948e683,maintenance_completed,,,,,"{""kind"": ""preventive"", ""labor_cost"": 240, ""parts_cost"": 0, ""work_order_id"": ""8070490e-b336-49ae-9783-7b5ce4e55788""}",2026-04-05 23:34:10.142818+00
176cf30c-1890-4a8f-aae2-f2263d65bba4,88b32d42-dcd3-42a3-b781-e29c49719c8c,60694a33-64df-4703-bb1f-20bc3948e683,maintenance_completed,,,,,"{""kind"": ""corrective"", ""outcome"": ""escalated to supplier"", ""work_order_id"": ""aa401f67-2756-4252-bfe6-713183445985"", ""downtime_minutes"": 1892}",2024-05-29 08:08:10.142818+00
ef921f14-7a6d-47fe-9e99-18cacc41847a,e5c2b61b-a977-4e3c-9312-2053fe84ac7e,60694a33-64df-4703-bb1f-20bc3948e683,maintenance_completed,,,,,"{""kind"": ""preventive"", ""labor_cost"": 480, ""parts_cost"": 0, ""work_order_id"": ""22b5c8c5-9301-4d13-99e7-a35d1fd0987e""}",2023-10-23 03:24:10.142818+00
be5275e7-56b3-4298-851f-aa2687db9a65,e5c2b61b-a977-4e3c-9312-2053fe84ac7e,60694a33-64df-4703-bb1f-20bc3948e683,maintenance_completed,,,,,"{""kind"": ""preventive"", ""labor_cost"": 120, ""parts_cost"": 0, ""work_order_id"": ""18096220-d32b-44ff-be0a-6f4ed3fc79f0""}",2024-02-19 03:00:10.142818+00
b2a8b85f-72ef-43bd-a420-32cfd9b6ea1a,e5c2b61b-a977-4e3c-9312-2053fe84ac7e,60694a33-64df-4703-bb1f-20bc3948e683,maintenance_completed,,,,,"{""kind"": ""preventive"", ""labor_cost"": 360, ""parts_cost"": 0, ""work_order_id"": ""03c9d0fe-58b1-4c4c-9c02-ee53b2e3dd8c""}",2024-06-22 02:11:10.142818+00
ea143557-b7a2-4641-b49d-0139d4527633,e5c2b61b-a977-4e3c-9312-2053fe84ac7e,60694a33-64df-4703-bb1f-20bc3948e683,maintenance_completed,,,,,"{""kind"": ""preventive"", ""labor_cost"": 360, ""parts_cost"": 0, ""work_order_id"": ""e6412dae-80df-4d0f-8c04-24b6db21aadf""}",2024-10-15 22:47:10.142818+00
81fa73a9-d4c7-4464-9718-0dca72af0428,e5c2b61b-a977-4e3c-9312-2053fe84ac7e,60694a33-64df-4703-bb1f-20bc3948e683,maintenance_completed,,,,,"{""kind"": ""preventive"", ""labor_cost"": 480, ""parts_cost"": 0, ""work_order_id"": ""d8e59ea9-028a-47b3-9e75-548e9358d86a""}",2025-02-15 01:09:10.142818+00
fce32150-0f41-456c-8ffc-212c5d889905,e5c2b61b-a977-4e3c-9312-2053fe84ac7e,60694a33-64df-4703-bb1f-20bc3948e683,maintenance_completed,,,,,"{""kind"": ""preventive"", ""labor_cost"": 120, ""parts_cost"": 0, ""work_order_id"": ""923354d4-a995-4762-9cdd-bbf1dbf826dd""}",2025-06-09 23:06:10.142818+00
eeee269c-a5f2-42fd-96ac-a54f25ed0723,e5c2b61b-a977-4e3c-9312-2053fe84ac7e,60694a33-64df-4703-bb1f-20bc3948e683,maintenance_completed,,,,,"{""kind"": ""preventive"", ""labor_cost"": 360, ""parts_cost"": 584, ""work_order_id"": ""f02d92ce-77a0-479e-894b-e0caae84adeb""}",2025-10-08 03:43:10.142818+00
8d9ab86d-1fa2-404f-b4a3-9af12ef03f7a,e5c2b61b-a977-4e3c-9312-2053fe84ac7e,60694a33-64df-4703-bb1f-20bc3948e683,maintenance_completed,,,,,"{""kind"": ""preventive"", ""labor_cost"": 360, ""parts_cost"": 0, ""work_order_id"": ""2a74d05c-9bbb-400b-b59f-a97312fe987a""}",2026-02-04 21:08:10.142818+00
7aec4d81-4b7d-4317-ae7a-f2f61e6513fe,e5c2b61b-a977-4e3c-9312-2053fe84ac7e,60694a33-64df-4703-bb1f-20bc3948e683,maintenance_completed,,,,,"{""kind"": ""preventive"", ""labor_cost"": 120, ""parts_cost"": 0, ""work_order_id"": ""d0888de5-8e23-4b06-a2cb-ad2fb27b9528""}",2026-06-06 02:46:10.142818+00
6441d94a-8498-4f02-b630-25f900b01897,e5c2b61b-a977-4e3c-9312-2053fe84ac7e,60694a33-64df-4703-bb1f-20bc3948e683,maintenance_completed,,,,,"{""kind"": ""corrective"", ""outcome"": ""cleaned and reconfigured"", ""work_order_id"": ""4a08d10b-6002-4eb8-a559-a8cbc5d39511"", ""downtime_minutes"": 564}",2025-09-26 13:00:10.142818+00
5b4b60da-e014-40c8-9c98-bc7126d07f9e,6b5815e3-1f9c-4f33-aa53-1136a98be71d,60694a33-64df-4703-bb1f-20bc3948e683,maintenance_completed,,,,,"{""kind"": ""preventive"", ""labor_cost"": 480, ""parts_cost"": 270, ""work_order_id"": ""801bf80e-6297-410f-99e6-87961377cd98""}",2023-10-09 00:53:10.142818+00
9760fabc-cd63-42d7-9add-d78a2e65be88,6b5815e3-1f9c-4f33-aa53-1136a98be71d,60694a33-64df-4703-bb1f-20bc3948e683,maintenance_completed,,,,,"{""kind"": ""preventive"", ""labor_cost"": 120, ""parts_cost"": 0, ""work_order_id"": ""1c8a3a5c-0cc6-47e5-b7ff-8faa642f4861""}",2024-02-09 01:05:10.142818+00
fab4f348-dafc-4e56-b198-bdb69b589ae2,6b5815e3-1f9c-4f33-aa53-1136a98be71d,60694a33-64df-4703-bb1f-20bc3948e683,maintenance_completed,,,,,"{""kind"": ""preventive"", ""labor_cost"": 240, ""parts_cost"": 0, ""work_order_id"": ""feb08813-5364-4a9d-8d4a-a009abb87e81""}",2024-06-09 03:34:10.142818+00
733e9e19-65ee-4f49-9af9-0b9b8eb04262,6b5815e3-1f9c-4f33-aa53-1136a98be71d,60694a33-64df-4703-bb1f-20bc3948e683,maintenance_completed,,,,,"{""kind"": ""preventive"", ""labor_cost"": 360, ""parts_cost"": 0, ""work_order_id"": ""77d4070a-d662-43d9-93ec-f29c1218abee""}",2024-10-04 04:16:10.142818+00
28a9b1bc-11db-43db-a7df-535470a1c19a,6b5815e3-1f9c-4f33-aa53-1136a98be71d,60694a33-64df-4703-bb1f-20bc3948e683,maintenance_completed,,,,,"{""kind"": ""preventive"", ""labor_cost"": 120, ""parts_cost"": 0, ""work_order_id"": ""458f3a16-a2f6-4710-9e5d-4bc7159c9739""}",2025-01-31 03:33:10.142818+00
6c2649c3-fc7f-4140-87b8-85077646b694,6b5815e3-1f9c-4f33-aa53-1136a98be71d,60694a33-64df-4703-bb1f-20bc3948e683,maintenance_completed,,,,,"{""kind"": ""preventive"", ""labor_cost"": 360, ""parts_cost"": 0, ""work_order_id"": ""468fb0d1-37ed-45c7-bd32-514e32b667f3""}",2025-06-08 00:44:10.142818+00
4d68ed81-32fb-4b16-998f-ce90119b7704,6b5815e3-1f9c-4f33-aa53-1136a98be71d,60694a33-64df-4703-bb1f-20bc3948e683,maintenance_completed,,,,,"{""kind"": ""preventive"", ""labor_cost"": 480, ""parts_cost"": 0, ""work_order_id"": ""ae187f1d-5ccc-4e81-85cd-bcf9a5dd35d8""}",2025-10-06 05:17:10.142818+00
60795ff4-2584-4a24-baf5-532acdb3e434,6b5815e3-1f9c-4f33-aa53-1136a98be71d,60694a33-64df-4703-bb1f-20bc3948e683,maintenance_completed,,,,,"{""kind"": ""preventive"", ""labor_cost"": 120, ""parts_cost"": 0, ""work_order_id"": ""23f024ba-6699-496f-bf96-c5e5ef54b3eb""}",2026-02-01 22:47:10.142818+00
6d00cd8e-ae74-4fad-bc01-b6b1811df53c,6b5815e3-1f9c-4f33-aa53-1136a98be71d,60694a33-64df-4703-bb1f-20bc3948e683,maintenance_completed,,,,,"{""kind"": ""preventive"", ""labor_cost"": 480, ""parts_cost"": 693, ""work_order_id"": ""381f945e-7977-443c-8433-d037f334dbc8""}",2026-05-28 03:22:10.142818+00
c3696e59-15f4-4320-92dc-c8aa63e45335,28b38db8-79d2-4c6b-9367-59cddcddd78a,60694a33-64df-4703-bb1f-20bc3948e683,maintenance_completed,,,,,"{""kind"": ""preventive"", ""labor_cost"": 120, ""parts_cost"": 0, ""work_order_id"": ""e765b29e-f8ba-4f5c-a903-09892dcef5fd""}",2025-04-10 16:55:00+00
e7ff0d0a-8e15-486c-8ca6-db4db042063d,28b38db8-79d2-4c6b-9367-59cddcddd78a,60694a33-64df-4703-bb1f-20bc3948e683,maintenance_completed,,,,,"{""kind"": ""preventive"", ""labor_cost"": 120, ""parts_cost"": 0, ""work_order_id"": ""7af4ebfa-c801-4e5f-bd51-503f7bdf4e76""}",2025-08-16 12:40:00+00
ffc20a36-6343-4276-a9c1-2ba96ba33ea8,28b38db8-79d2-4c6b-9367-59cddcddd78a,60694a33-64df-4703-bb1f-20bc3948e683,maintenance_completed,,,,,"{""kind"": ""preventive"", ""labor_cost"": 360, ""parts_cost"": 953, ""work_order_id"": ""c8d194f1-5e70-42e6-afb3-5e370a5cfb13""}",2025-12-06 12:31:00+00
77f42d4c-1475-45f0-9c16-6a7c4148b670,28b38db8-79d2-4c6b-9367-59cddcddd78a,60694a33-64df-4703-bb1f-20bc3948e683,maintenance_completed,,,,,"{""kind"": ""preventive"", ""labor_cost"": 360, ""parts_cost"": 0, ""work_order_id"": ""f2106a3e-01f3-4420-be18-905daf27b27e""}",2026-04-05 13:36:00+00
bc62e0d7-b430-4d86-aa58-1ff8691c316c,28b38db8-79d2-4c6b-9367-59cddcddd78a,60694a33-64df-4703-bb1f-20bc3948e683,maintenance_completed,,,,,"{""kind"": ""preventive"", ""labor_cost"": 240, ""parts_cost"": 0, ""work_order_id"": ""77910d5f-f7bb-4794-9ac0-7c4d4174130d""}",2026-08-08 12:31:00+00
91da6e7a-26a4-4a04-99d8-6a0027186b49,b2c3d66b-cd4d-4d43-a9c5-dc6d5d8ffcb0,60694a33-64df-4703-bb1f-20bc3948e683,maintenance_completed,,,,,"{""kind"": ""preventive"", ""labor_cost"": 240, ""parts_cost"": 0, ""work_order_id"": ""61458b3b-adb7-4130-9591-2b1a8918661c""}",2025-01-19 13:30:00+00
41aef38c-0a97-4aee-82e0-f6a421e2233e,b2c3d66b-cd4d-4d43-a9c5-dc6d5d8ffcb0,60694a33-64df-4703-bb1f-20bc3948e683,maintenance_completed,,,,,"{""kind"": ""preventive"", ""labor_cost"": 480, ""parts_cost"": 0, ""work_order_id"": ""a661bfac-24f8-4b78-ac25-50faa0d88e59""}",2025-05-18 14:10:00+00
67843234-918c-47fa-9807-95bb666ecc42,b2c3d66b-cd4d-4d43-a9c5-dc6d5d8ffcb0,60694a33-64df-4703-bb1f-20bc3948e683,maintenance_completed,,,,,"{""kind"": ""preventive"", ""labor_cost"": 360, ""parts_cost"": 184, ""work_order_id"": ""a1074312-eaa4-4b99-9f35-a82e8b83a364""}",2025-09-12 13:19:00+00
bea3a84c-ddda-4b20-8aa8-d48bcf02c5c0,b2c3d66b-cd4d-4d43-a9c5-dc6d5d8ffcb0,60694a33-64df-4703-bb1f-20bc3948e683,maintenance_completed,,,,,"{""kind"": ""preventive"", ""labor_cost"": 480, ""parts_cost"": 0, ""work_order_id"": ""e9f914aa-145d-437e-8c5d-1c40a300b281""}",2026-01-15 13:22:00+00
bf3435e9-9021-4248-8f0c-21827b72ef88,b2c3d66b-cd4d-4d43-a9c5-dc6d5d8ffcb0,60694a33-64df-4703-bb1f-20bc3948e683,maintenance_completed,,,,,"{""kind"": ""corrective"", ""outcome"": ""cleaned and reconfigured"", ""work_order_id"": ""4bfadf17-d008-4d14-8212-2151c537eecc"", ""downtime_minutes"": 791}",2026-08-16 09:47:10.142818+00
b6b0dc3c-a651-4359-952d-eb0e5871d98b,1e2d69e1-a40a-4f04-b631-df9223aade50,60694a33-64df-4703-bb1f-20bc3948e683,maintenance_completed,,,,,"{""kind"": ""preventive"", ""labor_cost"": 480, ""parts_cost"": 883, ""work_order_id"": ""3daa452d-d10d-4243-bed4-3ebb18de6720""}",2023-10-24 00:34:10.142818+00
c01a2a69-e7d9-4be4-8695-5d39ce7c2946,1e2d69e1-a40a-4f04-b631-df9223aade50,60694a33-64df-4703-bb1f-20bc3948e683,maintenance_completed,,,,,"{""kind"": ""preventive"", ""labor_cost"": 120, ""parts_cost"": 0, ""work_order_id"": ""8be9667f-eebf-4726-bd35-67240b3b2b1d""}",2024-02-18 03:58:10.142818+00
5f835590-6c1d-468a-a81c-2f1fd42fcf47,1e2d69e1-a40a-4f04-b631-df9223aade50,60694a33-64df-4703-bb1f-20bc3948e683,maintenance_completed,,,,,"{""kind"": ""preventive"", ""labor_cost"": 480, ""parts_cost"": 0, ""work_order_id"": ""eb8fb088-10d3-42a6-98ca-f9aa82affb6c""}",2024-06-20 02:46:10.142818+00
51c0817a-1103-4598-a880-80b597c877b2,1e2d69e1-a40a-4f04-b631-df9223aade50,60694a33-64df-4703-bb1f-20bc3948e683,maintenance_completed,,,,,"{""kind"": ""preventive"", ""labor_cost"": 240, ""parts_cost"": 0, ""work_order_id"": ""8384c90a-a468-436d-9c49-52ef0a3f5af8""}",2024-10-14 22:20:10.142818+00
03f3c814-4182-4218-bf05-93fad4061935,1e2d69e1-a40a-4f04-b631-df9223aade50,60694a33-64df-4703-bb1f-20bc3948e683,maintenance_completed,,,,,"{""kind"": ""preventive"", ""labor_cost"": 480, ""parts_cost"": 0, ""work_order_id"": ""4bc48b9e-dda8-4d79-96b7-446c92dea54a""}",2025-02-15 21:24:10.142818+00
f5304452-85fb-4102-a4e3-91354e2368e2,1e2d69e1-a40a-4f04-b631-df9223aade50,60694a33-64df-4703-bb1f-20bc3948e683,maintenance_completed,,,,,"{""kind"": ""preventive"", ""labor_cost"": 360, ""parts_cost"": 944, ""work_order_id"": ""79c09126-8893-4a8e-940c-3ebee489b18a""}",2025-06-15 23:59:10.142818+00
4f2ed8f7-40c2-4dca-80c0-99b28a474854,1e2d69e1-a40a-4f04-b631-df9223aade50,60694a33-64df-4703-bb1f-20bc3948e683,maintenance_completed,,,,,"{""kind"": ""preventive"", ""labor_cost"": 480, ""parts_cost"": 0, ""work_order_id"": ""82575467-3c3e-49e1-a37f-d5756fb283fc""}",2025-10-09 04:18:10.142818+00
4052fee8-f2f1-43a5-b7ca-c9c30b854a78,1e2d69e1-a40a-4f04-b631-df9223aade50,60694a33-64df-4703-bb1f-20bc3948e683,maintenance_completed,,,,,"{""kind"": ""preventive"", ""labor_cost"": 360, ""parts_cost"": 360, ""work_order_id"": ""2f9c49ae-e865-4ba2-ae54-2b6b81efae8e""}",2026-02-04 00:32:10.142818+00
348b64d3-732b-4d5d-81a8-3615a6c1ee09,1e2d69e1-a40a-4f04-b631-df9223aade50,60694a33-64df-4703-bb1f-20bc3948e683,maintenance_completed,,,,,"{""kind"": ""preventive"", ""labor_cost"": 360, ""parts_cost"": 0, ""work_order_id"": ""819068df-5a66-4f1e-9e4a-fe13015a18bd""}",2026-06-09 02:11:10.142818+00
db5e5544-23d4-474b-93f4-c326edf2d622,1e2d69e1-a40a-4f04-b631-df9223aade50,60694a33-64df-4703-bb1f-20bc3948e683,maintenance_completed,,,,,"{""kind"": ""corrective"", ""outcome"": ""cleaned and reconfigured"", ""work_order_id"": ""bec19b1f-64ab-44ae-a8a7-e9186cbc694f"", ""downtime_minutes"": 1655}",2024-07-04 07:11:10.142818+00
5f09ba1f-6143-41a5-8b4a-2b24420d4f88,9f10b9a6-6866-4168-868e-891c259876a7,60694a33-64df-4703-bb1f-20bc3948e683,maintenance_completed,,,,,"{""kind"": ""preventive"", ""labor_cost"": 360, ""parts_cost"": 0, ""work_order_id"": ""dcd9be28-1d3d-4698-abc3-febfeccc4607""}",2024-04-18 13:09:00+00
5a597e2b-e552-4019-bc8c-441c4843c949,9f10b9a6-6866-4168-868e-891c259876a7,60694a33-64df-4703-bb1f-20bc3948e683,maintenance_completed,,,,,"{""kind"": ""preventive"", ""labor_cost"": 480, ""parts_cost"": 183, ""work_order_id"": ""fba40925-8b19-430d-a0b2-e7e61358933a""}",2024-08-22 10:22:00+00
39520589-8067-418b-bb1a-a099c6ba3edd,9f10b9a6-6866-4168-868e-891c259876a7,60694a33-64df-4703-bb1f-20bc3948e683,maintenance_completed,,,,,"{""kind"": ""preventive"", ""labor_cost"": 480, ""parts_cost"": 0, ""work_order_id"": ""0947802a-6f0d-4acd-a0b8-fd0a83c23207""}",2024-12-20 13:53:00+00
0473f2fa-6816-443d-8fd6-4b83f9443bbf,9f10b9a6-6866-4168-868e-891c259876a7,60694a33-64df-4703-bb1f-20bc3948e683,maintenance_completed,,,,,"{""kind"": ""preventive"", ""labor_cost"": 240, ""parts_cost"": 0, ""work_order_id"": ""17dcadd2-5819-431d-8fef-0b5d57934ec4""}",2025-04-12 15:40:00+00
1cd6860f-8e1c-4c85-ae3a-91223089386f,9f10b9a6-6866-4168-868e-891c259876a7,60694a33-64df-4703-bb1f-20bc3948e683,maintenance_completed,,,,,"{""kind"": ""preventive"", ""labor_cost"": 240, ""parts_cost"": 819, ""work_order_id"": ""ca82c3d8-1842-45ff-80ab-70d64469713f""}",2025-08-11 10:33:00+00
d9fabfe1-fe9b-4c95-81ed-9850ce14e668,9f10b9a6-6866-4168-868e-891c259876a7,60694a33-64df-4703-bb1f-20bc3948e683,maintenance_completed,,,,,"{""kind"": ""preventive"", ""labor_cost"": 240, ""parts_cost"": 0, ""work_order_id"": ""a7f51e0b-cec2-4afb-a51c-8e819152d1a1""}",2025-12-11 15:23:00+00
17c8067a-b523-4fd5-9126-d2a5c5d948c2,9f10b9a6-6866-4168-868e-891c259876a7,60694a33-64df-4703-bb1f-20bc3948e683,maintenance_completed,,,,,"{""kind"": ""corrective"", ""outcome"": ""repaired"", ""work_order_id"": ""d38749a1-01c7-420a-8962-c4d314aaa354"", ""downtime_minutes"": 673}",2026-07-26 10:49:10.142818+00
866eeb6a-f2a7-4e05-8dff-b8dd36e53c42,9f10b9a6-6866-4168-868e-891c259876a7,60694a33-64df-4703-bb1f-20bc3948e683,maintenance_completed,,,,,"{""kind"": ""corrective"", ""outcome"": ""escalated to supplier"", ""work_order_id"": ""39b040a7-3e94-4715-856d-78f3ac02420b"", ""downtime_minutes"": 996}",2025-08-15 15:12:10.142818+00
b376cac1-a21e-47e0-9dcd-46993bb9a59f,88eda7bd-e742-460d-8b55-e98dd5b359e4,60694a33-64df-4703-bb1f-20bc3948e683,maintenance_completed,,,,,"{""kind"": ""preventive"", ""labor_cost"": 480, ""parts_cost"": 0, ""work_order_id"": ""620578d7-da8a-4a37-a82c-75caedc1caa6""}",2024-04-26 13:35:00+00
156f01e7-69ea-4a7b-973a-616b1087510a,88eda7bd-e742-460d-8b55-e98dd5b359e4,60694a33-64df-4703-bb1f-20bc3948e683,maintenance_completed,,,,,"{""kind"": ""preventive"", ""labor_cost"": 480, ""parts_cost"": 961, ""work_order_id"": ""198fc77f-27f8-4b92-8a6d-0ed6a0fe5ff0""}",2024-08-27 10:43:00+00
453cbb5f-11d0-4139-9c80-c8d89a55e0b0,88eda7bd-e742-460d-8b55-e98dd5b359e4,60694a33-64df-4703-bb1f-20bc3948e683,maintenance_completed,,,,,"{""kind"": ""preventive"", ""labor_cost"": 120, ""parts_cost"": 0, ""work_order_id"": ""bbd4f579-3f05-4357-8308-bad5bfe405d0""}",2024-12-24 15:51:00+00
edf43554-e234-452e-b2cc-6e20ee0d3194,88eda7bd-e742-460d-8b55-e98dd5b359e4,60694a33-64df-4703-bb1f-20bc3948e683,maintenance_completed,,,,,"{""kind"": ""preventive"", ""labor_cost"": 360, ""parts_cost"": 0, ""work_order_id"": ""4dfcf9d9-6790-4a9b-aa84-f67079964c38""}",2025-04-23 10:59:00+00
d6dfd8db-5678-473a-8842-f0b2e3196942,88eda7bd-e742-460d-8b55-e98dd5b359e4,60694a33-64df-4703-bb1f-20bc3948e683,maintenance_completed,,,,,"{""kind"": ""preventive"", ""labor_cost"": 120, ""parts_cost"": 0, ""work_order_id"": ""24afdc51-e94e-4481-bda5-a1cbdfa5b7b3""}",2025-08-17 15:26:00+00
d4649fff-6b4e-4806-b9e4-e8a53e3ea103,88eda7bd-e742-460d-8b55-e98dd5b359e4,60694a33-64df-4703-bb1f-20bc3948e683,maintenance_completed,,,,,"{""kind"": ""preventive"", ""labor_cost"": 240, ""parts_cost"": 0, ""work_order_id"": ""306f6d00-0e13-4ce0-a820-e89f6c14aaeb""}",2025-12-22 14:04:00+00
540cf15d-c964-464c-ab70-66a907f08bc1,88eda7bd-e742-460d-8b55-e98dd5b359e4,60694a33-64df-4703-bb1f-20bc3948e683,maintenance_completed,,,,,"{""kind"": ""preventive"", ""labor_cost"": 360, ""parts_cost"": 799, ""work_order_id"": ""c3b1456d-ff22-4bf3-896a-ae16c29dc85d""}",2026-04-19 09:40:00+00
4883c4e3-e00c-49ff-86ec-2be268e35653,88eda7bd-e742-460d-8b55-e98dd5b359e4,60694a33-64df-4703-bb1f-20bc3948e683,maintenance_completed,,,,,"{""kind"": ""preventive"", ""labor_cost"": 480, ""parts_cost"": 1024, ""work_order_id"": ""503c11e1-fe46-477b-af8f-d653540369a0""}",2026-08-15 15:44:00+00
5ad6b62a-2dc4-466b-8c3b-b858f8e5000e,e35e601c-6f78-4408-ba55-dcbc531ccba7,60694a33-64df-4703-bb1f-20bc3948e683,maintenance_completed,,,,,"{""kind"": ""preventive"", ""labor_cost"": 240, ""parts_cost"": 0, ""work_order_id"": ""70b0d4e7-84c2-412a-b316-9c150fa948fc""}",2024-01-03 02:43:10.142818+00
82a50d6f-8c1d-4456-9b20-24c656db2efb,e35e601c-6f78-4408-ba55-dcbc531ccba7,60694a33-64df-4703-bb1f-20bc3948e683,maintenance_completed,,,,,"{""kind"": ""preventive"", ""labor_cost"": 240, ""parts_cost"": 0, ""work_order_id"": ""93eb770f-d82c-44d8-994b-2b52d6a5c76c""}",2024-04-25 23:46:10.142818+00
9b1970b5-e9c8-4817-a0aa-f22965efdac3,e35e601c-6f78-4408-ba55-dcbc531ccba7,60694a33-64df-4703-bb1f-20bc3948e683,maintenance_completed,,,,,"{""kind"": ""preventive"", ""labor_cost"": 120, ""parts_cost"": 459, ""work_order_id"": ""c0486a8b-0c60-41d0-836c-440fa9debd31""}",2024-09-01 02:08:10.142818+00
89be031a-c232-47b9-88b0-8c42dd9605ab,e35e601c-6f78-4408-ba55-dcbc531ccba7,60694a33-64df-4703-bb1f-20bc3948e683,maintenance_completed,,,,,"{""kind"": ""preventive"", ""labor_cost"": 480, ""parts_cost"": 0, ""work_order_id"": ""bed62372-4103-4c41-b4ca-bc4abcb305a0""}",2024-12-23 02:40:10.142818+00
5342e40d-7c55-495a-b87d-4d4e9f5dceee,e35e601c-6f78-4408-ba55-dcbc531ccba7,60694a33-64df-4703-bb1f-20bc3948e683,maintenance_completed,,,,,"{""kind"": ""preventive"", ""labor_cost"": 360, ""parts_cost"": 165, ""work_order_id"": ""ddc9b748-5289-4086-be05-3340c8cdfd85""}",2025-04-27 01:28:10.142818+00
07bcb5ab-832d-46b7-a828-a06a27065814,e35e601c-6f78-4408-ba55-dcbc531ccba7,60694a33-64df-4703-bb1f-20bc3948e683,maintenance_completed,,,,,"{""kind"": ""preventive"", ""labor_cost"": 240, ""parts_cost"": 757, ""work_order_id"": ""4b01b5b4-9028-4cea-8206-824887c4f960""}",2025-08-25 03:37:10.142818+00
094d04b9-6a8d-464d-987d-0359fea0ebc9,e35e601c-6f78-4408-ba55-dcbc531ccba7,60694a33-64df-4703-bb1f-20bc3948e683,maintenance_completed,,,,,"{""kind"": ""preventive"", ""labor_cost"": 120, ""parts_cost"": 0, ""work_order_id"": ""030136c3-0696-48a9-b319-0f4e1bd3db8e""}",2025-12-21 21:30:10.142818+00
cafe1bd8-6c2a-40c1-92e9-a766207db591,e35e601c-6f78-4408-ba55-dcbc531ccba7,60694a33-64df-4703-bb1f-20bc3948e683,maintenance_completed,,,,,"{""kind"": ""corrective"", ""outcome"": ""repaired"", ""work_order_id"": ""29f63c9f-49a6-4195-aa40-e5e68168f150"", ""downtime_minutes"": 1210}",2026-04-10 22:46:10.142818+00
f17baa44-0018-4e66-a8a9-5509276c6e4c,5810bbf3-f562-4d77-bf97-38ff07955a20,60694a33-64df-4703-bb1f-20bc3948e683,maintenance_completed,,,,,"{""kind"": ""preventive"", ""labor_cost"": 120, ""parts_cost"": 0, ""work_order_id"": ""c8950875-af50-4feb-84e6-1ca2880d20c8""}",2023-12-20 04:50:10.142818+00
a699b332-b7d8-40b1-a5d0-35ad9d90f38c,5810bbf3-f562-4d77-bf97-38ff07955a20,60694a33-64df-4703-bb1f-20bc3948e683,maintenance_completed,,,,,"{""kind"": ""preventive"", ""labor_cost"": 480, ""parts_cost"": 785, ""work_order_id"": ""03d100a9-1cd6-4b5e-9f18-1c9019f4f41b""}",2024-04-19 05:04:10.142818+00
eb5aaa7f-9307-4565-839b-48f3d35e3715,5810bbf3-f562-4d77-bf97-38ff07955a20,60694a33-64df-4703-bb1f-20bc3948e683,maintenance_completed,,,,,"{""kind"": ""preventive"", ""labor_cost"": 120, ""parts_cost"": 0, ""work_order_id"": ""e8f4e468-bcc0-426b-b3dc-c91875773bb8""}",2024-08-18 02:19:10.142818+00
77817e73-a609-4aec-84f9-bd1bf744672d,5810bbf3-f562-4d77-bf97-38ff07955a20,60694a33-64df-4703-bb1f-20bc3948e683,maintenance_completed,,,,,"{""kind"": ""preventive"", ""labor_cost"": 360, ""parts_cost"": 221, ""work_order_id"": ""1eae698f-df6c-4589-9562-1c655953bddd""}",2024-12-19 05:28:10.142818+00
af78bb71-05ff-41de-959b-cddf3a94327d,5810bbf3-f562-4d77-bf97-38ff07955a20,60694a33-64df-4703-bb1f-20bc3948e683,maintenance_completed,,,,,"{""kind"": ""preventive"", ""labor_cost"": 360, ""parts_cost"": 652, ""work_order_id"": ""d397fccd-4b5f-4f7e-84c0-2a95eb9b5303""}",2025-04-13 21:36:10.142818+00
111b1aee-75ff-4a70-98e4-152437497ba6,5810bbf3-f562-4d77-bf97-38ff07955a20,60694a33-64df-4703-bb1f-20bc3948e683,maintenance_completed,,,,,"{""kind"": ""preventive"", ""labor_cost"": 240, ""parts_cost"": 0, ""work_order_id"": ""4bc2445a-e503-4a6d-8957-27b84552887a""}",2025-08-10 03:27:10.142818+00
3a5ef2d3-22c9-4900-9f05-76964ad36811,5810bbf3-f562-4d77-bf97-38ff07955a20,60694a33-64df-4703-bb1f-20bc3948e683,maintenance_completed,,,,,"{""kind"": ""preventive"", ""labor_cost"": 480, ""parts_cost"": 0, ""work_order_id"": ""4af6ace1-3e36-4b46-87b8-33212cc13b04""}",2025-12-08 02:55:10.142818+00
4d340194-2b09-49b7-b1f5-1c2b97a10fe8,5810bbf3-f562-4d77-bf97-38ff07955a20,60694a33-64df-4703-bb1f-20bc3948e683,maintenance_completed,,,,,"{""kind"": ""preventive"", ""labor_cost"": 480, ""parts_cost"": 0, ""work_order_id"": ""2127c473-58f6-4511-9bda-5cc2367d0253""}",2026-04-12 00:55:10.142818+00
55d7c816-2fe0-4170-84b0-738b49c80a35,5810bbf3-f562-4d77-bf97-38ff07955a20,60694a33-64df-4703-bb1f-20bc3948e683,maintenance_completed,,,,,"{""kind"": ""preventive"", ""labor_cost"": 120, ""parts_cost"": 0, ""work_order_id"": ""5879dd34-5fd1-4dbc-bc2b-417d8fdcb01d""}",2026-08-07 00:25:10.142818+00
4c0da8b1-faf1-49ce-a5be-7746fe6bd4cc,5810bbf3-f562-4d77-bf97-38ff07955a20,60694a33-64df-4703-bb1f-20bc3948e683,maintenance_completed,,,,,"{""kind"": ""corrective"", ""outcome"": ""cleaned and reconfigured"", ""work_order_id"": ""aa0aa201-8a57-4dbc-beb1-51199cea7f8f"", ""downtime_minutes"": 678}",2024-05-05 11:54:10.142818+00
707b114b-f1d0-452e-8141-cf397d693ee4,550154dc-5d4f-47b3-8703-91791bbf8896,60694a33-64df-4703-bb1f-20bc3948e683,maintenance_completed,,,,,"{""kind"": ""preventive"", ""labor_cost"": 480, ""parts_cost"": 0, ""work_order_id"": ""2fb0993e-0726-482a-96e9-584183ed7a97""}",2024-11-13 15:03:00+00
502b1e66-9b4a-475f-90e8-7b49da07df4e,550154dc-5d4f-47b3-8703-91791bbf8896,60694a33-64df-4703-bb1f-20bc3948e683,maintenance_completed,,,,,"{""kind"": ""preventive"", ""labor_cost"": 360, ""parts_cost"": 0, ""work_order_id"": ""e0c8c5e7-3253-4dee-b59a-603509e8ad31""}",2025-03-17 10:46:00+00
b37defe5-775a-4b29-9715-d6a719bb041d,550154dc-5d4f-47b3-8703-91791bbf8896,60694a33-64df-4703-bb1f-20bc3948e683,maintenance_completed,,,,,"{""kind"": ""preventive"", ""labor_cost"": 120, ""parts_cost"": 414, ""work_order_id"": ""af6aa118-e0e9-483a-af0b-7e41dac044c0""}",2025-07-15 11:32:00+00
6e003e77-2268-4a8b-ad8e-e0051af6b6bc,550154dc-5d4f-47b3-8703-91791bbf8896,60694a33-64df-4703-bb1f-20bc3948e683,maintenance_completed,,,,,"{""kind"": ""preventive"", ""labor_cost"": 240, ""parts_cost"": 0, ""work_order_id"": ""8e5d32fd-9134-45fa-9058-b8581114305b""}",2025-11-14 15:32:00+00
4a6e3389-221b-4058-985d-44438ff9b287,550154dc-5d4f-47b3-8703-91791bbf8896,60694a33-64df-4703-bb1f-20bc3948e683,maintenance_completed,,,,,"{""kind"": ""preventive"", ""labor_cost"": 360, ""parts_cost"": 0, ""work_order_id"": ""9a86a44f-4f47-4ae2-91e5-3ccdec293423""}",2026-03-14 14:52:00+00
fcf95bae-0b10-4c26-b626-4393af4afadd,550154dc-5d4f-47b3-8703-91791bbf8896,60694a33-64df-4703-bb1f-20bc3948e683,maintenance_completed,,,,,"{""kind"": ""preventive"", ""labor_cost"": 120, ""parts_cost"": 861, ""work_order_id"": ""fcff9317-204f-472a-946c-3e79a1bdf880""}",2026-07-08 14:24:00+00
b3e9fe13-9b46-4f52-8f2a-6d5381dd6fda,f1454554-d325-4d7d-991d-befe1b8f2ea7,60694a33-64df-4703-bb1f-20bc3948e683,maintenance_completed,,,,,"{""kind"": ""preventive"", ""labor_cost"": 120, ""parts_cost"": 0, ""work_order_id"": ""9556ff18-bd10-41cf-82fc-c2eb6eb1f2df""}",2025-09-11 13:35:00+00
24188433-4c64-41ef-a3a7-c29804e98f55,f1454554-d325-4d7d-991d-befe1b8f2ea7,60694a33-64df-4703-bb1f-20bc3948e683,maintenance_completed,,,,,"{""kind"": ""preventive"", ""labor_cost"": 480, ""parts_cost"": 0, ""work_order_id"": ""4ee3926f-fba8-4f65-a47e-aec14057233d""}",2026-01-11 10:41:00+00
60babbfe-b35e-4263-899c-7a3f27af940c,f1454554-d325-4d7d-991d-befe1b8f2ea7,60694a33-64df-4703-bb1f-20bc3948e683,maintenance_completed,,,,,"{""kind"": ""preventive"", ""labor_cost"": 240, ""parts_cost"": 0, ""work_order_id"": ""af25456e-8c54-4f54-92e9-0f221ce20763""}",2026-05-11 11:12:00+00
8f0a9d5b-1905-4075-826b-e15907c9d568,f1454554-d325-4d7d-991d-befe1b8f2ea7,60694a33-64df-4703-bb1f-20bc3948e683,maintenance_completed,,,,,"{""kind"": ""preventive"", ""labor_cost"": 480, ""parts_cost"": 173, ""work_order_id"": ""c1a89a83-7db4-47d8-81ea-aee0696dea86""}",2026-09-07 12:51:00+00
90040e27-f2c0-4668-8c3a-9766fa7e08f9,f5eb43b5-b632-457f-adf3-d3493046df2c,60694a33-64df-4703-bb1f-20bc3948e683,maintenance_completed,,,,,"{""kind"": ""preventive"", ""labor_cost"": 480, ""parts_cost"": 0, ""work_order_id"": ""6e055d80-0470-4be6-aea0-ef674b638367""}",2025-01-21 15:40:00+00
de306e7d-cfbc-4ffe-8916-9eccc5766028,f5eb43b5-b632-457f-adf3-d3493046df2c,60694a33-64df-4703-bb1f-20bc3948e683,maintenance_completed,,,,,"{""kind"": ""preventive"", ""labor_cost"": 120, ""parts_cost"": 0, ""work_order_id"": ""f1c33a01-7208-4251-a753-7783d85a9ba9""}",2025-05-26 15:50:00+00
3d66b770-7d61-4233-8767-06fe3ca8e386,f5eb43b5-b632-457f-adf3-d3493046df2c,60694a33-64df-4703-bb1f-20bc3948e683,maintenance_completed,,,,,"{""kind"": ""preventive"", ""labor_cost"": 240, ""parts_cost"": 0, ""work_order_id"": ""729c4ce5-4fc1-47eb-96c1-87b9d330cf98""}",2025-09-24 15:52:00+00
cefdfccc-9e18-4e4e-93ee-3abe685f0ad1,f5eb43b5-b632-457f-adf3-d3493046df2c,60694a33-64df-4703-bb1f-20bc3948e683,maintenance_completed,,,,,"{""kind"": ""preventive"", ""labor_cost"": 480, ""parts_cost"": 0, ""work_order_id"": ""2be9e92b-72f7-4683-9fc9-bc96026db332""}",2026-01-19 08:32:00+00
fe2022c1-0f4b-47fb-85c6-cdae7aa26155,f5eb43b5-b632-457f-adf3-d3493046df2c,60694a33-64df-4703-bb1f-20bc3948e683,maintenance_completed,,,,,"{""kind"": ""preventive"", ""labor_cost"": 480, ""parts_cost"": 0, ""work_order_id"": ""ab2115a9-fe39-4569-81bc-477535c07cf1""}",2026-05-23 13:48:00+00
c0894606-950f-4d5f-9f12-3c9d44910797,f5eb43b5-b632-457f-adf3-d3493046df2c,60694a33-64df-4703-bb1f-20bc3948e683,maintenance_completed,,,,,"{""kind"": ""preventive"", ""labor_cost"": 120, ""parts_cost"": 0, ""work_order_id"": ""9f00d596-9974-493e-8a82-c54166d81eb1""}",2026-09-21 10:57:00+00
46f9be70-76ea-4d24-b6a8-ef29d2a84878,a6cea4e8-cdc6-439d-81e3-f91db2425a10,60694a33-64df-4703-bb1f-20bc3948e683,maintenance_completed,,,,,"{""kind"": ""preventive"", ""labor_cost"": 120, ""parts_cost"": 0, ""work_order_id"": ""30b66435-0191-427d-86d5-20b45b10090b""}",2025-05-08 11:50:00+00
bfef4614-2687-4048-b8b6-d8071b313448,a6cea4e8-cdc6-439d-81e3-f91db2425a10,60694a33-64df-4703-bb1f-20bc3948e683,maintenance_completed,,,,,"{""kind"": ""preventive"", ""labor_cost"": 480, ""parts_cost"": 0, ""work_order_id"": ""be5e68be-278c-40bc-a286-8c211553ef40""}",2025-09-10 15:57:00+00
8198c4dc-21f9-4860-9c4a-40053893b38c,a6cea4e8-cdc6-439d-81e3-f91db2425a10,60694a33-64df-4703-bb1f-20bc3948e683,maintenance_completed,,,,,"{""kind"": ""preventive"", ""labor_cost"": 240, ""parts_cost"": 0, ""work_order_id"": ""c4b03278-e070-4ed5-b914-a2ab2d857b63""}",2026-01-07 12:16:00+00
f903637d-8e55-4f06-8812-2ea76e5cc0a6,a6cea4e8-cdc6-439d-81e3-f91db2425a10,60694a33-64df-4703-bb1f-20bc3948e683,maintenance_completed,,,,,"{""kind"": ""preventive"", ""labor_cost"": 480, ""parts_cost"": 0, ""work_order_id"": ""05dbb160-8803-46a2-a457-2050f4f9cdb9""}",2026-05-05 15:09:00+00
44ddeac4-0454-45bb-9334-b0f5fb91b58b,a6cea4e8-cdc6-439d-81e3-f91db2425a10,60694a33-64df-4703-bb1f-20bc3948e683,maintenance_completed,,,,,"{""kind"": ""preventive"", ""labor_cost"": 240, ""parts_cost"": 225, ""work_order_id"": ""2eb932a4-fa3f-4c56-b934-70c1ec482cb1""}",2026-08-29 16:19:00+00
8e66efb3-a228-4dae-a5bd-bed97fcf0194,a6cea4e8-cdc6-439d-81e3-f91db2425a10,60694a33-64df-4703-bb1f-20bc3948e683,maintenance_completed,,,,,"{""kind"": ""corrective"", ""outcome"": ""cleaned and reconfigured"", ""work_order_id"": ""3e95b7c9-a611-4149-8c03-e36f7ad06a53"", ""downtime_minutes"": 1278}",2026-05-28 20:54:10.142818+00
55c9ab14-2b1d-4715-83af-79b59f3084d3,cf5ba2e7-6b94-4dbc-a003-1566cc9ec1d6,60694a33-64df-4703-bb1f-20bc3948e683,maintenance_completed,,,,,"{""kind"": ""preventive"", ""labor_cost"": 120, ""parts_cost"": 0, ""work_order_id"": ""7e218487-c8ac-4b7a-8ed6-08fab4165f56""}",2025-08-13 13:45:00+00
19fb66d8-3fb4-4fdc-86f5-02e142a5c975,cf5ba2e7-6b94-4dbc-a003-1566cc9ec1d6,60694a33-64df-4703-bb1f-20bc3948e683,maintenance_completed,,,,,"{""kind"": ""preventive"", ""labor_cost"": 360, ""parts_cost"": 0, ""work_order_id"": ""56b09710-e4d0-4c47-b3ba-54d9303fd0f0""}",2025-12-08 11:17:00+00
b36655fc-c103-4230-9936-46e577f4d783,cf5ba2e7-6b94-4dbc-a003-1566cc9ec1d6,60694a33-64df-4703-bb1f-20bc3948e683,maintenance_completed,,,,,"{""kind"": ""preventive"", ""labor_cost"": 120, ""parts_cost"": 0, ""work_order_id"": ""ce06608a-507f-485d-98ed-6361b6751a16""}",2026-04-06 15:33:00+00
8b25235f-6476-4b18-82cf-eced7529d6e0,cf5ba2e7-6b94-4dbc-a003-1566cc9ec1d6,60694a33-64df-4703-bb1f-20bc3948e683,maintenance_completed,,,,,"{""kind"": ""preventive"", ""labor_cost"": 240, ""parts_cost"": 0, ""work_order_id"": ""84e9429b-b3fa-48ff-8b9c-7ac1a71e3796""}",2026-08-04 12:55:00+00
4d283c23-83fb-42fd-8350-e7fb54b2bcad,3041d632-b087-486d-a685-e3fdfd992ebd,60694a33-64df-4703-bb1f-20bc3948e683,maintenance_completed,,,,,"{""kind"": ""preventive"", ""labor_cost"": 480, ""parts_cost"": 0, ""work_order_id"": ""1ada20eb-70c3-4842-895b-2da0218a8fcb""}",2026-04-12 11:47:00+00
be9d3290-9359-4f0b-a368-c6d70d8e6c43,3041d632-b087-486d-a685-e3fdfd992ebd,60694a33-64df-4703-bb1f-20bc3948e683,maintenance_completed,,,,,"{""kind"": ""preventive"", ""labor_cost"": 480, ""parts_cost"": 0, ""work_order_id"": ""e2048ec5-bd67-425c-bf9d-d844376953d4""}",2026-08-08 10:53:00+00
856e879d-5297-4c62-b3fd-f70b51cd296a,832c7574-047b-40be-beda-2beb93318b0b,60694a33-64df-4703-bb1f-20bc3948e683,maintenance_completed,,,,,"{""kind"": ""preventive"", ""labor_cost"": 360, ""parts_cost"": 0, ""work_order_id"": ""ab723b9c-e40f-4730-9178-9946da675443""}",2025-11-22 11:28:00+00
2dba9c5d-6a5d-40b7-8301-1a09650fe8a5,2cfb2fa5-b3ce-42e3-a573-6689222edd4c,60694a33-64df-4703-bb1f-20bc3948e683,maintenance_completed,,,,,"{""kind"": ""preventive"", ""labor_cost"": 480, ""parts_cost"": 0, ""work_order_id"": ""94c4736e-5e32-4457-8109-097bdf6eac39""}",2024-04-02 22:07:10.142818+00
72e1effa-eeb2-4f16-bbfc-08b87d863c9d,2cfb2fa5-b3ce-42e3-a573-6689222edd4c,60694a33-64df-4703-bb1f-20bc3948e683,maintenance_completed,,,,,"{""kind"": ""preventive"", ""labor_cost"": 360, ""parts_cost"": 0, ""work_order_id"": ""de986fa7-1dd8-46b7-b5cb-0f4db703c266""}",2025-04-04 01:03:10.142818+00
1660e0b1-1dd0-449e-8fa0-d01a57f4bd5a,2cfb2fa5-b3ce-42e3-a573-6689222edd4c,60694a33-64df-4703-bb1f-20bc3948e683,maintenance_completed,,,,,"{""kind"": ""preventive"", ""labor_cost"": 120, ""parts_cost"": 306, ""work_order_id"": ""73c5cd4b-2030-4169-beba-e6e059da622c""}",2026-04-03 01:28:10.142818+00
2615b431-1236-47f5-b67c-170db0187e4f,2cfb2fa5-b3ce-42e3-a573-6689222edd4c,60694a33-64df-4703-bb1f-20bc3948e683,maintenance_completed,,,,,"{""kind"": ""corrective"", ""outcome"": ""escalated to supplier"", ""work_order_id"": ""cd577814-5125-4d03-a11a-db7ce67cd3e0"", ""downtime_minutes"": 747}",2025-09-11 14:03:10.142818+00
184cbff3-52a5-4f08-a0bb-f179f3fd98e3,2cfb2fa5-b3ce-42e3-a573-6689222edd4c,60694a33-64df-4703-bb1f-20bc3948e683,maintenance_completed,,,,,"{""kind"": ""corrective"", ""outcome"": ""no fault found"", ""work_order_id"": ""c6fcab85-fcc7-4ec0-9ce1-b8ead7480c31"", ""downtime_minutes"": 2445}",2024-11-15 19:21:10.142818+00
dce46b0a-2f6a-4885-8b55-c75882abb2d4,1cc709ca-b880-4b67-80ce-50f03f595673,60694a33-64df-4703-bb1f-20bc3948e683,maintenance_completed,,,,,"{""kind"": ""preventive"", ""labor_cost"": 120, ""parts_cost"": 0, ""work_order_id"": ""2c60b06c-3ce1-42f1-af72-d010ab943020""}",2024-01-14 03:25:10.142818+00
c6137a33-b4ef-4539-b8bd-31e7dceb2695,1cc709ca-b880-4b67-80ce-50f03f595673,60694a33-64df-4703-bb1f-20bc3948e683,maintenance_completed,,,,,"{""kind"": ""preventive"", ""labor_cost"": 360, ""parts_cost"": 0, ""work_order_id"": ""eb1a646e-a6d0-456e-b9ed-3ccf11bdf3fb""}",2025-01-15 04:08:10.142818+00
1fcd5ba5-5ef4-46e4-8c0a-09a266364d1a,1cc709ca-b880-4b67-80ce-50f03f595673,60694a33-64df-4703-bb1f-20bc3948e683,maintenance_completed,,,,,"{""kind"": ""preventive"", ""labor_cost"": 480, ""parts_cost"": 271, ""work_order_id"": ""a4e683d5-be9a-4ea6-8fc4-8059bfbfe33c""}",2026-01-17 23:52:10.142818+00
1567c931-7b51-40d6-98de-a4c0b30492d6,c280c1ba-cd7b-4693-84e1-812891f1a559,60694a33-64df-4703-bb1f-20bc3948e683,maintenance_completed,,,,,"{""kind"": ""preventive"", ""labor_cost"": 120, ""parts_cost"": 905, ""work_order_id"": ""fcf4a738-f377-4968-a06f-761687eaeeff""}",2024-06-22 03:15:10.142818+00
01bd1256-8698-44f9-aa05-c8dc030fb002,ac6dd7f1-28c7-406e-9da4-8c7f1feffe78,60694a33-64df-4703-bb1f-20bc3948e683,maintenance_completed,,,,,"{""kind"": ""preventive"", ""labor_cost"": 480, ""parts_cost"": 0, ""work_order_id"": ""f07c2ccf-54cf-4721-b704-2a06863ecdf8""}",2024-03-31 01:58:10.142818+00
be531930-b202-4027-afaa-b600c096c4e4,ac6dd7f1-28c7-406e-9da4-8c7f1feffe78,60694a33-64df-4703-bb1f-20bc3948e683,maintenance_completed,,,,,"{""kind"": ""preventive"", ""labor_cost"": 240, ""parts_cost"": 0, ""work_order_id"": ""614ce37e-bac7-4296-81e6-b9adb38d7096""}",2025-04-03 23:08:10.142818+00
8f3d49b7-7681-441d-a116-ea51e6a77ae8,ac6dd7f1-28c7-406e-9da4-8c7f1feffe78,60694a33-64df-4703-bb1f-20bc3948e683,maintenance_completed,,,,,"{""kind"": ""preventive"", ""labor_cost"": 120, ""parts_cost"": 0, ""work_order_id"": ""f532f765-0a73-4f4a-a06a-bcc33cb55e49""}",2026-03-27 03:14:10.142818+00
1076b931-5813-4d07-a983-0ce98bb677b0,4f9d1a2d-6a7b-4392-a598-894acb28d19b,60694a33-64df-4703-bb1f-20bc3948e683,maintenance_completed,,,,,"{""kind"": ""preventive"", ""labor_cost"": 360, ""parts_cost"": 0, ""work_order_id"": ""148d8f2d-e40d-4bf7-b1a4-b6e738b13058""}",2024-01-03 00:36:10.142818+00
1b632c1c-3693-487e-836c-409d814ec0a2,4f9d1a2d-6a7b-4392-a598-894acb28d19b,60694a33-64df-4703-bb1f-20bc3948e683,maintenance_completed,,,,,"{""kind"": ""preventive"", ""labor_cost"": 480, ""parts_cost"": 317, ""work_order_id"": ""6088f9eb-8570-4465-ab86-d5fce9203778""}",2025-01-08 23:44:10.142818+00
b26fa5cd-594e-4a9f-8147-739c2ff4899f,4f9d1a2d-6a7b-4392-a598-894acb28d19b,60694a33-64df-4703-bb1f-20bc3948e683,maintenance_completed,,,,,"{""kind"": ""preventive"", ""labor_cost"": 480, ""parts_cost"": 0, ""work_order_id"": ""63f7a139-1298-4eab-95ec-918b034687e3""}",2026-01-05 23:41:10.142818+00
b2437000-ef3d-4543-8c9f-d48828110417,5d5065e5-7989-4060-be8b-e06b5adafc3f,60694a33-64df-4703-bb1f-20bc3948e683,maintenance_completed,,,,,"{""kind"": ""preventive"", ""labor_cost"": 360, ""parts_cost"": 689, ""work_order_id"": ""ce44db42-8cfc-4453-91cb-0cbd808b7ee3""}",2024-07-28 00:38:10.142818+00
d2980b58-55cb-4f14-9088-ed2bd7548cdb,5d5065e5-7989-4060-be8b-e06b5adafc3f,60694a33-64df-4703-bb1f-20bc3948e683,maintenance_completed,,,,,"{""kind"": ""preventive"", ""labor_cost"": 480, ""parts_cost"": 1004, ""work_order_id"": ""3bd1c77b-789e-4953-81d5-d20fc4d3d3be""}",2025-07-27 03:51:10.142818+00
9c3d3c04-b9a2-4815-88c8-aae453580c59,5d5065e5-7989-4060-be8b-e06b5adafc3f,60694a33-64df-4703-bb1f-20bc3948e683,maintenance_completed,,,,,"{""kind"": ""preventive"", ""labor_cost"": 360, ""parts_cost"": 600, ""work_order_id"": ""2299be26-f07e-499f-8f09-c1ae2c74c212""}",2026-07-25 23:30:10.142818+00
fe89305a-e73d-42f9-933d-9327aee4935a,c436bbce-52e1-4e34-9045-cf81fa01bd57,60694a33-64df-4703-bb1f-20bc3948e683,maintenance_completed,,,,,"{""kind"": ""preventive"", ""labor_cost"": 120, ""parts_cost"": 0, ""work_order_id"": ""f8ee1a51-dd1a-4a5f-85d6-79fdf95e9c20""}",2026-02-27 09:31:00+00
460547c0-d841-47b2-99e0-de5391302c4c,00467cc1-0ce5-4719-920d-17bb7fc50ded,60694a33-64df-4703-bb1f-20bc3948e683,maintenance_completed,,,,,"{""kind"": ""preventive"", ""labor_cost"": 360, ""parts_cost"": 0, ""work_order_id"": ""b5ecd622-3cb9-4dc5-9a27-388b9600e990""}",2023-11-04 22:54:10.142818+00
9fe4ab27-6544-4c2f-9a4a-253ba28cc229,00467cc1-0ce5-4719-920d-17bb7fc50ded,60694a33-64df-4703-bb1f-20bc3948e683,maintenance_completed,,,,,"{""kind"": ""preventive"", ""labor_cost"": 240, ""parts_cost"": 0, ""work_order_id"": ""8c52b588-e2e7-4cdc-be3d-1e7577c3a460""}",2024-11-10 04:12:10.142818+00
d589bdef-68b5-4bcc-b67d-59854b4a478d,00467cc1-0ce5-4719-920d-17bb7fc50ded,60694a33-64df-4703-bb1f-20bc3948e683,maintenance_completed,,,,,"{""kind"": ""preventive"", ""labor_cost"": 360, ""parts_cost"": 948, ""work_order_id"": ""f70228d5-0a41-44fb-82c4-c3f307095cb2""}",2025-11-09 23:24:10.142818+00
1d56e73a-08a0-4dfe-bdb6-8af9475fcac4,00467cc1-0ce5-4719-920d-17bb7fc50ded,60694a33-64df-4703-bb1f-20bc3948e683,maintenance_completed,,,,,"{""kind"": ""corrective"", ""outcome"": ""part replaced"", ""work_order_id"": ""b07a2e17-8fa0-4ff9-9e79-736c8c7abdc8"", ""downtime_minutes"": 1625}",2026-05-11 00:41:10.142818+00
af8b6c31-e6d9-453a-b012-47903080d5bf,88aa52f8-d735-4d98-9d6d-abf71c2080af,60694a33-64df-4703-bb1f-20bc3948e683,maintenance_completed,,,,,"{""kind"": ""preventive"", ""labor_cost"": 240, ""parts_cost"": 814, ""work_order_id"": ""af4d7ffd-485d-422a-b9bf-d14bf6cd366d""}",2024-03-02 03:14:10.142818+00
fcc4b073-40bb-469e-a6f8-bd29a8b221f3,88aa52f8-d735-4d98-9d6d-abf71c2080af,60694a33-64df-4703-bb1f-20bc3948e683,maintenance_completed,,,,,"{""kind"": ""preventive"", ""labor_cost"": 480, ""parts_cost"": 0, ""work_order_id"": ""8ee377ae-76bf-4ac3-b04b-32383bf1e947""}",2025-02-27 03:17:10.142818+00
cd4f536a-1257-4c18-9625-1ce5d77d9cb5,88aa52f8-d735-4d98-9d6d-abf71c2080af,60694a33-64df-4703-bb1f-20bc3948e683,maintenance_completed,,,,,"{""kind"": ""corrective"", ""outcome"": ""cleaned and reconfigured"", ""work_order_id"": ""50b99c3c-d8d4-46fd-a87a-d00566aba2d1"", ""downtime_minutes"": 2177}",2024-06-08 15:53:10.142818+00
3849d0e0-167b-4549-b9d7-4d40f3a3b58d,88aa52f8-d735-4d98-9d6d-abf71c2080af,60694a33-64df-4703-bb1f-20bc3948e683,maintenance_completed,,,,,"{""kind"": ""corrective"", ""outcome"": ""escalated to supplier"", ""work_order_id"": ""75b77346-2153-47eb-8d52-0e398bdc6bce"", ""downtime_minutes"": 428}",2026-01-26 05:44:10.142818+00
5dcb4141-d40a-4bd0-a41b-dd086d25ec46,7250124f-2dc4-4492-b322-56162422c764,60694a33-64df-4703-bb1f-20bc3948e683,maintenance_completed,,,,,"{""kind"": ""preventive"", ""labor_cost"": 240, ""parts_cost"": 166, ""work_order_id"": ""17a2e0d9-a5f7-4b81-8617-7054cb53470e""}",2025-04-26 11:39:00+00
3123400e-ae5a-4966-8e58-b3d5dadd933f,7250124f-2dc4-4492-b322-56162422c764,60694a33-64df-4703-bb1f-20bc3948e683,maintenance_completed,,,,,"{""kind"": ""preventive"", ""labor_cost"": 480, ""parts_cost"": 0, ""work_order_id"": ""8f060024-3705-40cb-91a4-5ca0b18264a0""}",2026-04-28 14:32:00+00
5a250906-4195-43fd-b570-0816b137d57b,efb5ac45-3c44-4ec3-9ee3-52e15db58160,60694a33-64df-4703-bb1f-20bc3948e683,maintenance_completed,,,,,"{""kind"": ""preventive"", ""labor_cost"": 120, ""parts_cost"": 0, ""work_order_id"": ""1c516ae2-384a-4759-873d-031538114633""}",2026-01-18 13:59:00+00
f1e1eb0e-bb1a-4077-a6d1-d4f16273b2ce,62cfaba8-7d2a-48b9-ae1f-ba04b998cd16,60694a33-64df-4703-bb1f-20bc3948e683,maintenance_completed,,,,,"{""kind"": ""preventive"", ""labor_cost"": 480, ""parts_cost"": 211, ""work_order_id"": ""da950c03-6bc8-41c9-8249-91240401bd1b""}",2024-02-05 23:58:10.142818+00
e6b76cc8-4307-41ad-a1eb-664ba9185231,62cfaba8-7d2a-48b9-ae1f-ba04b998cd16,60694a33-64df-4703-bb1f-20bc3948e683,maintenance_completed,,,,,"{""kind"": ""preventive"", ""labor_cost"": 120, ""parts_cost"": 715, ""work_order_id"": ""a1aee360-980e-44e0-bc89-c2bd8abe0bb4""}",2025-02-05 00:09:10.142818+00
9b910425-273e-463b-acd8-756b5d8f0529,62cfaba8-7d2a-48b9-ae1f-ba04b998cd16,60694a33-64df-4703-bb1f-20bc3948e683,maintenance_completed,,,,,"{""kind"": ""preventive"", ""labor_cost"": 360, ""parts_cost"": 1030, ""work_order_id"": ""a70ca7ee-85d9-4b3b-9643-9698d214ce67""}",2026-02-09 02:45:10.142818+00
6d70c13d-eb34-454b-a66e-03ad8227dd3b,62cfaba8-7d2a-48b9-ae1f-ba04b998cd16,60694a33-64df-4703-bb1f-20bc3948e683,maintenance_completed,,,,,"{""kind"": ""corrective"", ""outcome"": ""cleaned and reconfigured"", ""work_order_id"": ""af1f77fd-b4a2-40b6-90cf-5d97c2fac8dd"", ""downtime_minutes"": 788}",2023-12-07 11:44:10.142818+00
fdcdd0c6-60d5-469d-b2be-ff82cfd06c8c,559c20fe-2de3-400c-a520-08dc16f99239,60694a33-64df-4703-bb1f-20bc3948e683,maintenance_completed,,,,,"{""kind"": ""preventive"", ""labor_cost"": 240, ""parts_cost"": 561, ""work_order_id"": ""31dbf633-1194-45cf-b3f8-7b80050f70c6""}",2024-03-19 21:20:10.142818+00
1adac54e-40f9-47d3-9b86-b66a299c9779,559c20fe-2de3-400c-a520-08dc16f99239,60694a33-64df-4703-bb1f-20bc3948e683,maintenance_completed,,,,,"{""kind"": ""preventive"", ""labor_cost"": 240, ""parts_cost"": 608, ""work_order_id"": ""66abdc30-5947-4a5e-a890-15546e9760dd""}",2025-03-14 02:46:10.142818+00
c25dabc4-2ead-4361-8303-3d321d292215,559c20fe-2de3-400c-a520-08dc16f99239,60694a33-64df-4703-bb1f-20bc3948e683,maintenance_completed,,,,,"{""kind"": ""preventive"", ""labor_cost"": 360, ""parts_cost"": 0, ""work_order_id"": ""0ae04c62-3ad4-4573-9876-12f50969d46b""}",2026-03-15 23:20:10.142818+00
8620b4e6-7b57-4416-bed5-6300fd88d517,559c20fe-2de3-400c-a520-08dc16f99239,60694a33-64df-4703-bb1f-20bc3948e683,maintenance_completed,,,,,"{""kind"": ""corrective"", ""outcome"": ""repaired"", ""work_order_id"": ""dc5fa0b0-a034-4b76-8c45-25ac7c24afd8"", ""downtime_minutes"": 2673}",2024-07-01 21:09:10.142818+00
79129334-9f8d-42d0-b8a6-fc52acd9715a,714404dd-0ea9-4606-8617-a537135a8c97,60694a33-64df-4703-bb1f-20bc3948e683,maintenance_completed,,,,,"{""kind"": ""preventive"", ""labor_cost"": 360, ""parts_cost"": 0, ""work_order_id"": ""793407f9-2428-4617-a953-134ed7bfc8d6""}",2023-12-23 22:01:10.142818+00
6a507000-49f9-47f1-8951-faf775557b94,714404dd-0ea9-4606-8617-a537135a8c97,60694a33-64df-4703-bb1f-20bc3948e683,maintenance_completed,,,,,"{""kind"": ""preventive"", ""labor_cost"": 240, ""parts_cost"": 0, ""work_order_id"": ""321d1e89-2b59-41ec-93bc-8b7d62e9039d""}",2024-12-21 00:40:10.142818+00
11af0625-5773-4be4-8947-6e16bc43a842,714404dd-0ea9-4606-8617-a537135a8c97,60694a33-64df-4703-bb1f-20bc3948e683,maintenance_completed,,,,,"{""kind"": ""corrective"", ""outcome"": ""part replaced"", ""work_order_id"": ""2e23fbf8-f730-4df6-a232-a4cc23245d11"", ""downtime_minutes"": 2840}",2025-05-25 21:56:10.142818+00
806bd91c-215f-4170-9284-a1f45a3c21cd,3dbc67c6-5c4d-429b-b3c0-77fe16988f3e,60694a33-64df-4703-bb1f-20bc3948e683,maintenance_completed,,,,,"{""kind"": ""preventive"", ""labor_cost"": 360, ""parts_cost"": 0, ""work_order_id"": ""ee1e6525-6b6c-412c-9270-484b20271bc3""}",2024-04-24 04:31:10.142818+00
ecd94e04-55c9-4c20-97f4-9d8a43e1cad5,3dbc67c6-5c4d-429b-b3c0-77fe16988f3e,60694a33-64df-4703-bb1f-20bc3948e683,maintenance_completed,,,,,"{""kind"": ""preventive"", ""labor_cost"": 120, ""parts_cost"": 273, ""work_order_id"": ""4e4cee1f-54d4-4bc9-952d-c3f53c44c1de""}",2025-04-26 02:10:10.142818+00
38b875ef-7b09-4abf-91c7-84bacb3f7fc1,3dbc67c6-5c4d-429b-b3c0-77fe16988f3e,60694a33-64df-4703-bb1f-20bc3948e683,maintenance_completed,,,,,"{""kind"": ""preventive"", ""labor_cost"": 480, ""parts_cost"": 0, ""work_order_id"": ""8a384de7-9e6e-4300-8875-78efcb734538""}",2026-04-30 03:07:10.142818+00
10d8674b-a052-4cec-bb96-fb77f45084af,3dbc67c6-5c4d-429b-b3c0-77fe16988f3e,60694a33-64df-4703-bb1f-20bc3948e683,maintenance_completed,,,,,"{""kind"": ""corrective"", ""outcome"": ""cleaned and reconfigured"", ""work_order_id"": ""46426e46-188d-4673-a985-f3cb2550ccb4"", ""downtime_minutes"": 392}",2024-10-13 06:08:10.142818+00
5a313fb8-91e2-41e5-8342-40ead5c19fc9,72f2dc4f-7955-452b-a802-069fbd246bca,60694a33-64df-4703-bb1f-20bc3948e683,maintenance_completed,,,,,"{""kind"": ""preventive"", ""labor_cost"": 480, ""parts_cost"": 373, ""work_order_id"": ""86ed7dec-949e-4ad5-92ec-9aa0d2432423""}",2024-01-15 01:19:10.142818+00
fcc9e221-42f4-40d6-bc24-8d1862f83b73,2a528e66-b617-4e91-a3d2-ec0f6796529d,60694a33-64df-4703-bb1f-20bc3948e683,maintenance_completed,,,,,"{""kind"": ""corrective"", ""outcome"": ""part replaced"", ""work_order_id"": ""606c0007-4ef4-4d30-a822-b0a4135421b9"", ""downtime_minutes"": 2303}",2026-02-27 16:59:10.142818+00
91dce754-4893-4503-89e1-3fb72f09ee57,cc411e9a-a16f-42fe-9925-f9d122641356,60694a33-64df-4703-bb1f-20bc3948e683,maintenance_completed,,,,,"{""kind"": ""corrective"", ""outcome"": ""cleaned and reconfigured"", ""work_order_id"": ""84514eeb-baa1-4e2a-8236-b9fafdbe85fd"", ""downtime_minutes"": 1967}",2025-01-08 12:23:10.142818+00
32aaf1cc-b810-4a2b-bf1c-a19a8f445fc8,cc411e9a-a16f-42fe-9925-f9d122641356,60694a33-64df-4703-bb1f-20bc3948e683,maintenance_completed,,,,,"{""kind"": ""corrective"", ""outcome"": ""repaired"", ""work_order_id"": ""569067d1-3ac4-4f0a-a800-666455cdad07"", ""downtime_minutes"": 2784}",2024-08-15 21:00:10.142818+00
a24aeb10-2769-4e51-9511-1728c8b955ec,82c25a93-995b-40cd-ba33-04e2f4ae556e,60694a33-64df-4703-bb1f-20bc3948e683,maintenance_completed,,,,,"{""kind"": ""corrective"", ""outcome"": ""repaired"", ""work_order_id"": ""b680bf20-8cc3-40a9-811e-6780a6dd15ce"", ""downtime_minutes"": 695}",2024-11-25 12:11:10.142818+00
213f1a87-76eb-40e8-a608-3641bc358584,82c25a93-995b-40cd-ba33-04e2f4ae556e,60694a33-64df-4703-bb1f-20bc3948e683,maintenance_completed,,,,,"{""kind"": ""corrective"", ""outcome"": ""part replaced"", ""work_order_id"": ""9a21bcc0-b751-4ca2-bbd5-0aa0f3e2bdf6"", ""downtime_minutes"": 1124}",2026-05-30 21:20:10.142818+00
cf0818f6-968c-4b2a-9add-e0ecf058ebce,c7206189-6020-407a-b13a-04587e0cffb5,60694a33-64df-4703-bb1f-20bc3948e683,maintenance_completed,,,,,"{""kind"": ""corrective"", ""outcome"": ""part replaced"", ""work_order_id"": ""9d665160-7227-47dd-abaf-a5dab1ec9667"", ""downtime_minutes"": 1974}",2025-04-17 09:30:10.142818+00
cfbdb6d4-f062-471b-be95-50d3021e8c8e,027bcbe3-1df7-4e1b-8002-9f246d505d52,60694a33-64df-4703-bb1f-20bc3948e683,maintenance_completed,,,,,"{""kind"": ""corrective"", ""outcome"": ""escalated to supplier"", ""work_order_id"": ""afba11c1-0c5f-4227-bd58-34cab3eaf948"", ""downtime_minutes"": 939}",2026-08-25 18:15:10.142818+00
e3a05d3f-a9e5-472e-b981-303ebadfb639,08d95983-0bee-4182-af3d-4fa2d1c35d03,60694a33-64df-4703-bb1f-20bc3948e683,maintenance_completed,,,,,"{""kind"": ""corrective"", ""outcome"": ""cleaned and reconfigured"", ""work_order_id"": ""2142009f-60a5-4728-871f-9f012df4b3d4"", ""downtime_minutes"": 2610}",2025-01-07 17:06:10.142818+00
345b8829-a2d9-486b-a997-adcc0ef46ee4,ad70c26e-da27-4579-9127-074cce3c7399,60694a33-64df-4703-bb1f-20bc3948e683,maintenance_completed,,,,,"{""kind"": ""corrective"", ""outcome"": ""escalated to supplier"", ""work_order_id"": ""1e23f354-3d97-474c-b322-2df51378ba52"", ""downtime_minutes"": 1630}",2024-05-13 03:46:10.142818+00
7ca23bb8-7af5-4b93-b6c2-6d482358fb25,070d78f4-1bc0-43c0-aaec-fcb4a90ed8a5,60694a33-64df-4703-bb1f-20bc3948e683,maintenance_completed,,,,,"{""kind"": ""corrective"", ""outcome"": ""no fault found"", ""work_order_id"": ""86245798-f8f3-4c1e-8d5c-63839201dd79"", ""downtime_minutes"": 1330}",2023-11-29 00:46:10.142818+00
9977f432-84e4-4243-bb0a-34c94cdf0066,532e2a01-97ae-42aa-969f-6eff4f5b9ab5,60694a33-64df-4703-bb1f-20bc3948e683,maintenance_completed,,,,,"{""kind"": ""corrective"", ""outcome"": ""escalated to supplier"", ""work_order_id"": ""fd365401-2276-4416-8d61-15bdc5d1ce2f"", ""downtime_minutes"": 638}",2024-01-30 10:14:10.142818+00
0b460174-8e73-4e03-9082-e0d49c8bbe4d,532e2a01-97ae-42aa-969f-6eff4f5b9ab5,60694a33-64df-4703-bb1f-20bc3948e683,maintenance_completed,,,,,"{""kind"": ""corrective"", ""outcome"": ""no fault found"", ""work_order_id"": ""81ce4e3a-f812-4153-83f1-55fd04daef1a"", ""downtime_minutes"": 935}",2025-02-17 12:11:10.142818+00
8fef38bf-9efd-4e61-82e3-6a341f52634d,532e2a01-97ae-42aa-969f-6eff4f5b9ab5,60694a33-64df-4703-bb1f-20bc3948e683,maintenance_completed,,,,,"{""kind"": ""corrective"", ""outcome"": ""repaired"", ""work_order_id"": ""a105dc63-9b61-4e30-bcc7-1265911f7e71"", ""downtime_minutes"": 2708}",2026-04-08 19:44:10.142818+00
ffce5b13-794a-4675-8b85-4f023ec4c0a6,00222747-db35-4e0a-86df-e34d11f449b3,60694a33-64df-4703-bb1f-20bc3948e683,maintenance_completed,,,,,"{""kind"": ""preventive"", ""labor_cost"": 360, ""parts_cost"": 294, ""work_order_id"": ""3e0de5da-abdd-4f05-a968-fbcf59971aa1""}",2024-02-25 04:29:10.142818+00
8c9011dd-0467-4761-9328-7450b0c73ef0,00222747-db35-4e0a-86df-e34d11f449b3,60694a33-64df-4703-bb1f-20bc3948e683,maintenance_completed,,,,,"{""kind"": ""preventive"", ""labor_cost"": 480, ""parts_cost"": 0, ""work_order_id"": ""f440dd82-f381-4ed4-8063-8eef8dd166ff""}",2025-02-23 01:24:10.142818+00
e3407213-b7d3-44a4-9fde-9668e106139c,00222747-db35-4e0a-86df-e34d11f449b3,60694a33-64df-4703-bb1f-20bc3948e683,maintenance_completed,,,,,"{""kind"": ""preventive"", ""labor_cost"": 360, ""parts_cost"": 0, ""work_order_id"": ""d7c1e4c3-6ca1-4357-b095-0c3a5c2ce801""}",2026-02-28 00:14:10.142818+00
9a949587-c541-414f-a192-89a4cd18dc66,00222747-db35-4e0a-86df-e34d11f449b3,60694a33-64df-4703-bb1f-20bc3948e683,maintenance_completed,,,,,"{""kind"": ""corrective"", ""outcome"": ""escalated to supplier"", ""work_order_id"": ""f048cd1e-f82d-43f8-bff1-3dc119ce4a45"", ""downtime_minutes"": 87}",2024-11-08 03:03:10.142818+00
b1252d1b-d7f9-4df8-93ed-d1f039d41f1c,1e33351a-317b-41ce-8c95-23d0ba4fb3bb,60694a33-64df-4703-bb1f-20bc3948e683,maintenance_completed,,,,,"{""kind"": ""preventive"", ""labor_cost"": 360, ""parts_cost"": 0, ""work_order_id"": ""db1d7b18-a179-4788-aa2f-b6b6978cf78b""}",2025-04-10 10:03:00+00
7eee5110-c799-4401-94e3-49e525dc440b,1e33351a-317b-41ce-8c95-23d0ba4fb3bb,60694a33-64df-4703-bb1f-20bc3948e683,maintenance_completed,,,,,"{""kind"": ""corrective"", ""outcome"": ""no fault found"", ""work_order_id"": ""f006c4ee-61e3-4229-b95b-1d94b084b62f"", ""downtime_minutes"": 391}",2026-02-17 06:07:10.142818+00
7f37e4ca-2132-45fe-9df2-487178c24714,a8fec32f-4bde-47d0-aa4e-8c058ce61ec8,60694a33-64df-4703-bb1f-20bc3948e683,maintenance_completed,,,,,"{""kind"": ""preventive"", ""labor_cost"": 240, ""parts_cost"": 0, ""work_order_id"": ""18573962-4d49-4106-80a6-3e5cedfe75a9""}",2024-12-06 14:07:00+00
7b74b224-6c76-4f07-b291-bd279aa05dd5,a8fec32f-4bde-47d0-aa4e-8c058ce61ec8,60694a33-64df-4703-bb1f-20bc3948e683,maintenance_completed,,,,,"{""kind"": ""preventive"", ""labor_cost"": 480, ""parts_cost"": 0, ""work_order_id"": ""f566b1e5-dde4-4204-aa14-c6c6a56f0906""}",2025-12-07 14:11:00+00
3aaf1529-4776-4362-9019-702b2ad14590,34875e76-b807-41d4-8133-023d994186f5,60694a33-64df-4703-bb1f-20bc3948e683,maintenance_completed,,,,,"{""kind"": ""preventive"", ""labor_cost"": 360, ""parts_cost"": 0, ""work_order_id"": ""d14d5fe0-2de8-4a25-a837-4dddfc250dcd""}",2024-02-27 21:59:10.142818+00
5e62c3d9-3ad5-442d-9c48-809180d699ec,34875e76-b807-41d4-8133-023d994186f5,60694a33-64df-4703-bb1f-20bc3948e683,maintenance_completed,,,,,"{""kind"": ""preventive"", ""labor_cost"": 240, ""parts_cost"": 0, ""work_order_id"": ""f9c019ab-6a9e-434b-a54c-2fc162029cad""}",2025-02-28 04:21:10.142818+00
9f37b732-82d2-4519-b89b-cea92c76cc14,34875e76-b807-41d4-8133-023d994186f5,60694a33-64df-4703-bb1f-20bc3948e683,maintenance_completed,,,,,"{""kind"": ""preventive"", ""labor_cost"": 360, ""parts_cost"": 696, ""work_order_id"": ""a98b91fa-f138-495b-ab0f-98a8ae83654f""}",2026-02-28 00:40:10.142818+00
eee2fb09-6941-4a99-8feb-2eba9989f8f2,34875e76-b807-41d4-8133-023d994186f5,60694a33-64df-4703-bb1f-20bc3948e683,maintenance_completed,,,,,"{""kind"": ""corrective"", ""outcome"": ""escalated to supplier"", ""work_order_id"": ""4ef7db4e-60fc-4059-938f-e6ae8bf9be4c"", ""downtime_minutes"": 1248}",2024-05-23 23:24:10.142818+00
e393b177-5333-46c7-90d8-c9e623574533,67797a5f-d034-4d25-bfcd-aa7b31367225,60694a33-64df-4703-bb1f-20bc3948e683,maintenance_completed,,,,,"{""kind"": ""preventive"", ""labor_cost"": 240, ""parts_cost"": 464, ""work_order_id"": ""55e0aa4c-fb0e-4671-a91b-29f4b3d39a3a""}",2023-11-08 22:00:10.142818+00
7c3fa2ef-6ca9-4e85-856a-d5190607fb67,67797a5f-d034-4d25-bfcd-aa7b31367225,60694a33-64df-4703-bb1f-20bc3948e683,maintenance_completed,,,,,"{""kind"": ""preventive"", ""labor_cost"": 480, ""parts_cost"": 707, ""work_order_id"": ""58d1c8e0-6d60-4dce-9b6c-366951769d8d""}",2024-11-09 00:18:10.142818+00
73fb9896-5217-4460-af31-5342c5cdc32e,67797a5f-d034-4d25-bfcd-aa7b31367225,60694a33-64df-4703-bb1f-20bc3948e683,maintenance_completed,,,,,"{""kind"": ""preventive"", ""labor_cost"": 120, ""parts_cost"": 614, ""work_order_id"": ""b0458e32-290e-4c08-b17e-ae0b830ab295""}",2025-11-09 03:41:10.142818+00
1e9da9d5-d477-455a-8e2d-ac4eda137b2e,84680d23-d8b1-45bd-ba2d-92acc232d29f,60694a33-64df-4703-bb1f-20bc3948e683,maintenance_completed,,,,,"{""kind"": ""preventive"", ""labor_cost"": 360, ""parts_cost"": 0, ""work_order_id"": ""b5c371b1-cc10-4636-a336-c65e4829bd9c""}",2024-06-27 04:00:10.142818+00
0e106805-2e4a-40c4-bd60-25e1615d359a,84680d23-d8b1-45bd-ba2d-92acc232d29f,60694a33-64df-4703-bb1f-20bc3948e683,maintenance_completed,,,,,"{""kind"": ""corrective"", ""outcome"": ""part replaced"", ""work_order_id"": ""f6b26d7a-dbcc-4816-bd45-309eb0c25e5d"", ""downtime_minutes"": 210}",2024-01-18 01:06:10.142818+00
0f0a9ef1-d1a1-4b28-a89a-6990f138042c,cde48c12-3a09-4ca8-a061-50fc175bfb86,60694a33-64df-4703-bb1f-20bc3948e683,maintenance_completed,,,,,"{""kind"": ""preventive"", ""labor_cost"": 480, ""parts_cost"": 0, ""work_order_id"": ""6e4db68a-e38a-4c44-987f-fc411ecf87c9""}",2024-07-01 00:51:10.142818+00
01bb2cdd-aef7-47db-8f1e-002199832942,cde48c12-3a09-4ca8-a061-50fc175bfb86,60694a33-64df-4703-bb1f-20bc3948e683,maintenance_completed,,,,,"{""kind"": ""preventive"", ""labor_cost"": 360, ""parts_cost"": 850, ""work_order_id"": ""3914b797-74f4-498e-8e5d-a65867c601c5""}",2025-07-01 02:40:10.142818+00
9b45e7a3-5062-40bb-bb66-54981cc43b27,cde48c12-3a09-4ca8-a061-50fc175bfb86,60694a33-64df-4703-bb1f-20bc3948e683,maintenance_completed,,,,,"{""kind"": ""preventive"", ""labor_cost"": 240, ""parts_cost"": 0, ""work_order_id"": ""940c9853-1653-46d0-a274-67b6339cac99""}",2026-07-06 00:17:10.142818+00
b316dca3-ece3-4a94-8ef0-3c256999d595,cde48c12-3a09-4ca8-a061-50fc175bfb86,60694a33-64df-4703-bb1f-20bc3948e683,maintenance_completed,,,,,"{""kind"": ""corrective"", ""outcome"": ""cleaned and reconfigured"", ""work_order_id"": ""6a54c008-7a57-4efd-893b-d24ea7d49d14"", ""downtime_minutes"": 1218}",2026-01-08 16:54:10.142818+00
2d14b42a-1b1d-405f-8df2-3693be7f34f6,cde48c12-3a09-4ca8-a061-50fc175bfb86,60694a33-64df-4703-bb1f-20bc3948e683,maintenance_completed,,,,,"{""kind"": ""corrective"", ""outcome"": ""escalated to supplier"", ""work_order_id"": ""c34561b0-0e86-4744-833e-302d5409abc5"", ""downtime_minutes"": 538}",2025-08-01 10:34:10.142818+00
4aabb9a3-6100-47d8-a695-68b4e9cea757,0bd6559f-9592-40f3-8c97-fde0cb50e6b4,60694a33-64df-4703-bb1f-20bc3948e683,maintenance_completed,,,,,"{""kind"": ""preventive"", ""labor_cost"": 240, ""parts_cost"": 1018, ""work_order_id"": ""962f6098-2d40-46e2-b8b7-a8e47e9a2e29""}",2024-08-30 23:14:10.142818+00
a5127932-2b03-4ef6-b476-781757991ebd,0bd6559f-9592-40f3-8c97-fde0cb50e6b4,60694a33-64df-4703-bb1f-20bc3948e683,maintenance_completed,,,,,"{""kind"": ""preventive"", ""labor_cost"": 360, ""parts_cost"": 0, ""work_order_id"": ""1db8840c-b0f9-4a20-9a0f-dbae40a8ffe1""}",2025-08-28 01:23:10.142818+00
3819527e-0e84-4aca-a2bc-1a1b078c5548,0bd6559f-9592-40f3-8c97-fde0cb50e6b4,60694a33-64df-4703-bb1f-20bc3948e683,maintenance_completed,,,,,"{""kind"": ""preventive"", ""labor_cost"": 480, ""parts_cost"": 0, ""work_order_id"": ""4f6bf0ab-4b73-40bf-8992-14eb0cc1f237""}",2026-09-01 00:15:10.142818+00
7d0c2cbd-8f43-4449-a269-238c1fff929d,0bd6559f-9592-40f3-8c97-fde0cb50e6b4,60694a33-64df-4703-bb1f-20bc3948e683,maintenance_completed,,,,,"{""kind"": ""corrective"", ""outcome"": ""part replaced"", ""work_order_id"": ""86ee08d6-694f-41c6-bc96-87ec998153d3"", ""downtime_minutes"": 1576}",2025-06-18 22:52:10.142818+00
09186747-c595-4113-931c-03351f9219a0,03d0f3b4-1d04-4940-994b-2a431fd5dd7b,60694a33-64df-4703-bb1f-20bc3948e683,maintenance_completed,,,,,"{""kind"": ""preventive"", ""labor_cost"": 240, ""parts_cost"": 0, ""work_order_id"": ""107c73e4-c894-456a-ac7e-20dc83789cd4""}",2024-03-25 00:53:10.142818+00
d1ac4c5f-6941-4949-ae84-5ed75ab9c399,03d0f3b4-1d04-4940-994b-2a431fd5dd7b,60694a33-64df-4703-bb1f-20bc3948e683,maintenance_completed,,,,,"{""kind"": ""preventive"", ""labor_cost"": 240, ""parts_cost"": 0, ""work_order_id"": ""56ff8cc9-00d1-4dce-95d8-0486dcff9073""}",2025-03-20 23:57:10.142818+00
c426ea38-aa0c-4e3a-943e-64424b507a6d,03d0f3b4-1d04-4940-994b-2a431fd5dd7b,60694a33-64df-4703-bb1f-20bc3948e683,maintenance_completed,,,,,"{""kind"": ""preventive"", ""labor_cost"": 120, ""parts_cost"": 0, ""work_order_id"": ""333bc2b7-ab03-4f58-b8ac-2bcf8b06ebe9""}",2026-03-21 05:17:10.142818+00
6950bb05-0e9b-4185-9036-07d98dd78266,edbb1f34-97db-4120-88ea-23d452ef52c5,60694a33-64df-4703-bb1f-20bc3948e683,maintenance_completed,,,,,"{""kind"": ""preventive"", ""labor_cost"": 480, ""parts_cost"": 0, ""work_order_id"": ""1b92e5d8-b198-4b14-a727-060b631f18b0""}",2024-07-16 01:53:10.142818+00
253a8616-632e-42a7-83e2-3d4a129e7fb8,edbb1f34-97db-4120-88ea-23d452ef52c5,60694a33-64df-4703-bb1f-20bc3948e683,maintenance_completed,,,,,"{""kind"": ""preventive"", ""labor_cost"": 360, ""parts_cost"": 0, ""work_order_id"": ""1b8f479b-baba-4238-8478-081090c6e555""}",2025-07-23 05:04:10.142818+00
6e274f24-eb51-4ac4-967a-16be44a38852,edbb1f34-97db-4120-88ea-23d452ef52c5,60694a33-64df-4703-bb1f-20bc3948e683,maintenance_completed,,,,,"{""kind"": ""preventive"", ""labor_cost"": 360, ""parts_cost"": 0, ""work_order_id"": ""9ea65262-c10d-4340-963d-60f2631830e3""}",2026-07-18 04:17:10.142818+00
40ff42cd-6230-4860-acdf-dbc1b93e91d9,edbb1f34-97db-4120-88ea-23d452ef52c5,60694a33-64df-4703-bb1f-20bc3948e683,maintenance_completed,,,,,"{""kind"": ""corrective"", ""outcome"": ""cleaned and reconfigured"", ""work_order_id"": ""2f24c30d-8a60-4594-8127-8c978d2c594d"", ""downtime_minutes"": 242}",2025-09-26 03:38:10.142818+00
210c1a40-86e0-4af0-838e-cc7358b12445,edbb1f34-97db-4120-88ea-23d452ef52c5,60694a33-64df-4703-bb1f-20bc3948e683,maintenance_completed,,,,,"{""kind"": ""corrective"", ""outcome"": ""part replaced"", ""work_order_id"": ""178a5b8d-af6d-49f8-acdd-13e6b3c22f1e"", ""downtime_minutes"": 1471}",2024-01-01 03:07:10.142818+00
e8430e92-925d-4a17-803e-2fee4cb004f7,edbb1f34-97db-4120-88ea-23d452ef52c5,60694a33-64df-4703-bb1f-20bc3948e683,maintenance_completed,,,,,"{""kind"": ""corrective"", ""outcome"": ""no fault found"", ""work_order_id"": ""6a965026-9d2e-4ea4-8adf-8a05432a0d6b"", ""downtime_minutes"": 2456}",2026-02-13 14:32:10.142818+00
837e69fc-914c-4405-b6f5-726971beaefc,edbb1f34-97db-4120-88ea-23d452ef52c5,60694a33-64df-4703-bb1f-20bc3948e683,maintenance_completed,,,,,"{""kind"": ""corrective"", ""outcome"": ""cleaned and reconfigured"", ""work_order_id"": ""b042f015-11da-4d00-884b-14ad4d874509"", ""downtime_minutes"": 2351}",2026-08-29 17:47:10.142818+00
15fe5c14-ff1b-4228-a595-3bd974304fd0,edbb1f34-97db-4120-88ea-23d452ef52c5,60694a33-64df-4703-bb1f-20bc3948e683,maintenance_completed,,,,,"{""kind"": ""corrective"", ""outcome"": ""part replaced"", ""work_order_id"": ""50ebea10-9c0c-44b5-bd62-043d82347cb9"", ""downtime_minutes"": 933}",2025-11-10 19:09:10.142818+00
3b2f07f7-59a7-4ada-bebd-bf685cd2192d,3676339e-daad-4af9-a8b4-c9c82b19884b,60694a33-64df-4703-bb1f-20bc3948e683,maintenance_completed,,,,,"{""kind"": ""preventive"", ""labor_cost"": 480, ""parts_cost"": 0, ""work_order_id"": ""69c8edca-bdf2-4d61-9e4d-ce0a8899783d""}",2024-04-06 03:16:10.142818+00
ae590783-cb4b-4c8f-bf48-8bf9a5312ac1,3676339e-daad-4af9-a8b4-c9c82b19884b,60694a33-64df-4703-bb1f-20bc3948e683,maintenance_completed,,,,,"{""kind"": ""preventive"", ""labor_cost"": 360, ""parts_cost"": 0, ""work_order_id"": ""d33c8a37-4463-4206-a179-0e3f19b802bb""}",2025-04-08 03:11:10.142818+00
70a29353-6e4d-46b7-b0c0-7547d545170f,3676339e-daad-4af9-a8b4-c9c82b19884b,60694a33-64df-4703-bb1f-20bc3948e683,maintenance_completed,,,,,"{""kind"": ""preventive"", ""labor_cost"": 120, ""parts_cost"": 0, ""work_order_id"": ""2b014881-57be-4966-b4f5-5283602e3349""}",2026-04-07 03:46:10.142818+00
7b5c3a52-bcd2-4e63-8456-79f4ce903a83,a3985487-ac7c-4e99-944f-0072c21a653a,60694a33-64df-4703-bb1f-20bc3948e683,maintenance_completed,,,,,"{""kind"": ""preventive"", ""labor_cost"": 120, ""parts_cost"": 0, ""work_order_id"": ""65dab3fb-3b55-4622-a840-a0d4647fa91a""}",2024-05-18 03:12:10.142818+00
5c2814c5-eae2-433c-8d0b-53e5cd375d89,a3985487-ac7c-4e99-944f-0072c21a653a,60694a33-64df-4703-bb1f-20bc3948e683,maintenance_completed,,,,,"{""kind"": ""preventive"", ""labor_cost"": 240, ""parts_cost"": 0, ""work_order_id"": ""bbbe06d3-bb51-429e-ad9d-06c551e5d904""}",2025-05-14 21:40:10.142818+00
e1f17ca0-0f30-435f-b383-6cff02d2cf08,a3985487-ac7c-4e99-944f-0072c21a653a,60694a33-64df-4703-bb1f-20bc3948e683,maintenance_completed,,,,,"{""kind"": ""preventive"", ""labor_cost"": 480, ""parts_cost"": 0, ""work_order_id"": ""6224f687-e841-4b59-b61c-348286830575""}",2026-05-19 03:53:10.142818+00
4dcc9c8d-810f-4830-8f87-01c3ada81d22,a3985487-ac7c-4e99-944f-0072c21a653a,60694a33-64df-4703-bb1f-20bc3948e683,maintenance_completed,,,,,"{""kind"": ""corrective"", ""outcome"": ""escalated to supplier"", ""work_order_id"": ""76abb84a-1d20-46fa-aa43-d833a526a275"", ""downtime_minutes"": 850}",2025-12-14 12:46:10.142818+00
1e29c947-d7e5-4754-90c6-daef6ac03c73,a91c1213-d486-49c1-a3de-e25a79c1d1ef,60694a33-64df-4703-bb1f-20bc3948e683,maintenance_completed,,,,,"{""kind"": ""preventive"", ""labor_cost"": 240, ""parts_cost"": 906, ""work_order_id"": ""963c27de-0ec9-4452-adb3-a490a6f3c804""}",2024-08-10 03:12:10.142818+00
c8728c33-abcc-4741-94d6-21a548bca68d,a91c1213-d486-49c1-a3de-e25a79c1d1ef,60694a33-64df-4703-bb1f-20bc3948e683,maintenance_completed,,,,,"{""kind"": ""preventive"", ""labor_cost"": 240, ""parts_cost"": 855, ""work_order_id"": ""1c4ae55c-24ff-488d-98cb-d955a0052cf3""}",2025-08-13 01:11:10.142818+00
ee7ca0f7-1840-4a2f-a0d8-69e4e4b762cf,a91c1213-d486-49c1-a3de-e25a79c1d1ef,60694a33-64df-4703-bb1f-20bc3948e683,maintenance_completed,,,,,"{""kind"": ""preventive"", ""labor_cost"": 240, ""parts_cost"": 0, ""work_order_id"": ""f67d289e-39e0-4eac-a468-af9a65929989""}",2026-08-14 04:28:10.142818+00
2f34d79c-2daf-4772-88a1-9ed62e92c488,a91c1213-d486-49c1-a3de-e25a79c1d1ef,60694a33-64df-4703-bb1f-20bc3948e683,maintenance_completed,,,,,"{""kind"": ""corrective"", ""outcome"": ""part replaced"", ""work_order_id"": ""4c5c84b0-653e-4c7e-a941-c6e689a0f9b1"", ""downtime_minutes"": 2192}",2024-02-01 11:08:10.142818+00
5f53eda3-2b13-4de5-ada3-14c6dd7ed9b8,05e4cda7-5c0e-42e9-ad92-ce1ccf7dfdd7,60694a33-64df-4703-bb1f-20bc3948e683,maintenance_completed,,,,,"{""kind"": ""preventive"", ""labor_cost"": 360, ""parts_cost"": 0, ""work_order_id"": ""6c82d7d6-d2e0-4038-90c5-f2a0ca21e613""}",2024-03-21 23:34:10.142818+00
5a7eb4df-5905-4f39-9500-65658d2e7410,05e4cda7-5c0e-42e9-ad92-ce1ccf7dfdd7,60694a33-64df-4703-bb1f-20bc3948e683,maintenance_completed,,,,,"{""kind"": ""preventive"", ""labor_cost"": 480, ""parts_cost"": 0, ""work_order_id"": ""3a341bc1-7c78-4305-aaa4-1dad287a650e""}",2025-03-16 02:26:10.142818+00
ffdac352-f415-4400-926f-ed371dd6cf54,05e4cda7-5c0e-42e9-ad92-ce1ccf7dfdd7,60694a33-64df-4703-bb1f-20bc3948e683,maintenance_completed,,,,,"{""kind"": ""preventive"", ""labor_cost"": 240, ""parts_cost"": 0, ""work_order_id"": ""8cc03e73-d165-4e01-9f09-fe5d4247280d""}",2026-03-21 23:04:10.142818+00
946b440a-986b-456f-8913-3a3184f3e5f6,bfcd160b-2fa1-4ad5-b810-c6f9f87aa97b,60694a33-64df-4703-bb1f-20bc3948e683,maintenance_completed,,,,,"{""kind"": ""preventive"", ""labor_cost"": 480, ""parts_cost"": 0, ""work_order_id"": ""2811628e-e847-4ece-b1a2-93dc90ff08c1""}",2024-06-05 01:25:10.142818+00
4789313e-b3c6-4192-86dd-81d8fc2c9a52,bfcd160b-2fa1-4ad5-b810-c6f9f87aa97b,60694a33-64df-4703-bb1f-20bc3948e683,maintenance_completed,,,,,"{""kind"": ""preventive"", ""labor_cost"": 120, ""parts_cost"": 420, ""work_order_id"": ""ec8084ab-40db-4932-97c8-214e2068c624""}",2025-06-01 00:11:10.142818+00
5c79f97e-4b69-4f50-9c74-b333989fbdb4,bfcd160b-2fa1-4ad5-b810-c6f9f87aa97b,60694a33-64df-4703-bb1f-20bc3948e683,maintenance_completed,,,,,"{""kind"": ""preventive"", ""labor_cost"": 240, ""parts_cost"": 0, ""work_order_id"": ""aab77da4-af8c-47b8-a3e7-cb35ba7c708e""}",2026-05-31 23:27:10.142818+00
ebbc9520-411e-4612-92ac-b51b028d9c48,9442d853-d0d5-46d0-8059-54ef6893b55f,60694a33-64df-4703-bb1f-20bc3948e683,maintenance_completed,,,,,"{""kind"": ""preventive"", ""labor_cost"": 240, ""parts_cost"": 424, ""work_order_id"": ""855d9225-dc7f-4bab-9c4a-7ce239b773d7""}",2023-10-27 22:07:10.142818+00
5e3055ce-e7c4-4d89-b124-8af7fce9c307,9442d853-d0d5-46d0-8059-54ef6893b55f,60694a33-64df-4703-bb1f-20bc3948e683,maintenance_completed,,,,,"{""kind"": ""preventive"", ""labor_cost"": 480, ""parts_cost"": 694, ""work_order_id"": ""d5fbff8a-7c5f-417f-907a-4e5716f6cba2""}",2024-10-31 03:20:10.142818+00
a8f5c34d-ce69-4e06-8367-2576980bee0a,9442d853-d0d5-46d0-8059-54ef6893b55f,60694a33-64df-4703-bb1f-20bc3948e683,maintenance_completed,,,,,"{""kind"": ""preventive"", ""labor_cost"": 120, ""parts_cost"": 0, ""work_order_id"": ""9c7771a0-9b32-4015-a666-2b74d67dc325""}",2025-11-02 02:14:10.142818+00
22aba8b2-2c22-4ea5-9fd7-35020dfad5e7,9442d853-d0d5-46d0-8059-54ef6893b55f,60694a33-64df-4703-bb1f-20bc3948e683,maintenance_completed,,,,,"{""kind"": ""corrective"", ""outcome"": ""cleaned and reconfigured"", ""work_order_id"": ""a9342854-3059-4989-b90a-827bffcb9153"", ""downtime_minutes"": 329}",2026-01-29 06:05:10.142818+00
f0bc962c-81ff-4c55-ad52-cb49e2d22b35,9442d853-d0d5-46d0-8059-54ef6893b55f,60694a33-64df-4703-bb1f-20bc3948e683,maintenance_completed,,,,,"{""kind"": ""corrective"", ""outcome"": ""repaired"", ""work_order_id"": ""88e3b710-0146-4a04-a6b2-46d05289ce81"", ""downtime_minutes"": 2587}",2025-06-12 20:43:10.142818+00
c8233b2e-4147-4351-aa93-78c738712042,59a67054-892a-476c-93d1-41fc04fbb793,60694a33-64df-4703-bb1f-20bc3948e683,maintenance_completed,,,,,"{""kind"": ""preventive"", ""labor_cost"": 480, ""parts_cost"": 0, ""work_order_id"": ""4f0be072-2089-41a2-9971-58befe5a1c28""}",2023-12-16 22:31:10.142818+00
779389e6-ba18-486e-8090-4ac0c777db5f,59a67054-892a-476c-93d1-41fc04fbb793,60694a33-64df-4703-bb1f-20bc3948e683,maintenance_completed,,,,,"{""kind"": ""preventive"", ""labor_cost"": 480, ""parts_cost"": 0, ""work_order_id"": ""bfd92f3b-362b-4400-8bed-e2f16768b54e""}",2024-12-17 22:41:10.142818+00
3fa530b9-af37-4c00-9c31-c45dd36b2c8a,59a67054-892a-476c-93d1-41fc04fbb793,60694a33-64df-4703-bb1f-20bc3948e683,maintenance_completed,,,,,"{""kind"": ""preventive"", ""labor_cost"": 120, ""parts_cost"": 577, ""work_order_id"": ""383276e8-335a-4366-9757-3e6a83dd4e4d""}",2025-12-17 05:14:10.142818+00
b7748eda-55fc-42a5-a2d9-ac3a9247954c,59a67054-892a-476c-93d1-41fc04fbb793,60694a33-64df-4703-bb1f-20bc3948e683,maintenance_completed,,,,,"{""kind"": ""corrective"", ""outcome"": ""repaired"", ""work_order_id"": ""13ec0633-3d18-421d-9a79-199cef5dfb53"", ""downtime_minutes"": 2372}",2024-06-28 15:08:10.142818+00
7b959837-395b-46e2-9b4f-f87722f9463e,59a67054-892a-476c-93d1-41fc04fbb793,60694a33-64df-4703-bb1f-20bc3948e683,maintenance_completed,,,,,"{""kind"": ""corrective"", ""outcome"": ""cleaned and reconfigured"", ""work_order_id"": ""da9d6278-5056-4473-bdb9-07de30fa1367"", ""downtime_minutes"": 1002}",2026-03-08 16:18:10.142818+00
e9e1e8da-c71f-4509-bebf-20ba02ce1e1f,59a67054-892a-476c-93d1-41fc04fbb793,60694a33-64df-4703-bb1f-20bc3948e683,maintenance_completed,,,,,"{""kind"": ""corrective"", ""outcome"": ""escalated to supplier"", ""work_order_id"": ""4d0f2a2e-19a7-494b-9367-16f254b9cc87"", ""downtime_minutes"": 1902}",2025-03-30 07:18:10.142818+00
6618d51c-de3c-48f8-a570-92695a89ae09,6439ccdc-2d33-4bae-b07b-f6e7c4676f4d,60694a33-64df-4703-bb1f-20bc3948e683,maintenance_completed,,,,,"{""kind"": ""corrective"", ""outcome"": ""no fault found"", ""work_order_id"": ""f708d41a-3b75-4f8c-86bb-e649b1e4b051"", ""downtime_minutes"": 1615}",2025-10-05 00:31:10.142818+00
ebaac727-6590-4c7c-beb1-79a142a9f11c,6dc09c81-a2db-4c48-abdc-c8584b0da089,60694a33-64df-4703-bb1f-20bc3948e683,maintenance_completed,,,,,"{""kind"": ""corrective"", ""outcome"": ""escalated to supplier"", ""work_order_id"": ""a614fabd-3e21-4c05-a819-3eddd31387ff"", ""downtime_minutes"": 523}",2026-08-05 10:19:10.142818+00
b91b3cd8-202d-4701-b8a3-d4d2cd6d8a69,846ab98f-982f-4fad-84db-55c6284b5870,60694a33-64df-4703-bb1f-20bc3948e683,custody_changed,,,6ff17eb7-5c04-40ff-83f8-043b4cb1c45c,1c4df881-cca6-49a3-9b2e-6a87a781ef63,{},2026-01-17 19:36:10.142818+00
139ca65a-c5d6-4542-9ebd-d0a59bf803f8,6dc09c81-a2db-4c48-abdc-c8584b0da089,60694a33-64df-4703-bb1f-20bc3948e683,maintenance_completed,,,,,"{""kind"": ""corrective"", ""outcome"": ""repaired"", ""work_order_id"": ""99fd5e0b-5ee3-4a62-9da9-c3a2fdb2cee0"", ""downtime_minutes"": 63}",2025-03-30 22:39:10.142818+00
0e24a6d4-dbc7-4ea8-bd04-e9067d2820b8,6dc09c81-a2db-4c48-abdc-c8584b0da089,60694a33-64df-4703-bb1f-20bc3948e683,maintenance_completed,,,,,"{""kind"": ""corrective"", ""outcome"": ""repaired"", ""work_order_id"": ""2c1530bf-f7b9-4310-942b-caee8727a62d"", ""downtime_minutes"": 2497}",2025-10-07 18:13:10.142818+00
715c89d2-566f-4643-a5a6-d51a8ec18088,13319f71-4077-42ca-9cf9-67304d699aa5,60694a33-64df-4703-bb1f-20bc3948e683,maintenance_completed,,,,,"{""kind"": ""corrective"", ""outcome"": ""cleaned and reconfigured"", ""work_order_id"": ""292e433f-7a2c-423e-ad57-ec7ffa96df4e"", ""downtime_minutes"": 1842}",2026-03-31 03:18:10.142818+00
9a94f414-4885-4b8a-982b-45fc1f297a09,df9ccf62-d5a2-492f-96e6-2e39bbf5a148,60694a33-64df-4703-bb1f-20bc3948e683,maintenance_completed,,,,,"{""kind"": ""corrective"", ""outcome"": ""escalated to supplier"", ""work_order_id"": ""8ffbe93d-6fa9-4cbb-8018-24143abbb05e"", ""downtime_minutes"": 252}",2025-12-11 05:48:10.142818+00
39ca674a-0460-4ad2-8583-b15d79de11c5,3d0a6046-1b99-4bfd-a909-61a0bce67f46,60694a33-64df-4703-bb1f-20bc3948e683,maintenance_completed,,,,,"{""kind"": ""corrective"", ""outcome"": ""cleaned and reconfigured"", ""work_order_id"": ""c2b08f50-a3d1-424c-b60c-615e84bb980f"", ""downtime_minutes"": 2464}",2026-04-08 15:40:10.142818+00
63cec0da-e679-47db-ac0a-f1dec83ff0d1,3d0a6046-1b99-4bfd-a909-61a0bce67f46,60694a33-64df-4703-bb1f-20bc3948e683,maintenance_completed,,,,,"{""kind"": ""corrective"", ""outcome"": ""escalated to supplier"", ""work_order_id"": ""4e068427-05ff-46bb-93e8-1bcff2cdd9ac"", ""downtime_minutes"": 2726}",2024-06-26 23:02:10.142818+00
6d67248a-fbb1-47df-bc17-1012a2bd8155,ac6d9a84-04e2-4e0e-b855-6bcb57623c9c,60694a33-64df-4703-bb1f-20bc3948e683,maintenance_completed,,,,,"{""kind"": ""corrective"", ""outcome"": ""escalated to supplier"", ""work_order_id"": ""e27364ad-6a30-45f0-9c97-5e086de1606f"", ""downtime_minutes"": 1121}",2025-01-18 18:17:10.142818+00
c2578347-79ab-4611-acf9-1aa6baedb7b3,ac6d9a84-04e2-4e0e-b855-6bcb57623c9c,60694a33-64df-4703-bb1f-20bc3948e683,maintenance_completed,,,,,"{""kind"": ""corrective"", ""outcome"": ""cleaned and reconfigured"", ""work_order_id"": ""65c579fa-3cee-4cd1-80d2-6178c2d30855"", ""downtime_minutes"": 2189}",2026-01-13 11:05:10.142818+00
625e271f-7312-4339-9759-b42825bcb07d,ac62ddf3-4b43-4054-8d4f-806e398b66be,60694a33-64df-4703-bb1f-20bc3948e683,maintenance_completed,,,,,"{""kind"": ""corrective"", ""outcome"": ""no fault found"", ""work_order_id"": ""e2f651b8-e504-4911-b82e-292719b748df"", ""downtime_minutes"": 961}",2025-03-23 15:37:10.142818+00
655167b6-e767-4948-a5f6-f0591086f053,9abf21f5-f9b9-48a4-8041-586b3be5a122,60694a33-64df-4703-bb1f-20bc3948e683,maintenance_completed,,,,,"{""kind"": ""corrective"", ""outcome"": ""cleaned and reconfigured"", ""work_order_id"": ""8850c21d-8a2a-4175-873d-c513a82a5512"", ""downtime_minutes"": 1198}",2024-05-26 22:34:10.142818+00
1d30c31f-2d77-4158-a082-44f5adf17a45,d7238598-208f-4d36-a514-45c86dd38e2c,60694a33-64df-4703-bb1f-20bc3948e683,maintenance_completed,,,,,"{""kind"": ""corrective"", ""outcome"": ""repaired"", ""work_order_id"": ""30a0e681-a470-4d16-94ea-b3ea3d448df4"", ""downtime_minutes"": 2468}",2026-02-27 19:44:10.142818+00
efe15a49-ec92-44c2-92c0-b169fe7c1bb4,d7238598-208f-4d36-a514-45c86dd38e2c,60694a33-64df-4703-bb1f-20bc3948e683,maintenance_completed,,,,,"{""kind"": ""corrective"", ""outcome"": ""no fault found"", ""work_order_id"": ""65d5082f-c5dc-490d-bdea-2fcebca5d0b5"", ""downtime_minutes"": 298}",2024-02-26 05:34:10.142818+00
8aebf6ac-6dc0-4b72-b078-7a21c69c9cc1,d7238598-208f-4d36-a514-45c86dd38e2c,60694a33-64df-4703-bb1f-20bc3948e683,maintenance_completed,,,,,"{""kind"": ""corrective"", ""outcome"": ""cleaned and reconfigured"", ""work_order_id"": ""79ac1b15-1dc5-47ba-a5b7-fef4e0c3174d"", ""downtime_minutes"": 2519}",2024-08-03 20:35:10.142818+00
15fca6a6-68c8-498a-a636-b9bde3362947,d7238598-208f-4d36-a514-45c86dd38e2c,60694a33-64df-4703-bb1f-20bc3948e683,maintenance_completed,,,,,"{""kind"": ""corrective"", ""outcome"": ""cleaned and reconfigured"", ""work_order_id"": ""77727510-2141-4c17-9774-8a6ff5916378"", ""downtime_minutes"": 1404}",2025-04-28 20:00:10.142818+00
9e46e444-39ee-46e7-9488-79d1bb49b817,5b8d0c64-483b-4314-99b9-b7b2bd631d03,6ff17eb7-5c04-40ff-83f8-043b4cb1c45c,transfer_requested,023a8b57-58c8-49be-b50f-d5bf95d912a1,931086a7-6352-430d-894b-6363e4ac4388,6ff17eb7-5c04-40ff-83f8-043b4cb1c45c,750c04a5-63c4-42c6-a7c4-b3aa1de4eebf,"{""reason"": ""staff change""}",2026-09-11 12:36:10.142818+00
2b6d5cc1-09ab-495a-a06a-efccec9d12e1,5b8d0c64-483b-4314-99b9-b7b2bd631d03,60694a33-64df-4703-bb1f-20bc3948e683,transfer_approved,023a8b57-58c8-49be-b50f-d5bf95d912a1,931086a7-6352-430d-894b-6363e4ac4388,6ff17eb7-5c04-40ff-83f8-043b4cb1c45c,750c04a5-63c4-42c6-a7c4-b3aa1de4eebf,"{""approved_by_role"": ""asset_admin""}",2026-09-11 18:36:10.142818+00
038ade03-6511-4005-ab5e-a7c8382df195,5b8d0c64-483b-4314-99b9-b7b2bd631d03,60694a33-64df-4703-bb1f-20bc3948e683,location_changed,023a8b57-58c8-49be-b50f-d5bf95d912a1,931086a7-6352-430d-894b-6363e4ac4388,,,{},2026-09-11 19:36:10.142818+00
8d1af9f4-ae52-4cbd-8163-585d91f075f7,5b8d0c64-483b-4314-99b9-b7b2bd631d03,60694a33-64df-4703-bb1f-20bc3948e683,custody_changed,,,6ff17eb7-5c04-40ff-83f8-043b4cb1c45c,750c04a5-63c4-42c6-a7c4-b3aa1de4eebf,{},2026-09-11 19:36:10.142818+00
c9963d1f-f1d5-45fe-b714-cba35577b662,5b8d0c64-483b-4314-99b9-b7b2bd631d03,750c04a5-63c4-42c6-a7c4-b3aa1de4eebf,transfer_requested,931086a7-6352-430d-894b-6363e4ac4388,ed0c4695-23ba-41bb-bb52-4fc110fc0fde,750c04a5-63c4-42c6-a7c4-b3aa1de4eebf,1c4df881-cca6-49a3-9b2e-6a87a781ef63,"{""reason"": ""staff change""}",2026-08-06 00:00:00+00
9d086ac0-313d-4970-bcd8-00877fe59039,5b8d0c64-483b-4314-99b9-b7b2bd631d03,60694a33-64df-4703-bb1f-20bc3948e683,transfer_approved,931086a7-6352-430d-894b-6363e4ac4388,ed0c4695-23ba-41bb-bb52-4fc110fc0fde,750c04a5-63c4-42c6-a7c4-b3aa1de4eebf,1c4df881-cca6-49a3-9b2e-6a87a781ef63,"{""approved_by_role"": ""asset_admin""}",2026-08-06 06:00:00+00
9b0f92e1-6141-4f72-b12b-4649c05bb943,5b8d0c64-483b-4314-99b9-b7b2bd631d03,60694a33-64df-4703-bb1f-20bc3948e683,location_changed,931086a7-6352-430d-894b-6363e4ac4388,ed0c4695-23ba-41bb-bb52-4fc110fc0fde,,,{},2026-08-06 07:00:00+00
d149f676-a565-4ed1-9feb-d83e371828dc,5b8d0c64-483b-4314-99b9-b7b2bd631d03,60694a33-64df-4703-bb1f-20bc3948e683,custody_changed,,,750c04a5-63c4-42c6-a7c4-b3aa1de4eebf,1c4df881-cca6-49a3-9b2e-6a87a781ef63,{},2026-08-06 07:00:00+00
ab72f8ad-fff4-4259-9e94-b6f309afdc3d,7271a00c-aaf2-46f7-8db2-61a619752ba0,8703fd82-ea7e-461c-bacc-18cd5a7c3d3b,transfer_requested,4c2ec75b-86b2-44fa-94e9-0ac0abe593cc,7d91cdbd-8e9f-4416-aff0-b59104bd3dee,8703fd82-ea7e-461c-bacc-18cd5a7c3d3b,750c04a5-63c4-42c6-a7c4-b3aa1de4eebf,"{""reason"": ""department reorganisation""}",2024-01-26 12:36:10.142818+00
2854d17f-f784-4bea-b5b7-421bfe70fb07,7271a00c-aaf2-46f7-8db2-61a619752ba0,60694a33-64df-4703-bb1f-20bc3948e683,transfer_approved,4c2ec75b-86b2-44fa-94e9-0ac0abe593cc,7d91cdbd-8e9f-4416-aff0-b59104bd3dee,8703fd82-ea7e-461c-bacc-18cd5a7c3d3b,750c04a5-63c4-42c6-a7c4-b3aa1de4eebf,"{""approved_by_role"": ""asset_admin""}",2024-01-26 18:36:10.142818+00
0e51def4-4f68-44c0-ba5c-de59c19b9c60,7271a00c-aaf2-46f7-8db2-61a619752ba0,60694a33-64df-4703-bb1f-20bc3948e683,location_changed,4c2ec75b-86b2-44fa-94e9-0ac0abe593cc,7d91cdbd-8e9f-4416-aff0-b59104bd3dee,,,{},2024-01-26 19:36:10.142818+00
10777b90-c807-4226-8720-13cec3d25b19,7271a00c-aaf2-46f7-8db2-61a619752ba0,60694a33-64df-4703-bb1f-20bc3948e683,custody_changed,,,8703fd82-ea7e-461c-bacc-18cd5a7c3d3b,750c04a5-63c4-42c6-a7c4-b3aa1de4eebf,{},2024-01-26 19:36:10.142818+00
51ef916d-700c-47af-9ec0-08fd1c4331f4,3960555e-67e5-4205-b407-297b45207d44,05d038a0-b4a2-40fb-9ac6-eecfcf9cda47,transfer_requested,1234f84e-b9c0-4ae7-a4a5-d80ccaff9edd,4f677013-b830-462d-a160-59ec1cdb41ec,05d038a0-b4a2-40fb-9ac6-eecfcf9cda47,8703fd82-ea7e-461c-bacc-18cd5a7c3d3b,"{""reason"": ""staff change""}",2024-10-19 12:36:10.142818+00
e8af8b68-ac13-4a94-9a20-7fe98eb3d862,3960555e-67e5-4205-b407-297b45207d44,60694a33-64df-4703-bb1f-20bc3948e683,transfer_approved,1234f84e-b9c0-4ae7-a4a5-d80ccaff9edd,4f677013-b830-462d-a160-59ec1cdb41ec,05d038a0-b4a2-40fb-9ac6-eecfcf9cda47,8703fd82-ea7e-461c-bacc-18cd5a7c3d3b,"{""approved_by_role"": ""asset_admin""}",2024-10-19 18:36:10.142818+00
374d336c-8608-49a4-93b6-d7a13cab1e01,3960555e-67e5-4205-b407-297b45207d44,60694a33-64df-4703-bb1f-20bc3948e683,location_changed,1234f84e-b9c0-4ae7-a4a5-d80ccaff9edd,4f677013-b830-462d-a160-59ec1cdb41ec,,,{},2024-10-19 19:36:10.142818+00
c0c31840-59c8-4c04-80e7-2c52d8f1286e,3960555e-67e5-4205-b407-297b45207d44,60694a33-64df-4703-bb1f-20bc3948e683,custody_changed,,,05d038a0-b4a2-40fb-9ac6-eecfcf9cda47,8703fd82-ea7e-461c-bacc-18cd5a7c3d3b,{},2024-10-19 19:36:10.142818+00
c22a707b-a026-42bd-b880-a669b4a2c4e0,3960555e-67e5-4205-b407-297b45207d44,8703fd82-ea7e-461c-bacc-18cd5a7c3d3b,transfer_requested,4f677013-b830-462d-a160-59ec1cdb41ec,7d91cdbd-8e9f-4416-aff0-b59104bd3dee,8703fd82-ea7e-461c-bacc-18cd5a7c3d3b,750c04a5-63c4-42c6-a7c4-b3aa1de4eebf,"{""reason"": ""lab relocation""}",2024-06-17 12:36:10.142818+00
34bee8e4-7908-48f1-9291-64c629d9c26e,3960555e-67e5-4205-b407-297b45207d44,60694a33-64df-4703-bb1f-20bc3948e683,transfer_approved,4f677013-b830-462d-a160-59ec1cdb41ec,7d91cdbd-8e9f-4416-aff0-b59104bd3dee,8703fd82-ea7e-461c-bacc-18cd5a7c3d3b,750c04a5-63c4-42c6-a7c4-b3aa1de4eebf,"{""approved_by_role"": ""asset_admin""}",2024-06-17 18:36:10.142818+00
60505c02-74a0-430a-804d-da9ccaa400b2,3960555e-67e5-4205-b407-297b45207d44,60694a33-64df-4703-bb1f-20bc3948e683,location_changed,4f677013-b830-462d-a160-59ec1cdb41ec,7d91cdbd-8e9f-4416-aff0-b59104bd3dee,,,{},2024-06-17 19:36:10.142818+00
936dff7f-7840-4a84-a2d1-6e61719eede0,3960555e-67e5-4205-b407-297b45207d44,60694a33-64df-4703-bb1f-20bc3948e683,custody_changed,,,8703fd82-ea7e-461c-bacc-18cd5a7c3d3b,750c04a5-63c4-42c6-a7c4-b3aa1de4eebf,{},2024-06-17 19:36:10.142818+00
557ac2d8-a5fa-40f0-876e-6ee4eaed6a05,846ab98f-982f-4fad-84db-55c6284b5870,176f3f16-3ab1-409e-8c10-9631bea0edcc,transfer_requested,fd093c49-0da4-4fb9-b4ca-3354e21aeeed,aee1dad1-5904-4a33-8893-b1744b8c9818,176f3f16-3ab1-409e-8c10-9631bea0edcc,6ff17eb7-5c04-40ff-83f8-043b4cb1c45c,"{""reason"": ""department reorganisation""}",2024-08-25 12:36:10.142818+00
90189ae1-fb63-4f65-bff4-135320b769e4,846ab98f-982f-4fad-84db-55c6284b5870,60694a33-64df-4703-bb1f-20bc3948e683,transfer_approved,fd093c49-0da4-4fb9-b4ca-3354e21aeeed,aee1dad1-5904-4a33-8893-b1744b8c9818,176f3f16-3ab1-409e-8c10-9631bea0edcc,6ff17eb7-5c04-40ff-83f8-043b4cb1c45c,"{""approved_by_role"": ""asset_admin""}",2024-08-25 18:36:10.142818+00
6289c6ae-18b9-48c3-b7a6-87ecf0488a59,846ab98f-982f-4fad-84db-55c6284b5870,60694a33-64df-4703-bb1f-20bc3948e683,location_changed,fd093c49-0da4-4fb9-b4ca-3354e21aeeed,aee1dad1-5904-4a33-8893-b1744b8c9818,,,{},2024-08-25 19:36:10.142818+00
64d562e5-5166-422f-a92f-94598170ff0a,846ab98f-982f-4fad-84db-55c6284b5870,60694a33-64df-4703-bb1f-20bc3948e683,custody_changed,,,176f3f16-3ab1-409e-8c10-9631bea0edcc,6ff17eb7-5c04-40ff-83f8-043b4cb1c45c,{},2024-08-25 19:36:10.142818+00
fa1018a7-9f39-41af-9fb8-1b35ba3110c1,846ab98f-982f-4fad-84db-55c6284b5870,6ff17eb7-5c04-40ff-83f8-043b4cb1c45c,transfer_requested,aee1dad1-5904-4a33-8893-b1744b8c9818,01ff8df6-208a-40fd-bc27-a79a4733d467,6ff17eb7-5c04-40ff-83f8-043b4cb1c45c,1c4df881-cca6-49a3-9b2e-6a87a781ef63,"{""reason"": ""department reorganisation""}",2026-01-17 12:36:10.142818+00
5bd8c62a-fd50-4283-a064-e4bfaf64a40d,846ab98f-982f-4fad-84db-55c6284b5870,60694a33-64df-4703-bb1f-20bc3948e683,transfer_approved,aee1dad1-5904-4a33-8893-b1744b8c9818,01ff8df6-208a-40fd-bc27-a79a4733d467,6ff17eb7-5c04-40ff-83f8-043b4cb1c45c,1c4df881-cca6-49a3-9b2e-6a87a781ef63,"{""approved_by_role"": ""asset_admin""}",2026-01-17 18:36:10.142818+00
e0ca2491-02cc-4406-a96a-6f8833813874,846ab98f-982f-4fad-84db-55c6284b5870,60694a33-64df-4703-bb1f-20bc3948e683,location_changed,aee1dad1-5904-4a33-8893-b1744b8c9818,01ff8df6-208a-40fd-bc27-a79a4733d467,,,{},2026-01-17 19:36:10.142818+00
a36868c8-cc96-4bda-9c3f-24561ed0c91a,9eeb8a16-0b51-4d19-8a04-42908b4ca3a4,1c4df881-cca6-49a3-9b2e-6a87a781ef63,transfer_requested,226f67de-eecb-4041-b2fd-00c436b1b82f,ce1019d0-93ab-4aad-a9c1-504e7de174b1,1c4df881-cca6-49a3-9b2e-6a87a781ef63,6ff17eb7-5c04-40ff-83f8-043b4cb1c45c,"{""reason"": ""lab relocation""}",2025-03-04 12:36:10.142818+00
70db0c0c-f3a7-41cb-b8f1-89fad70b9780,9eeb8a16-0b51-4d19-8a04-42908b4ca3a4,60694a33-64df-4703-bb1f-20bc3948e683,transfer_approved,226f67de-eecb-4041-b2fd-00c436b1b82f,ce1019d0-93ab-4aad-a9c1-504e7de174b1,1c4df881-cca6-49a3-9b2e-6a87a781ef63,6ff17eb7-5c04-40ff-83f8-043b4cb1c45c,"{""approved_by_role"": ""asset_admin""}",2025-03-04 18:36:10.142818+00
ecad003f-d7e6-4383-b242-8614862ff4be,9eeb8a16-0b51-4d19-8a04-42908b4ca3a4,60694a33-64df-4703-bb1f-20bc3948e683,location_changed,226f67de-eecb-4041-b2fd-00c436b1b82f,ce1019d0-93ab-4aad-a9c1-504e7de174b1,,,{},2025-03-04 19:36:10.142818+00
8e3dd1af-4212-46c0-b9d8-e64face1fe98,9eeb8a16-0b51-4d19-8a04-42908b4ca3a4,60694a33-64df-4703-bb1f-20bc3948e683,custody_changed,,,1c4df881-cca6-49a3-9b2e-6a87a781ef63,6ff17eb7-5c04-40ff-83f8-043b4cb1c45c,{},2025-03-04 19:36:10.142818+00
c0eabdfb-f974-474a-bb57-fa97f39db771,2a528e66-b617-4e91-a3d2-ec0f6796529d,176f3f16-3ab1-409e-8c10-9631bea0edcc,transfer_requested,1396d3ba-cbf5-462b-9ba0-f055e43663f9,b9ee01aa-284d-41fc-92e0-1e2c29704a3b,176f3f16-3ab1-409e-8c10-9631bea0edcc,750c04a5-63c4-42c6-a7c4-b3aa1de4eebf,"{""reason"": ""lab relocation""}",2025-05-17 12:36:10.142818+00
40206f1e-3f0b-48ca-a61b-890a80cdbdc9,2a528e66-b617-4e91-a3d2-ec0f6796529d,60694a33-64df-4703-bb1f-20bc3948e683,transfer_approved,1396d3ba-cbf5-462b-9ba0-f055e43663f9,b9ee01aa-284d-41fc-92e0-1e2c29704a3b,176f3f16-3ab1-409e-8c10-9631bea0edcc,750c04a5-63c4-42c6-a7c4-b3aa1de4eebf,"{""approved_by_role"": ""asset_admin""}",2025-05-17 18:36:10.142818+00
a8995884-b2f3-4d07-89e3-4a8d4658b301,2a528e66-b617-4e91-a3d2-ec0f6796529d,60694a33-64df-4703-bb1f-20bc3948e683,location_changed,1396d3ba-cbf5-462b-9ba0-f055e43663f9,b9ee01aa-284d-41fc-92e0-1e2c29704a3b,,,{},2025-05-17 19:36:10.142818+00
5874e279-d61e-4dbe-8418-0c27300ae0fe,2a528e66-b617-4e91-a3d2-ec0f6796529d,60694a33-64df-4703-bb1f-20bc3948e683,custody_changed,,,176f3f16-3ab1-409e-8c10-9631bea0edcc,750c04a5-63c4-42c6-a7c4-b3aa1de4eebf,{},2025-05-17 19:36:10.142818+00
30dc9888-1f4d-451d-9be5-4bcc3d996cd7,f03b2ffe-314e-43ee-ab40-699977bc2253,176f3f16-3ab1-409e-8c10-9631bea0edcc,transfer_requested,a794d2a5-d422-4ca5-97b2-a4c30210ff52,02bca8b1-2624-4782-8cf9-81f6abe4f201,176f3f16-3ab1-409e-8c10-9631bea0edcc,750c04a5-63c4-42c6-a7c4-b3aa1de4eebf,"{""reason"": ""department reorganisation""}",2025-05-02 12:36:10.142818+00
33dc8117-d7cf-4005-b316-9669a0f417cf,f03b2ffe-314e-43ee-ab40-699977bc2253,60694a33-64df-4703-bb1f-20bc3948e683,transfer_approved,a794d2a5-d422-4ca5-97b2-a4c30210ff52,02bca8b1-2624-4782-8cf9-81f6abe4f201,176f3f16-3ab1-409e-8c10-9631bea0edcc,750c04a5-63c4-42c6-a7c4-b3aa1de4eebf,"{""approved_by_role"": ""asset_admin""}",2025-05-02 18:36:10.142818+00
69bd311a-4916-412c-b044-e0b606670456,f03b2ffe-314e-43ee-ab40-699977bc2253,60694a33-64df-4703-bb1f-20bc3948e683,location_changed,a794d2a5-d422-4ca5-97b2-a4c30210ff52,02bca8b1-2624-4782-8cf9-81f6abe4f201,,,{},2025-05-02 19:36:10.142818+00
8add21bc-8f1f-4d5a-8213-f416bfa1a79e,f03b2ffe-314e-43ee-ab40-699977bc2253,60694a33-64df-4703-bb1f-20bc3948e683,custody_changed,,,176f3f16-3ab1-409e-8c10-9631bea0edcc,750c04a5-63c4-42c6-a7c4-b3aa1de4eebf,{},2025-05-02 19:36:10.142818+00
1fd4205a-a605-4004-a737-c062a059e330,f03b2ffe-314e-43ee-ab40-699977bc2253,750c04a5-63c4-42c6-a7c4-b3aa1de4eebf,transfer_requested,02bca8b1-2624-4782-8cf9-81f6abe4f201,5bac9e47-d100-44c8-b570-0db31ea21fad,750c04a5-63c4-42c6-a7c4-b3aa1de4eebf,05d038a0-b4a2-40fb-9ac6-eecfcf9cda47,"{""reason"": ""department reorganisation""}",2024-12-12 12:36:10.142818+00
bda1351b-7b51-4e29-a70a-1d43716c8027,f03b2ffe-314e-43ee-ab40-699977bc2253,60694a33-64df-4703-bb1f-20bc3948e683,transfer_approved,02bca8b1-2624-4782-8cf9-81f6abe4f201,5bac9e47-d100-44c8-b570-0db31ea21fad,750c04a5-63c4-42c6-a7c4-b3aa1de4eebf,05d038a0-b4a2-40fb-9ac6-eecfcf9cda47,"{""approved_by_role"": ""asset_admin""}",2024-12-12 18:36:10.142818+00
52b8c654-a1b7-4668-b529-05f6979df692,f03b2ffe-314e-43ee-ab40-699977bc2253,60694a33-64df-4703-bb1f-20bc3948e683,location_changed,02bca8b1-2624-4782-8cf9-81f6abe4f201,5bac9e47-d100-44c8-b570-0db31ea21fad,,,{},2024-12-12 19:36:10.142818+00
5fee3340-7967-4886-ae22-04d21e18d873,f03b2ffe-314e-43ee-ab40-699977bc2253,60694a33-64df-4703-bb1f-20bc3948e683,custody_changed,,,750c04a5-63c4-42c6-a7c4-b3aa1de4eebf,05d038a0-b4a2-40fb-9ac6-eecfcf9cda47,{},2024-12-12 19:36:10.142818+00
c88c8747-6bed-4dbc-9ec1-62aef620b5ac,027bcbe3-1df7-4e1b-8002-9f246d505d52,05d038a0-b4a2-40fb-9ac6-eecfcf9cda47,transfer_requested,5b86b773-2072-4cf6-ac59-aa6ed5c9e277,df3d8ea3-3aa6-4212-a736-6a16b4ecb804,05d038a0-b4a2-40fb-9ac6-eecfcf9cda47,8703fd82-ea7e-461c-bacc-18cd5a7c3d3b,"{""reason"": ""staff change""}",2026-01-09 00:00:00+00
fb6b1199-8e53-400b-a252-db5215aa66fa,027bcbe3-1df7-4e1b-8002-9f246d505d52,60694a33-64df-4703-bb1f-20bc3948e683,transfer_approved,5b86b773-2072-4cf6-ac59-aa6ed5c9e277,df3d8ea3-3aa6-4212-a736-6a16b4ecb804,05d038a0-b4a2-40fb-9ac6-eecfcf9cda47,8703fd82-ea7e-461c-bacc-18cd5a7c3d3b,"{""approved_by_role"": ""asset_admin""}",2026-01-09 06:00:00+00
26de767b-f404-44ae-8ef1-083bd3723658,027bcbe3-1df7-4e1b-8002-9f246d505d52,60694a33-64df-4703-bb1f-20bc3948e683,location_changed,5b86b773-2072-4cf6-ac59-aa6ed5c9e277,df3d8ea3-3aa6-4212-a736-6a16b4ecb804,,,{},2026-01-09 07:00:00+00
8f67cbee-66f1-4bbf-8c7f-5cd02a17bf37,027bcbe3-1df7-4e1b-8002-9f246d505d52,60694a33-64df-4703-bb1f-20bc3948e683,custody_changed,,,05d038a0-b4a2-40fb-9ac6-eecfcf9cda47,8703fd82-ea7e-461c-bacc-18cd5a7c3d3b,{},2026-01-09 07:00:00+00
13255f82-2ef0-46e4-af99-effea06796af,027bcbe3-1df7-4e1b-8002-9f246d505d52,8703fd82-ea7e-461c-bacc-18cd5a7c3d3b,transfer_requested,df3d8ea3-3aa6-4212-a736-6a16b4ecb804,418ec156-f12e-4b21-8e3c-9546e326d2f3,8703fd82-ea7e-461c-bacc-18cd5a7c3d3b,1c4df881-cca6-49a3-9b2e-6a87a781ef63,"{""reason"": ""room refurbishment""}",2026-09-11 12:36:10.142818+00
d77790ce-9913-4856-b140-d82d276f4d92,027bcbe3-1df7-4e1b-8002-9f246d505d52,60694a33-64df-4703-bb1f-20bc3948e683,transfer_approved,df3d8ea3-3aa6-4212-a736-6a16b4ecb804,418ec156-f12e-4b21-8e3c-9546e326d2f3,8703fd82-ea7e-461c-bacc-18cd5a7c3d3b,1c4df881-cca6-49a3-9b2e-6a87a781ef63,"{""approved_by_role"": ""asset_admin""}",2026-09-11 18:36:10.142818+00
6dba0841-51dc-4103-aefa-ebf79b4a2600,027bcbe3-1df7-4e1b-8002-9f246d505d52,60694a33-64df-4703-bb1f-20bc3948e683,location_changed,df3d8ea3-3aa6-4212-a736-6a16b4ecb804,418ec156-f12e-4b21-8e3c-9546e326d2f3,,,{},2026-09-11 19:36:10.142818+00
5290a921-7069-4844-876b-e075e538f590,027bcbe3-1df7-4e1b-8002-9f246d505d52,60694a33-64df-4703-bb1f-20bc3948e683,custody_changed,,,8703fd82-ea7e-461c-bacc-18cd5a7c3d3b,1c4df881-cca6-49a3-9b2e-6a87a781ef63,{},2026-09-11 19:36:10.142818+00
4ebefccb-5ec7-42c7-9720-4a7495b71441,df9ccf62-d5a2-492f-96e6-2e39bbf5a148,750c04a5-63c4-42c6-a7c4-b3aa1de4eebf,transfer_requested,7d91cdbd-8e9f-4416-aff0-b59104bd3dee,fdf5ec3c-73f4-4613-932b-6e5cd1d028e1,750c04a5-63c4-42c6-a7c4-b3aa1de4eebf,750c04a5-63c4-42c6-a7c4-b3aa1de4eebf,"{""reason"": ""room refurbishment""}",2023-10-07 12:36:10.142818+00
47bb4469-1694-42d4-afda-bef735dbe375,df9ccf62-d5a2-492f-96e6-2e39bbf5a148,60694a33-64df-4703-bb1f-20bc3948e683,transfer_approved,7d91cdbd-8e9f-4416-aff0-b59104bd3dee,fdf5ec3c-73f4-4613-932b-6e5cd1d028e1,750c04a5-63c4-42c6-a7c4-b3aa1de4eebf,750c04a5-63c4-42c6-a7c4-b3aa1de4eebf,"{""approved_by_role"": ""asset_admin""}",2023-10-07 18:36:10.142818+00
54e99cee-1289-4ab3-aae8-7caf0563f4ba,df9ccf62-d5a2-492f-96e6-2e39bbf5a148,60694a33-64df-4703-bb1f-20bc3948e683,location_changed,7d91cdbd-8e9f-4416-aff0-b59104bd3dee,fdf5ec3c-73f4-4613-932b-6e5cd1d028e1,,,{},2023-10-07 19:36:10.142818+00
580b8ffb-5825-4463-9dbd-b230a8cedee1,ac62ddf3-4b43-4054-8d4f-806e398b66be,176f3f16-3ab1-409e-8c10-9631bea0edcc,transfer_requested,fd093c49-0da4-4fb9-b4ca-3354e21aeeed,8090e173-233a-4c47-9778-d4fe6f272e43,176f3f16-3ab1-409e-8c10-9631bea0edcc,6ff17eb7-5c04-40ff-83f8-043b4cb1c45c,"{""reason"": ""room refurbishment""}",2024-02-01 12:36:10.142818+00
4b2966f8-034c-472e-8f12-99a5f4f1e218,ac62ddf3-4b43-4054-8d4f-806e398b66be,60694a33-64df-4703-bb1f-20bc3948e683,transfer_approved,fd093c49-0da4-4fb9-b4ca-3354e21aeeed,8090e173-233a-4c47-9778-d4fe6f272e43,176f3f16-3ab1-409e-8c10-9631bea0edcc,6ff17eb7-5c04-40ff-83f8-043b4cb1c45c,"{""approved_by_role"": ""asset_admin""}",2024-02-01 18:36:10.142818+00
065482d3-50d0-4ab2-80ea-464f9ff66746,ac62ddf3-4b43-4054-8d4f-806e398b66be,60694a33-64df-4703-bb1f-20bc3948e683,location_changed,fd093c49-0da4-4fb9-b4ca-3354e21aeeed,8090e173-233a-4c47-9778-d4fe6f272e43,,,{},2024-02-01 19:36:10.142818+00
0a61c9db-21ff-41db-9b53-de3d7104090c,ac62ddf3-4b43-4054-8d4f-806e398b66be,60694a33-64df-4703-bb1f-20bc3948e683,custody_changed,,,176f3f16-3ab1-409e-8c10-9631bea0edcc,6ff17eb7-5c04-40ff-83f8-043b4cb1c45c,{},2024-02-01 19:36:10.142818+00
ca59d740-442a-4805-a4bc-7c1fdf6327d8,ac62ddf3-4b43-4054-8d4f-806e398b66be,6ff17eb7-5c04-40ff-83f8-043b4cb1c45c,transfer_requested,8090e173-233a-4c47-9778-d4fe6f272e43,02bca8b1-2624-4782-8cf9-81f6abe4f201,6ff17eb7-5c04-40ff-83f8-043b4cb1c45c,750c04a5-63c4-42c6-a7c4-b3aa1de4eebf,"{""reason"": ""room refurbishment""}",2025-07-21 12:36:10.142818+00
b038b72c-0248-4f5f-876f-068a6d1f2881,ac62ddf3-4b43-4054-8d4f-806e398b66be,60694a33-64df-4703-bb1f-20bc3948e683,transfer_approved,8090e173-233a-4c47-9778-d4fe6f272e43,02bca8b1-2624-4782-8cf9-81f6abe4f201,6ff17eb7-5c04-40ff-83f8-043b4cb1c45c,750c04a5-63c4-42c6-a7c4-b3aa1de4eebf,"{""approved_by_role"": ""asset_admin""}",2025-07-21 18:36:10.142818+00
64becbff-08c1-4886-97aa-803b99998537,ac62ddf3-4b43-4054-8d4f-806e398b66be,60694a33-64df-4703-bb1f-20bc3948e683,location_changed,8090e173-233a-4c47-9778-d4fe6f272e43,02bca8b1-2624-4782-8cf9-81f6abe4f201,,,{},2025-07-21 19:36:10.142818+00
f3f6952a-7a88-4d7c-9acc-bc20c3ccb497,ac62ddf3-4b43-4054-8d4f-806e398b66be,60694a33-64df-4703-bb1f-20bc3948e683,custody_changed,,,6ff17eb7-5c04-40ff-83f8-043b4cb1c45c,750c04a5-63c4-42c6-a7c4-b3aa1de4eebf,{},2025-07-21 19:36:10.142818+00
22b9a7fc-bda5-4d5e-826c-58230afba21e,e4e5787f-00c2-4d1f-abd0-bdc25b66e652,176f3f16-3ab1-409e-8c10-9631bea0edcc,transfer_requested,fd093c49-0da4-4fb9-b4ca-3354e21aeeed,8ce58e75-8b56-44e0-b303-308ab877a282,176f3f16-3ab1-409e-8c10-9631bea0edcc,1c4df881-cca6-49a3-9b2e-6a87a781ef63,"{""reason"": ""lab relocation""}",2026-09-11 12:36:10.142818+00
d9159964-2a82-43bb-aa97-5bbfcf13eba8,e4e5787f-00c2-4d1f-abd0-bdc25b66e652,60694a33-64df-4703-bb1f-20bc3948e683,transfer_approved,fd093c49-0da4-4fb9-b4ca-3354e21aeeed,8ce58e75-8b56-44e0-b303-308ab877a282,176f3f16-3ab1-409e-8c10-9631bea0edcc,1c4df881-cca6-49a3-9b2e-6a87a781ef63,"{""approved_by_role"": ""asset_admin""}",2026-09-11 18:36:10.142818+00
aad1de9d-f590-4710-b7ad-2b5a501bd810,e4e5787f-00c2-4d1f-abd0-bdc25b66e652,60694a33-64df-4703-bb1f-20bc3948e683,location_changed,fd093c49-0da4-4fb9-b4ca-3354e21aeeed,8ce58e75-8b56-44e0-b303-308ab877a282,,,{},2026-09-11 19:36:10.142818+00
3d3c7c24-ab7d-4b18-9461-0abdc1bae760,e4e5787f-00c2-4d1f-abd0-bdc25b66e652,60694a33-64df-4703-bb1f-20bc3948e683,custody_changed,,,176f3f16-3ab1-409e-8c10-9631bea0edcc,1c4df881-cca6-49a3-9b2e-6a87a781ef63,{},2026-09-11 19:36:10.142818+00
7b7167d5-e17b-41b3-a1b7-9ecc38b41fed,e4e5787f-00c2-4d1f-abd0-bdc25b66e652,1c4df881-cca6-49a3-9b2e-6a87a781ef63,transfer_requested,8ce58e75-8b56-44e0-b303-308ab877a282,ba4b9298-99d3-4aa9-8d04-f4d0d933550d,1c4df881-cca6-49a3-9b2e-6a87a781ef63,750c04a5-63c4-42c6-a7c4-b3aa1de4eebf,"{""reason"": ""room refurbishment""}",2026-05-16 00:00:00+00
e23d8ba5-cf62-4ee1-8d0e-b41f5797d330,e4e5787f-00c2-4d1f-abd0-bdc25b66e652,60694a33-64df-4703-bb1f-20bc3948e683,transfer_approved,8ce58e75-8b56-44e0-b303-308ab877a282,ba4b9298-99d3-4aa9-8d04-f4d0d933550d,1c4df881-cca6-49a3-9b2e-6a87a781ef63,750c04a5-63c4-42c6-a7c4-b3aa1de4eebf,"{""approved_by_role"": ""asset_admin""}",2026-05-16 06:00:00+00
23c11e76-9005-46a8-8c64-0cbff655f8c5,e4e5787f-00c2-4d1f-abd0-bdc25b66e652,60694a33-64df-4703-bb1f-20bc3948e683,location_changed,8ce58e75-8b56-44e0-b303-308ab877a282,ba4b9298-99d3-4aa9-8d04-f4d0d933550d,,,{},2026-05-16 07:00:00+00
624892fc-087c-471e-9614-785ad5b2c85f,e4e5787f-00c2-4d1f-abd0-bdc25b66e652,60694a33-64df-4703-bb1f-20bc3948e683,custody_changed,,,1c4df881-cca6-49a3-9b2e-6a87a781ef63,750c04a5-63c4-42c6-a7c4-b3aa1de4eebf,{},2026-05-16 07:00:00+00
253c9c19-c1e8-45e4-a866-106ec7c47888,aecdd574-5cba-40f2-9e7e-6d54fb7c510c,1c4df881-cca6-49a3-9b2e-6a87a781ef63,transfer_requested,ed0c4695-23ba-41bb-bb52-4fc110fc0fde,0807df48-ba0b-4ac3-ba93-906a9ddd9acb,1c4df881-cca6-49a3-9b2e-6a87a781ef63,8703fd82-ea7e-461c-bacc-18cd5a7c3d3b,"{""reason"": ""room refurbishment""}",2024-05-26 00:00:00+00
fd89ebda-67f9-4fdf-8017-2df409cadc0c,aecdd574-5cba-40f2-9e7e-6d54fb7c510c,60694a33-64df-4703-bb1f-20bc3948e683,transfer_approved,ed0c4695-23ba-41bb-bb52-4fc110fc0fde,0807df48-ba0b-4ac3-ba93-906a9ddd9acb,1c4df881-cca6-49a3-9b2e-6a87a781ef63,8703fd82-ea7e-461c-bacc-18cd5a7c3d3b,"{""approved_by_role"": ""asset_admin""}",2024-05-26 06:00:00+00
6b8ce44f-9e0c-4a3b-996b-8ea305257ef9,aecdd574-5cba-40f2-9e7e-6d54fb7c510c,60694a33-64df-4703-bb1f-20bc3948e683,location_changed,ed0c4695-23ba-41bb-bb52-4fc110fc0fde,0807df48-ba0b-4ac3-ba93-906a9ddd9acb,,,{},2024-05-26 07:00:00+00
86bf69f1-ed7e-4ff9-b155-126324075284,aecdd574-5cba-40f2-9e7e-6d54fb7c510c,60694a33-64df-4703-bb1f-20bc3948e683,custody_changed,,,1c4df881-cca6-49a3-9b2e-6a87a781ef63,8703fd82-ea7e-461c-bacc-18cd5a7c3d3b,{},2024-05-26 07:00:00+00
27af2dea-148d-46a9-8450-391c077d65a5,c65f7887-6a1a-4831-9988-958b9904ccb5,176f3f16-3ab1-409e-8c10-9631bea0edcc,transfer_requested,faabc42b-93b2-4e8b-9e4d-2abd46f82d9c,fdf5ec3c-73f4-4613-932b-6e5cd1d028e1,176f3f16-3ab1-409e-8c10-9631bea0edcc,750c04a5-63c4-42c6-a7c4-b3aa1de4eebf,"{""reason"": ""lab relocation""}",2024-10-06 12:36:10.142818+00
b3aef9cd-41c5-4794-b99f-5666582fd5ab,c65f7887-6a1a-4831-9988-958b9904ccb5,60694a33-64df-4703-bb1f-20bc3948e683,transfer_approved,faabc42b-93b2-4e8b-9e4d-2abd46f82d9c,fdf5ec3c-73f4-4613-932b-6e5cd1d028e1,176f3f16-3ab1-409e-8c10-9631bea0edcc,750c04a5-63c4-42c6-a7c4-b3aa1de4eebf,"{""approved_by_role"": ""asset_admin""}",2024-10-06 18:36:10.142818+00
c792ca0a-802c-40ee-a386-ddb75ac08585,c65f7887-6a1a-4831-9988-958b9904ccb5,60694a33-64df-4703-bb1f-20bc3948e683,location_changed,faabc42b-93b2-4e8b-9e4d-2abd46f82d9c,fdf5ec3c-73f4-4613-932b-6e5cd1d028e1,,,{},2024-10-06 19:36:10.142818+00
dfdb2414-5d6a-40ba-a1b8-380abeae58bc,c65f7887-6a1a-4831-9988-958b9904ccb5,60694a33-64df-4703-bb1f-20bc3948e683,custody_changed,,,176f3f16-3ab1-409e-8c10-9631bea0edcc,750c04a5-63c4-42c6-a7c4-b3aa1de4eebf,{},2024-10-06 19:36:10.142818+00
b003942a-444e-49c8-8778-e22cd5418d03,c65f7887-6a1a-4831-9988-958b9904ccb5,750c04a5-63c4-42c6-a7c4-b3aa1de4eebf,transfer_requested,fdf5ec3c-73f4-4613-932b-6e5cd1d028e1,02bca8b1-2624-4782-8cf9-81f6abe4f201,750c04a5-63c4-42c6-a7c4-b3aa1de4eebf,750c04a5-63c4-42c6-a7c4-b3aa1de4eebf,"{""reason"": ""lab relocation""}",2024-11-21 12:36:10.142818+00
2984ff2c-3a82-4ac1-b78d-9340c9d4b126,c65f7887-6a1a-4831-9988-958b9904ccb5,60694a33-64df-4703-bb1f-20bc3948e683,transfer_approved,fdf5ec3c-73f4-4613-932b-6e5cd1d028e1,02bca8b1-2624-4782-8cf9-81f6abe4f201,750c04a5-63c4-42c6-a7c4-b3aa1de4eebf,750c04a5-63c4-42c6-a7c4-b3aa1de4eebf,"{""approved_by_role"": ""asset_admin""}",2024-11-21 18:36:10.142818+00
02e8b5d7-6866-45e6-8948-e3a32654c805,c65f7887-6a1a-4831-9988-958b9904ccb5,60694a33-64df-4703-bb1f-20bc3948e683,location_changed,fdf5ec3c-73f4-4613-932b-6e5cd1d028e1,02bca8b1-2624-4782-8cf9-81f6abe4f201,,,{},2024-11-21 19:36:10.142818+00
9e5ef540-ff6e-451f-be6e-bcb1380a45d8,71f54917-6557-42c9-9b86-23fbed57dd77,750c04a5-63c4-42c6-a7c4-b3aa1de4eebf,transfer_requested,931086a7-6352-430d-894b-6363e4ac4388,75741c19-7bc5-4f13-8bcd-5543dbab11a6,750c04a5-63c4-42c6-a7c4-b3aa1de4eebf,05d038a0-b4a2-40fb-9ac6-eecfcf9cda47,"{""reason"": ""staff change""}",2024-04-12 12:36:10.142818+00
98e20c28-80ec-4174-9911-25c2bb34f656,71f54917-6557-42c9-9b86-23fbed57dd77,60694a33-64df-4703-bb1f-20bc3948e683,transfer_approved,931086a7-6352-430d-894b-6363e4ac4388,75741c19-7bc5-4f13-8bcd-5543dbab11a6,750c04a5-63c4-42c6-a7c4-b3aa1de4eebf,05d038a0-b4a2-40fb-9ac6-eecfcf9cda47,"{""approved_by_role"": ""asset_admin""}",2024-04-12 18:36:10.142818+00
ac53ff10-6f7c-4f51-8ba4-06ad7e9af718,71f54917-6557-42c9-9b86-23fbed57dd77,60694a33-64df-4703-bb1f-20bc3948e683,location_changed,931086a7-6352-430d-894b-6363e4ac4388,75741c19-7bc5-4f13-8bcd-5543dbab11a6,,,{},2024-04-12 19:36:10.142818+00
51ad1a19-b13c-4a80-b963-21018120f531,71f54917-6557-42c9-9b86-23fbed57dd77,60694a33-64df-4703-bb1f-20bc3948e683,custody_changed,,,750c04a5-63c4-42c6-a7c4-b3aa1de4eebf,05d038a0-b4a2-40fb-9ac6-eecfcf9cda47,{},2024-04-12 19:36:10.142818+00
b036fc46-ff47-440c-94a2-05879de88540,71f54917-6557-42c9-9b86-23fbed57dd77,05d038a0-b4a2-40fb-9ac6-eecfcf9cda47,transfer_requested,75741c19-7bc5-4f13-8bcd-5543dbab11a6,faabc42b-93b2-4e8b-9e4d-2abd46f82d9c,05d038a0-b4a2-40fb-9ac6-eecfcf9cda47,176f3f16-3ab1-409e-8c10-9631bea0edcc,"{""reason"": ""lab relocation""}",2026-01-01 12:36:10.142818+00
73a833a7-a187-4f8d-87d7-b76ef8c465f8,71f54917-6557-42c9-9b86-23fbed57dd77,60694a33-64df-4703-bb1f-20bc3948e683,transfer_approved,75741c19-7bc5-4f13-8bcd-5543dbab11a6,faabc42b-93b2-4e8b-9e4d-2abd46f82d9c,05d038a0-b4a2-40fb-9ac6-eecfcf9cda47,176f3f16-3ab1-409e-8c10-9631bea0edcc,"{""approved_by_role"": ""asset_admin""}",2026-01-01 18:36:10.142818+00
bde0d316-0e28-4817-bf85-430920073560,71f54917-6557-42c9-9b86-23fbed57dd77,60694a33-64df-4703-bb1f-20bc3948e683,location_changed,75741c19-7bc5-4f13-8bcd-5543dbab11a6,faabc42b-93b2-4e8b-9e4d-2abd46f82d9c,,,{},2026-01-01 19:36:10.142818+00
46ac4f1c-bfeb-4428-b155-ccc6a84b22ce,71f54917-6557-42c9-9b86-23fbed57dd77,60694a33-64df-4703-bb1f-20bc3948e683,custody_changed,,,05d038a0-b4a2-40fb-9ac6-eecfcf9cda47,176f3f16-3ab1-409e-8c10-9631bea0edcc,{},2026-01-01 19:36:10.142818+00
e089f779-f2e9-4373-bce4-8fe8612df0c1,f119e457-5bd6-454a-8571-954ae1dabebe,8703fd82-ea7e-461c-bacc-18cd5a7c3d3b,transfer_requested,df3d8ea3-3aa6-4212-a736-6a16b4ecb804,b82c31fb-e089-421b-a0d9-9c5e117bb57f,8703fd82-ea7e-461c-bacc-18cd5a7c3d3b,750c04a5-63c4-42c6-a7c4-b3aa1de4eebf,"{""reason"": ""lab relocation""}",2025-07-11 12:36:10.142818+00
08d0e5ca-3d44-4112-9423-74b1581b172f,f119e457-5bd6-454a-8571-954ae1dabebe,60694a33-64df-4703-bb1f-20bc3948e683,transfer_approved,df3d8ea3-3aa6-4212-a736-6a16b4ecb804,b82c31fb-e089-421b-a0d9-9c5e117bb57f,8703fd82-ea7e-461c-bacc-18cd5a7c3d3b,750c04a5-63c4-42c6-a7c4-b3aa1de4eebf,"{""approved_by_role"": ""asset_admin""}",2025-07-11 18:36:10.142818+00
4cb67cbf-a210-4af1-8c58-b251797493d4,f119e457-5bd6-454a-8571-954ae1dabebe,60694a33-64df-4703-bb1f-20bc3948e683,location_changed,df3d8ea3-3aa6-4212-a736-6a16b4ecb804,b82c31fb-e089-421b-a0d9-9c5e117bb57f,,,{},2025-07-11 19:36:10.142818+00
380131e8-43e7-498f-ac38-1a5c4860081a,f119e457-5bd6-454a-8571-954ae1dabebe,60694a33-64df-4703-bb1f-20bc3948e683,custody_changed,,,8703fd82-ea7e-461c-bacc-18cd5a7c3d3b,750c04a5-63c4-42c6-a7c4-b3aa1de4eebf,{},2025-07-11 19:36:10.142818+00
65fdb6aa-f209-4e1e-b939-1b7157311036,5cfc3af1-69c9-4cbc-b8a2-d02787ae490c,1c4df881-cca6-49a3-9b2e-6a87a781ef63,transfer_requested,01ff8df6-208a-40fd-bc27-a79a4733d467,87c202bd-5d44-4042-accc-214381d58ab5,1c4df881-cca6-49a3-9b2e-6a87a781ef63,05d038a0-b4a2-40fb-9ac6-eecfcf9cda47,"{""reason"": ""department reorganisation""}",2024-01-29 12:36:10.142818+00
92e28ff6-8105-4f4e-a46f-283ee927d01c,5cfc3af1-69c9-4cbc-b8a2-d02787ae490c,60694a33-64df-4703-bb1f-20bc3948e683,transfer_approved,01ff8df6-208a-40fd-bc27-a79a4733d467,87c202bd-5d44-4042-accc-214381d58ab5,1c4df881-cca6-49a3-9b2e-6a87a781ef63,05d038a0-b4a2-40fb-9ac6-eecfcf9cda47,"{""approved_by_role"": ""asset_admin""}",2024-01-29 18:36:10.142818+00
1a0e2dfa-1d95-4f72-bac4-56b4265f5b83,5cfc3af1-69c9-4cbc-b8a2-d02787ae490c,60694a33-64df-4703-bb1f-20bc3948e683,location_changed,01ff8df6-208a-40fd-bc27-a79a4733d467,87c202bd-5d44-4042-accc-214381d58ab5,,,{},2024-01-29 19:36:10.142818+00
d491fc73-c9e7-4790-9349-38e5d99eabac,5cfc3af1-69c9-4cbc-b8a2-d02787ae490c,60694a33-64df-4703-bb1f-20bc3948e683,custody_changed,,,1c4df881-cca6-49a3-9b2e-6a87a781ef63,05d038a0-b4a2-40fb-9ac6-eecfcf9cda47,{},2024-01-29 19:36:10.142818+00
212576cd-0dee-433a-a7ac-89e0107dc75d,b5bb0998-6f28-4de8-9c16-f7b0f89a8fab,6ff17eb7-5c04-40ff-83f8-043b4cb1c45c,transfer_requested,aee1dad1-5904-4a33-8893-b1744b8c9818,73fdb59c-ac31-400e-bf53-3b4e19b20c10,6ff17eb7-5c04-40ff-83f8-043b4cb1c45c,176f3f16-3ab1-409e-8c10-9631bea0edcc,"{""reason"": ""room refurbishment""}",2024-03-24 00:00:00+00
7f4c092b-b8b5-41cf-8360-a70d746916bb,b5bb0998-6f28-4de8-9c16-f7b0f89a8fab,60694a33-64df-4703-bb1f-20bc3948e683,transfer_approved,aee1dad1-5904-4a33-8893-b1744b8c9818,73fdb59c-ac31-400e-bf53-3b4e19b20c10,6ff17eb7-5c04-40ff-83f8-043b4cb1c45c,176f3f16-3ab1-409e-8c10-9631bea0edcc,"{""approved_by_role"": ""asset_admin""}",2024-03-24 06:00:00+00
37fc5ebb-20f3-480a-83b1-ac9a9e031e0b,b5bb0998-6f28-4de8-9c16-f7b0f89a8fab,60694a33-64df-4703-bb1f-20bc3948e683,location_changed,aee1dad1-5904-4a33-8893-b1744b8c9818,73fdb59c-ac31-400e-bf53-3b4e19b20c10,,,{},2024-03-24 07:00:00+00
a72acc95-0142-4311-b892-5a2a98bd3ee7,b5bb0998-6f28-4de8-9c16-f7b0f89a8fab,60694a33-64df-4703-bb1f-20bc3948e683,custody_changed,,,6ff17eb7-5c04-40ff-83f8-043b4cb1c45c,176f3f16-3ab1-409e-8c10-9631bea0edcc,{},2024-03-24 07:00:00+00
77c46830-a026-4146-b6fc-32e2c0e40c16,705c5a2b-c805-4e10-a24e-21003aea575a,8703fd82-ea7e-461c-bacc-18cd5a7c3d3b,transfer_requested,df3d8ea3-3aa6-4212-a736-6a16b4ecb804,ed0c4695-23ba-41bb-bb52-4fc110fc0fde,8703fd82-ea7e-461c-bacc-18cd5a7c3d3b,1c4df881-cca6-49a3-9b2e-6a87a781ef63,"{""reason"": ""department reorganisation""}",2025-02-26 12:36:10.142818+00
099f0851-3d1b-4e6f-8b35-87c2ad706143,705c5a2b-c805-4e10-a24e-21003aea575a,60694a33-64df-4703-bb1f-20bc3948e683,transfer_approved,df3d8ea3-3aa6-4212-a736-6a16b4ecb804,ed0c4695-23ba-41bb-bb52-4fc110fc0fde,8703fd82-ea7e-461c-bacc-18cd5a7c3d3b,1c4df881-cca6-49a3-9b2e-6a87a781ef63,"{""approved_by_role"": ""asset_admin""}",2025-02-26 18:36:10.142818+00
4fd4dadc-bb9a-4e28-bc5f-7b4fb57afcfd,705c5a2b-c805-4e10-a24e-21003aea575a,60694a33-64df-4703-bb1f-20bc3948e683,location_changed,df3d8ea3-3aa6-4212-a736-6a16b4ecb804,ed0c4695-23ba-41bb-bb52-4fc110fc0fde,,,{},2025-02-26 19:36:10.142818+00
233883d4-6e1d-4560-a760-c4b83e26420a,705c5a2b-c805-4e10-a24e-21003aea575a,60694a33-64df-4703-bb1f-20bc3948e683,custody_changed,,,8703fd82-ea7e-461c-bacc-18cd5a7c3d3b,1c4df881-cca6-49a3-9b2e-6a87a781ef63,{},2025-02-26 19:36:10.142818+00
379e5c55-f413-43d6-b87a-d5c44241af58,6ee3f64c-dbc6-43bd-9038-4e46f80f61e7,750c04a5-63c4-42c6-a7c4-b3aa1de4eebf,transfer_requested,af21c725-bf6f-4560-aa7b-6019030410ea,0807df48-ba0b-4ac3-ba93-906a9ddd9acb,750c04a5-63c4-42c6-a7c4-b3aa1de4eebf,8703fd82-ea7e-461c-bacc-18cd5a7c3d3b,"{""reason"": ""room refurbishment""}",2024-04-14 12:36:10.142818+00
e63e3871-e7a9-4474-9abd-d49c3e41a1e6,6ee3f64c-dbc6-43bd-9038-4e46f80f61e7,60694a33-64df-4703-bb1f-20bc3948e683,transfer_approved,af21c725-bf6f-4560-aa7b-6019030410ea,0807df48-ba0b-4ac3-ba93-906a9ddd9acb,750c04a5-63c4-42c6-a7c4-b3aa1de4eebf,8703fd82-ea7e-461c-bacc-18cd5a7c3d3b,"{""approved_by_role"": ""asset_admin""}",2024-04-14 18:36:10.142818+00
b6fed419-7314-4c73-8473-a778dcf49a4d,6ee3f64c-dbc6-43bd-9038-4e46f80f61e7,60694a33-64df-4703-bb1f-20bc3948e683,location_changed,af21c725-bf6f-4560-aa7b-6019030410ea,0807df48-ba0b-4ac3-ba93-906a9ddd9acb,,,{},2024-04-14 19:36:10.142818+00
91fdaded-7ffa-45d9-869b-792f50e4c1c8,6ee3f64c-dbc6-43bd-9038-4e46f80f61e7,60694a33-64df-4703-bb1f-20bc3948e683,custody_changed,,,750c04a5-63c4-42c6-a7c4-b3aa1de4eebf,8703fd82-ea7e-461c-bacc-18cd5a7c3d3b,{},2024-04-14 19:36:10.142818+00
ab7debf2-b323-45ec-90e4-3c5ba68b446c,6ee3f64c-dbc6-43bd-9038-4e46f80f61e7,8703fd82-ea7e-461c-bacc-18cd5a7c3d3b,transfer_requested,0807df48-ba0b-4ac3-ba93-906a9ddd9acb,b9ee01aa-284d-41fc-92e0-1e2c29704a3b,8703fd82-ea7e-461c-bacc-18cd5a7c3d3b,750c04a5-63c4-42c6-a7c4-b3aa1de4eebf,"{""reason"": ""lab relocation""}",2023-12-28 12:36:10.142818+00
76865c51-64b4-4124-bf7b-79a03e966b8e,6ee3f64c-dbc6-43bd-9038-4e46f80f61e7,60694a33-64df-4703-bb1f-20bc3948e683,transfer_approved,0807df48-ba0b-4ac3-ba93-906a9ddd9acb,b9ee01aa-284d-41fc-92e0-1e2c29704a3b,8703fd82-ea7e-461c-bacc-18cd5a7c3d3b,750c04a5-63c4-42c6-a7c4-b3aa1de4eebf,"{""approved_by_role"": ""asset_admin""}",2023-12-28 18:36:10.142818+00
2202ef5e-9325-4497-85c0-a7012dfacec1,6ee3f64c-dbc6-43bd-9038-4e46f80f61e7,60694a33-64df-4703-bb1f-20bc3948e683,location_changed,0807df48-ba0b-4ac3-ba93-906a9ddd9acb,b9ee01aa-284d-41fc-92e0-1e2c29704a3b,,,{},2023-12-28 19:36:10.142818+00
6caaea31-981b-4e2b-ac4d-1f656360abb1,6ee3f64c-dbc6-43bd-9038-4e46f80f61e7,60694a33-64df-4703-bb1f-20bc3948e683,custody_changed,,,8703fd82-ea7e-461c-bacc-18cd5a7c3d3b,750c04a5-63c4-42c6-a7c4-b3aa1de4eebf,{},2023-12-28 19:36:10.142818+00
afd9a140-6125-4028-8e8b-d6adab3f3243,208e425b-b6b6-4230-ae64-59cb64d5691e,176f3f16-3ab1-409e-8c10-9631bea0edcc,transfer_requested,2d3df51d-7064-4e69-9149-61bba0212bb9,1234f84e-b9c0-4ae7-a4a5-d80ccaff9edd,176f3f16-3ab1-409e-8c10-9631bea0edcc,05d038a0-b4a2-40fb-9ac6-eecfcf9cda47,"{""reason"": ""department reorganisation""}",2025-05-14 00:00:00+00
cd11c712-f147-4840-a1ea-33a941e167d6,208e425b-b6b6-4230-ae64-59cb64d5691e,60694a33-64df-4703-bb1f-20bc3948e683,transfer_approved,2d3df51d-7064-4e69-9149-61bba0212bb9,1234f84e-b9c0-4ae7-a4a5-d80ccaff9edd,176f3f16-3ab1-409e-8c10-9631bea0edcc,05d038a0-b4a2-40fb-9ac6-eecfcf9cda47,"{""approved_by_role"": ""asset_admin""}",2025-05-14 06:00:00+00
a9aa12c4-242a-48d6-a960-44e29bab0d05,208e425b-b6b6-4230-ae64-59cb64d5691e,60694a33-64df-4703-bb1f-20bc3948e683,location_changed,2d3df51d-7064-4e69-9149-61bba0212bb9,1234f84e-b9c0-4ae7-a4a5-d80ccaff9edd,,,{},2025-05-14 07:00:00+00
f20c3512-3fa5-41b6-9112-dbb30b0a7a34,208e425b-b6b6-4230-ae64-59cb64d5691e,60694a33-64df-4703-bb1f-20bc3948e683,custody_changed,,,176f3f16-3ab1-409e-8c10-9631bea0edcc,05d038a0-b4a2-40fb-9ac6-eecfcf9cda47,{},2025-05-14 07:00:00+00
fb1aedb4-0c13-41a0-81a6-ed74b449ba09,0904bb12-7ee3-42c6-a227-ea8e25578af1,750c04a5-63c4-42c6-a7c4-b3aa1de4eebf,transfer_requested,b82c31fb-e089-421b-a0d9-9c5e117bb57f,faabc42b-93b2-4e8b-9e4d-2abd46f82d9c,750c04a5-63c4-42c6-a7c4-b3aa1de4eebf,176f3f16-3ab1-409e-8c10-9631bea0edcc,"{""reason"": ""room refurbishment""}",2025-02-07 00:00:00+00
66979bfc-5d38-4a7c-8cc9-4179394f1ef1,0904bb12-7ee3-42c6-a227-ea8e25578af1,60694a33-64df-4703-bb1f-20bc3948e683,transfer_approved,b82c31fb-e089-421b-a0d9-9c5e117bb57f,faabc42b-93b2-4e8b-9e4d-2abd46f82d9c,750c04a5-63c4-42c6-a7c4-b3aa1de4eebf,176f3f16-3ab1-409e-8c10-9631bea0edcc,"{""approved_by_role"": ""asset_admin""}",2025-02-07 06:00:00+00
6d380c4e-cf7f-4017-a44f-4f73a3185e5c,0904bb12-7ee3-42c6-a227-ea8e25578af1,60694a33-64df-4703-bb1f-20bc3948e683,location_changed,b82c31fb-e089-421b-a0d9-9c5e117bb57f,faabc42b-93b2-4e8b-9e4d-2abd46f82d9c,,,{},2025-02-07 07:00:00+00
48e4042c-c6be-40ea-8a8c-e5367adc4a14,0904bb12-7ee3-42c6-a227-ea8e25578af1,60694a33-64df-4703-bb1f-20bc3948e683,custody_changed,,,750c04a5-63c4-42c6-a7c4-b3aa1de4eebf,176f3f16-3ab1-409e-8c10-9631bea0edcc,{},2025-02-07 07:00:00+00
e0f799c0-e863-45f6-b440-4553cacba745,0904bb12-7ee3-42c6-a227-ea8e25578af1,176f3f16-3ab1-409e-8c10-9631bea0edcc,transfer_requested,faabc42b-93b2-4e8b-9e4d-2abd46f82d9c,ba4b9298-99d3-4aa9-8d04-f4d0d933550d,176f3f16-3ab1-409e-8c10-9631bea0edcc,750c04a5-63c4-42c6-a7c4-b3aa1de4eebf,"{""reason"": ""staff change""}",2026-09-11 12:36:10.142818+00
7d9696ae-fbf3-4730-bb4a-a7def807f012,0904bb12-7ee3-42c6-a227-ea8e25578af1,60694a33-64df-4703-bb1f-20bc3948e683,transfer_approved,faabc42b-93b2-4e8b-9e4d-2abd46f82d9c,ba4b9298-99d3-4aa9-8d04-f4d0d933550d,176f3f16-3ab1-409e-8c10-9631bea0edcc,750c04a5-63c4-42c6-a7c4-b3aa1de4eebf,"{""approved_by_role"": ""asset_admin""}",2026-09-11 18:36:10.142818+00
28c8415c-2212-4e64-9354-dd263314613c,0904bb12-7ee3-42c6-a227-ea8e25578af1,60694a33-64df-4703-bb1f-20bc3948e683,location_changed,faabc42b-93b2-4e8b-9e4d-2abd46f82d9c,ba4b9298-99d3-4aa9-8d04-f4d0d933550d,,,{},2026-09-11 19:36:10.142818+00
f6e5dc39-ea4c-4352-9941-9cef27ddfeff,0904bb12-7ee3-42c6-a227-ea8e25578af1,60694a33-64df-4703-bb1f-20bc3948e683,custody_changed,,,176f3f16-3ab1-409e-8c10-9631bea0edcc,750c04a5-63c4-42c6-a7c4-b3aa1de4eebf,{},2026-09-11 19:36:10.142818+00
b9516124-5c8e-44df-8b5e-de564da8368a,f673a17d-c8b6-428b-8939-69282c6e5d8c,750c04a5-63c4-42c6-a7c4-b3aa1de4eebf,transfer_requested,af21c725-bf6f-4560-aa7b-6019030410ea,bf145be9-a3ed-43c6-8b63-9ac65a15909b,750c04a5-63c4-42c6-a7c4-b3aa1de4eebf,1c4df881-cca6-49a3-9b2e-6a87a781ef63,"{""reason"": ""room refurbishment""}",2025-12-21 12:36:10.142818+00
0f7b84f1-0593-4636-87ae-8361db6f6c17,f673a17d-c8b6-428b-8939-69282c6e5d8c,60694a33-64df-4703-bb1f-20bc3948e683,transfer_approved,af21c725-bf6f-4560-aa7b-6019030410ea,bf145be9-a3ed-43c6-8b63-9ac65a15909b,750c04a5-63c4-42c6-a7c4-b3aa1de4eebf,1c4df881-cca6-49a3-9b2e-6a87a781ef63,"{""approved_by_role"": ""asset_admin""}",2025-12-21 18:36:10.142818+00
958d876b-9ce8-48b4-912f-3a7146ef62c2,f673a17d-c8b6-428b-8939-69282c6e5d8c,60694a33-64df-4703-bb1f-20bc3948e683,location_changed,af21c725-bf6f-4560-aa7b-6019030410ea,bf145be9-a3ed-43c6-8b63-9ac65a15909b,,,{},2025-12-21 19:36:10.142818+00
ae7ab794-fc67-412c-9015-7692a673e00e,f673a17d-c8b6-428b-8939-69282c6e5d8c,60694a33-64df-4703-bb1f-20bc3948e683,custody_changed,,,750c04a5-63c4-42c6-a7c4-b3aa1de4eebf,1c4df881-cca6-49a3-9b2e-6a87a781ef63,{},2025-12-21 19:36:10.142818+00
c7da18b5-4044-420c-86ed-03640e6a6d6c,dcb7221f-6af8-4e32-b60a-f83b5c6879e5,05d038a0-b4a2-40fb-9ac6-eecfcf9cda47,transfer_requested,5bac9e47-d100-44c8-b570-0db31ea21fad,faabc42b-93b2-4e8b-9e4d-2abd46f82d9c,05d038a0-b4a2-40fb-9ac6-eecfcf9cda47,176f3f16-3ab1-409e-8c10-9631bea0edcc,"{""reason"": ""department reorganisation""}",2023-11-20 12:36:10.142818+00
0b29ab92-c104-437a-a626-ee70552a7d9a,dcb7221f-6af8-4e32-b60a-f83b5c6879e5,60694a33-64df-4703-bb1f-20bc3948e683,transfer_approved,5bac9e47-d100-44c8-b570-0db31ea21fad,faabc42b-93b2-4e8b-9e4d-2abd46f82d9c,05d038a0-b4a2-40fb-9ac6-eecfcf9cda47,176f3f16-3ab1-409e-8c10-9631bea0edcc,"{""approved_by_role"": ""asset_admin""}",2023-11-20 18:36:10.142818+00
b321b886-601e-4100-b45f-e38c8a3c0c6c,dcb7221f-6af8-4e32-b60a-f83b5c6879e5,60694a33-64df-4703-bb1f-20bc3948e683,location_changed,5bac9e47-d100-44c8-b570-0db31ea21fad,faabc42b-93b2-4e8b-9e4d-2abd46f82d9c,,,{},2023-11-20 19:36:10.142818+00
8de48d9d-0d88-46f1-92b3-da83cc965cc5,dcb7221f-6af8-4e32-b60a-f83b5c6879e5,60694a33-64df-4703-bb1f-20bc3948e683,custody_changed,,,05d038a0-b4a2-40fb-9ac6-eecfcf9cda47,176f3f16-3ab1-409e-8c10-9631bea0edcc,{},2023-11-20 19:36:10.142818+00
d6481795-09b4-4da0-aafb-98c54e18dfc8,dcb7221f-6af8-4e32-b60a-f83b5c6879e5,176f3f16-3ab1-409e-8c10-9631bea0edcc,transfer_requested,faabc42b-93b2-4e8b-9e4d-2abd46f82d9c,ba4b9298-99d3-4aa9-8d04-f4d0d933550d,176f3f16-3ab1-409e-8c10-9631bea0edcc,750c04a5-63c4-42c6-a7c4-b3aa1de4eebf,"{""reason"": ""lab relocation""}",2024-07-23 12:36:10.142818+00
6d47253c-ea89-47fc-a5b3-336f34fc1342,dcb7221f-6af8-4e32-b60a-f83b5c6879e5,60694a33-64df-4703-bb1f-20bc3948e683,transfer_approved,faabc42b-93b2-4e8b-9e4d-2abd46f82d9c,ba4b9298-99d3-4aa9-8d04-f4d0d933550d,176f3f16-3ab1-409e-8c10-9631bea0edcc,750c04a5-63c4-42c6-a7c4-b3aa1de4eebf,"{""approved_by_role"": ""asset_admin""}",2024-07-23 18:36:10.142818+00
40553cb1-b227-4054-b427-789d5fda9645,dcb7221f-6af8-4e32-b60a-f83b5c6879e5,60694a33-64df-4703-bb1f-20bc3948e683,location_changed,faabc42b-93b2-4e8b-9e4d-2abd46f82d9c,ba4b9298-99d3-4aa9-8d04-f4d0d933550d,,,{},2024-07-23 19:36:10.142818+00
76e861db-1e0e-4931-adb5-78c2c94f92e8,dcb7221f-6af8-4e32-b60a-f83b5c6879e5,60694a33-64df-4703-bb1f-20bc3948e683,custody_changed,,,176f3f16-3ab1-409e-8c10-9631bea0edcc,750c04a5-63c4-42c6-a7c4-b3aa1de4eebf,{},2024-07-23 19:36:10.142818+00
6240d869-4655-41c8-be5e-1f30b0e112f3,c5abff57-b36f-45b9-87a2-4217ccab877b,05d038a0-b4a2-40fb-9ac6-eecfcf9cda47,transfer_requested,3288eed1-6ae3-45da-acb7-12c603a5bfed,b82c31fb-e089-421b-a0d9-9c5e117bb57f,05d038a0-b4a2-40fb-9ac6-eecfcf9cda47,750c04a5-63c4-42c6-a7c4-b3aa1de4eebf,"{""reason"": ""room refurbishment""}",2024-09-16 12:36:10.142818+00
ac5373a2-6d1c-4508-ad46-614886dd7cb9,c5abff57-b36f-45b9-87a2-4217ccab877b,60694a33-64df-4703-bb1f-20bc3948e683,transfer_approved,3288eed1-6ae3-45da-acb7-12c603a5bfed,b82c31fb-e089-421b-a0d9-9c5e117bb57f,05d038a0-b4a2-40fb-9ac6-eecfcf9cda47,750c04a5-63c4-42c6-a7c4-b3aa1de4eebf,"{""approved_by_role"": ""asset_admin""}",2024-09-16 18:36:10.142818+00
bc5407e7-fcfc-4e2f-97eb-6b938989f9cc,c5abff57-b36f-45b9-87a2-4217ccab877b,60694a33-64df-4703-bb1f-20bc3948e683,location_changed,3288eed1-6ae3-45da-acb7-12c603a5bfed,b82c31fb-e089-421b-a0d9-9c5e117bb57f,,,{},2024-09-16 19:36:10.142818+00
ea028138-2f6d-45ea-8300-cd82bc349161,c5abff57-b36f-45b9-87a2-4217ccab877b,60694a33-64df-4703-bb1f-20bc3948e683,custody_changed,,,05d038a0-b4a2-40fb-9ac6-eecfcf9cda47,750c04a5-63c4-42c6-a7c4-b3aa1de4eebf,{},2024-09-16 19:36:10.142818+00
34acbf5e-9b2f-4a56-b09f-8d8b58e16c72,3d90a462-fed8-47bf-a23e-2cdeb2156e0d,6ff17eb7-5c04-40ff-83f8-043b4cb1c45c,transfer_requested,9c9b191e-d225-40f7-8f83-7360ac682d26,7d91cdbd-8e9f-4416-aff0-b59104bd3dee,6ff17eb7-5c04-40ff-83f8-043b4cb1c45c,750c04a5-63c4-42c6-a7c4-b3aa1de4eebf,"{""reason"": ""department reorganisation""}",2026-03-08 12:36:10.142818+00
524db477-cfc6-4580-8186-a1b35898415c,3d90a462-fed8-47bf-a23e-2cdeb2156e0d,60694a33-64df-4703-bb1f-20bc3948e683,transfer_approved,9c9b191e-d225-40f7-8f83-7360ac682d26,7d91cdbd-8e9f-4416-aff0-b59104bd3dee,6ff17eb7-5c04-40ff-83f8-043b4cb1c45c,750c04a5-63c4-42c6-a7c4-b3aa1de4eebf,"{""approved_by_role"": ""asset_admin""}",2026-03-08 18:36:10.142818+00
22c49ff9-0195-4ea2-b1e9-ae1f8f5b1b7d,3d90a462-fed8-47bf-a23e-2cdeb2156e0d,60694a33-64df-4703-bb1f-20bc3948e683,location_changed,9c9b191e-d225-40f7-8f83-7360ac682d26,7d91cdbd-8e9f-4416-aff0-b59104bd3dee,,,{},2026-03-08 19:36:10.142818+00
55ccaadf-17a2-4a58-8ef0-65df2fb2db20,3d90a462-fed8-47bf-a23e-2cdeb2156e0d,60694a33-64df-4703-bb1f-20bc3948e683,custody_changed,,,6ff17eb7-5c04-40ff-83f8-043b4cb1c45c,750c04a5-63c4-42c6-a7c4-b3aa1de4eebf,{},2026-03-08 19:36:10.142818+00
b950e1e3-b6af-438a-bea8-329c893ba0ec,5b4809a7-4f15-46fb-b133-afd4a28a73f9,176f3f16-3ab1-409e-8c10-9631bea0edcc,transfer_requested,1396d3ba-cbf5-462b-9ba0-f055e43663f9,df3d8ea3-3aa6-4212-a736-6a16b4ecb804,176f3f16-3ab1-409e-8c10-9631bea0edcc,8703fd82-ea7e-461c-bacc-18cd5a7c3d3b,"{""reason"": ""department reorganisation""}",2025-06-15 00:00:00+00
4022c835-b3d4-4dc9-a754-8a4d24026a20,5b4809a7-4f15-46fb-b133-afd4a28a73f9,60694a33-64df-4703-bb1f-20bc3948e683,transfer_approved,1396d3ba-cbf5-462b-9ba0-f055e43663f9,df3d8ea3-3aa6-4212-a736-6a16b4ecb804,176f3f16-3ab1-409e-8c10-9631bea0edcc,8703fd82-ea7e-461c-bacc-18cd5a7c3d3b,"{""approved_by_role"": ""asset_admin""}",2025-06-15 06:00:00+00
084ff5a7-57ab-4057-b10c-b467a291490c,5b4809a7-4f15-46fb-b133-afd4a28a73f9,60694a33-64df-4703-bb1f-20bc3948e683,location_changed,1396d3ba-cbf5-462b-9ba0-f055e43663f9,df3d8ea3-3aa6-4212-a736-6a16b4ecb804,,,{},2025-06-15 07:00:00+00
2e3afa91-e881-49c8-a8f8-367544cbc087,5b4809a7-4f15-46fb-b133-afd4a28a73f9,60694a33-64df-4703-bb1f-20bc3948e683,custody_changed,,,176f3f16-3ab1-409e-8c10-9631bea0edcc,8703fd82-ea7e-461c-bacc-18cd5a7c3d3b,{},2025-06-15 07:00:00+00
68a413e0-238e-4c7c-a0e4-682f291a7bd8,e3ca20a7-3a04-4b03-b11b-ebd573ac0b16,750c04a5-63c4-42c6-a7c4-b3aa1de4eebf,transfer_requested,ba4b9298-99d3-4aa9-8d04-f4d0d933550d,67bdcd67-117b-453f-88c9-25b12a0565e7,750c04a5-63c4-42c6-a7c4-b3aa1de4eebf,1c4df881-cca6-49a3-9b2e-6a87a781ef63,"{""reason"": ""department reorganisation""}",2024-01-29 12:36:10.142818+00
7b614418-01f8-401c-9b51-dbaba0daf20e,e3ca20a7-3a04-4b03-b11b-ebd573ac0b16,60694a33-64df-4703-bb1f-20bc3948e683,transfer_approved,ba4b9298-99d3-4aa9-8d04-f4d0d933550d,67bdcd67-117b-453f-88c9-25b12a0565e7,750c04a5-63c4-42c6-a7c4-b3aa1de4eebf,1c4df881-cca6-49a3-9b2e-6a87a781ef63,"{""approved_by_role"": ""asset_admin""}",2024-01-29 18:36:10.142818+00
ed2052fd-ab27-4eea-bb7f-4e026bc4c913,e3ca20a7-3a04-4b03-b11b-ebd573ac0b16,60694a33-64df-4703-bb1f-20bc3948e683,location_changed,ba4b9298-99d3-4aa9-8d04-f4d0d933550d,67bdcd67-117b-453f-88c9-25b12a0565e7,,,{},2024-01-29 19:36:10.142818+00
b003f3bc-04aa-43ba-8ff1-bb17293a8d54,e3ca20a7-3a04-4b03-b11b-ebd573ac0b16,60694a33-64df-4703-bb1f-20bc3948e683,custody_changed,,,750c04a5-63c4-42c6-a7c4-b3aa1de4eebf,1c4df881-cca6-49a3-9b2e-6a87a781ef63,{},2024-01-29 19:36:10.142818+00
253d140b-dedd-4976-b0b1-cacebea377b2,e3ca20a7-3a04-4b03-b11b-ebd573ac0b16,1c4df881-cca6-49a3-9b2e-6a87a781ef63,transfer_requested,67bdcd67-117b-453f-88c9-25b12a0565e7,fd093c49-0da4-4fb9-b4ca-3354e21aeeed,1c4df881-cca6-49a3-9b2e-6a87a781ef63,176f3f16-3ab1-409e-8c10-9631bea0edcc,"{""reason"": ""room refurbishment""}",2023-11-18 12:36:10.142818+00
3c7eb4c6-c2b9-439e-81ac-8fb3bb3ad0f0,e3ca20a7-3a04-4b03-b11b-ebd573ac0b16,60694a33-64df-4703-bb1f-20bc3948e683,transfer_approved,67bdcd67-117b-453f-88c9-25b12a0565e7,fd093c49-0da4-4fb9-b4ca-3354e21aeeed,1c4df881-cca6-49a3-9b2e-6a87a781ef63,176f3f16-3ab1-409e-8c10-9631bea0edcc,"{""approved_by_role"": ""asset_admin""}",2023-11-18 18:36:10.142818+00
dc73e069-5a2e-4f9a-bcd1-6cf86c67d804,e3ca20a7-3a04-4b03-b11b-ebd573ac0b16,60694a33-64df-4703-bb1f-20bc3948e683,location_changed,67bdcd67-117b-453f-88c9-25b12a0565e7,fd093c49-0da4-4fb9-b4ca-3354e21aeeed,,,{},2023-11-18 19:36:10.142818+00
1b19deb6-ba87-41d7-adc2-fce871bd7cf2,e3ca20a7-3a04-4b03-b11b-ebd573ac0b16,60694a33-64df-4703-bb1f-20bc3948e683,custody_changed,,,1c4df881-cca6-49a3-9b2e-6a87a781ef63,176f3f16-3ab1-409e-8c10-9631bea0edcc,{},2023-11-18 19:36:10.142818+00
5e24002e-ccdc-4f90-83fa-db6ef2e0353f,7e17f67a-33f4-4f80-b984-1a3286ff1ea6,176f3f16-3ab1-409e-8c10-9631bea0edcc,transfer_requested,93723cd6-95df-412a-ae14-7ffbe9982442,ce1019d0-93ab-4aad-a9c1-504e7de174b1,176f3f16-3ab1-409e-8c10-9631bea0edcc,6ff17eb7-5c04-40ff-83f8-043b4cb1c45c,"{""reason"": ""department reorganisation""}",2025-08-28 00:00:00+00
f659a5c8-94cf-49e5-93cc-b9168fde8641,7e17f67a-33f4-4f80-b984-1a3286ff1ea6,60694a33-64df-4703-bb1f-20bc3948e683,transfer_approved,93723cd6-95df-412a-ae14-7ffbe9982442,ce1019d0-93ab-4aad-a9c1-504e7de174b1,176f3f16-3ab1-409e-8c10-9631bea0edcc,6ff17eb7-5c04-40ff-83f8-043b4cb1c45c,"{""approved_by_role"": ""asset_admin""}",2025-08-28 06:00:00+00
1dd4864a-6398-4876-8bd7-1af2ea0a9663,7e17f67a-33f4-4f80-b984-1a3286ff1ea6,60694a33-64df-4703-bb1f-20bc3948e683,location_changed,93723cd6-95df-412a-ae14-7ffbe9982442,ce1019d0-93ab-4aad-a9c1-504e7de174b1,,,{},2025-08-28 07:00:00+00
b5447d25-cb10-49a8-8971-7fa9f49cafba,7e17f67a-33f4-4f80-b984-1a3286ff1ea6,60694a33-64df-4703-bb1f-20bc3948e683,custody_changed,,,176f3f16-3ab1-409e-8c10-9631bea0edcc,6ff17eb7-5c04-40ff-83f8-043b4cb1c45c,{},2025-08-28 07:00:00+00
1b285c52-dcd5-4636-9a15-14b47759fc6c,98626642-760f-4c56-be38-4909419ce830,750c04a5-63c4-42c6-a7c4-b3aa1de4eebf,transfer_requested,02bca8b1-2624-4782-8cf9-81f6abe4f201,8ce58e75-8b56-44e0-b303-308ab877a282,750c04a5-63c4-42c6-a7c4-b3aa1de4eebf,1c4df881-cca6-49a3-9b2e-6a87a781ef63,"{""reason"": ""staff change""}",2026-07-19 00:00:00+00
e0bc26c9-6f68-49cf-b0b3-f065a463025c,98626642-760f-4c56-be38-4909419ce830,60694a33-64df-4703-bb1f-20bc3948e683,transfer_approved,02bca8b1-2624-4782-8cf9-81f6abe4f201,8ce58e75-8b56-44e0-b303-308ab877a282,750c04a5-63c4-42c6-a7c4-b3aa1de4eebf,1c4df881-cca6-49a3-9b2e-6a87a781ef63,"{""approved_by_role"": ""asset_admin""}",2026-07-19 06:00:00+00
6596d994-e590-42ea-b1fa-0199acd3cfe8,98626642-760f-4c56-be38-4909419ce830,60694a33-64df-4703-bb1f-20bc3948e683,location_changed,02bca8b1-2624-4782-8cf9-81f6abe4f201,8ce58e75-8b56-44e0-b303-308ab877a282,,,{},2026-07-19 07:00:00+00
b680215c-da8c-480c-a07d-f44409ed058e,98626642-760f-4c56-be38-4909419ce830,60694a33-64df-4703-bb1f-20bc3948e683,custody_changed,,,750c04a5-63c4-42c6-a7c4-b3aa1de4eebf,1c4df881-cca6-49a3-9b2e-6a87a781ef63,{},2026-07-19 07:00:00+00
e8ffdede-9ffb-4b4c-be32-3cedc1b5fc96,19376259-e7c6-474d-a274-b4a7dd0aa995,8703fd82-ea7e-461c-bacc-18cd5a7c3d3b,transfer_requested,4f677013-b830-462d-a160-59ec1cdb41ec,418ec156-f12e-4b21-8e3c-9546e326d2f3,8703fd82-ea7e-461c-bacc-18cd5a7c3d3b,1c4df881-cca6-49a3-9b2e-6a87a781ef63,"{""reason"": ""department reorganisation""}",2024-01-25 12:36:10.142818+00
6e4514e4-c8d8-42af-a5fa-28df9d65e01d,19376259-e7c6-474d-a274-b4a7dd0aa995,60694a33-64df-4703-bb1f-20bc3948e683,transfer_approved,4f677013-b830-462d-a160-59ec1cdb41ec,418ec156-f12e-4b21-8e3c-9546e326d2f3,8703fd82-ea7e-461c-bacc-18cd5a7c3d3b,1c4df881-cca6-49a3-9b2e-6a87a781ef63,"{""approved_by_role"": ""asset_admin""}",2024-01-25 18:36:10.142818+00
cc42f265-5e2c-43e5-9653-56c40a84c7c9,19376259-e7c6-474d-a274-b4a7dd0aa995,60694a33-64df-4703-bb1f-20bc3948e683,location_changed,4f677013-b830-462d-a160-59ec1cdb41ec,418ec156-f12e-4b21-8e3c-9546e326d2f3,,,{},2024-01-25 19:36:10.142818+00
d923fba9-2e21-45ed-ad2e-332654981ce5,19376259-e7c6-474d-a274-b4a7dd0aa995,60694a33-64df-4703-bb1f-20bc3948e683,custody_changed,,,8703fd82-ea7e-461c-bacc-18cd5a7c3d3b,1c4df881-cca6-49a3-9b2e-6a87a781ef63,{},2024-01-25 19:36:10.142818+00
9ace7b52-97f5-4e0a-9e14-cda3a079d689,dc0fc700-5aa9-4efc-9307-56f149b156a7,8703fd82-ea7e-461c-bacc-18cd5a7c3d3b,transfer_requested,4c2ec75b-86b2-44fa-94e9-0ac0abe593cc,5bac9e47-d100-44c8-b570-0db31ea21fad,8703fd82-ea7e-461c-bacc-18cd5a7c3d3b,05d038a0-b4a2-40fb-9ac6-eecfcf9cda47,"{""reason"": ""lab relocation""}",2024-08-27 12:36:10.142818+00
812c7147-0f62-428a-9132-24264b6095cb,dc0fc700-5aa9-4efc-9307-56f149b156a7,60694a33-64df-4703-bb1f-20bc3948e683,transfer_approved,4c2ec75b-86b2-44fa-94e9-0ac0abe593cc,5bac9e47-d100-44c8-b570-0db31ea21fad,8703fd82-ea7e-461c-bacc-18cd5a7c3d3b,05d038a0-b4a2-40fb-9ac6-eecfcf9cda47,"{""approved_by_role"": ""asset_admin""}",2024-08-27 18:36:10.142818+00
803a2134-d274-4e54-baff-48fe77da2335,dc0fc700-5aa9-4efc-9307-56f149b156a7,60694a33-64df-4703-bb1f-20bc3948e683,location_changed,4c2ec75b-86b2-44fa-94e9-0ac0abe593cc,5bac9e47-d100-44c8-b570-0db31ea21fad,,,{},2024-08-27 19:36:10.142818+00
57e9b0f0-9ef0-4a82-88fb-76272298073c,dc0fc700-5aa9-4efc-9307-56f149b156a7,60694a33-64df-4703-bb1f-20bc3948e683,custody_changed,,,8703fd82-ea7e-461c-bacc-18cd5a7c3d3b,05d038a0-b4a2-40fb-9ac6-eecfcf9cda47,{},2024-08-27 19:36:10.142818+00
15333013-2eb7-4f72-b64e-3684124e5fc0,dc0fc700-5aa9-4efc-9307-56f149b156a7,05d038a0-b4a2-40fb-9ac6-eecfcf9cda47,transfer_requested,5bac9e47-d100-44c8-b570-0db31ea21fad,bf145be9-a3ed-43c6-8b63-9ac65a15909b,05d038a0-b4a2-40fb-9ac6-eecfcf9cda47,1c4df881-cca6-49a3-9b2e-6a87a781ef63,"{""reason"": ""lab relocation""}",2026-01-26 12:36:10.142818+00
4f726b31-f2ff-482d-b726-9b54e63ee817,dc0fc700-5aa9-4efc-9307-56f149b156a7,60694a33-64df-4703-bb1f-20bc3948e683,transfer_approved,5bac9e47-d100-44c8-b570-0db31ea21fad,bf145be9-a3ed-43c6-8b63-9ac65a15909b,05d038a0-b4a2-40fb-9ac6-eecfcf9cda47,1c4df881-cca6-49a3-9b2e-6a87a781ef63,"{""approved_by_role"": ""asset_admin""}",2026-01-26 18:36:10.142818+00
f1a19365-df5a-498e-a9e6-002cbfc71bba,dc0fc700-5aa9-4efc-9307-56f149b156a7,60694a33-64df-4703-bb1f-20bc3948e683,location_changed,5bac9e47-d100-44c8-b570-0db31ea21fad,bf145be9-a3ed-43c6-8b63-9ac65a15909b,,,{},2026-01-26 19:36:10.142818+00
9e413ecf-5930-4890-9bde-f9e893fcacac,dc0fc700-5aa9-4efc-9307-56f149b156a7,60694a33-64df-4703-bb1f-20bc3948e683,custody_changed,,,05d038a0-b4a2-40fb-9ac6-eecfcf9cda47,1c4df881-cca6-49a3-9b2e-6a87a781ef63,{},2026-01-26 19:36:10.142818+00
d1306b35-fecf-481d-84cf-1f5ea67af446,3ce9eaa4-4252-40cd-a354-288ba4a4d128,6ff17eb7-5c04-40ff-83f8-043b4cb1c45c,transfer_requested,0a9ffe3b-a3e2-439e-a1a8-f299379438e2,42a0fa0c-5355-4ca9-b2c2-a1b6993ee48b,6ff17eb7-5c04-40ff-83f8-043b4cb1c45c,8703fd82-ea7e-461c-bacc-18cd5a7c3d3b,"{""reason"": ""lab relocation""}",2024-04-07 12:36:10.142818+00
af1f7c78-80af-4614-859e-d87a5ac134c0,3ce9eaa4-4252-40cd-a354-288ba4a4d128,60694a33-64df-4703-bb1f-20bc3948e683,transfer_approved,0a9ffe3b-a3e2-439e-a1a8-f299379438e2,42a0fa0c-5355-4ca9-b2c2-a1b6993ee48b,6ff17eb7-5c04-40ff-83f8-043b4cb1c45c,8703fd82-ea7e-461c-bacc-18cd5a7c3d3b,"{""approved_by_role"": ""asset_admin""}",2024-04-07 18:36:10.142818+00
b4bc5091-ffc8-4e16-9352-8a5346e4c310,3ce9eaa4-4252-40cd-a354-288ba4a4d128,60694a33-64df-4703-bb1f-20bc3948e683,location_changed,0a9ffe3b-a3e2-439e-a1a8-f299379438e2,42a0fa0c-5355-4ca9-b2c2-a1b6993ee48b,,,{},2024-04-07 19:36:10.142818+00
710658d6-2145-4849-91bb-03dfce5c6be2,3ce9eaa4-4252-40cd-a354-288ba4a4d128,60694a33-64df-4703-bb1f-20bc3948e683,custody_changed,,,6ff17eb7-5c04-40ff-83f8-043b4cb1c45c,8703fd82-ea7e-461c-bacc-18cd5a7c3d3b,{},2024-04-07 19:36:10.142818+00
908c7040-98af-491c-a278-8b3532552c6d,3ce9eaa4-4252-40cd-a354-288ba4a4d128,8703fd82-ea7e-461c-bacc-18cd5a7c3d3b,transfer_requested,42a0fa0c-5355-4ca9-b2c2-a1b6993ee48b,87c202bd-5d44-4042-accc-214381d58ab5,8703fd82-ea7e-461c-bacc-18cd5a7c3d3b,05d038a0-b4a2-40fb-9ac6-eecfcf9cda47,"{""reason"": ""lab relocation""}",2025-02-14 12:36:10.142818+00
4113dca0-65ca-4d4a-b2ed-e5ad89943b77,3ce9eaa4-4252-40cd-a354-288ba4a4d128,60694a33-64df-4703-bb1f-20bc3948e683,transfer_approved,42a0fa0c-5355-4ca9-b2c2-a1b6993ee48b,87c202bd-5d44-4042-accc-214381d58ab5,8703fd82-ea7e-461c-bacc-18cd5a7c3d3b,05d038a0-b4a2-40fb-9ac6-eecfcf9cda47,"{""approved_by_role"": ""asset_admin""}",2025-02-14 18:36:10.142818+00
2245d636-e4de-4076-8e51-9634181b419c,3ce9eaa4-4252-40cd-a354-288ba4a4d128,60694a33-64df-4703-bb1f-20bc3948e683,location_changed,42a0fa0c-5355-4ca9-b2c2-a1b6993ee48b,87c202bd-5d44-4042-accc-214381d58ab5,,,{},2025-02-14 19:36:10.142818+00
ffc907d6-353e-454b-886e-62ccdcac0388,3ce9eaa4-4252-40cd-a354-288ba4a4d128,60694a33-64df-4703-bb1f-20bc3948e683,custody_changed,,,8703fd82-ea7e-461c-bacc-18cd5a7c3d3b,05d038a0-b4a2-40fb-9ac6-eecfcf9cda47,{},2025-02-14 19:36:10.142818+00
8ac751d9-712a-4740-ba9f-849a075d5bf6,bb567931-c2a0-435a-9c53-b9a5fd409f8a,6ff17eb7-5c04-40ff-83f8-043b4cb1c45c,transfer_requested,023a8b57-58c8-49be-b50f-d5bf95d912a1,67bdcd67-117b-453f-88c9-25b12a0565e7,6ff17eb7-5c04-40ff-83f8-043b4cb1c45c,1c4df881-cca6-49a3-9b2e-6a87a781ef63,"{""reason"": ""department reorganisation""}",2026-02-08 12:36:10.142818+00
2a747f13-0520-4e82-86b5-8f89d157b0f3,bb567931-c2a0-435a-9c53-b9a5fd409f8a,60694a33-64df-4703-bb1f-20bc3948e683,transfer_approved,023a8b57-58c8-49be-b50f-d5bf95d912a1,67bdcd67-117b-453f-88c9-25b12a0565e7,6ff17eb7-5c04-40ff-83f8-043b4cb1c45c,1c4df881-cca6-49a3-9b2e-6a87a781ef63,"{""approved_by_role"": ""asset_admin""}",2026-02-08 18:36:10.142818+00
29f37815-548d-4c89-8b07-b4427f5bde33,bb567931-c2a0-435a-9c53-b9a5fd409f8a,60694a33-64df-4703-bb1f-20bc3948e683,location_changed,023a8b57-58c8-49be-b50f-d5bf95d912a1,67bdcd67-117b-453f-88c9-25b12a0565e7,,,{},2026-02-08 19:36:10.142818+00
d045f973-ab9f-4333-a93b-f401fef198ba,bb567931-c2a0-435a-9c53-b9a5fd409f8a,60694a33-64df-4703-bb1f-20bc3948e683,custody_changed,,,6ff17eb7-5c04-40ff-83f8-043b4cb1c45c,1c4df881-cca6-49a3-9b2e-6a87a781ef63,{},2026-02-08 19:36:10.142818+00
b2eb1003-4cf6-4145-ae08-904f80b27838,b4e30e96-1933-41e2-9ffd-614c7b67316a,750c04a5-63c4-42c6-a7c4-b3aa1de4eebf,transfer_requested,7d91cdbd-8e9f-4416-aff0-b59104bd3dee,02bca8b1-2624-4782-8cf9-81f6abe4f201,750c04a5-63c4-42c6-a7c4-b3aa1de4eebf,750c04a5-63c4-42c6-a7c4-b3aa1de4eebf,"{""reason"": ""lab relocation""}",2023-09-28 12:36:10.142818+00
3016f11d-88b9-4b17-9299-00dbd8bee013,b4e30e96-1933-41e2-9ffd-614c7b67316a,60694a33-64df-4703-bb1f-20bc3948e683,transfer_approved,7d91cdbd-8e9f-4416-aff0-b59104bd3dee,02bca8b1-2624-4782-8cf9-81f6abe4f201,750c04a5-63c4-42c6-a7c4-b3aa1de4eebf,750c04a5-63c4-42c6-a7c4-b3aa1de4eebf,"{""approved_by_role"": ""asset_admin""}",2023-09-28 18:36:10.142818+00
edf30783-9f8f-4589-911b-867518fad55a,b4e30e96-1933-41e2-9ffd-614c7b67316a,60694a33-64df-4703-bb1f-20bc3948e683,location_changed,7d91cdbd-8e9f-4416-aff0-b59104bd3dee,02bca8b1-2624-4782-8cf9-81f6abe4f201,,,{},2023-09-28 19:36:10.142818+00
1858d735-3d38-475b-8ffb-6bcb94342f45,b4e30e96-1933-41e2-9ffd-614c7b67316a,750c04a5-63c4-42c6-a7c4-b3aa1de4eebf,transfer_requested,02bca8b1-2624-4782-8cf9-81f6abe4f201,1396d3ba-cbf5-462b-9ba0-f055e43663f9,750c04a5-63c4-42c6-a7c4-b3aa1de4eebf,176f3f16-3ab1-409e-8c10-9631bea0edcc,"{""reason"": ""lab relocation""}",2025-03-06 12:36:10.142818+00
2a530817-6d60-4853-8ce3-b4bc0e627a6f,b4e30e96-1933-41e2-9ffd-614c7b67316a,60694a33-64df-4703-bb1f-20bc3948e683,transfer_approved,02bca8b1-2624-4782-8cf9-81f6abe4f201,1396d3ba-cbf5-462b-9ba0-f055e43663f9,750c04a5-63c4-42c6-a7c4-b3aa1de4eebf,176f3f16-3ab1-409e-8c10-9631bea0edcc,"{""approved_by_role"": ""asset_admin""}",2025-03-06 18:36:10.142818+00
64757f5a-74fc-4b79-acc7-82825f2bb239,b4e30e96-1933-41e2-9ffd-614c7b67316a,60694a33-64df-4703-bb1f-20bc3948e683,location_changed,02bca8b1-2624-4782-8cf9-81f6abe4f201,1396d3ba-cbf5-462b-9ba0-f055e43663f9,,,{},2025-03-06 19:36:10.142818+00
e45375f0-a5f0-4635-8cd0-aba5e7f4c5f9,b4e30e96-1933-41e2-9ffd-614c7b67316a,60694a33-64df-4703-bb1f-20bc3948e683,custody_changed,,,750c04a5-63c4-42c6-a7c4-b3aa1de4eebf,176f3f16-3ab1-409e-8c10-9631bea0edcc,{},2025-03-06 19:36:10.142818+00
c29eb094-05c3-49e6-a79f-d80bf8635da0,0fc29b73-82f0-491f-b0b8-7e2eaa9010e4,750c04a5-63c4-42c6-a7c4-b3aa1de4eebf,transfer_requested,b9ee01aa-284d-41fc-92e0-1e2c29704a3b,226f67de-eecb-4041-b2fd-00c436b1b82f,750c04a5-63c4-42c6-a7c4-b3aa1de4eebf,1c4df881-cca6-49a3-9b2e-6a87a781ef63,"{""reason"": ""room refurbishment""}",2024-09-13 12:36:10.142818+00
8fe796ad-b59d-49da-9fdf-1d2515d83a13,0fc29b73-82f0-491f-b0b8-7e2eaa9010e4,60694a33-64df-4703-bb1f-20bc3948e683,transfer_approved,b9ee01aa-284d-41fc-92e0-1e2c29704a3b,226f67de-eecb-4041-b2fd-00c436b1b82f,750c04a5-63c4-42c6-a7c4-b3aa1de4eebf,1c4df881-cca6-49a3-9b2e-6a87a781ef63,"{""approved_by_role"": ""asset_admin""}",2024-09-13 18:36:10.142818+00
9612ee75-4385-4750-8ed7-b265a047644a,0fc29b73-82f0-491f-b0b8-7e2eaa9010e4,60694a33-64df-4703-bb1f-20bc3948e683,location_changed,b9ee01aa-284d-41fc-92e0-1e2c29704a3b,226f67de-eecb-4041-b2fd-00c436b1b82f,,,{},2024-09-13 19:36:10.142818+00
d3ccd8e3-65c1-4fa0-b656-bb182cdd7b37,0fc29b73-82f0-491f-b0b8-7e2eaa9010e4,60694a33-64df-4703-bb1f-20bc3948e683,custody_changed,,,750c04a5-63c4-42c6-a7c4-b3aa1de4eebf,1c4df881-cca6-49a3-9b2e-6a87a781ef63,{},2024-09-13 19:36:10.142818+00
98e24b08-21dc-4137-b8bf-7a9ded62793a,0fc29b73-82f0-491f-b0b8-7e2eaa9010e4,1c4df881-cca6-49a3-9b2e-6a87a781ef63,transfer_requested,226f67de-eecb-4041-b2fd-00c436b1b82f,bf145be9-a3ed-43c6-8b63-9ac65a15909b,1c4df881-cca6-49a3-9b2e-6a87a781ef63,1c4df881-cca6-49a3-9b2e-6a87a781ef63,"{""reason"": ""department reorganisation""}",2025-10-14 12:36:10.142818+00
a103fbc9-15e7-4d58-b706-d39990f2948c,0fc29b73-82f0-491f-b0b8-7e2eaa9010e4,60694a33-64df-4703-bb1f-20bc3948e683,transfer_approved,226f67de-eecb-4041-b2fd-00c436b1b82f,bf145be9-a3ed-43c6-8b63-9ac65a15909b,1c4df881-cca6-49a3-9b2e-6a87a781ef63,1c4df881-cca6-49a3-9b2e-6a87a781ef63,"{""approved_by_role"": ""asset_admin""}",2025-10-14 18:36:10.142818+00
69b8eac8-eb0f-48c5-902e-462eab2d3f04,0fc29b73-82f0-491f-b0b8-7e2eaa9010e4,60694a33-64df-4703-bb1f-20bc3948e683,location_changed,226f67de-eecb-4041-b2fd-00c436b1b82f,bf145be9-a3ed-43c6-8b63-9ac65a15909b,,,{},2025-10-14 19:36:10.142818+00
230620b1-3088-466f-a2e3-4de52104abf4,15b13eef-3186-47a2-8ae9-2a2bc925632b,05d038a0-b4a2-40fb-9ac6-eecfcf9cda47,transfer_requested,1234f84e-b9c0-4ae7-a4a5-d80ccaff9edd,fd093c49-0da4-4fb9-b4ca-3354e21aeeed,05d038a0-b4a2-40fb-9ac6-eecfcf9cda47,176f3f16-3ab1-409e-8c10-9631bea0edcc,"{""reason"": ""staff change""}",2026-05-29 00:00:00+00
9cb675cd-fa67-4fff-9ac7-917ddd8e17e2,15b13eef-3186-47a2-8ae9-2a2bc925632b,60694a33-64df-4703-bb1f-20bc3948e683,transfer_approved,1234f84e-b9c0-4ae7-a4a5-d80ccaff9edd,fd093c49-0da4-4fb9-b4ca-3354e21aeeed,05d038a0-b4a2-40fb-9ac6-eecfcf9cda47,176f3f16-3ab1-409e-8c10-9631bea0edcc,"{""approved_by_role"": ""asset_admin""}",2026-05-29 06:00:00+00
309d6b21-73fd-46d2-8e60-24bb7f7595cf,15b13eef-3186-47a2-8ae9-2a2bc925632b,60694a33-64df-4703-bb1f-20bc3948e683,location_changed,1234f84e-b9c0-4ae7-a4a5-d80ccaff9edd,fd093c49-0da4-4fb9-b4ca-3354e21aeeed,,,{},2026-05-29 07:00:00+00
4384d127-ff0e-45f9-b4c9-7365f69a5611,15b13eef-3186-47a2-8ae9-2a2bc925632b,60694a33-64df-4703-bb1f-20bc3948e683,custody_changed,,,05d038a0-b4a2-40fb-9ac6-eecfcf9cda47,176f3f16-3ab1-409e-8c10-9631bea0edcc,{},2026-05-29 07:00:00+00
35cc92e2-1c69-41cd-8702-b1c3a9768624,06624745-a046-4355-82c3-608dd9eb74f9,6ff17eb7-5c04-40ff-83f8-043b4cb1c45c,transfer_requested,8090e173-233a-4c47-9778-d4fe6f272e43,faabc42b-93b2-4e8b-9e4d-2abd46f82d9c,6ff17eb7-5c04-40ff-83f8-043b4cb1c45c,176f3f16-3ab1-409e-8c10-9631bea0edcc,"{""reason"": ""department reorganisation""}",2025-03-22 12:36:10.142818+00
8cfeeb28-56dc-4d2e-9ccc-4266f3860c94,06624745-a046-4355-82c3-608dd9eb74f9,60694a33-64df-4703-bb1f-20bc3948e683,transfer_approved,8090e173-233a-4c47-9778-d4fe6f272e43,faabc42b-93b2-4e8b-9e4d-2abd46f82d9c,6ff17eb7-5c04-40ff-83f8-043b4cb1c45c,176f3f16-3ab1-409e-8c10-9631bea0edcc,"{""approved_by_role"": ""asset_admin""}",2025-03-22 18:36:10.142818+00
3447bc2c-7a44-4763-b0dc-374b6c483272,06624745-a046-4355-82c3-608dd9eb74f9,60694a33-64df-4703-bb1f-20bc3948e683,location_changed,8090e173-233a-4c47-9778-d4fe6f272e43,faabc42b-93b2-4e8b-9e4d-2abd46f82d9c,,,{},2025-03-22 19:36:10.142818+00
4aa2cb1a-f2a8-407e-ad09-4cfacb74a80b,06624745-a046-4355-82c3-608dd9eb74f9,60694a33-64df-4703-bb1f-20bc3948e683,custody_changed,,,6ff17eb7-5c04-40ff-83f8-043b4cb1c45c,176f3f16-3ab1-409e-8c10-9631bea0edcc,{},2025-03-22 19:36:10.142818+00
f2f7bd92-d83d-4dfc-a7d6-c1aff70a11e6,06624745-a046-4355-82c3-608dd9eb74f9,176f3f16-3ab1-409e-8c10-9631bea0edcc,transfer_requested,faabc42b-93b2-4e8b-9e4d-2abd46f82d9c,85499f3b-df0c-46e7-b412-0e86014d2d23,176f3f16-3ab1-409e-8c10-9631bea0edcc,8703fd82-ea7e-461c-bacc-18cd5a7c3d3b,"{""reason"": ""lab relocation""}",2025-08-12 12:36:10.142818+00
2447caf0-8b8e-4833-9c94-4e771775a293,06624745-a046-4355-82c3-608dd9eb74f9,60694a33-64df-4703-bb1f-20bc3948e683,transfer_approved,faabc42b-93b2-4e8b-9e4d-2abd46f82d9c,85499f3b-df0c-46e7-b412-0e86014d2d23,176f3f16-3ab1-409e-8c10-9631bea0edcc,8703fd82-ea7e-461c-bacc-18cd5a7c3d3b,"{""approved_by_role"": ""asset_admin""}",2025-08-12 18:36:10.142818+00
1c1308c0-b60b-4715-a10f-cc4d9e41338e,06624745-a046-4355-82c3-608dd9eb74f9,60694a33-64df-4703-bb1f-20bc3948e683,location_changed,faabc42b-93b2-4e8b-9e4d-2abd46f82d9c,85499f3b-df0c-46e7-b412-0e86014d2d23,,,{},2025-08-12 19:36:10.142818+00
8198ab5d-b2dd-4eaf-9b55-84ee71276ec8,06624745-a046-4355-82c3-608dd9eb74f9,60694a33-64df-4703-bb1f-20bc3948e683,custody_changed,,,176f3f16-3ab1-409e-8c10-9631bea0edcc,8703fd82-ea7e-461c-bacc-18cd5a7c3d3b,{},2025-08-12 19:36:10.142818+00
dbc92b9b-04a2-4fb5-835c-7faa1e1a3d09,3e06ea64-6076-4b71-ad89-42bc0b61986d,1c4df881-cca6-49a3-9b2e-6a87a781ef63,transfer_requested,418ec156-f12e-4b21-8e3c-9546e326d2f3,1396d3ba-cbf5-462b-9ba0-f055e43663f9,1c4df881-cca6-49a3-9b2e-6a87a781ef63,176f3f16-3ab1-409e-8c10-9631bea0edcc,"{""reason"": ""lab relocation""}",2025-04-05 12:36:10.142818+00
7385503d-df3f-4d06-9d44-abfdfefd9cf1,3e06ea64-6076-4b71-ad89-42bc0b61986d,60694a33-64df-4703-bb1f-20bc3948e683,transfer_approved,418ec156-f12e-4b21-8e3c-9546e326d2f3,1396d3ba-cbf5-462b-9ba0-f055e43663f9,1c4df881-cca6-49a3-9b2e-6a87a781ef63,176f3f16-3ab1-409e-8c10-9631bea0edcc,"{""approved_by_role"": ""asset_admin""}",2025-04-05 18:36:10.142818+00
829649b0-8a76-4354-a9c9-9f0f3067ac7e,3e06ea64-6076-4b71-ad89-42bc0b61986d,60694a33-64df-4703-bb1f-20bc3948e683,location_changed,418ec156-f12e-4b21-8e3c-9546e326d2f3,1396d3ba-cbf5-462b-9ba0-f055e43663f9,,,{},2025-04-05 19:36:10.142818+00
58f53229-e500-46b2-bf35-92841c56e9ff,3e06ea64-6076-4b71-ad89-42bc0b61986d,60694a33-64df-4703-bb1f-20bc3948e683,custody_changed,,,1c4df881-cca6-49a3-9b2e-6a87a781ef63,176f3f16-3ab1-409e-8c10-9631bea0edcc,{},2025-04-05 19:36:10.142818+00
0baad35f-55a0-4e93-b2a5-7e8b956b2811,5f8c097d-479b-4729-8172-b86640868e2e,60694a33-64df-4703-bb1f-20bc3948e683,location_changed,a6ec99b6-0c5e-460f-9bcc-b385a07737c1,faabc42b-93b2-4e8b-9e4d-2abd46f82d9c,,,{},2026-05-18 07:00:00+00
9857c66f-b697-4760-bea9-e7eb589da9e7,3e06ea64-6076-4b71-ad89-42bc0b61986d,176f3f16-3ab1-409e-8c10-9631bea0edcc,transfer_requested,1396d3ba-cbf5-462b-9ba0-f055e43663f9,df3d8ea3-3aa6-4212-a736-6a16b4ecb804,176f3f16-3ab1-409e-8c10-9631bea0edcc,8703fd82-ea7e-461c-bacc-18cd5a7c3d3b,"{""reason"": ""department reorganisation""}",2023-12-18 12:36:10.142818+00
b3d60ab6-1ca0-444a-b0f6-adc07849853c,3e06ea64-6076-4b71-ad89-42bc0b61986d,60694a33-64df-4703-bb1f-20bc3948e683,transfer_approved,1396d3ba-cbf5-462b-9ba0-f055e43663f9,df3d8ea3-3aa6-4212-a736-6a16b4ecb804,176f3f16-3ab1-409e-8c10-9631bea0edcc,8703fd82-ea7e-461c-bacc-18cd5a7c3d3b,"{""approved_by_role"": ""asset_admin""}",2023-12-18 18:36:10.142818+00
22ceffbf-d57b-4867-9771-8f496176e258,3e06ea64-6076-4b71-ad89-42bc0b61986d,60694a33-64df-4703-bb1f-20bc3948e683,location_changed,1396d3ba-cbf5-462b-9ba0-f055e43663f9,df3d8ea3-3aa6-4212-a736-6a16b4ecb804,,,{},2023-12-18 19:36:10.142818+00
2d72ad4f-9620-43df-976a-21eb29bccc0b,3e06ea64-6076-4b71-ad89-42bc0b61986d,60694a33-64df-4703-bb1f-20bc3948e683,custody_changed,,,176f3f16-3ab1-409e-8c10-9631bea0edcc,8703fd82-ea7e-461c-bacc-18cd5a7c3d3b,{},2023-12-18 19:36:10.142818+00
befa70fb-ca34-4fd6-b595-56e750c39e93,a5b79db8-1d3b-4a94-9623-2d3fb1999e87,6ff17eb7-5c04-40ff-83f8-043b4cb1c45c,transfer_requested,8090e173-233a-4c47-9778-d4fe6f272e43,0a9ffe3b-a3e2-439e-a1a8-f299379438e2,6ff17eb7-5c04-40ff-83f8-043b4cb1c45c,6ff17eb7-5c04-40ff-83f8-043b4cb1c45c,"{""reason"": ""lab relocation""}",2024-07-27 12:36:10.142818+00
104b51f3-77f1-4f3e-9e85-4115d87165dc,a5b79db8-1d3b-4a94-9623-2d3fb1999e87,60694a33-64df-4703-bb1f-20bc3948e683,transfer_approved,8090e173-233a-4c47-9778-d4fe6f272e43,0a9ffe3b-a3e2-439e-a1a8-f299379438e2,6ff17eb7-5c04-40ff-83f8-043b4cb1c45c,6ff17eb7-5c04-40ff-83f8-043b4cb1c45c,"{""approved_by_role"": ""asset_admin""}",2024-07-27 18:36:10.142818+00
288aa00d-bfed-4d91-8ed7-d00c62bf6581,a5b79db8-1d3b-4a94-9623-2d3fb1999e87,60694a33-64df-4703-bb1f-20bc3948e683,location_changed,8090e173-233a-4c47-9778-d4fe6f272e43,0a9ffe3b-a3e2-439e-a1a8-f299379438e2,,,{},2024-07-27 19:36:10.142818+00
bc4b3eb8-0a96-4be2-87b5-44de5da6a77f,70bbe4d2-7c10-4be7-bf34-781164f9f6e8,6ff17eb7-5c04-40ff-83f8-043b4cb1c45c,transfer_requested,8090e173-233a-4c47-9778-d4fe6f272e43,7d91cdbd-8e9f-4416-aff0-b59104bd3dee,6ff17eb7-5c04-40ff-83f8-043b4cb1c45c,750c04a5-63c4-42c6-a7c4-b3aa1de4eebf,"{""reason"": ""department reorganisation""}",2024-11-23 12:36:10.142818+00
5f567a18-67b7-4a8e-b4aa-1935ee667d95,70bbe4d2-7c10-4be7-bf34-781164f9f6e8,60694a33-64df-4703-bb1f-20bc3948e683,transfer_approved,8090e173-233a-4c47-9778-d4fe6f272e43,7d91cdbd-8e9f-4416-aff0-b59104bd3dee,6ff17eb7-5c04-40ff-83f8-043b4cb1c45c,750c04a5-63c4-42c6-a7c4-b3aa1de4eebf,"{""approved_by_role"": ""asset_admin""}",2024-11-23 18:36:10.142818+00
15fe845c-6b2d-43fe-97f9-32f64eb33f89,70bbe4d2-7c10-4be7-bf34-781164f9f6e8,60694a33-64df-4703-bb1f-20bc3948e683,location_changed,8090e173-233a-4c47-9778-d4fe6f272e43,7d91cdbd-8e9f-4416-aff0-b59104bd3dee,,,{},2024-11-23 19:36:10.142818+00
2f1aa480-7f2f-4473-bd98-01397914f4f7,70bbe4d2-7c10-4be7-bf34-781164f9f6e8,60694a33-64df-4703-bb1f-20bc3948e683,custody_changed,,,6ff17eb7-5c04-40ff-83f8-043b4cb1c45c,750c04a5-63c4-42c6-a7c4-b3aa1de4eebf,{},2024-11-23 19:36:10.142818+00
6bc0222a-1828-4705-889b-8bb402f5b224,70bbe4d2-7c10-4be7-bf34-781164f9f6e8,750c04a5-63c4-42c6-a7c4-b3aa1de4eebf,transfer_requested,7d91cdbd-8e9f-4416-aff0-b59104bd3dee,1234f84e-b9c0-4ae7-a4a5-d80ccaff9edd,750c04a5-63c4-42c6-a7c4-b3aa1de4eebf,05d038a0-b4a2-40fb-9ac6-eecfcf9cda47,"{""reason"": ""room refurbishment""}",2025-08-28 12:36:10.142818+00
b008564a-f0a4-4da9-9fa4-0db3f3fb3b3e,70bbe4d2-7c10-4be7-bf34-781164f9f6e8,60694a33-64df-4703-bb1f-20bc3948e683,transfer_approved,7d91cdbd-8e9f-4416-aff0-b59104bd3dee,1234f84e-b9c0-4ae7-a4a5-d80ccaff9edd,750c04a5-63c4-42c6-a7c4-b3aa1de4eebf,05d038a0-b4a2-40fb-9ac6-eecfcf9cda47,"{""approved_by_role"": ""asset_admin""}",2025-08-28 18:36:10.142818+00
d7144034-2a6a-477a-a488-9c6728c5528f,70bbe4d2-7c10-4be7-bf34-781164f9f6e8,60694a33-64df-4703-bb1f-20bc3948e683,location_changed,7d91cdbd-8e9f-4416-aff0-b59104bd3dee,1234f84e-b9c0-4ae7-a4a5-d80ccaff9edd,,,{},2025-08-28 19:36:10.142818+00
cb05fb6e-e9f5-4e06-b459-fcb260a24c5d,70bbe4d2-7c10-4be7-bf34-781164f9f6e8,60694a33-64df-4703-bb1f-20bc3948e683,custody_changed,,,750c04a5-63c4-42c6-a7c4-b3aa1de4eebf,05d038a0-b4a2-40fb-9ac6-eecfcf9cda47,{},2025-08-28 19:36:10.142818+00
c28ffdfe-729c-457f-afd0-6e604bb32ab6,0cd380da-7e0d-4741-9dca-9231f00f845e,8703fd82-ea7e-461c-bacc-18cd5a7c3d3b,transfer_requested,b685a49b-8c4c-437f-9738-80d6a2ab8af5,1234f84e-b9c0-4ae7-a4a5-d80ccaff9edd,8703fd82-ea7e-461c-bacc-18cd5a7c3d3b,05d038a0-b4a2-40fb-9ac6-eecfcf9cda47,"{""reason"": ""room refurbishment""}",2026-09-11 12:36:10.142818+00
cb0f2be8-e036-488e-ab5f-40e5dc22dfb7,0cd380da-7e0d-4741-9dca-9231f00f845e,60694a33-64df-4703-bb1f-20bc3948e683,transfer_approved,b685a49b-8c4c-437f-9738-80d6a2ab8af5,1234f84e-b9c0-4ae7-a4a5-d80ccaff9edd,8703fd82-ea7e-461c-bacc-18cd5a7c3d3b,05d038a0-b4a2-40fb-9ac6-eecfcf9cda47,"{""approved_by_role"": ""asset_admin""}",2026-09-11 18:36:10.142818+00
cecdac8e-e2bc-413d-b5a7-20d3ca9e2f1a,0cd380da-7e0d-4741-9dca-9231f00f845e,60694a33-64df-4703-bb1f-20bc3948e683,location_changed,b685a49b-8c4c-437f-9738-80d6a2ab8af5,1234f84e-b9c0-4ae7-a4a5-d80ccaff9edd,,,{},2026-09-11 19:36:10.142818+00
c88e8609-86db-4eb1-992f-28a4e8016219,0cd380da-7e0d-4741-9dca-9231f00f845e,60694a33-64df-4703-bb1f-20bc3948e683,custody_changed,,,8703fd82-ea7e-461c-bacc-18cd5a7c3d3b,05d038a0-b4a2-40fb-9ac6-eecfcf9cda47,{},2026-09-11 19:36:10.142818+00
cad37261-c7b9-4b78-8d70-deb5268c6b02,87b9834f-3c9b-446d-a2c7-acb1961a7c54,750c04a5-63c4-42c6-a7c4-b3aa1de4eebf,transfer_requested,931086a7-6352-430d-894b-6363e4ac4388,75741c19-7bc5-4f13-8bcd-5543dbab11a6,750c04a5-63c4-42c6-a7c4-b3aa1de4eebf,05d038a0-b4a2-40fb-9ac6-eecfcf9cda47,"{""reason"": ""room refurbishment""}",2023-10-20 12:36:10.142818+00
10dc2feb-877f-4f19-acf9-664681524784,87b9834f-3c9b-446d-a2c7-acb1961a7c54,60694a33-64df-4703-bb1f-20bc3948e683,transfer_approved,931086a7-6352-430d-894b-6363e4ac4388,75741c19-7bc5-4f13-8bcd-5543dbab11a6,750c04a5-63c4-42c6-a7c4-b3aa1de4eebf,05d038a0-b4a2-40fb-9ac6-eecfcf9cda47,"{""approved_by_role"": ""asset_admin""}",2023-10-20 18:36:10.142818+00
4de053d4-4f1a-4f1a-8615-b22564fb2875,87b9834f-3c9b-446d-a2c7-acb1961a7c54,60694a33-64df-4703-bb1f-20bc3948e683,location_changed,931086a7-6352-430d-894b-6363e4ac4388,75741c19-7bc5-4f13-8bcd-5543dbab11a6,,,{},2023-10-20 19:36:10.142818+00
39050c0b-e8f3-4f5c-a450-ede3524608d5,87b9834f-3c9b-446d-a2c7-acb1961a7c54,60694a33-64df-4703-bb1f-20bc3948e683,custody_changed,,,750c04a5-63c4-42c6-a7c4-b3aa1de4eebf,05d038a0-b4a2-40fb-9ac6-eecfcf9cda47,{},2023-10-20 19:36:10.142818+00
5a53cad6-917c-4d83-a588-44e3a6071b34,87b9834f-3c9b-446d-a2c7-acb1961a7c54,05d038a0-b4a2-40fb-9ac6-eecfcf9cda47,transfer_requested,75741c19-7bc5-4f13-8bcd-5543dbab11a6,226f67de-eecb-4041-b2fd-00c436b1b82f,05d038a0-b4a2-40fb-9ac6-eecfcf9cda47,1c4df881-cca6-49a3-9b2e-6a87a781ef63,"{""reason"": ""staff change""}",2024-11-28 12:36:10.142818+00
c002a098-d4e8-4ea8-aac1-f7549e4cf140,87b9834f-3c9b-446d-a2c7-acb1961a7c54,60694a33-64df-4703-bb1f-20bc3948e683,transfer_approved,75741c19-7bc5-4f13-8bcd-5543dbab11a6,226f67de-eecb-4041-b2fd-00c436b1b82f,05d038a0-b4a2-40fb-9ac6-eecfcf9cda47,1c4df881-cca6-49a3-9b2e-6a87a781ef63,"{""approved_by_role"": ""asset_admin""}",2024-11-28 18:36:10.142818+00
6024664c-2ecc-4dc7-ad48-05aaca1e15ed,87b9834f-3c9b-446d-a2c7-acb1961a7c54,60694a33-64df-4703-bb1f-20bc3948e683,location_changed,75741c19-7bc5-4f13-8bcd-5543dbab11a6,226f67de-eecb-4041-b2fd-00c436b1b82f,,,{},2024-11-28 19:36:10.142818+00
16becbe5-58d7-4413-a586-fdbfc1d5ab43,87b9834f-3c9b-446d-a2c7-acb1961a7c54,60694a33-64df-4703-bb1f-20bc3948e683,custody_changed,,,05d038a0-b4a2-40fb-9ac6-eecfcf9cda47,1c4df881-cca6-49a3-9b2e-6a87a781ef63,{},2024-11-28 19:36:10.142818+00
12d0c810-8d60-4ba1-bb55-2a6f4022d533,f1d526bd-6c8e-4843-991a-a72d9b467218,176f3f16-3ab1-409e-8c10-9631bea0edcc,transfer_requested,d640dd11-70ae-4fdc-af12-97b61c1003e1,7d91cdbd-8e9f-4416-aff0-b59104bd3dee,176f3f16-3ab1-409e-8c10-9631bea0edcc,750c04a5-63c4-42c6-a7c4-b3aa1de4eebf,"{""reason"": ""department reorganisation""}",2026-03-20 00:00:00+00
7d90f786-5d43-4eca-a68e-bcc25e54a22d,f1d526bd-6c8e-4843-991a-a72d9b467218,60694a33-64df-4703-bb1f-20bc3948e683,transfer_approved,d640dd11-70ae-4fdc-af12-97b61c1003e1,7d91cdbd-8e9f-4416-aff0-b59104bd3dee,176f3f16-3ab1-409e-8c10-9631bea0edcc,750c04a5-63c4-42c6-a7c4-b3aa1de4eebf,"{""approved_by_role"": ""asset_admin""}",2026-03-20 06:00:00+00
61c53e49-3662-4ee0-8c44-f58c34020f73,f1d526bd-6c8e-4843-991a-a72d9b467218,60694a33-64df-4703-bb1f-20bc3948e683,location_changed,d640dd11-70ae-4fdc-af12-97b61c1003e1,7d91cdbd-8e9f-4416-aff0-b59104bd3dee,,,{},2026-03-20 07:00:00+00
7c8cb3c4-0b22-47c0-8331-0e5860556f3e,f1d526bd-6c8e-4843-991a-a72d9b467218,60694a33-64df-4703-bb1f-20bc3948e683,custody_changed,,,176f3f16-3ab1-409e-8c10-9631bea0edcc,750c04a5-63c4-42c6-a7c4-b3aa1de4eebf,{},2026-03-20 07:00:00+00
f268e299-c2d9-44ce-b2a2-c1300799a4df,faf94263-3003-43b6-8daf-84fdd8c41d87,05d038a0-b4a2-40fb-9ac6-eecfcf9cda47,transfer_requested,824bea60-5daa-4553-8a8a-d2d710545d90,8ce58e75-8b56-44e0-b303-308ab877a282,05d038a0-b4a2-40fb-9ac6-eecfcf9cda47,1c4df881-cca6-49a3-9b2e-6a87a781ef63,"{""reason"": ""department reorganisation""}",2026-04-01 00:00:00+00
44cc33e9-caba-4408-abab-b3d71711279a,faf94263-3003-43b6-8daf-84fdd8c41d87,60694a33-64df-4703-bb1f-20bc3948e683,transfer_approved,824bea60-5daa-4553-8a8a-d2d710545d90,8ce58e75-8b56-44e0-b303-308ab877a282,05d038a0-b4a2-40fb-9ac6-eecfcf9cda47,1c4df881-cca6-49a3-9b2e-6a87a781ef63,"{""approved_by_role"": ""asset_admin""}",2026-04-01 06:00:00+00
2cc47910-3ec9-4304-95e9-26c10a366c51,faf94263-3003-43b6-8daf-84fdd8c41d87,60694a33-64df-4703-bb1f-20bc3948e683,location_changed,824bea60-5daa-4553-8a8a-d2d710545d90,8ce58e75-8b56-44e0-b303-308ab877a282,,,{},2026-04-01 07:00:00+00
fca9aa54-6bb5-4978-8c62-d146af249463,faf94263-3003-43b6-8daf-84fdd8c41d87,60694a33-64df-4703-bb1f-20bc3948e683,custody_changed,,,05d038a0-b4a2-40fb-9ac6-eecfcf9cda47,1c4df881-cca6-49a3-9b2e-6a87a781ef63,{},2026-04-01 07:00:00+00
3d10316b-fc3f-4e9c-b8fc-8577aab2b1fb,faf94263-3003-43b6-8daf-84fdd8c41d87,1c4df881-cca6-49a3-9b2e-6a87a781ef63,transfer_requested,8ce58e75-8b56-44e0-b303-308ab877a282,1234f84e-b9c0-4ae7-a4a5-d80ccaff9edd,1c4df881-cca6-49a3-9b2e-6a87a781ef63,05d038a0-b4a2-40fb-9ac6-eecfcf9cda47,"{""reason"": ""lab relocation""}",2026-09-11 12:36:10.142818+00
ad102665-549d-46d9-b274-6fef9462c86a,faf94263-3003-43b6-8daf-84fdd8c41d87,60694a33-64df-4703-bb1f-20bc3948e683,transfer_approved,8ce58e75-8b56-44e0-b303-308ab877a282,1234f84e-b9c0-4ae7-a4a5-d80ccaff9edd,1c4df881-cca6-49a3-9b2e-6a87a781ef63,05d038a0-b4a2-40fb-9ac6-eecfcf9cda47,"{""approved_by_role"": ""asset_admin""}",2026-09-11 18:36:10.142818+00
7fd888df-8d8c-4078-87a1-c980016d9fbd,faf94263-3003-43b6-8daf-84fdd8c41d87,60694a33-64df-4703-bb1f-20bc3948e683,location_changed,8ce58e75-8b56-44e0-b303-308ab877a282,1234f84e-b9c0-4ae7-a4a5-d80ccaff9edd,,,{},2026-09-11 19:36:10.142818+00
289fcf8c-791d-41e7-83b6-d31d70d3bf73,faf94263-3003-43b6-8daf-84fdd8c41d87,60694a33-64df-4703-bb1f-20bc3948e683,custody_changed,,,1c4df881-cca6-49a3-9b2e-6a87a781ef63,05d038a0-b4a2-40fb-9ac6-eecfcf9cda47,{},2026-09-11 19:36:10.142818+00
3b971f55-ca07-44e7-a7ac-f6d87e6d79f8,e223b2f9-09d2-4edc-bc76-8163122571b6,750c04a5-63c4-42c6-a7c4-b3aa1de4eebf,transfer_requested,fdf5ec3c-73f4-4613-932b-6e5cd1d028e1,3288eed1-6ae3-45da-acb7-12c603a5bfed,750c04a5-63c4-42c6-a7c4-b3aa1de4eebf,05d038a0-b4a2-40fb-9ac6-eecfcf9cda47,"{""reason"": ""department reorganisation""}",2024-12-30 12:36:10.142818+00
f2559d55-bd9e-4dc9-884b-6953c7aa276b,e223b2f9-09d2-4edc-bc76-8163122571b6,60694a33-64df-4703-bb1f-20bc3948e683,transfer_approved,fdf5ec3c-73f4-4613-932b-6e5cd1d028e1,3288eed1-6ae3-45da-acb7-12c603a5bfed,750c04a5-63c4-42c6-a7c4-b3aa1de4eebf,05d038a0-b4a2-40fb-9ac6-eecfcf9cda47,"{""approved_by_role"": ""asset_admin""}",2024-12-30 18:36:10.142818+00
4c708667-ce9e-4cbd-8349-bec50308831a,e223b2f9-09d2-4edc-bc76-8163122571b6,60694a33-64df-4703-bb1f-20bc3948e683,location_changed,fdf5ec3c-73f4-4613-932b-6e5cd1d028e1,3288eed1-6ae3-45da-acb7-12c603a5bfed,,,{},2024-12-30 19:36:10.142818+00
d83a920f-a1fc-44b4-a079-4f3b3fdefb4b,e223b2f9-09d2-4edc-bc76-8163122571b6,60694a33-64df-4703-bb1f-20bc3948e683,custody_changed,,,750c04a5-63c4-42c6-a7c4-b3aa1de4eebf,05d038a0-b4a2-40fb-9ac6-eecfcf9cda47,{},2024-12-30 19:36:10.142818+00
13af2edd-9c15-4f43-8922-0f2e41111bd9,ab5bc906-ecb3-4539-baae-74b24206906a,05d038a0-b4a2-40fb-9ac6-eecfcf9cda47,transfer_requested,87c202bd-5d44-4042-accc-214381d58ab5,477a6a8f-fc3e-46c4-9661-b8e18aa51458,05d038a0-b4a2-40fb-9ac6-eecfcf9cda47,8703fd82-ea7e-461c-bacc-18cd5a7c3d3b,"{""reason"": ""lab relocation""}",2026-06-24 00:00:00+00
d68cf4d7-0270-4448-8387-075cfd5695a7,ab5bc906-ecb3-4539-baae-74b24206906a,60694a33-64df-4703-bb1f-20bc3948e683,transfer_approved,87c202bd-5d44-4042-accc-214381d58ab5,477a6a8f-fc3e-46c4-9661-b8e18aa51458,05d038a0-b4a2-40fb-9ac6-eecfcf9cda47,8703fd82-ea7e-461c-bacc-18cd5a7c3d3b,"{""approved_by_role"": ""asset_admin""}",2026-06-24 06:00:00+00
0c57e243-5d5e-43da-a28b-aeedd86536dd,ab5bc906-ecb3-4539-baae-74b24206906a,60694a33-64df-4703-bb1f-20bc3948e683,location_changed,87c202bd-5d44-4042-accc-214381d58ab5,477a6a8f-fc3e-46c4-9661-b8e18aa51458,,,{},2026-06-24 07:00:00+00
2fd5ace2-83cf-40c5-9173-16303d6f9763,ab5bc906-ecb3-4539-baae-74b24206906a,60694a33-64df-4703-bb1f-20bc3948e683,custody_changed,,,05d038a0-b4a2-40fb-9ac6-eecfcf9cda47,8703fd82-ea7e-461c-bacc-18cd5a7c3d3b,{},2026-06-24 07:00:00+00
a0faf016-f89d-4441-91a0-356ba3cf643f,ab5bc906-ecb3-4539-baae-74b24206906a,8703fd82-ea7e-461c-bacc-18cd5a7c3d3b,transfer_requested,477a6a8f-fc3e-46c4-9661-b8e18aa51458,4c2ec75b-86b2-44fa-94e9-0ac0abe593cc,8703fd82-ea7e-461c-bacc-18cd5a7c3d3b,8703fd82-ea7e-461c-bacc-18cd5a7c3d3b,"{""reason"": ""lab relocation""}",2026-04-30 00:00:00+00
13835cb0-23a0-4f11-87a7-37413c500c09,ab5bc906-ecb3-4539-baae-74b24206906a,60694a33-64df-4703-bb1f-20bc3948e683,transfer_approved,477a6a8f-fc3e-46c4-9661-b8e18aa51458,4c2ec75b-86b2-44fa-94e9-0ac0abe593cc,8703fd82-ea7e-461c-bacc-18cd5a7c3d3b,8703fd82-ea7e-461c-bacc-18cd5a7c3d3b,"{""approved_by_role"": ""asset_admin""}",2026-04-30 06:00:00+00
8ff55022-7897-4095-919f-0bfea88cc0e9,ab5bc906-ecb3-4539-baae-74b24206906a,60694a33-64df-4703-bb1f-20bc3948e683,location_changed,477a6a8f-fc3e-46c4-9661-b8e18aa51458,4c2ec75b-86b2-44fa-94e9-0ac0abe593cc,,,{},2026-04-30 07:00:00+00
ba87ea75-2eb6-4d7a-ae87-c3ceb58aa71a,866bf58d-cff4-4719-b726-3357fb436e70,05d038a0-b4a2-40fb-9ac6-eecfcf9cda47,transfer_requested,87c202bd-5d44-4042-accc-214381d58ab5,0a9ffe3b-a3e2-439e-a1a8-f299379438e2,05d038a0-b4a2-40fb-9ac6-eecfcf9cda47,6ff17eb7-5c04-40ff-83f8-043b4cb1c45c,"{""reason"": ""lab relocation""}",2025-12-10 12:36:10.142818+00
63d09f8f-243e-410b-bea7-5fdd43b9975d,866bf58d-cff4-4719-b726-3357fb436e70,60694a33-64df-4703-bb1f-20bc3948e683,transfer_approved,87c202bd-5d44-4042-accc-214381d58ab5,0a9ffe3b-a3e2-439e-a1a8-f299379438e2,05d038a0-b4a2-40fb-9ac6-eecfcf9cda47,6ff17eb7-5c04-40ff-83f8-043b4cb1c45c,"{""approved_by_role"": ""asset_admin""}",2025-12-10 18:36:10.142818+00
41e081ab-f0a6-46ca-9a1c-cae308a9c9c4,866bf58d-cff4-4719-b726-3357fb436e70,60694a33-64df-4703-bb1f-20bc3948e683,location_changed,87c202bd-5d44-4042-accc-214381d58ab5,0a9ffe3b-a3e2-439e-a1a8-f299379438e2,,,{},2025-12-10 19:36:10.142818+00
f33d1ef1-b172-4978-9bbd-cd75263fc4ab,866bf58d-cff4-4719-b726-3357fb436e70,60694a33-64df-4703-bb1f-20bc3948e683,custody_changed,,,05d038a0-b4a2-40fb-9ac6-eecfcf9cda47,6ff17eb7-5c04-40ff-83f8-043b4cb1c45c,{},2025-12-10 19:36:10.142818+00
7de57144-87e4-4a0d-a132-1996a6af8ea2,788bb250-6b48-4e09-88ff-9b97b0e0941c,1c4df881-cca6-49a3-9b2e-6a87a781ef63,transfer_requested,8ce58e75-8b56-44e0-b303-308ab877a282,477a6a8f-fc3e-46c4-9661-b8e18aa51458,1c4df881-cca6-49a3-9b2e-6a87a781ef63,8703fd82-ea7e-461c-bacc-18cd5a7c3d3b,"{""reason"": ""department reorganisation""}",2023-10-07 12:36:10.142818+00
98e0c883-0473-4885-a49b-d3c81bb859ad,788bb250-6b48-4e09-88ff-9b97b0e0941c,60694a33-64df-4703-bb1f-20bc3948e683,transfer_approved,8ce58e75-8b56-44e0-b303-308ab877a282,477a6a8f-fc3e-46c4-9661-b8e18aa51458,1c4df881-cca6-49a3-9b2e-6a87a781ef63,8703fd82-ea7e-461c-bacc-18cd5a7c3d3b,"{""approved_by_role"": ""asset_admin""}",2023-10-07 18:36:10.142818+00
3ef98375-cf5d-4bed-b4e8-67caf46ce580,788bb250-6b48-4e09-88ff-9b97b0e0941c,60694a33-64df-4703-bb1f-20bc3948e683,location_changed,8ce58e75-8b56-44e0-b303-308ab877a282,477a6a8f-fc3e-46c4-9661-b8e18aa51458,,,{},2023-10-07 19:36:10.142818+00
60f11f97-b495-489d-83fc-199f811477cc,788bb250-6b48-4e09-88ff-9b97b0e0941c,60694a33-64df-4703-bb1f-20bc3948e683,custody_changed,,,1c4df881-cca6-49a3-9b2e-6a87a781ef63,8703fd82-ea7e-461c-bacc-18cd5a7c3d3b,{},2023-10-07 19:36:10.142818+00
ee505be2-2be8-4084-b31e-395ce5724d63,788bb250-6b48-4e09-88ff-9b97b0e0941c,8703fd82-ea7e-461c-bacc-18cd5a7c3d3b,transfer_requested,477a6a8f-fc3e-46c4-9661-b8e18aa51458,bf145be9-a3ed-43c6-8b63-9ac65a15909b,8703fd82-ea7e-461c-bacc-18cd5a7c3d3b,1c4df881-cca6-49a3-9b2e-6a87a781ef63,"{""reason"": ""department reorganisation""}",2024-03-02 12:36:10.142818+00
39cc9fbf-f960-419f-89fe-fd86a3ada1d8,788bb250-6b48-4e09-88ff-9b97b0e0941c,60694a33-64df-4703-bb1f-20bc3948e683,transfer_approved,477a6a8f-fc3e-46c4-9661-b8e18aa51458,bf145be9-a3ed-43c6-8b63-9ac65a15909b,8703fd82-ea7e-461c-bacc-18cd5a7c3d3b,1c4df881-cca6-49a3-9b2e-6a87a781ef63,"{""approved_by_role"": ""asset_admin""}",2024-03-02 18:36:10.142818+00
f50f8cae-1b4b-407c-ba17-8c7607fc4708,788bb250-6b48-4e09-88ff-9b97b0e0941c,60694a33-64df-4703-bb1f-20bc3948e683,location_changed,477a6a8f-fc3e-46c4-9661-b8e18aa51458,bf145be9-a3ed-43c6-8b63-9ac65a15909b,,,{},2024-03-02 19:36:10.142818+00
10e39e12-6574-4d3e-9d96-70a73a8990a6,788bb250-6b48-4e09-88ff-9b97b0e0941c,60694a33-64df-4703-bb1f-20bc3948e683,custody_changed,,,8703fd82-ea7e-461c-bacc-18cd5a7c3d3b,1c4df881-cca6-49a3-9b2e-6a87a781ef63,{},2024-03-02 19:36:10.142818+00
f6027b31-08a7-4c59-8504-7a472112c57a,6b923bd3-542e-495c-ad1d-ef5555cc61e6,176f3f16-3ab1-409e-8c10-9631bea0edcc,transfer_requested,a794d2a5-d422-4ca5-97b2-a4c30210ff52,75741c19-7bc5-4f13-8bcd-5543dbab11a6,176f3f16-3ab1-409e-8c10-9631bea0edcc,05d038a0-b4a2-40fb-9ac6-eecfcf9cda47,"{""reason"": ""staff change""}",2024-07-06 12:36:10.142818+00
2aefa61a-9a49-40eb-bb73-fd9bc8599aa5,6b923bd3-542e-495c-ad1d-ef5555cc61e6,60694a33-64df-4703-bb1f-20bc3948e683,transfer_approved,a794d2a5-d422-4ca5-97b2-a4c30210ff52,75741c19-7bc5-4f13-8bcd-5543dbab11a6,176f3f16-3ab1-409e-8c10-9631bea0edcc,05d038a0-b4a2-40fb-9ac6-eecfcf9cda47,"{""approved_by_role"": ""asset_admin""}",2024-07-06 18:36:10.142818+00
775fb817-2e4e-4310-b09e-6c5fa0eac153,6b923bd3-542e-495c-ad1d-ef5555cc61e6,60694a33-64df-4703-bb1f-20bc3948e683,location_changed,a794d2a5-d422-4ca5-97b2-a4c30210ff52,75741c19-7bc5-4f13-8bcd-5543dbab11a6,,,{},2024-07-06 19:36:10.142818+00
b42a22e1-8a0c-4285-8fab-7192d343ae97,6b923bd3-542e-495c-ad1d-ef5555cc61e6,60694a33-64df-4703-bb1f-20bc3948e683,custody_changed,,,176f3f16-3ab1-409e-8c10-9631bea0edcc,05d038a0-b4a2-40fb-9ac6-eecfcf9cda47,{},2024-07-06 19:36:10.142818+00
cc50840f-3e50-435b-9f2b-6b3a3ef30f18,cfefaee4-e424-4c7a-957e-e76ccabe8504,05d038a0-b4a2-40fb-9ac6-eecfcf9cda47,transfer_requested,ad7545d1-5dd0-4c6a-9a2b-f8865e75563f,b9ee01aa-284d-41fc-92e0-1e2c29704a3b,05d038a0-b4a2-40fb-9ac6-eecfcf9cda47,750c04a5-63c4-42c6-a7c4-b3aa1de4eebf,"{""reason"": ""room refurbishment""}",2025-10-18 12:36:10.142818+00
908510d8-cadf-460e-ad2b-327249a55e42,cfefaee4-e424-4c7a-957e-e76ccabe8504,60694a33-64df-4703-bb1f-20bc3948e683,transfer_approved,ad7545d1-5dd0-4c6a-9a2b-f8865e75563f,b9ee01aa-284d-41fc-92e0-1e2c29704a3b,05d038a0-b4a2-40fb-9ac6-eecfcf9cda47,750c04a5-63c4-42c6-a7c4-b3aa1de4eebf,"{""approved_by_role"": ""asset_admin""}",2025-10-18 18:36:10.142818+00
44e610d6-9652-4ef4-b1d3-72397179e90c,cfefaee4-e424-4c7a-957e-e76ccabe8504,60694a33-64df-4703-bb1f-20bc3948e683,location_changed,ad7545d1-5dd0-4c6a-9a2b-f8865e75563f,b9ee01aa-284d-41fc-92e0-1e2c29704a3b,,,{},2025-10-18 19:36:10.142818+00
0778f649-be33-441f-8a2e-d2a93a8a0ada,cfefaee4-e424-4c7a-957e-e76ccabe8504,60694a33-64df-4703-bb1f-20bc3948e683,custody_changed,,,05d038a0-b4a2-40fb-9ac6-eecfcf9cda47,750c04a5-63c4-42c6-a7c4-b3aa1de4eebf,{},2025-10-18 19:36:10.142818+00
99d3b7df-a895-49c7-bf25-cd03ed12f511,80a9c3df-bb15-4fd7-8c87-326df788dfb5,176f3f16-3ab1-409e-8c10-9631bea0edcc,transfer_requested,1396d3ba-cbf5-462b-9ba0-f055e43663f9,5b86b773-2072-4cf6-ac59-aa6ed5c9e277,176f3f16-3ab1-409e-8c10-9631bea0edcc,05d038a0-b4a2-40fb-9ac6-eecfcf9cda47,"{""reason"": ""room refurbishment""}",2025-03-17 00:00:00+00
ca950b3f-9cee-41ba-9ba3-64c6d3068adf,80a9c3df-bb15-4fd7-8c87-326df788dfb5,60694a33-64df-4703-bb1f-20bc3948e683,transfer_approved,1396d3ba-cbf5-462b-9ba0-f055e43663f9,5b86b773-2072-4cf6-ac59-aa6ed5c9e277,176f3f16-3ab1-409e-8c10-9631bea0edcc,05d038a0-b4a2-40fb-9ac6-eecfcf9cda47,"{""approved_by_role"": ""asset_admin""}",2025-03-17 06:00:00+00
b4818fa1-b22d-4b4a-85a6-a95e073bcb33,80a9c3df-bb15-4fd7-8c87-326df788dfb5,60694a33-64df-4703-bb1f-20bc3948e683,location_changed,1396d3ba-cbf5-462b-9ba0-f055e43663f9,5b86b773-2072-4cf6-ac59-aa6ed5c9e277,,,{},2025-03-17 07:00:00+00
94c883a2-81e4-4ab9-a411-bd2359b81162,80a9c3df-bb15-4fd7-8c87-326df788dfb5,60694a33-64df-4703-bb1f-20bc3948e683,custody_changed,,,176f3f16-3ab1-409e-8c10-9631bea0edcc,05d038a0-b4a2-40fb-9ac6-eecfcf9cda47,{},2025-03-17 07:00:00+00
f1ed5174-cfdb-491e-bd57-38008bb3b3be,8c7db0db-6f83-4007-95db-8ac6eca67355,05d038a0-b4a2-40fb-9ac6-eecfcf9cda47,transfer_requested,6be6af1f-cc41-4d06-a82f-74acaf9fff13,c3046ac9-0b25-4639-993e-d7963242f60a,05d038a0-b4a2-40fb-9ac6-eecfcf9cda47,176f3f16-3ab1-409e-8c10-9631bea0edcc,"{""reason"": ""lab relocation""}",2025-02-22 12:36:10.142818+00
f8cd5d8d-4ad6-45ec-a966-fcf738f14a47,8c7db0db-6f83-4007-95db-8ac6eca67355,60694a33-64df-4703-bb1f-20bc3948e683,transfer_approved,6be6af1f-cc41-4d06-a82f-74acaf9fff13,c3046ac9-0b25-4639-993e-d7963242f60a,05d038a0-b4a2-40fb-9ac6-eecfcf9cda47,176f3f16-3ab1-409e-8c10-9631bea0edcc,"{""approved_by_role"": ""asset_admin""}",2025-02-22 18:36:10.142818+00
184b6bdc-45c5-4ae3-a902-998ddb290e35,8c7db0db-6f83-4007-95db-8ac6eca67355,60694a33-64df-4703-bb1f-20bc3948e683,location_changed,6be6af1f-cc41-4d06-a82f-74acaf9fff13,c3046ac9-0b25-4639-993e-d7963242f60a,,,{},2025-02-22 19:36:10.142818+00
92b55885-c444-4215-930e-7afe040dc55a,8c7db0db-6f83-4007-95db-8ac6eca67355,60694a33-64df-4703-bb1f-20bc3948e683,custody_changed,,,05d038a0-b4a2-40fb-9ac6-eecfcf9cda47,176f3f16-3ab1-409e-8c10-9631bea0edcc,{},2025-02-22 19:36:10.142818+00
ad2e63c2-7f33-45a9-92aa-19003521df09,3f9432fa-7e81-4556-9d2c-124f5477fa22,176f3f16-3ab1-409e-8c10-9631bea0edcc,transfer_requested,d640dd11-70ae-4fdc-af12-97b61c1003e1,3288eed1-6ae3-45da-acb7-12c603a5bfed,176f3f16-3ab1-409e-8c10-9631bea0edcc,05d038a0-b4a2-40fb-9ac6-eecfcf9cda47,"{""reason"": ""staff change""}",2024-08-10 12:36:10.142818+00
d95e6b11-440d-4445-9d51-3e48a267e5f3,3f9432fa-7e81-4556-9d2c-124f5477fa22,60694a33-64df-4703-bb1f-20bc3948e683,transfer_approved,d640dd11-70ae-4fdc-af12-97b61c1003e1,3288eed1-6ae3-45da-acb7-12c603a5bfed,176f3f16-3ab1-409e-8c10-9631bea0edcc,05d038a0-b4a2-40fb-9ac6-eecfcf9cda47,"{""approved_by_role"": ""asset_admin""}",2024-08-10 18:36:10.142818+00
752ff374-b708-4c76-b726-02ffeea4a788,3f9432fa-7e81-4556-9d2c-124f5477fa22,60694a33-64df-4703-bb1f-20bc3948e683,location_changed,d640dd11-70ae-4fdc-af12-97b61c1003e1,3288eed1-6ae3-45da-acb7-12c603a5bfed,,,{},2024-08-10 19:36:10.142818+00
a0ce84c6-ab12-4fdf-9ba6-373c6db72844,3f9432fa-7e81-4556-9d2c-124f5477fa22,60694a33-64df-4703-bb1f-20bc3948e683,custody_changed,,,176f3f16-3ab1-409e-8c10-9631bea0edcc,05d038a0-b4a2-40fb-9ac6-eecfcf9cda47,{},2024-08-10 19:36:10.142818+00
7ed7be9e-3326-4900-a527-3777b3034c58,3f9432fa-7e81-4556-9d2c-124f5477fa22,05d038a0-b4a2-40fb-9ac6-eecfcf9cda47,transfer_requested,3288eed1-6ae3-45da-acb7-12c603a5bfed,0807df48-ba0b-4ac3-ba93-906a9ddd9acb,05d038a0-b4a2-40fb-9ac6-eecfcf9cda47,8703fd82-ea7e-461c-bacc-18cd5a7c3d3b,"{""reason"": ""department reorganisation""}",2025-10-04 12:36:10.142818+00
eec03702-39d8-4617-9288-63d9796811b0,3f9432fa-7e81-4556-9d2c-124f5477fa22,60694a33-64df-4703-bb1f-20bc3948e683,transfer_approved,3288eed1-6ae3-45da-acb7-12c603a5bfed,0807df48-ba0b-4ac3-ba93-906a9ddd9acb,05d038a0-b4a2-40fb-9ac6-eecfcf9cda47,8703fd82-ea7e-461c-bacc-18cd5a7c3d3b,"{""approved_by_role"": ""asset_admin""}",2025-10-04 18:36:10.142818+00
b09d6fd3-5262-47d5-90ea-c431d7b9dc79,3f9432fa-7e81-4556-9d2c-124f5477fa22,60694a33-64df-4703-bb1f-20bc3948e683,location_changed,3288eed1-6ae3-45da-acb7-12c603a5bfed,0807df48-ba0b-4ac3-ba93-906a9ddd9acb,,,{},2025-10-04 19:36:10.142818+00
efe0858c-e3e8-4743-9091-b95c69547ad0,3f9432fa-7e81-4556-9d2c-124f5477fa22,60694a33-64df-4703-bb1f-20bc3948e683,custody_changed,,,05d038a0-b4a2-40fb-9ac6-eecfcf9cda47,8703fd82-ea7e-461c-bacc-18cd5a7c3d3b,{},2025-10-04 19:36:10.142818+00
f79aaf66-87dc-4e0a-9480-71327b7087e0,2e348b1b-ebc3-45cc-9e4c-b6e68da6846f,1c4df881-cca6-49a3-9b2e-6a87a781ef63,transfer_requested,8f91eff9-f399-4920-bb43-f748de8dba53,ce1019d0-93ab-4aad-a9c1-504e7de174b1,1c4df881-cca6-49a3-9b2e-6a87a781ef63,6ff17eb7-5c04-40ff-83f8-043b4cb1c45c,"{""reason"": ""department reorganisation""}",2024-09-06 12:36:10.142818+00
ec8b5ff1-b25c-4eac-8ea4-a1184720dd03,2e348b1b-ebc3-45cc-9e4c-b6e68da6846f,60694a33-64df-4703-bb1f-20bc3948e683,transfer_approved,8f91eff9-f399-4920-bb43-f748de8dba53,ce1019d0-93ab-4aad-a9c1-504e7de174b1,1c4df881-cca6-49a3-9b2e-6a87a781ef63,6ff17eb7-5c04-40ff-83f8-043b4cb1c45c,"{""approved_by_role"": ""asset_admin""}",2024-09-06 18:36:10.142818+00
1235a641-b483-48ff-8043-4d813d59077a,2e348b1b-ebc3-45cc-9e4c-b6e68da6846f,60694a33-64df-4703-bb1f-20bc3948e683,location_changed,8f91eff9-f399-4920-bb43-f748de8dba53,ce1019d0-93ab-4aad-a9c1-504e7de174b1,,,{},2024-09-06 19:36:10.142818+00
587ed16f-900f-4378-879c-fdc1835620f1,2e348b1b-ebc3-45cc-9e4c-b6e68da6846f,60694a33-64df-4703-bb1f-20bc3948e683,custody_changed,,,1c4df881-cca6-49a3-9b2e-6a87a781ef63,6ff17eb7-5c04-40ff-83f8-043b4cb1c45c,{},2024-09-06 19:36:10.142818+00
f95cf007-155c-47af-94c1-11bb6f59cb47,2e348b1b-ebc3-45cc-9e4c-b6e68da6846f,6ff17eb7-5c04-40ff-83f8-043b4cb1c45c,transfer_requested,ce1019d0-93ab-4aad-a9c1-504e7de174b1,bf145be9-a3ed-43c6-8b63-9ac65a15909b,6ff17eb7-5c04-40ff-83f8-043b4cb1c45c,1c4df881-cca6-49a3-9b2e-6a87a781ef63,"{""reason"": ""room refurbishment""}",2025-02-01 12:36:10.142818+00
4c6c8144-702a-40ff-a0b7-ee1f9ddb6a86,2e348b1b-ebc3-45cc-9e4c-b6e68da6846f,60694a33-64df-4703-bb1f-20bc3948e683,transfer_approved,ce1019d0-93ab-4aad-a9c1-504e7de174b1,bf145be9-a3ed-43c6-8b63-9ac65a15909b,6ff17eb7-5c04-40ff-83f8-043b4cb1c45c,1c4df881-cca6-49a3-9b2e-6a87a781ef63,"{""approved_by_role"": ""asset_admin""}",2025-02-01 18:36:10.142818+00
489a9fc8-e8f3-4a16-8400-06cbce7d0b4e,2e348b1b-ebc3-45cc-9e4c-b6e68da6846f,60694a33-64df-4703-bb1f-20bc3948e683,location_changed,ce1019d0-93ab-4aad-a9c1-504e7de174b1,bf145be9-a3ed-43c6-8b63-9ac65a15909b,,,{},2025-02-01 19:36:10.142818+00
5b0c9dea-5d6e-42f0-be47-5c3412e05672,2e348b1b-ebc3-45cc-9e4c-b6e68da6846f,60694a33-64df-4703-bb1f-20bc3948e683,custody_changed,,,6ff17eb7-5c04-40ff-83f8-043b4cb1c45c,1c4df881-cca6-49a3-9b2e-6a87a781ef63,{},2025-02-01 19:36:10.142818+00
1d0eb73f-49d7-44fb-95f4-5fcb2035ace1,5f8c097d-479b-4729-8172-b86640868e2e,8703fd82-ea7e-461c-bacc-18cd5a7c3d3b,transfer_requested,a6ec99b6-0c5e-460f-9bcc-b385a07737c1,faabc42b-93b2-4e8b-9e4d-2abd46f82d9c,8703fd82-ea7e-461c-bacc-18cd5a7c3d3b,176f3f16-3ab1-409e-8c10-9631bea0edcc,"{""reason"": ""staff change""}",2026-05-18 00:00:00+00
bcfa6120-c0f2-41e5-9f12-f14401453aa0,5f8c097d-479b-4729-8172-b86640868e2e,60694a33-64df-4703-bb1f-20bc3948e683,transfer_approved,a6ec99b6-0c5e-460f-9bcc-b385a07737c1,faabc42b-93b2-4e8b-9e4d-2abd46f82d9c,8703fd82-ea7e-461c-bacc-18cd5a7c3d3b,176f3f16-3ab1-409e-8c10-9631bea0edcc,"{""approved_by_role"": ""asset_admin""}",2026-05-18 06:00:00+00
f8d9ecd1-7335-49b0-be50-26e144fe407c,5f8c097d-479b-4729-8172-b86640868e2e,60694a33-64df-4703-bb1f-20bc3948e683,custody_changed,,,8703fd82-ea7e-461c-bacc-18cd5a7c3d3b,176f3f16-3ab1-409e-8c10-9631bea0edcc,{},2026-05-18 07:00:00+00
cf93ca5e-533f-4499-86da-6c00cc5df34d,d6609890-892c-403a-8f4a-12d47e59305d,6ff17eb7-5c04-40ff-83f8-043b4cb1c45c,transfer_requested,aee1dad1-5904-4a33-8893-b1744b8c9818,7d91cdbd-8e9f-4416-aff0-b59104bd3dee,6ff17eb7-5c04-40ff-83f8-043b4cb1c45c,750c04a5-63c4-42c6-a7c4-b3aa1de4eebf,"{""reason"": ""room refurbishment""}",2025-12-03 00:00:00+00
7d597904-56d3-4118-bd4f-bb1bbbbbb7b2,d6609890-892c-403a-8f4a-12d47e59305d,60694a33-64df-4703-bb1f-20bc3948e683,transfer_approved,aee1dad1-5904-4a33-8893-b1744b8c9818,7d91cdbd-8e9f-4416-aff0-b59104bd3dee,6ff17eb7-5c04-40ff-83f8-043b4cb1c45c,750c04a5-63c4-42c6-a7c4-b3aa1de4eebf,"{""approved_by_role"": ""asset_admin""}",2025-12-03 06:00:00+00
27e34d17-72f8-4d3c-8be5-f1fc93376e48,d6609890-892c-403a-8f4a-12d47e59305d,60694a33-64df-4703-bb1f-20bc3948e683,location_changed,aee1dad1-5904-4a33-8893-b1744b8c9818,7d91cdbd-8e9f-4416-aff0-b59104bd3dee,,,{},2025-12-03 07:00:00+00
ab37ce17-4f64-4d8d-b61d-02f4a8a0c837,d6609890-892c-403a-8f4a-12d47e59305d,60694a33-64df-4703-bb1f-20bc3948e683,custody_changed,,,6ff17eb7-5c04-40ff-83f8-043b4cb1c45c,750c04a5-63c4-42c6-a7c4-b3aa1de4eebf,{},2025-12-03 07:00:00+00
29e1eb33-f4a0-4988-b89b-c30f7288cdb1,d6609890-892c-403a-8f4a-12d47e59305d,750c04a5-63c4-42c6-a7c4-b3aa1de4eebf,transfer_requested,7d91cdbd-8e9f-4416-aff0-b59104bd3dee,b430dfa5-4f26-4ce2-bba1-b6ed3b2eefd4,750c04a5-63c4-42c6-a7c4-b3aa1de4eebf,1c4df881-cca6-49a3-9b2e-6a87a781ef63,"{""reason"": ""lab relocation""}",2026-06-21 00:00:00+00
da4ce3fd-2c7c-43a0-9f8f-26cf6424a53f,d6609890-892c-403a-8f4a-12d47e59305d,60694a33-64df-4703-bb1f-20bc3948e683,transfer_approved,7d91cdbd-8e9f-4416-aff0-b59104bd3dee,b430dfa5-4f26-4ce2-bba1-b6ed3b2eefd4,750c04a5-63c4-42c6-a7c4-b3aa1de4eebf,1c4df881-cca6-49a3-9b2e-6a87a781ef63,"{""approved_by_role"": ""asset_admin""}",2026-06-21 06:00:00+00
444546b6-c13e-4d29-92df-23c464dc5784,d6609890-892c-403a-8f4a-12d47e59305d,60694a33-64df-4703-bb1f-20bc3948e683,location_changed,7d91cdbd-8e9f-4416-aff0-b59104bd3dee,b430dfa5-4f26-4ce2-bba1-b6ed3b2eefd4,,,{},2026-06-21 07:00:00+00
1af9842c-c200-4de8-bbbe-b7cde5481302,d6609890-892c-403a-8f4a-12d47e59305d,60694a33-64df-4703-bb1f-20bc3948e683,custody_changed,,,750c04a5-63c4-42c6-a7c4-b3aa1de4eebf,1c4df881-cca6-49a3-9b2e-6a87a781ef63,{},2026-06-21 07:00:00+00
3acefbe0-7bbd-44d8-9bbf-c7a53d9cfb8e,633bf4fc-958e-469f-be48-c49a8c2cd116,6ff17eb7-5c04-40ff-83f8-043b4cb1c45c,transfer_requested,aee1dad1-5904-4a33-8893-b1744b8c9818,75741c19-7bc5-4f13-8bcd-5543dbab11a6,6ff17eb7-5c04-40ff-83f8-043b4cb1c45c,05d038a0-b4a2-40fb-9ac6-eecfcf9cda47,"{""reason"": ""lab relocation""}",2025-07-26 12:36:10.142818+00
16ab448e-e96b-4a79-9dec-4a8c2e5d7b95,633bf4fc-958e-469f-be48-c49a8c2cd116,60694a33-64df-4703-bb1f-20bc3948e683,transfer_approved,aee1dad1-5904-4a33-8893-b1744b8c9818,75741c19-7bc5-4f13-8bcd-5543dbab11a6,6ff17eb7-5c04-40ff-83f8-043b4cb1c45c,05d038a0-b4a2-40fb-9ac6-eecfcf9cda47,"{""approved_by_role"": ""asset_admin""}",2025-07-26 18:36:10.142818+00
dbb301b7-88de-4f79-808e-bec25bb866af,633bf4fc-958e-469f-be48-c49a8c2cd116,60694a33-64df-4703-bb1f-20bc3948e683,location_changed,aee1dad1-5904-4a33-8893-b1744b8c9818,75741c19-7bc5-4f13-8bcd-5543dbab11a6,,,{},2025-07-26 19:36:10.142818+00
b6c9cbed-2395-48e2-831f-400014e4c942,633bf4fc-958e-469f-be48-c49a8c2cd116,60694a33-64df-4703-bb1f-20bc3948e683,custody_changed,,,6ff17eb7-5c04-40ff-83f8-043b4cb1c45c,05d038a0-b4a2-40fb-9ac6-eecfcf9cda47,{},2025-07-26 19:36:10.142818+00
3b928417-73b9-4b88-8392-cc310ccaf80c,633bf4fc-958e-469f-be48-c49a8c2cd116,05d038a0-b4a2-40fb-9ac6-eecfcf9cda47,transfer_requested,75741c19-7bc5-4f13-8bcd-5543dbab11a6,b685a49b-8c4c-437f-9738-80d6a2ab8af5,05d038a0-b4a2-40fb-9ac6-eecfcf9cda47,8703fd82-ea7e-461c-bacc-18cd5a7c3d3b,"{""reason"": ""department reorganisation""}",2024-11-17 12:36:10.142818+00
b36bbe28-87b6-46e2-8981-a715a8fcf5f8,633bf4fc-958e-469f-be48-c49a8c2cd116,60694a33-64df-4703-bb1f-20bc3948e683,transfer_approved,75741c19-7bc5-4f13-8bcd-5543dbab11a6,b685a49b-8c4c-437f-9738-80d6a2ab8af5,05d038a0-b4a2-40fb-9ac6-eecfcf9cda47,8703fd82-ea7e-461c-bacc-18cd5a7c3d3b,"{""approved_by_role"": ""asset_admin""}",2024-11-17 18:36:10.142818+00
e1985dcd-2419-4614-b4ff-a1e4737be4e5,633bf4fc-958e-469f-be48-c49a8c2cd116,60694a33-64df-4703-bb1f-20bc3948e683,location_changed,75741c19-7bc5-4f13-8bcd-5543dbab11a6,b685a49b-8c4c-437f-9738-80d6a2ab8af5,,,{},2024-11-17 19:36:10.142818+00
aeeed6d8-96b0-444b-8ff7-190f3e8de3ea,633bf4fc-958e-469f-be48-c49a8c2cd116,60694a33-64df-4703-bb1f-20bc3948e683,custody_changed,,,05d038a0-b4a2-40fb-9ac6-eecfcf9cda47,8703fd82-ea7e-461c-bacc-18cd5a7c3d3b,{},2024-11-17 19:36:10.142818+00
2632cb12-210c-4716-aab8-80d69fbf926b,b2c3d66b-cd4d-4d43-a9c5-dc6d5d8ffcb0,176f3f16-3ab1-409e-8c10-9631bea0edcc,transfer_requested,2d3df51d-7064-4e69-9149-61bba0212bb9,9c9b191e-d225-40f7-8f83-7360ac682d26,176f3f16-3ab1-409e-8c10-9631bea0edcc,6ff17eb7-5c04-40ff-83f8-043b4cb1c45c,"{""reason"": ""room refurbishment""}",2025-06-15 00:00:00+00
5eb5fa5b-a918-49b5-8ae6-63a9e8cfa455,b2c3d66b-cd4d-4d43-a9c5-dc6d5d8ffcb0,60694a33-64df-4703-bb1f-20bc3948e683,transfer_approved,2d3df51d-7064-4e69-9149-61bba0212bb9,9c9b191e-d225-40f7-8f83-7360ac682d26,176f3f16-3ab1-409e-8c10-9631bea0edcc,6ff17eb7-5c04-40ff-83f8-043b4cb1c45c,"{""approved_by_role"": ""asset_admin""}",2025-06-15 06:00:00+00
18588126-2da3-4ddf-b11d-4005ca44c8ec,b2c3d66b-cd4d-4d43-a9c5-dc6d5d8ffcb0,60694a33-64df-4703-bb1f-20bc3948e683,location_changed,2d3df51d-7064-4e69-9149-61bba0212bb9,9c9b191e-d225-40f7-8f83-7360ac682d26,,,{},2025-06-15 07:00:00+00
168e5798-8530-482c-b5bd-8afd96ec026d,b2c3d66b-cd4d-4d43-a9c5-dc6d5d8ffcb0,60694a33-64df-4703-bb1f-20bc3948e683,custody_changed,,,176f3f16-3ab1-409e-8c10-9631bea0edcc,6ff17eb7-5c04-40ff-83f8-043b4cb1c45c,{},2025-06-15 07:00:00+00
5095e883-44ac-4c04-ab5a-f52fef964b0e,b2c3d66b-cd4d-4d43-a9c5-dc6d5d8ffcb0,6ff17eb7-5c04-40ff-83f8-043b4cb1c45c,transfer_requested,9c9b191e-d225-40f7-8f83-7360ac682d26,7d91cdbd-8e9f-4416-aff0-b59104bd3dee,6ff17eb7-5c04-40ff-83f8-043b4cb1c45c,750c04a5-63c4-42c6-a7c4-b3aa1de4eebf,"{""reason"": ""room refurbishment""}",2025-03-20 00:00:00+00
34ee3cc0-9c68-4879-a31f-77abe820aab0,b2c3d66b-cd4d-4d43-a9c5-dc6d5d8ffcb0,60694a33-64df-4703-bb1f-20bc3948e683,transfer_approved,9c9b191e-d225-40f7-8f83-7360ac682d26,7d91cdbd-8e9f-4416-aff0-b59104bd3dee,6ff17eb7-5c04-40ff-83f8-043b4cb1c45c,750c04a5-63c4-42c6-a7c4-b3aa1de4eebf,"{""approved_by_role"": ""asset_admin""}",2025-03-20 06:00:00+00
0412cccf-240b-4467-bb80-9bcdc6d558af,b2c3d66b-cd4d-4d43-a9c5-dc6d5d8ffcb0,60694a33-64df-4703-bb1f-20bc3948e683,location_changed,9c9b191e-d225-40f7-8f83-7360ac682d26,7d91cdbd-8e9f-4416-aff0-b59104bd3dee,,,{},2025-03-20 07:00:00+00
1cf8e295-1880-468d-89ec-e785af1c4b83,b2c3d66b-cd4d-4d43-a9c5-dc6d5d8ffcb0,60694a33-64df-4703-bb1f-20bc3948e683,custody_changed,,,6ff17eb7-5c04-40ff-83f8-043b4cb1c45c,750c04a5-63c4-42c6-a7c4-b3aa1de4eebf,{},2025-03-20 07:00:00+00
c080d963-14c3-4371-b8ba-60ed7ebded66,9f10b9a6-6866-4168-868e-891c259876a7,05d038a0-b4a2-40fb-9ac6-eecfcf9cda47,transfer_requested,87c202bd-5d44-4042-accc-214381d58ab5,0ea1b587-0390-4fcf-a4cd-e82e2caef624,05d038a0-b4a2-40fb-9ac6-eecfcf9cda47,8703fd82-ea7e-461c-bacc-18cd5a7c3d3b,"{""reason"": ""staff change""}",2024-11-28 00:00:00+00
ba46a855-6276-4d46-97c6-fac7f0c9ac30,9f10b9a6-6866-4168-868e-891c259876a7,60694a33-64df-4703-bb1f-20bc3948e683,transfer_approved,87c202bd-5d44-4042-accc-214381d58ab5,0ea1b587-0390-4fcf-a4cd-e82e2caef624,05d038a0-b4a2-40fb-9ac6-eecfcf9cda47,8703fd82-ea7e-461c-bacc-18cd5a7c3d3b,"{""approved_by_role"": ""asset_admin""}",2024-11-28 06:00:00+00
94ce9668-8372-4273-bd16-8583b03da229,9f10b9a6-6866-4168-868e-891c259876a7,60694a33-64df-4703-bb1f-20bc3948e683,location_changed,87c202bd-5d44-4042-accc-214381d58ab5,0ea1b587-0390-4fcf-a4cd-e82e2caef624,,,{},2024-11-28 07:00:00+00
3be2220a-50a5-4183-be5d-33bd5e23d61a,9f10b9a6-6866-4168-868e-891c259876a7,60694a33-64df-4703-bb1f-20bc3948e683,custody_changed,,,05d038a0-b4a2-40fb-9ac6-eecfcf9cda47,8703fd82-ea7e-461c-bacc-18cd5a7c3d3b,{},2024-11-28 07:00:00+00
a2cc9e72-0cac-482b-882e-eeccd708c3e6,9f10b9a6-6866-4168-868e-891c259876a7,8703fd82-ea7e-461c-bacc-18cd5a7c3d3b,transfer_requested,0ea1b587-0390-4fcf-a4cd-e82e2caef624,477a6a8f-fc3e-46c4-9661-b8e18aa51458,8703fd82-ea7e-461c-bacc-18cd5a7c3d3b,8703fd82-ea7e-461c-bacc-18cd5a7c3d3b,"{""reason"": ""department reorganisation""}",2024-12-30 00:00:00+00
3722af89-459b-4a86-b0bf-6ac816cc9b74,9f10b9a6-6866-4168-868e-891c259876a7,60694a33-64df-4703-bb1f-20bc3948e683,transfer_approved,0ea1b587-0390-4fcf-a4cd-e82e2caef624,477a6a8f-fc3e-46c4-9661-b8e18aa51458,8703fd82-ea7e-461c-bacc-18cd5a7c3d3b,8703fd82-ea7e-461c-bacc-18cd5a7c3d3b,"{""approved_by_role"": ""asset_admin""}",2024-12-30 06:00:00+00
aba1dee8-d975-4778-bd61-f314a353d940,9f10b9a6-6866-4168-868e-891c259876a7,60694a33-64df-4703-bb1f-20bc3948e683,location_changed,0ea1b587-0390-4fcf-a4cd-e82e2caef624,477a6a8f-fc3e-46c4-9661-b8e18aa51458,,,{},2024-12-30 07:00:00+00
7413603e-670d-4916-b649-7fe60e1b2231,88eda7bd-e742-460d-8b55-e98dd5b359e4,176f3f16-3ab1-409e-8c10-9631bea0edcc,transfer_requested,73fdb59c-ac31-400e-bf53-3b4e19b20c10,75741c19-7bc5-4f13-8bcd-5543dbab11a6,176f3f16-3ab1-409e-8c10-9631bea0edcc,05d038a0-b4a2-40fb-9ac6-eecfcf9cda47,"{""reason"": ""staff change""}",2026-01-26 00:00:00+00
3849bf6b-a868-4d18-8d84-c28b12b17b73,88eda7bd-e742-460d-8b55-e98dd5b359e4,60694a33-64df-4703-bb1f-20bc3948e683,transfer_approved,73fdb59c-ac31-400e-bf53-3b4e19b20c10,75741c19-7bc5-4f13-8bcd-5543dbab11a6,176f3f16-3ab1-409e-8c10-9631bea0edcc,05d038a0-b4a2-40fb-9ac6-eecfcf9cda47,"{""approved_by_role"": ""asset_admin""}",2026-01-26 06:00:00+00
3e1b7eed-dd64-45b0-a54c-45a18a6f6abd,88eda7bd-e742-460d-8b55-e98dd5b359e4,60694a33-64df-4703-bb1f-20bc3948e683,location_changed,73fdb59c-ac31-400e-bf53-3b4e19b20c10,75741c19-7bc5-4f13-8bcd-5543dbab11a6,,,{},2026-01-26 07:00:00+00
c8ec382b-b687-4de1-9185-01b1ada5c599,88eda7bd-e742-460d-8b55-e98dd5b359e4,60694a33-64df-4703-bb1f-20bc3948e683,custody_changed,,,176f3f16-3ab1-409e-8c10-9631bea0edcc,05d038a0-b4a2-40fb-9ac6-eecfcf9cda47,{},2026-01-26 07:00:00+00
94ecf218-3925-4251-a376-fa260a0bfc10,88eda7bd-e742-460d-8b55-e98dd5b359e4,05d038a0-b4a2-40fb-9ac6-eecfcf9cda47,transfer_requested,75741c19-7bc5-4f13-8bcd-5543dbab11a6,a794d2a5-d422-4ca5-97b2-a4c30210ff52,05d038a0-b4a2-40fb-9ac6-eecfcf9cda47,176f3f16-3ab1-409e-8c10-9631bea0edcc,"{""reason"": ""lab relocation""}",2026-08-05 00:00:00+00
458841a2-7c33-48e7-b60d-835cfad835d0,88eda7bd-e742-460d-8b55-e98dd5b359e4,60694a33-64df-4703-bb1f-20bc3948e683,transfer_approved,75741c19-7bc5-4f13-8bcd-5543dbab11a6,a794d2a5-d422-4ca5-97b2-a4c30210ff52,05d038a0-b4a2-40fb-9ac6-eecfcf9cda47,176f3f16-3ab1-409e-8c10-9631bea0edcc,"{""approved_by_role"": ""asset_admin""}",2026-08-05 06:00:00+00
c4b9c2da-919f-4277-ac2a-99567c5fec9c,88eda7bd-e742-460d-8b55-e98dd5b359e4,60694a33-64df-4703-bb1f-20bc3948e683,location_changed,75741c19-7bc5-4f13-8bcd-5543dbab11a6,a794d2a5-d422-4ca5-97b2-a4c30210ff52,,,{},2026-08-05 07:00:00+00
f3bef1f2-e986-4e5b-a6d6-bc8ff756ca16,88eda7bd-e742-460d-8b55-e98dd5b359e4,60694a33-64df-4703-bb1f-20bc3948e683,custody_changed,,,05d038a0-b4a2-40fb-9ac6-eecfcf9cda47,176f3f16-3ab1-409e-8c10-9631bea0edcc,{},2026-08-05 07:00:00+00
f2e27750-5c76-4f4f-9ba3-b28b193942c5,f1454554-d325-4d7d-991d-befe1b8f2ea7,176f3f16-3ab1-409e-8c10-9631bea0edcc,transfer_requested,2d3df51d-7064-4e69-9149-61bba0212bb9,ba4b9298-99d3-4aa9-8d04-f4d0d933550d,176f3f16-3ab1-409e-8c10-9631bea0edcc,750c04a5-63c4-42c6-a7c4-b3aa1de4eebf,"{""reason"": ""staff change""}",2026-04-12 00:00:00+00
fe5d1fdd-ed8a-4f07-b955-19e10701f43f,f1454554-d325-4d7d-991d-befe1b8f2ea7,60694a33-64df-4703-bb1f-20bc3948e683,transfer_approved,2d3df51d-7064-4e69-9149-61bba0212bb9,ba4b9298-99d3-4aa9-8d04-f4d0d933550d,176f3f16-3ab1-409e-8c10-9631bea0edcc,750c04a5-63c4-42c6-a7c4-b3aa1de4eebf,"{""approved_by_role"": ""asset_admin""}",2026-04-12 06:00:00+00
95595423-cb4b-4cfb-9a5e-a5d810ada889,f1454554-d325-4d7d-991d-befe1b8f2ea7,60694a33-64df-4703-bb1f-20bc3948e683,location_changed,2d3df51d-7064-4e69-9149-61bba0212bb9,ba4b9298-99d3-4aa9-8d04-f4d0d933550d,,,{},2026-04-12 07:00:00+00
35a4e666-b366-4c32-bed9-93c7b46330ce,f1454554-d325-4d7d-991d-befe1b8f2ea7,60694a33-64df-4703-bb1f-20bc3948e683,custody_changed,,,176f3f16-3ab1-409e-8c10-9631bea0edcc,750c04a5-63c4-42c6-a7c4-b3aa1de4eebf,{},2026-04-12 07:00:00+00
98159dbf-18d0-4990-8205-fe6e1a8e5e0d,f1454554-d325-4d7d-991d-befe1b8f2ea7,750c04a5-63c4-42c6-a7c4-b3aa1de4eebf,transfer_requested,ba4b9298-99d3-4aa9-8d04-f4d0d933550d,0807df48-ba0b-4ac3-ba93-906a9ddd9acb,750c04a5-63c4-42c6-a7c4-b3aa1de4eebf,8703fd82-ea7e-461c-bacc-18cd5a7c3d3b,"{""reason"": ""staff change""}",2026-09-11 12:36:10.142818+00
564575a5-2a86-476b-8712-6ae2c95c3ff5,f1454554-d325-4d7d-991d-befe1b8f2ea7,60694a33-64df-4703-bb1f-20bc3948e683,transfer_approved,ba4b9298-99d3-4aa9-8d04-f4d0d933550d,0807df48-ba0b-4ac3-ba93-906a9ddd9acb,750c04a5-63c4-42c6-a7c4-b3aa1de4eebf,8703fd82-ea7e-461c-bacc-18cd5a7c3d3b,"{""approved_by_role"": ""asset_admin""}",2026-09-11 18:36:10.142818+00
d883e317-aae3-4165-9696-6af95d594b27,f1454554-d325-4d7d-991d-befe1b8f2ea7,60694a33-64df-4703-bb1f-20bc3948e683,location_changed,ba4b9298-99d3-4aa9-8d04-f4d0d933550d,0807df48-ba0b-4ac3-ba93-906a9ddd9acb,,,{},2026-09-11 19:36:10.142818+00
07b7d649-f27c-4e6b-8374-83d966831f3c,f1454554-d325-4d7d-991d-befe1b8f2ea7,60694a33-64df-4703-bb1f-20bc3948e683,custody_changed,,,750c04a5-63c4-42c6-a7c4-b3aa1de4eebf,8703fd82-ea7e-461c-bacc-18cd5a7c3d3b,{},2026-09-11 19:36:10.142818+00
5e72b619-4259-4de5-baa7-de4cbc1599de,edbb1f34-97db-4120-88ea-23d452ef52c5,1c4df881-cca6-49a3-9b2e-6a87a781ef63,transfer_requested,b430dfa5-4f26-4ce2-bba1-b6ed3b2eefd4,93723cd6-95df-412a-ae14-7ffbe9982442,1c4df881-cca6-49a3-9b2e-6a87a781ef63,176f3f16-3ab1-409e-8c10-9631bea0edcc,"{""reason"": ""department reorganisation""}",2026-03-05 12:36:10.142818+00
28b67df9-80a4-43de-b250-243404f679e6,edbb1f34-97db-4120-88ea-23d452ef52c5,60694a33-64df-4703-bb1f-20bc3948e683,transfer_approved,b430dfa5-4f26-4ce2-bba1-b6ed3b2eefd4,93723cd6-95df-412a-ae14-7ffbe9982442,1c4df881-cca6-49a3-9b2e-6a87a781ef63,176f3f16-3ab1-409e-8c10-9631bea0edcc,"{""approved_by_role"": ""asset_admin""}",2026-03-05 18:36:10.142818+00
bfff20a3-1741-4f41-9ec5-0dcd7561a8b6,edbb1f34-97db-4120-88ea-23d452ef52c5,60694a33-64df-4703-bb1f-20bc3948e683,location_changed,b430dfa5-4f26-4ce2-bba1-b6ed3b2eefd4,93723cd6-95df-412a-ae14-7ffbe9982442,,,{},2026-03-05 19:36:10.142818+00
dc9ad782-ab73-4e63-9f45-8675b86c6456,edbb1f34-97db-4120-88ea-23d452ef52c5,60694a33-64df-4703-bb1f-20bc3948e683,custody_changed,,,1c4df881-cca6-49a3-9b2e-6a87a781ef63,176f3f16-3ab1-409e-8c10-9631bea0edcc,{},2026-03-05 19:36:10.142818+00
4d928ad1-44d6-4cbe-b3b2-a8e7d2ca1708,edbb1f34-97db-4120-88ea-23d452ef52c5,176f3f16-3ab1-409e-8c10-9631bea0edcc,transfer_requested,93723cd6-95df-412a-ae14-7ffbe9982442,b430dfa5-4f26-4ce2-bba1-b6ed3b2eefd4,176f3f16-3ab1-409e-8c10-9631bea0edcc,1c4df881-cca6-49a3-9b2e-6a87a781ef63,"{""reason"": ""room refurbishment""}",2026-02-24 12:36:10.142818+00
ddd5124f-d9f5-4da7-afc6-00628d2f2c28,edbb1f34-97db-4120-88ea-23d452ef52c5,60694a33-64df-4703-bb1f-20bc3948e683,transfer_approved,93723cd6-95df-412a-ae14-7ffbe9982442,b430dfa5-4f26-4ce2-bba1-b6ed3b2eefd4,176f3f16-3ab1-409e-8c10-9631bea0edcc,1c4df881-cca6-49a3-9b2e-6a87a781ef63,"{""approved_by_role"": ""asset_admin""}",2026-02-24 18:36:10.142818+00
44ad45cc-666b-4b0b-ad43-1b182029bb61,edbb1f34-97db-4120-88ea-23d452ef52c5,60694a33-64df-4703-bb1f-20bc3948e683,location_changed,93723cd6-95df-412a-ae14-7ffbe9982442,b430dfa5-4f26-4ce2-bba1-b6ed3b2eefd4,,,{},2026-02-24 19:36:10.142818+00
32c15cf2-38bc-4190-9d49-5ea085d7755b,edbb1f34-97db-4120-88ea-23d452ef52c5,60694a33-64df-4703-bb1f-20bc3948e683,custody_changed,,,176f3f16-3ab1-409e-8c10-9631bea0edcc,1c4df881-cca6-49a3-9b2e-6a87a781ef63,{},2026-02-24 19:36:10.142818+00
0f53d7b8-c545-408a-9dfe-dfd965402f8d,59a67054-892a-476c-93d1-41fc04fbb793,1c4df881-cca6-49a3-9b2e-6a87a781ef63,transfer_requested,b430dfa5-4f26-4ce2-bba1-b6ed3b2eefd4,931086a7-6352-430d-894b-6363e4ac4388,1c4df881-cca6-49a3-9b2e-6a87a781ef63,750c04a5-63c4-42c6-a7c4-b3aa1de4eebf,"{""reason"": ""staff change""}",2024-07-05 12:36:10.142818+00
9f1c913c-7879-4778-8e73-443cc1cff649,59a67054-892a-476c-93d1-41fc04fbb793,60694a33-64df-4703-bb1f-20bc3948e683,transfer_approved,b430dfa5-4f26-4ce2-bba1-b6ed3b2eefd4,931086a7-6352-430d-894b-6363e4ac4388,1c4df881-cca6-49a3-9b2e-6a87a781ef63,750c04a5-63c4-42c6-a7c4-b3aa1de4eebf,"{""approved_by_role"": ""asset_admin""}",2024-07-05 18:36:10.142818+00
dd846b28-6e4d-400d-89a5-f7b27de2a917,59a67054-892a-476c-93d1-41fc04fbb793,60694a33-64df-4703-bb1f-20bc3948e683,location_changed,b430dfa5-4f26-4ce2-bba1-b6ed3b2eefd4,931086a7-6352-430d-894b-6363e4ac4388,,,{},2024-07-05 19:36:10.142818+00
2b9c79e6-f66a-4949-a1af-5302027d5d5c,59a67054-892a-476c-93d1-41fc04fbb793,60694a33-64df-4703-bb1f-20bc3948e683,custody_changed,,,1c4df881-cca6-49a3-9b2e-6a87a781ef63,750c04a5-63c4-42c6-a7c4-b3aa1de4eebf,{},2024-07-05 19:36:10.142818+00
ea837032-e922-4422-8758-3085fe6f4695,59a67054-892a-476c-93d1-41fc04fbb793,750c04a5-63c4-42c6-a7c4-b3aa1de4eebf,transfer_requested,931086a7-6352-430d-894b-6363e4ac4388,75741c19-7bc5-4f13-8bcd-5543dbab11a6,750c04a5-63c4-42c6-a7c4-b3aa1de4eebf,05d038a0-b4a2-40fb-9ac6-eecfcf9cda47,"{""reason"": ""staff change""}",2024-12-04 12:36:10.142818+00
e71ced95-57cb-4bab-a738-0757357931a8,59a67054-892a-476c-93d1-41fc04fbb793,60694a33-64df-4703-bb1f-20bc3948e683,transfer_approved,931086a7-6352-430d-894b-6363e4ac4388,75741c19-7bc5-4f13-8bcd-5543dbab11a6,750c04a5-63c4-42c6-a7c4-b3aa1de4eebf,05d038a0-b4a2-40fb-9ac6-eecfcf9cda47,"{""approved_by_role"": ""asset_admin""}",2024-12-04 18:36:10.142818+00
d144bd39-27c3-4d6a-93a7-f60b27c412c6,59a67054-892a-476c-93d1-41fc04fbb793,60694a33-64df-4703-bb1f-20bc3948e683,location_changed,931086a7-6352-430d-894b-6363e4ac4388,75741c19-7bc5-4f13-8bcd-5543dbab11a6,,,{},2024-12-04 19:36:10.142818+00
35e8c531-3777-42be-8c59-252540235ac8,59a67054-892a-476c-93d1-41fc04fbb793,60694a33-64df-4703-bb1f-20bc3948e683,custody_changed,,,750c04a5-63c4-42c6-a7c4-b3aa1de4eebf,05d038a0-b4a2-40fb-9ac6-eecfcf9cda47,{},2024-12-04 19:36:10.142818+00
ee10470f-fdee-488b-bbd2-75cb48943999,add37b45-f343-40dc-b32d-301bb1f11b6a,1c4df881-cca6-49a3-9b2e-6a87a781ef63,condition_changed,,,,,"{""to"": ""poor"", ""source"": ""custodian report""}",2025-05-08 12:36:10.142818+00
7040baeb-f33c-4b7f-8f1e-af48ceb0cb95,371c8f5b-7f2c-4e30-8326-cf20be57901e,8703fd82-ea7e-461c-bacc-18cd5a7c3d3b,condition_changed,,,,,"{""to"": ""poor"", ""source"": ""custodian report""}",2026-03-29 12:36:10.142818+00
104be148-4c59-4b32-bd0f-2bdf14fc8de9,b90086d0-96ee-46ff-ad7c-1ede87627019,6ff17eb7-5c04-40ff-83f8-043b4cb1c45c,condition_changed,,,,,"{""to"": ""fair"", ""source"": ""custodian report""}",2025-12-31 12:36:10.142818+00
6aaf389c-c57f-482e-9ff7-e1519323851f,e264899e-2ce6-4724-b7f9-4e422aa2af92,1c4df881-cca6-49a3-9b2e-6a87a781ef63,condition_changed,,,,,"{""to"": ""fair"", ""source"": ""custodian report""}",2025-12-18 12:36:10.142818+00
0be650b0-f75f-4c93-b0de-c3d95f9aa63b,54a6b2f8-ebff-4c03-b23e-4dde9713c835,1c4df881-cca6-49a3-9b2e-6a87a781ef63,condition_changed,,,,,"{""to"": ""poor"", ""source"": ""custodian report""}",2025-10-28 12:36:10.142818+00
8d4e14b2-d8cd-4dd3-8837-592463402327,88a998f2-c22f-4362-9c85-3a5f273982d1,8703fd82-ea7e-461c-bacc-18cd5a7c3d3b,condition_changed,,,,,"{""to"": ""fair"", ""source"": ""custodian report""}",2026-02-16 12:36:10.142818+00
28a87d74-bb85-4cb2-b757-acd66d3df5ff,ec5aa83a-7dce-4464-9335-92d8a60b93f4,1c4df881-cca6-49a3-9b2e-6a87a781ef63,condition_changed,,,,,"{""to"": ""failed"", ""source"": ""custodian report""}",2025-05-28 12:36:10.142818+00
77bfeecb-8e2d-439e-b7c6-db4611b8c024,005c93a5-5ee4-4b23-80d6-8f3ff2953ac3,1c4df881-cca6-49a3-9b2e-6a87a781ef63,condition_changed,,,,,"{""to"": ""fair"", ""source"": ""custodian report""}",2025-06-19 12:36:10.142818+00
2eefea14-f54b-4c34-aa6f-77ff89d70cc8,ade793c8-ae98-4dde-aa2a-c7483decef92,1c4df881-cca6-49a3-9b2e-6a87a781ef63,condition_changed,,,,,"{""to"": ""poor"", ""source"": ""custodian report""}",2026-03-15 12:36:10.142818+00
123ecac7-3537-476b-ab26-83aacc9aa540,c3f7f812-f3ff-45bd-9cec-5dac220c6e52,1c4df881-cca6-49a3-9b2e-6a87a781ef63,condition_changed,,,,,"{""to"": ""fair"", ""source"": ""custodian report""}",2025-05-04 12:36:10.142818+00
7865b8b5-e816-4dde-914a-37f7aa4efc13,d63c515a-26b3-4b01-aa87-def4c27b824b,8703fd82-ea7e-461c-bacc-18cd5a7c3d3b,condition_changed,,,,,"{""to"": ""fair"", ""source"": ""custodian report""}",2025-06-11 12:36:10.142818+00
639bd3a5-37d7-4e9c-979b-b83f83126b54,554d6041-1b26-429f-b36b-9976bf27eaa4,176f3f16-3ab1-409e-8c10-9631bea0edcc,condition_changed,,,,,"{""to"": ""failed"", ""source"": ""custodian report""}",2026-09-18 12:36:10.142818+00
9343f4fe-7065-4a27-9c63-fd7439420aac,49bf0f85-0e34-42e9-9b20-de4087bc25a3,176f3f16-3ab1-409e-8c10-9631bea0edcc,condition_changed,,,,,"{""to"": ""failed"", ""source"": ""custodian report""}",2026-07-29 12:36:10.142818+00
78e4a4fd-e801-4a65-ae06-3d6dbee3c970,69f502b1-eece-47ec-9ee0-518fe3c0eebc,05d038a0-b4a2-40fb-9ac6-eecfcf9cda47,condition_changed,,,,,"{""to"": ""fair"", ""source"": ""custodian report""}",2026-08-08 12:36:10.142818+00
97ec3929-741c-4464-8f5f-2584cc0fbd4c,2d401ac0-5992-479d-9c3a-c636fe03fce3,1c4df881-cca6-49a3-9b2e-6a87a781ef63,condition_changed,,,,,"{""to"": ""fair"", ""source"": ""custodian report""}",2025-11-18 12:36:10.142818+00
7c1555ed-4899-4563-afbe-b6ebb0a77af2,ae86aa6d-3e87-4a2a-81ed-6e34d4e56636,6ff17eb7-5c04-40ff-83f8-043b4cb1c45c,condition_changed,,,,,"{""to"": ""poor"", ""source"": ""custodian report""}",2026-06-14 12:36:10.142818+00
b0c5f619-56a9-46dd-ad7b-a4095fea12bc,bf853716-95ce-4780-b6f6-d421c3eb7e98,1c4df881-cca6-49a3-9b2e-6a87a781ef63,condition_changed,,,,,"{""to"": ""failed"", ""source"": ""custodian report""}",2025-09-16 12:36:10.142818+00
1d865f23-221b-493f-ae05-47ea4d618cd7,236e3ef4-e754-43cc-870e-6a4f396f8ffb,1c4df881-cca6-49a3-9b2e-6a87a781ef63,condition_changed,,,,,"{""to"": ""poor"", ""source"": ""custodian report""}",2026-07-08 12:36:10.142818+00
1b777b19-9ba9-424e-aac0-daddf459442c,3085cb48-55e4-4415-bdca-bc7f9d0b4535,6ff17eb7-5c04-40ff-83f8-043b4cb1c45c,condition_changed,,,,,"{""to"": ""poor"", ""source"": ""custodian report""}",2026-06-06 12:36:10.142818+00
d0dd2f20-1033-44f3-a74b-3a116a7028b5,7fe1bcfe-74c1-4691-bec0-496189b173ff,1c4df881-cca6-49a3-9b2e-6a87a781ef63,condition_changed,,,,,"{""to"": ""poor"", ""source"": ""custodian report""}",2026-09-19 12:36:10.142818+00
3b6cb857-5531-4283-afdc-1352733dce81,681b7608-e7f4-4112-b55c-bcfd12e19951,1c4df881-cca6-49a3-9b2e-6a87a781ef63,condition_changed,,,,,"{""to"": ""poor"", ""source"": ""custodian report""}",2026-05-30 12:36:10.142818+00
f8d410c7-4a7a-41a6-bdd0-d7eaa29b21ef,1dae4ff8-39e9-4c3b-97c7-1f6686b1b644,6ff17eb7-5c04-40ff-83f8-043b4cb1c45c,condition_changed,,,,,"{""to"": ""fair"", ""source"": ""custodian report""}",2026-05-14 12:36:10.142818+00
da5daf7f-00fd-4f94-832f-15ce2b8f95b9,cc411e9a-a16f-42fe-9925-f9d122641356,750c04a5-63c4-42c6-a7c4-b3aa1de4eebf,condition_changed,,,,,"{""to"": ""fair"", ""source"": ""custodian report""}",2025-06-04 12:36:10.142818+00
0d6e90d5-3a44-49be-bc02-efcbd63713f8,82c25a93-995b-40cd-ba33-04e2f4ae556e,05d038a0-b4a2-40fb-9ac6-eecfcf9cda47,condition_changed,,,,,"{""to"": ""fair"", ""source"": ""custodian report""}",2026-06-18 12:36:10.142818+00
208bb44a-f961-452f-aa1b-33c32c60e11a,03f5850e-92bd-4a5a-b8a7-dec25e1eab57,750c04a5-63c4-42c6-a7c4-b3aa1de4eebf,condition_changed,,,,,"{""to"": ""fair"", ""source"": ""custodian report""}",2025-02-24 12:36:10.142818+00
93a1a445-a57c-4947-a58f-473d3df2bcec,08d95983-0bee-4182-af3d-4fa2d1c35d03,176f3f16-3ab1-409e-8c10-9631bea0edcc,condition_changed,,,,,"{""to"": ""fair"", ""source"": ""custodian report""}",2025-10-25 12:36:10.142818+00
27cfcfea-a498-4e70-b2f3-c0f51dcccad0,070d78f4-1bc0-43c0-aaec-fcb4a90ed8a5,750c04a5-63c4-42c6-a7c4-b3aa1de4eebf,condition_changed,,,,,"{""to"": ""fair"", ""source"": ""custodian report""}",2026-07-12 12:36:10.142818+00
93bd07c8-6ed9-4512-945b-206f6c4ecd6e,532e2a01-97ae-42aa-969f-6eff4f5b9ab5,05d038a0-b4a2-40fb-9ac6-eecfcf9cda47,condition_changed,,,,,"{""to"": ""poor"", ""source"": ""custodian report""}",2025-08-08 12:36:10.142818+00
c8e5151f-aaa2-4c37-9d0a-7b3aed9efa29,6439ccdc-2d33-4bae-b07b-f6e7c4676f4d,750c04a5-63c4-42c6-a7c4-b3aa1de4eebf,condition_changed,,,,,"{""to"": ""fair"", ""source"": ""custodian report""}",2025-10-11 12:36:10.142818+00
c945cd56-2985-4ab0-a4f9-f74628b3c50b,6dc09c81-a2db-4c48-abdc-c8584b0da089,05d038a0-b4a2-40fb-9ac6-eecfcf9cda47,condition_changed,,,,,"{""to"": ""poor"", ""source"": ""custodian report""}",2026-06-13 12:36:10.142818+00
c27161dd-a5f3-4d1d-a1d4-c50089c24d8e,13319f71-4077-42ca-9cf9-67304d699aa5,176f3f16-3ab1-409e-8c10-9631bea0edcc,condition_changed,,,,,"{""to"": ""fair"", ""source"": ""custodian report""}",2025-05-15 12:36:10.142818+00
613b2cb4-e009-484e-8761-44205351d6cd,3d0a6046-1b99-4bfd-a909-61a0bce67f46,05d038a0-b4a2-40fb-9ac6-eecfcf9cda47,condition_changed,,,,,"{""to"": ""fair"", ""source"": ""custodian report""}",2025-05-01 12:36:10.142818+00
e15c0a26-fb7d-4350-99f3-4ca7c719c6a2,ac6d9a84-04e2-4e0e-b855-6bcb57623c9c,05d038a0-b4a2-40fb-9ac6-eecfcf9cda47,condition_changed,,,,,"{""to"": ""poor"", ""source"": ""custodian report""}",2026-07-18 12:36:10.142818+00
bf75089e-9ee2-47c7-8636-03b8ffa66ad7,d7238598-208f-4d36-a514-45c86dd38e2c,750c04a5-63c4-42c6-a7c4-b3aa1de4eebf,condition_changed,,,,,"{""to"": ""poor"", ""source"": ""custodian report""}",2026-06-10 12:36:10.142818+00
b6698226-d87f-4f1c-bade-db09c43377b5,7db9993a-c311-4055-9ee8-5ed5c9175837,8703fd82-ea7e-461c-bacc-18cd5a7c3d3b,condition_changed,,,,,"{""to"": ""poor"", ""source"": ""custodian report""}",2025-09-27 12:36:10.142818+00
ea6950d1-2aaf-4cc6-b293-ff1b704f7b88,f21f1a4e-f67b-4afc-831b-02970ae18b92,6ff17eb7-5c04-40ff-83f8-043b4cb1c45c,condition_changed,,,,,"{""to"": ""fair"", ""source"": ""custodian report""}",2025-11-10 12:36:10.142818+00
693dd588-b452-46c8-864d-da4d79302bd4,0f96dd5e-bc40-479b-a4a8-935f141761fe,1c4df881-cca6-49a3-9b2e-6a87a781ef63,condition_changed,,,,,"{""to"": ""poor"", ""source"": ""custodian report""}",2026-07-16 12:36:10.142818+00
ab63f62e-f000-451d-8ad3-ae4f85b84fa4,e831ff11-fd59-4d48-b375-c4e0f4c5617a,1c4df881-cca6-49a3-9b2e-6a87a781ef63,condition_changed,,,,,"{""to"": ""fair"", ""source"": ""custodian report""}",2025-06-29 12:36:10.142818+00
932f0a9e-bf58-41bf-b756-5891208329d1,09691387-05cc-4ad0-ac05-f45203433926,8703fd82-ea7e-461c-bacc-18cd5a7c3d3b,condition_changed,,,,,"{""to"": ""fair"", ""source"": ""custodian report""}",2026-08-05 12:36:10.142818+00
675d943d-8d56-4245-9253-850e4e322e61,e202e999-36c0-49e9-b8c4-b6bc1f7e4ec0,6ff17eb7-5c04-40ff-83f8-043b4cb1c45c,condition_changed,,,,,"{""to"": ""poor"", ""source"": ""custodian report""}",2025-05-16 12:36:10.142818+00
f3fa6b46-4cd3-4d35-b1d9-a58f43b6c1dd,8d80a20f-fff3-4b6e-b62c-e0e4380099f0,05d038a0-b4a2-40fb-9ac6-eecfcf9cda47,condition_changed,,,,,"{""to"": ""failed"", ""source"": ""custodian report""}",2026-05-08 12:36:10.142818+00
da7236e6-7496-4ba8-a933-1a0bf973dbcb,6abcea14-9916-49c8-8c5f-9d530057e78e,750c04a5-63c4-42c6-a7c4-b3aa1de4eebf,condition_changed,,,,,"{""to"": ""fair"", ""source"": ""custodian report""}",2026-03-30 12:36:10.142818+00
cc5127b2-c99f-4039-8bd0-d6c0778368e2,7e1a72c9-0412-4452-8066-422c8804ca1e,05d038a0-b4a2-40fb-9ac6-eecfcf9cda47,condition_changed,,,,,"{""to"": ""poor"", ""source"": ""custodian report""}",2026-03-31 12:36:10.142818+00
001b16ac-40ef-42ba-ab2e-7fd176a4a6d8,eeb669d0-65f9-44b2-adbb-070e72c28d31,176f3f16-3ab1-409e-8c10-9631bea0edcc,condition_changed,,,,,"{""to"": ""poor"", ""source"": ""custodian report""}",2025-08-04 12:36:10.142818+00
5199818a-5b7f-469e-8279-c93c22802ad8,30b21e6c-c1ff-4fa4-896a-27f455d33743,05d038a0-b4a2-40fb-9ac6-eecfcf9cda47,condition_changed,,,,,"{""to"": ""poor"", ""source"": ""custodian report""}",2025-04-07 12:36:10.142818+00
4d0864ab-9c0a-4366-b411-a3e35a9cf2de,662ca9de-7142-4aa3-a70f-9dd08da5988e,6ff17eb7-5c04-40ff-83f8-043b4cb1c45c,condition_changed,,,,,"{""to"": ""fair"", ""source"": ""custodian report""}",2026-07-12 12:36:10.142818+00
cef7c2d0-7c29-49df-8600-85fb13b0ad7d,2a95c80e-f99c-46f6-aefc-13b07447e4f2,8703fd82-ea7e-461c-bacc-18cd5a7c3d3b,condition_changed,,,,,"{""to"": ""fair"", ""source"": ""custodian report""}",2025-06-13 12:36:10.142818+00
bacffe47-8135-4941-9fd2-50b8c006466d,b37a6175-04d5-462d-8b1b-a4b431b06968,05d038a0-b4a2-40fb-9ac6-eecfcf9cda47,condition_changed,,,,,"{""to"": ""fair"", ""source"": ""custodian report""}",2025-12-04 12:36:10.142818+00
eb728381-a8e0-45ea-a0ad-a84937c86fde,ebe2d980-d775-4914-ae93-41bdbc59b29f,750c04a5-63c4-42c6-a7c4-b3aa1de4eebf,condition_changed,,,,,"{""to"": ""fair"", ""source"": ""custodian report""}",2025-07-30 12:36:10.142818+00
84431483-e2a3-42f1-a6f9-b2fddb1200fd,8ab8ac6d-3c1c-4f30-bf7e-ae7188b0849f,176f3f16-3ab1-409e-8c10-9631bea0edcc,condition_changed,,,,,"{""to"": ""poor"", ""source"": ""custodian report""}",2025-12-21 12:36:10.142818+00
1e80bf70-eab3-4810-b844-6f62693ad214,d75e02fd-d967-4233-a08e-d0aa4ac7d55c,1c4df881-cca6-49a3-9b2e-6a87a781ef63,condition_changed,,,,,"{""to"": ""fair"", ""source"": ""custodian report""}",2025-06-16 12:36:10.142818+00
17ef96ca-0968-4da7-8368-3d11e8b119c5,938cecdf-b574-44e1-a02a-d14cc7a7cca1,8703fd82-ea7e-461c-bacc-18cd5a7c3d3b,condition_changed,,,,,"{""to"": ""fair"", ""source"": ""custodian report""}",2025-11-01 12:36:10.142818+00
3bcb3c6f-e3d9-4d4d-9423-f29fc4e588a8,5f802b6a-a3a0-49b6-8f19-9937419476ca,1c4df881-cca6-49a3-9b2e-6a87a781ef63,condition_changed,,,,,"{""to"": ""failed"", ""source"": ""custodian report""}",2026-03-08 12:36:10.142818+00
59ac4658-dc43-4148-82ba-889b76eaa72c,c53a84af-7d6a-4f56-afe7-b028c32f28ea,8703fd82-ea7e-461c-bacc-18cd5a7c3d3b,condition_changed,,,,,"{""to"": ""fair"", ""source"": ""custodian report""}",2026-07-10 12:36:10.142818+00
2395bf2d-223d-4535-addb-a158aca651a6,e77faed2-8148-414a-b43c-1e0519f3e995,6ff17eb7-5c04-40ff-83f8-043b4cb1c45c,condition_changed,,,,,"{""to"": ""fair"", ""source"": ""custodian report""}",2026-07-11 12:36:10.142818+00
8b2cc3eb-e7e2-4ca5-8f76-770120dd9ab9,feae09a8-0423-4693-87bd-eef373cf5e66,1c4df881-cca6-49a3-9b2e-6a87a781ef63,condition_changed,,,,,"{""to"": ""fair"", ""source"": ""custodian report""}",2025-08-26 12:36:10.142818+00
7a16adab-0e0b-4b64-8852-c4c4fe530c00,d1e816bd-892d-47e8-950e-be78e217a167,8703fd82-ea7e-461c-bacc-18cd5a7c3d3b,condition_changed,,,,,"{""to"": ""fair"", ""source"": ""custodian report""}",2026-05-21 12:36:10.142818+00
90409a35-4e6c-4b60-868a-cc641f628d8e,492b34f7-fece-449d-8260-c5a62b7cccc1,6ff17eb7-5c04-40ff-83f8-043b4cb1c45c,condition_changed,,,,,"{""to"": ""fair"", ""source"": ""custodian report""}",2026-02-25 12:36:10.142818+00
e6d71c43-6c16-4f56-82de-a0b68c82ebf1,010c5824-b67f-49fd-b8d6-631b9108bc27,05d038a0-b4a2-40fb-9ac6-eecfcf9cda47,condition_changed,,,,,"{""to"": ""poor"", ""source"": ""custodian report""}",2026-08-04 12:36:10.142818+00
9de857ff-4f5e-4074-acf2-b50a6f00a9ef,b56623e1-e600-49ad-8df4-452662607678,176f3f16-3ab1-409e-8c10-9631bea0edcc,condition_changed,,,,,"{""to"": ""failed"", ""source"": ""custodian report""}",2026-05-02 12:36:10.142818+00
d425a337-e642-4e03-87b6-d7b5244093f8,4098a313-3526-4a48-b037-63d4b65f1bd8,6ff17eb7-5c04-40ff-83f8-043b4cb1c45c,condition_changed,,,,,"{""to"": ""poor"", ""source"": ""custodian report""}",2026-02-28 12:36:10.142818+00
d31e1e4a-55a7-4f4e-9fcf-4604ec917a6d,ab65e716-a553-4163-8e14-81d2954dd14a,1c4df881-cca6-49a3-9b2e-6a87a781ef63,condition_changed,,,,,"{""to"": ""poor"", ""source"": ""custodian report""}",2026-06-10 12:36:10.142818+00
0e44b5fe-8cbe-47b2-8e6e-47b1cd4e2c91,dc33516b-7ef5-4ab7-ba42-8a67085316cf,6ff17eb7-5c04-40ff-83f8-043b4cb1c45c,condition_changed,,,,,"{""to"": ""failed"", ""source"": ""custodian report""}",2025-11-22 12:36:10.142818+00
c67b549a-7da4-4343-961c-1706b5c84109,b67ba49d-5a99-43d3-a29d-4bcb36416da3,1c4df881-cca6-49a3-9b2e-6a87a781ef63,condition_changed,,,,,"{""to"": ""fair"", ""source"": ""custodian report""}",2025-11-19 12:36:10.142818+00
d5699fbb-7a27-4e37-b8d9-b47e118e2900,30a265bf-80e0-4b58-b2bc-109fb2ad3f0c,176f3f16-3ab1-409e-8c10-9631bea0edcc,condition_changed,,,,,"{""to"": ""poor"", ""source"": ""custodian report""}",2025-07-02 12:36:10.142818+00
16e2e7e9-9d38-4c92-ba84-ffb54f53de63,d255a2f3-289b-49ea-8952-48145ddd3b66,05d038a0-b4a2-40fb-9ac6-eecfcf9cda47,condition_changed,,,,,"{""to"": ""fair"", ""source"": ""custodian report""}",2025-04-30 12:36:10.142818+00
cf0078e5-dc59-4ad9-825d-bf1a13521e11,4583c822-fe79-46d2-a2e8-d81a024ecca1,750c04a5-63c4-42c6-a7c4-b3aa1de4eebf,condition_changed,,,,,"{""to"": ""fair"", ""source"": ""custodian report""}",2025-03-14 12:36:10.142818+00
b755446f-5c7c-4c7a-9020-2f8b04170e90,a379b836-3bd9-412f-82dd-3bdeef2c9290,176f3f16-3ab1-409e-8c10-9631bea0edcc,condition_changed,,,,,"{""to"": ""fair"", ""source"": ""custodian report""}",2025-04-26 12:36:10.142818+00
f2283811-1f23-4eb8-a883-3397e4e25f5f,fc761770-1dc0-49bc-b933-0cc49f5bedf6,176f3f16-3ab1-409e-8c10-9631bea0edcc,condition_changed,,,,,"{""to"": ""poor"", ""source"": ""custodian report""}",2025-06-30 12:36:10.142818+00
45ad1e79-e6f8-412e-8af6-66661ce1e923,4c863df2-82ce-480f-817f-dc8d6a07af09,750c04a5-63c4-42c6-a7c4-b3aa1de4eebf,condition_changed,,,,,"{""to"": ""poor"", ""source"": ""custodian report""}",2025-07-17 12:36:10.142818+00
83c999ee-98ca-4252-b581-f7811fd88241,cf054a8c-c5c7-4de9-95e1-26fdb049691f,176f3f16-3ab1-409e-8c10-9631bea0edcc,condition_changed,,,,,"{""to"": ""fair"", ""source"": ""custodian report""}",2026-01-28 12:36:10.142818+00
c4c683ff-b06c-40e5-832b-b22fa10a006a,c959dc42-2d2b-43c5-96a6-dda889bcc167,1c4df881-cca6-49a3-9b2e-6a87a781ef63,condition_changed,,,,,"{""to"": ""fair"", ""source"": ""custodian report""}",2025-06-16 12:36:10.142818+00
64d7ebd9-95d7-464e-ada2-1ba068e440bf,522dd78e-ecfe-476b-8f6a-d003524ff49c,176f3f16-3ab1-409e-8c10-9631bea0edcc,condition_changed,,,,,"{""to"": ""poor"", ""source"": ""custodian report""}",2026-05-31 12:36:10.142818+00
f4ac73da-e34c-4358-93e6-39ccf29eb819,207d9595-f982-4e50-805c-5a1f17cb1a0c,05d038a0-b4a2-40fb-9ac6-eecfcf9cda47,condition_changed,,,,,"{""to"": ""fair"", ""source"": ""custodian report""}",2025-07-05 12:36:10.142818+00
61a4b77a-0508-4ee5-a9cd-17bb48d6b21a,55411313-a3ad-41c9-a9ef-96390c3a9c17,05d038a0-b4a2-40fb-9ac6-eecfcf9cda47,condition_changed,,,,,"{""to"": ""fair"", ""source"": ""custodian report""}",2026-05-12 12:36:10.142818+00
3c225381-0b50-4895-8a9c-7c3e80967a48,975c440e-0dd5-4765-8d8b-60c806ec6768,750c04a5-63c4-42c6-a7c4-b3aa1de4eebf,condition_changed,,,,,"{""to"": ""fair"", ""source"": ""custodian report""}",2026-05-21 12:36:10.142818+00
a28e08ce-c46d-486b-ae35-65b74734a969,c0b8349c-e0a9-4f3f-837a-b9d2777f893d,176f3f16-3ab1-409e-8c10-9631bea0edcc,condition_changed,,,,,"{""to"": ""fair"", ""source"": ""custodian report""}",2026-03-29 12:36:10.142818+00
0af0f6f5-4937-40b2-9c3b-72ab1c52f72c,8c923525-b653-4851-a2f4-3fb498911b7d,1c4df881-cca6-49a3-9b2e-6a87a781ef63,condition_changed,,,,,"{""to"": ""failed"", ""source"": ""custodian report""}",2025-07-26 12:36:10.142818+00
c3a42185-80ea-4ea5-a77c-9156dae8c705,094e9be1-4250-4720-8fd0-0413662d1900,8703fd82-ea7e-461c-bacc-18cd5a7c3d3b,condition_changed,,,,,"{""to"": ""poor"", ""source"": ""custodian report""}",2025-12-10 12:36:10.142818+00
5ad23cab-f703-458a-8b53-cf82d1da0b68,99cb7ad9-b2b7-451a-9134-e0d7c92449f6,6ff17eb7-5c04-40ff-83f8-043b4cb1c45c,condition_changed,,,,,"{""to"": ""fair"", ""source"": ""custodian report""}",2026-08-08 12:36:10.142818+00
5fd7e0a6-aac4-4551-9631-2f338248cfb1,f99f741b-31d6-465b-b4c9-1521fe24372c,6ff17eb7-5c04-40ff-83f8-043b4cb1c45c,condition_changed,,,,,"{""to"": ""failed"", ""source"": ""custodian report""}",2026-07-16 12:36:10.142818+00
f49609d7-25bb-4f02-bf6a-b479481b1c16,ff96bdb1-62cb-46af-af07-46dc3cf98d7f,1c4df881-cca6-49a3-9b2e-6a87a781ef63,condition_changed,,,,,"{""to"": ""fair"", ""source"": ""custodian report""}",2025-05-09 12:36:10.142818+00
5b495659-457d-4af9-85ed-e329d735cedb,9a328951-6f87-4694-900b-d16dfc676cae,1c4df881-cca6-49a3-9b2e-6a87a781ef63,condition_changed,,,,,"{""to"": ""poor"", ""source"": ""custodian report""}",2025-08-24 12:36:10.142818+00
618285ed-5879-4eae-bc06-0e22d56b3e94,ced1fc40-c2f8-4143-8f8b-84292cdaace1,05d038a0-b4a2-40fb-9ac6-eecfcf9cda47,condition_changed,,,,,"{""to"": ""fair"", ""source"": ""custodian report""}",2025-05-11 12:36:10.142818+00
b8c1d331-de3e-427b-b558-e73f85ba857c,c9447499-81c6-4239-9254-400f41a45ed8,176f3f16-3ab1-409e-8c10-9631bea0edcc,condition_changed,,,,,"{""to"": ""fair"", ""source"": ""custodian report""}",2025-03-09 12:36:10.142818+00
ab45142d-3dfe-4fa3-84df-daf6d55c90f6,76b9ca71-81f5-4dbe-bdb1-24e3de0f1c26,750c04a5-63c4-42c6-a7c4-b3aa1de4eebf,condition_changed,,,,,"{""to"": ""fair"", ""source"": ""custodian report""}",2025-04-24 12:36:10.142818+00
be02511a-6887-46f4-bf9a-1934ce9c9e04,0d4c6f27-4d61-4ee8-9e95-199882ab6329,05d038a0-b4a2-40fb-9ac6-eecfcf9cda47,condition_changed,,,,,"{""to"": ""fair"", ""source"": ""custodian report""}",2025-08-01 12:36:10.142818+00
d837c155-b79d-4dd0-8508-7c3bb1827082,0fa4e66e-4e83-4f2f-9a3f-118ba0e74086,8703fd82-ea7e-461c-bacc-18cd5a7c3d3b,condition_changed,,,,,"{""to"": ""fair"", ""source"": ""custodian report""}",2026-02-10 12:36:10.142818+00
1f778e63-f037-432c-aa01-19f04d4abe68,e1bf7f4c-ce10-43d5-9f59-55740d26d991,6ff17eb7-5c04-40ff-83f8-043b4cb1c45c,condition_changed,,,,,"{""to"": ""fair"", ""source"": ""custodian report""}",2026-06-24 12:36:10.142818+00
ac27e4dc-a5f0-42bb-8340-86d5bb094fcd,425c02ac-fc8e-4acd-82fa-ec04c7d1efe7,8703fd82-ea7e-461c-bacc-18cd5a7c3d3b,condition_changed,,,,,"{""to"": ""poor"", ""source"": ""custodian report""}",2025-04-08 12:36:10.142818+00
e11b2b28-716b-4476-9926-63440c4b3f27,93876c21-0c9e-49a9-a24a-11e0cd8433fa,8703fd82-ea7e-461c-bacc-18cd5a7c3d3b,condition_changed,,,,,"{""to"": ""fair"", ""source"": ""custodian report""}",2025-06-01 12:36:10.142818+00
5ff441e0-d989-45a1-a3d5-a3db4b01792b,a97d79b8-bf69-45bf-86ff-a5a488ddf88c,6ff17eb7-5c04-40ff-83f8-043b4cb1c45c,condition_changed,,,,,"{""to"": ""fair"", ""source"": ""custodian report""}",2025-09-08 12:36:10.142818+00
35ae1fb5-9b0c-47ab-86f2-75987fab80e2,b9069e48-d8db-4a30-856f-59c0b9ec67c5,8703fd82-ea7e-461c-bacc-18cd5a7c3d3b,condition_changed,,,,,"{""to"": ""fair"", ""source"": ""custodian report""}",2026-09-18 12:36:10.142818+00
14f319c6-c10a-4feb-b071-17d30e771ea2,5bf7bd29-a12f-4781-b9d0-bfd54f897868,750c04a5-63c4-42c6-a7c4-b3aa1de4eebf,condition_changed,,,,,"{""to"": ""fair"", ""source"": ""custodian report""}",2025-05-08 12:36:10.142818+00
d54408b9-1580-4483-8fdd-82e6c96510ee,4c171fa3-11db-4b74-8748-5918e0c0ed3e,05d038a0-b4a2-40fb-9ac6-eecfcf9cda47,condition_changed,,,,,"{""to"": ""fair"", ""source"": ""custodian report""}",2025-07-05 12:36:10.142818+00
f2aabf83-bb0d-42fd-8590-39be593ff956,03193ec4-3de2-4fd6-b4a7-87e5697fb3b4,750c04a5-63c4-42c6-a7c4-b3aa1de4eebf,condition_changed,,,,,"{""to"": ""poor"", ""source"": ""custodian report""}",2025-05-25 12:36:10.142818+00
4600c0f7-d61a-497e-bf19-d47d93e851e6,9f4d7c57-ada0-4305-8d3f-125034f1ab1f,176f3f16-3ab1-409e-8c10-9631bea0edcc,condition_changed,,,,,"{""to"": ""fair"", ""source"": ""custodian report""}",2025-11-30 12:36:10.142818+00
d8411543-b967-499c-882f-0fe36baf7ee5,5bca1677-8958-4130-99fc-234307930124,750c04a5-63c4-42c6-a7c4-b3aa1de4eebf,condition_changed,,,,,"{""to"": ""fair"", ""source"": ""custodian report""}",2025-06-19 12:36:10.142818+00
233095c1-49db-49b8-b61a-19ba63ba6c71,ef825d0e-252d-4533-a0f6-6e2c16149ea2,750c04a5-63c4-42c6-a7c4-b3aa1de4eebf,condition_changed,,,,,"{""to"": ""fair"", ""source"": ""custodian report""}",2025-05-15 12:36:10.142818+00
9ceb8eb8-c714-4ac0-9abd-7064ec82d761,9039c585-128a-496e-91c2-7567e83b7b1b,750c04a5-63c4-42c6-a7c4-b3aa1de4eebf,condition_changed,,,,,"{""to"": ""fair"", ""source"": ""custodian report""}",2025-06-24 12:36:10.142818+00
7ee33956-764a-45f9-baed-ca0357b2962d,3673afb5-08c2-4510-aca4-37914bedfc03,05d038a0-b4a2-40fb-9ac6-eecfcf9cda47,condition_changed,,,,,"{""to"": ""fair"", ""source"": ""custodian report""}",2025-12-07 12:36:10.142818+00
8123dee5-22da-4340-b0e0-c06421941669,39082336-9803-4031-95a8-c5eee23e98b6,8703fd82-ea7e-461c-bacc-18cd5a7c3d3b,condition_changed,,,,,"{""to"": ""fair"", ""source"": ""custodian report""}",2026-02-19 12:36:10.142818+00
c0aebc1e-7cd4-4ea3-97d0-779474e01cc6,5c69d63a-79af-4855-9496-8dbeddd207ad,8703fd82-ea7e-461c-bacc-18cd5a7c3d3b,condition_changed,,,,,"{""to"": ""fair"", ""source"": ""custodian report""}",2025-04-12 12:36:10.142818+00
babb2bbd-64c7-48d3-9b91-8ac82917808b,1e2d69e1-a40a-4f04-b631-df9223aade50,750c04a5-63c4-42c6-a7c4-b3aa1de4eebf,condition_changed,,,,,"{""to"": ""fair"", ""source"": ""custodian report""}",2026-02-08 12:36:10.142818+00
b496de1a-4e83-4fa8-9716-95434c2354d5,a6cea4e8-cdc6-439d-81e3-f91db2425a10,05d038a0-b4a2-40fb-9ac6-eecfcf9cda47,condition_changed,,,,,"{""to"": ""fair"", ""source"": ""custodian report""}",2025-03-11 12:36:10.142818+00
63928631-ef8e-47a5-a033-a911e8424b9f,3041d632-b087-486d-a685-e3fdfd992ebd,750c04a5-63c4-42c6-a7c4-b3aa1de4eebf,condition_changed,,,,,"{""to"": ""fair"", ""source"": ""custodian report""}",2026-03-24 12:36:10.142818+00
10ced1a6-8807-4911-9278-25f44410caff,832c7574-047b-40be-beda-2beb93318b0b,8703fd82-ea7e-461c-bacc-18cd5a7c3d3b,condition_changed,,,,,"{""to"": ""fair"", ""source"": ""custodian report""}",2026-01-05 12:36:10.142818+00
569a5523-17af-4b6f-a97d-0a9f23d9ccf8,2cfb2fa5-b3ce-42e3-a573-6689222edd4c,8703fd82-ea7e-461c-bacc-18cd5a7c3d3b,condition_changed,,,,,"{""to"": ""poor"", ""source"": ""custodian report""}",2025-04-05 12:36:10.142818+00
215a8bfb-5902-4008-b0b8-2068d3562680,88aa52f8-d735-4d98-9d6d-abf71c2080af,6ff17eb7-5c04-40ff-83f8-043b4cb1c45c,condition_changed,,,,,"{""to"": ""fair"", ""source"": ""custodian report""}",2026-06-17 12:36:10.142818+00
9e5488c8-0dc9-4455-86c6-b11681e045a0,714404dd-0ea9-4606-8617-a537135a8c97,8703fd82-ea7e-461c-bacc-18cd5a7c3d3b,condition_changed,,,,,"{""to"": ""fair"", ""source"": ""custodian report""}",2026-01-01 12:36:10.142818+00
57b2d028-0f85-41ce-8463-d8e044c65faf,3dbc67c6-5c4d-429b-b3c0-77fe16988f3e,8703fd82-ea7e-461c-bacc-18cd5a7c3d3b,condition_changed,,,,,"{""to"": ""fair"", ""source"": ""custodian report""}",2025-07-06 12:36:10.142818+00
a249aac2-29fd-4f7c-a981-3c2fd643614f,1e33351a-317b-41ce-8c95-23d0ba4fb3bb,1c4df881-cca6-49a3-9b2e-6a87a781ef63,condition_changed,,,,,"{""to"": ""fair"", ""source"": ""custodian report""}",2025-09-14 12:36:10.142818+00
7316aef8-22aa-41f7-90ba-8bed1f6de3a8,cde48c12-3a09-4ca8-a061-50fc175bfb86,8703fd82-ea7e-461c-bacc-18cd5a7c3d3b,condition_changed,,,,,"{""to"": ""fair"", ""source"": ""custodian report""}",2026-01-25 12:36:10.142818+00
9a6183df-ea01-44e5-aafe-4a114c98829e,9442d853-d0d5-46d0-8059-54ef6893b55f,1c4df881-cca6-49a3-9b2e-6a87a781ef63,condition_changed,,,,,"{""to"": ""poor"", ""source"": ""custodian report""}",2026-02-01 12:36:10.142818+00
8c998649-550b-42c2-9918-255badc9be40,027bcbe3-1df7-4e1b-8002-9f246d505d52,1c4df881-cca6-49a3-9b2e-6a87a781ef63,condition_changed,,,,,"{""to"": ""fair"", ""source"": ""custodian report""}",2025-06-12 12:36:10.142818+00
5807cb6e-955a-4e99-bb7e-f9f86a8f51f3,df9ccf62-d5a2-492f-96e6-2e39bbf5a148,750c04a5-63c4-42c6-a7c4-b3aa1de4eebf,condition_changed,,,,,"{""to"": ""fair"", ""source"": ""custodian report""}",2026-03-15 12:36:10.142818+00
7a2fcb02-a807-4f3b-bdda-b84a5cab2cdc,5cfc3af1-69c9-4cbc-b8a2-d02787ae490c,05d038a0-b4a2-40fb-9ac6-eecfcf9cda47,condition_changed,,,,,"{""to"": ""fair"", ""source"": ""custodian report""}",2025-08-09 12:36:10.142818+00
94b3e103-0f75-4856-8f50-4eed7503bbca,b5bb0998-6f28-4de8-9c16-f7b0f89a8fab,176f3f16-3ab1-409e-8c10-9631bea0edcc,condition_changed,,,,,"{""to"": ""fair"", ""source"": ""custodian report""}",2026-06-27 12:36:10.142818+00
df2df99e-845e-4b05-861a-9daf5abb2fc8,705c5a2b-c805-4e10-a24e-21003aea575a,1c4df881-cca6-49a3-9b2e-6a87a781ef63,condition_changed,,,,,"{""to"": ""fair"", ""source"": ""custodian report""}",2025-03-14 12:36:10.142818+00
00231987-4c45-4bb5-bd51-6c8d88a3eb34,f673a17d-c8b6-428b-8939-69282c6e5d8c,1c4df881-cca6-49a3-9b2e-6a87a781ef63,condition_changed,,,,,"{""to"": ""poor"", ""source"": ""custodian report""}",2026-02-18 12:36:10.142818+00
bcbdf4ff-643a-4f32-9d09-8f6a7b84bceb,c5abff57-b36f-45b9-87a2-4217ccab877b,750c04a5-63c4-42c6-a7c4-b3aa1de4eebf,condition_changed,,,,,"{""to"": ""fair"", ""source"": ""custodian report""}",2025-09-28 12:36:10.142818+00
b5e6b91d-fe98-482b-bbaf-a1137b475609,5b4809a7-4f15-46fb-b133-afd4a28a73f9,8703fd82-ea7e-461c-bacc-18cd5a7c3d3b,condition_changed,,,,,"{""to"": ""poor"", ""source"": ""custodian report""}",2026-02-05 12:36:10.142818+00
2d6a2b3b-7d5d-4cf4-8de4-8eba7b085ea8,bb567931-c2a0-435a-9c53-b9a5fd409f8a,1c4df881-cca6-49a3-9b2e-6a87a781ef63,condition_changed,,,,,"{""to"": ""poor"", ""source"": ""custodian report""}",2026-03-24 12:36:10.142818+00
27634d00-6450-4dc7-9fb6-07035cd5bf5a,15b13eef-3186-47a2-8ae9-2a2bc925632b,176f3f16-3ab1-409e-8c10-9631bea0edcc,condition_changed,,,,,"{""to"": ""poor"", ""source"": ""custodian report""}",2025-06-07 12:36:10.142818+00
d1754a2c-05a0-4e24-ac7e-6869eba097e7,87b9834f-3c9b-446d-a2c7-acb1961a7c54,1c4df881-cca6-49a3-9b2e-6a87a781ef63,condition_changed,,,,,"{""to"": ""fair"", ""source"": ""custodian report""}",2025-06-24 12:36:10.142818+00
e9e9b0cd-a43d-447f-a209-0b7065a286d6,ab5bc906-ecb3-4539-baae-74b24206906a,8703fd82-ea7e-461c-bacc-18cd5a7c3d3b,condition_changed,,,,,"{""to"": ""fair"", ""source"": ""custodian report""}",2025-07-01 12:36:10.142818+00
738c21da-5d96-4552-bcf3-4f61ff2801f7,b2c3d66b-cd4d-4d43-a9c5-dc6d5d8ffcb0,750c04a5-63c4-42c6-a7c4-b3aa1de4eebf,condition_changed,,,,,"{""to"": ""poor"", ""source"": ""custodian report""}",2026-05-22 12:36:10.142818+00
fe9074d1-8375-4743-b243-540cc84d67b9,9f10b9a6-6866-4168-868e-891c259876a7,8703fd82-ea7e-461c-bacc-18cd5a7c3d3b,condition_changed,,,,,"{""to"": ""fair"", ""source"": ""custodian report""}",2026-02-20 12:36:10.142818+00
0fa035bf-c888-4fa1-9a30-ba70c1650b0f,88eda7bd-e742-460d-8b55-e98dd5b359e4,176f3f16-3ab1-409e-8c10-9631bea0edcc,condition_changed,,,,,"{""to"": ""fair"", ""source"": ""custodian report""}",2026-07-13 12:36:10.142818+00
d9397b02-d28e-48fa-bd62-4a1c8c944abd,edbb1f34-97db-4120-88ea-23d452ef52c5,1c4df881-cca6-49a3-9b2e-6a87a781ef63,condition_changed,,,,,"{""to"": ""failed"", ""source"": ""custodian report""}",2026-06-19 12:36:10.142818+00
f19e0be4-bb93-4156-a16f-9607e21c7b21,59a67054-892a-476c-93d1-41fc04fbb793,05d038a0-b4a2-40fb-9ac6-eecfcf9cda47,condition_changed,,,,,"{""to"": ""poor"", ""source"": ""custodian report""}",2025-11-03 12:36:10.142818+00
076dcc0e-17ac-41ed-a8a8-c3d83e036734,236e3ef4-e754-43cc-870e-6a4f396f8ffb,60694a33-64df-4703-bb1f-20bc3948e683,retirement_requested,,,,,"{""reason"": ""Beyond economic repair; no remaining warranty cover.""}",2026-07-03 12:36:10.142818+00
6ae570a2-bd9a-4519-9372-0e11785fe53d,236e3ef4-e754-43cc-870e-6a4f396f8ffb,63cfd2c4-2600-45b5-8925-b1c9ff6c04ee,retired,,,,,"{""reason"": ""Damaged beyond repair"", ""approved_by"": ""retirement_approver""}",2026-08-27 12:36:10.142818+00
3457e85e-4e4a-4418-813f-b1be511a6429,7fe1bcfe-74c1-4691-bec0-496189b173ff,60694a33-64df-4703-bb1f-20bc3948e683,retirement_requested,,,,,"{""reason"": ""Beyond economic repair; no remaining warranty cover.""}",2026-01-24 12:36:10.142818+00
260d2a84-437e-4bd2-a5ed-8301b493abf0,7fe1bcfe-74c1-4691-bec0-496189b173ff,63cfd2c4-2600-45b5-8925-b1c9ff6c04ee,retired,,,,,"{""reason"": ""Beyond economic repair"", ""approved_by"": ""retirement_approver""}",2026-07-12 12:36:10.142818+00
1daa3542-c878-4011-a005-a0ba38755ac1,532e2a01-97ae-42aa-969f-6eff4f5b9ab5,60694a33-64df-4703-bb1f-20bc3948e683,retirement_requested,,,,,"{""reason"": ""Beyond economic repair; no remaining warranty cover.""}",2026-07-30 12:36:10.142818+00
47792e80-e08f-4562-a669-ea2344f17fce,532e2a01-97ae-42aa-969f-6eff4f5b9ab5,63cfd2c4-2600-45b5-8925-b1c9ff6c04ee,retired,,,,,"{""reason"": ""Obsolete, no spare parts available"", ""approved_by"": ""retirement_approver""}",2026-02-26 12:36:10.142818+00
47e1f7d9-498b-4255-b68c-2199a1e72c41,5f802b6a-a3a0-49b6-8f19-9937419476ca,60694a33-64df-4703-bb1f-20bc3948e683,retirement_requested,,,,,"{""reason"": ""Beyond economic repair; no remaining warranty cover.""}",2026-06-12 12:36:10.142818+00
1b2aa46b-2f21-4ee5-8846-652622012995,5f802b6a-a3a0-49b6-8f19-9937419476ca,63cfd2c4-2600-45b5-8925-b1c9ff6c04ee,retired,,,,,"{""reason"": ""Damaged beyond repair"", ""approved_by"": ""retirement_approver""}",2026-07-05 12:36:10.142818+00
9fd69bba-82d3-4c5b-bf53-f859d75bac7f,d7238598-208f-4d36-a514-45c86dd38e2c,60694a33-64df-4703-bb1f-20bc3948e683,retirement_requested,,,,,"{""reason"": ""Beyond economic repair; no remaining warranty cover.""}",2025-11-09 12:36:10.142818+00
fb1cfd87-7778-428c-9b0c-b4074a729690,d7238598-208f-4d36-a514-45c86dd38e2c,63cfd2c4-2600-45b5-8925-b1c9ff6c04ee,retired,,,,,"{""reason"": ""Obsolete, no spare parts available"", ""approved_by"": ""retirement_approver""}",2026-08-03 12:36:10.142818+00
c9a868a8-cf26-4b77-8b65-846a2f896d0c,ec5aa83a-7dce-4464-9335-92d8a60b93f4,60694a33-64df-4703-bb1f-20bc3948e683,retirement_requested,,,,,"{""reason"": ""Beyond economic repair; no remaining warranty cover.""}",2026-05-19 12:36:10.142818+00
4870ece1-d1c0-4662-bccd-9792c96eba74,ec5aa83a-7dce-4464-9335-92d8a60b93f4,63cfd2c4-2600-45b5-8925-b1c9ff6c04ee,retired,,,,,"{""reason"": ""Replaced under the renewal plan"", ""approved_by"": ""retirement_approver""}",2026-05-24 12:36:10.142818+00
e333cf4f-1795-4857-bbaa-ffc3afa9ac77,30b21e6c-c1ff-4fa4-896a-27f455d33743,60694a33-64df-4703-bb1f-20bc3948e683,retirement_requested,,,,,"{""reason"": ""Beyond economic repair; no remaining warranty cover.""}",2026-03-01 12:36:10.142818+00
c188ec05-041f-4afb-a976-8ca7ac45a8a0,30b21e6c-c1ff-4fa4-896a-27f455d33743,63cfd2c4-2600-45b5-8925-b1c9ff6c04ee,retired,,,,,"{""reason"": ""Replaced under the renewal plan"", ""approved_by"": ""retirement_approver""}",2026-06-08 12:36:10.142818+00
e8cac6be-19cd-4b57-ba98-9ad2b668cec3,e202e999-36c0-49e9-b8c4-b6bc1f7e4ec0,60694a33-64df-4703-bb1f-20bc3948e683,retirement_requested,,,,,"{""reason"": ""Beyond economic repair; no remaining warranty cover.""}",2026-06-13 12:36:10.142818+00
89a6e1f5-5c65-4a99-b792-4c1cd92ece29,e202e999-36c0-49e9-b8c4-b6bc1f7e4ec0,63cfd2c4-2600-45b5-8925-b1c9ff6c04ee,retired,,,,,"{""reason"": ""Obsolete, no spare parts available"", ""approved_by"": ""retirement_approver""}",2026-02-08 12:36:10.142818+00
d14491ce-7ce2-4b77-9576-4e7e28150000,bb567931-c2a0-435a-9c53-b9a5fd409f8a,60694a33-64df-4703-bb1f-20bc3948e683,retirement_requested,,,,,"{""reason"": ""Beyond economic repair; no remaining warranty cover.""}",2026-04-15 12:36:10.142818+00
27c525c9-1bf8-4b82-9366-fac132c778a7,bb567931-c2a0-435a-9c53-b9a5fd409f8a,63cfd2c4-2600-45b5-8925-b1c9ff6c04ee,retired,,,,,"{""reason"": ""Replaced under the renewal plan"", ""approved_by"": ""retirement_approver""}",2026-03-07 12:36:10.142818+00
ebd54bfa-31bf-4c73-b75d-e3dfa282d69b,8ab8ac6d-3c1c-4f30-bf7e-ae7188b0849f,60694a33-64df-4703-bb1f-20bc3948e683,retirement_requested,,,,,"{""reason"": ""Beyond economic repair; no remaining warranty cover.""}",2026-07-27 12:36:10.142818+00
f90c7434-ea79-4330-9979-300c07f81bfe,8ab8ac6d-3c1c-4f30-bf7e-ae7188b0849f,63cfd2c4-2600-45b5-8925-b1c9ff6c04ee,retired,,,,,"{""reason"": ""Damaged beyond repair"", ""approved_by"": ""retirement_approver""}",2026-03-14 12:36:10.142818+00
b202a558-6054-4a58-b2c1-fa5f6edd5bdc,0f96dd5e-bc40-479b-a4a8-935f141761fe,60694a33-64df-4703-bb1f-20bc3948e683,retirement_requested,,,,,"{""reason"": ""Beyond economic repair; no remaining warranty cover.""}",2026-04-22 12:36:10.142818+00
52a22d05-6d90-4d48-99ca-c5fc51e2dc82,0f96dd5e-bc40-479b-a4a8-935f141761fe,63cfd2c4-2600-45b5-8925-b1c9ff6c04ee,retired,,,,,"{""reason"": ""Damaged beyond repair"", ""approved_by"": ""retirement_approver""}",2026-07-23 12:36:10.142818+00
02c08fc1-5292-45cf-87b7-5a3f3a468b0a,eeb669d0-65f9-44b2-adbb-070e72c28d31,60694a33-64df-4703-bb1f-20bc3948e683,retirement_requested,,,,,"{""reason"": ""Beyond economic repair; no remaining warranty cover.""}",2025-12-24 12:36:10.142818+00
95a8c52f-56d8-4fde-a3bd-3f0a2da018b1,eeb669d0-65f9-44b2-adbb-070e72c28d31,63cfd2c4-2600-45b5-8925-b1c9ff6c04ee,retired,,,,,"{""reason"": ""Damaged beyond repair"", ""approved_by"": ""retirement_approver""}",2026-09-11 12:36:10.142818+00
de905ce3-0968-47af-9969-3f73b33b4700,554d6041-1b26-429f-b36b-9976bf27eaa4,60694a33-64df-4703-bb1f-20bc3948e683,retirement_requested,,,,,"{""reason"": ""Beyond economic repair; no remaining warranty cover.""}",2026-07-05 12:36:10.142818+00
a42c3e9a-ca0c-451a-ad84-6fe06f3fab47,554d6041-1b26-429f-b36b-9976bf27eaa4,63cfd2c4-2600-45b5-8925-b1c9ff6c04ee,retired,,,,,"{""reason"": ""Replaced under the renewal plan"", ""approved_by"": ""retirement_approver""}",2026-08-30 12:36:10.142818+00
b8deefdd-cff5-4d47-be7f-ad6a97b1a97d,edbb1f34-97db-4120-88ea-23d452ef52c5,60694a33-64df-4703-bb1f-20bc3948e683,retirement_requested,,,,,"{""reason"": ""Beyond economic repair; no remaining warranty cover.""}",2026-04-10 12:36:10.142818+00
1634a449-912f-4b27-a4d3-3fa8fe800652,edbb1f34-97db-4120-88ea-23d452ef52c5,63cfd2c4-2600-45b5-8925-b1c9ff6c04ee,retired,,,,,"{""reason"": ""Obsolete, no spare parts available"", ""approved_by"": ""retirement_approver""}",2026-06-12 12:36:10.142818+00
1c00f7d0-b9c4-4cf5-87c5-320097064687,ac6d9a84-04e2-4e0e-b855-6bcb57623c9c,60694a33-64df-4703-bb1f-20bc3948e683,retirement_requested,,,,,"{""reason"": ""Beyond economic repair; no remaining warranty cover.""}",2026-01-06 12:36:10.142818+00
dfd35d9a-e563-431c-aac0-e1aa34b8a599,ac6d9a84-04e2-4e0e-b855-6bcb57623c9c,63cfd2c4-2600-45b5-8925-b1c9ff6c04ee,retired,,,,,"{""reason"": ""Damaged beyond repair"", ""approved_by"": ""retirement_approver""}",2026-01-11 12:36:10.142818+00
9ea885c9-95a4-4f43-9bf0-194e85520454,ab65e716-a553-4163-8e14-81d2954dd14a,60694a33-64df-4703-bb1f-20bc3948e683,retirement_requested,,,,,"{""reason"": ""Beyond economic repair; no remaining warranty cover.""}",2025-11-24 12:36:10.142818+00
25f3be8b-8648-4cd2-beac-4df9816d4db0,ab65e716-a553-4163-8e14-81d2954dd14a,63cfd2c4-2600-45b5-8925-b1c9ff6c04ee,retired,,,,,"{""reason"": ""Replaced under the renewal plan"", ""approved_by"": ""retirement_approver""}",2026-09-08 12:36:10.142818+00
c762499a-8a5a-41f9-a7a7-0078831c4df5,bf853716-95ce-4780-b6f6-d421c3eb7e98,60694a33-64df-4703-bb1f-20bc3948e683,retirement_requested,,,,,"{""reason"": ""Beyond economic repair; no remaining warranty cover.""}",2025-12-08 12:36:10.142818+00
08ccf796-b8b1-4f1f-944d-2524bb551fd6,bf853716-95ce-4780-b6f6-d421c3eb7e98,63cfd2c4-2600-45b5-8925-b1c9ff6c04ee,retired,,,,,"{""reason"": ""Obsolete, no spare parts available"", ""approved_by"": ""retirement_approver""}",2026-01-23 12:36:10.142818+00
9aee4648-d696-4525-a693-2d4ee451bab2,9442d853-d0d5-46d0-8059-54ef6893b55f,60694a33-64df-4703-bb1f-20bc3948e683,retirement_requested,,,,,"{""reason"": ""Beyond economic repair; no remaining warranty cover.""}",2026-03-26 12:36:10.142818+00
a02bd4fe-1034-425b-9d43-249e98f462bf,9442d853-d0d5-46d0-8059-54ef6893b55f,63cfd2c4-2600-45b5-8925-b1c9ff6c04ee,retired,,,,,"{""reason"": ""Beyond economic repair"", ""approved_by"": ""retirement_approver""}",2026-01-10 12:36:10.142818+00
be626981-38b0-43d6-b00c-7fdf3e8ad0cf,010c5824-b67f-49fd-b8d6-631b9108bc27,60694a33-64df-4703-bb1f-20bc3948e683,retirement_requested,,,,,"{""reason"": ""Beyond economic repair; no remaining warranty cover.""}",2026-07-21 12:36:10.142818+00
e65d09aa-6ab1-4f53-b29d-c6136996a838,010c5824-b67f-49fd-b8d6-631b9108bc27,63cfd2c4-2600-45b5-8925-b1c9ff6c04ee,retired,,,,,"{""reason"": ""Beyond economic repair"", ""approved_by"": ""retirement_approver""}",2026-09-02 12:36:10.142818+00
92a316d5-5934-4a8d-ba48-2638100b6a48,ae86aa6d-3e87-4a2a-81ed-6e34d4e56636,60694a33-64df-4703-bb1f-20bc3948e683,retirement_requested,,,,,"{""reason"": ""Beyond economic repair; no remaining warranty cover.""}",2026-05-04 12:36:10.142818+00
dfe73321-772b-45bb-b04d-8782f8155fc8,ae86aa6d-3e87-4a2a-81ed-6e34d4e56636,63cfd2c4-2600-45b5-8925-b1c9ff6c04ee,retired,,,,,"{""reason"": ""Beyond economic repair"", ""approved_by"": ""retirement_approver""}",2026-08-23 12:36:10.142818+00
0325121c-3985-4a0a-bdbb-607169967274,425c02ac-fc8e-4acd-82fa-ec04c7d1efe7,60694a33-64df-4703-bb1f-20bc3948e683,retirement_requested,,,,,"{""reason"": ""Beyond economic repair; no remaining warranty cover.""}",2026-05-01 12:36:10.142818+00
089905a8-ddb6-44ae-b925-b14026020082,425c02ac-fc8e-4acd-82fa-ec04c7d1efe7,63cfd2c4-2600-45b5-8925-b1c9ff6c04ee,retired,,,,,"{""reason"": ""Beyond economic repair"", ""approved_by"": ""retirement_approver""}",2026-05-25 12:36:10.142818+00
f467ed74-63d5-43c4-9568-a0ab0b02c08d,4c863df2-82ce-480f-817f-dc8d6a07af09,60694a33-64df-4703-bb1f-20bc3948e683,retirement_requested,,,,,"{""reason"": ""Beyond economic repair; no remaining warranty cover.""}",2026-03-24 12:36:10.142818+00
62d54619-748c-4f23-9d67-ce082573cff2,4c863df2-82ce-480f-817f-dc8d6a07af09,63cfd2c4-2600-45b5-8925-b1c9ff6c04ee,retired,,,,,"{""reason"": ""Obsolete, no spare parts available"", ""approved_by"": ""retirement_approver""}",2026-03-03 12:36:10.142818+00
