date_key,year,quarter,quarter_name,month,month_short,month_name,year_month,day_of_month,day_of_week,day_name,is_weekend,month_start,month_end
2019-01-01,2019,1,Q1,1,Jan,January  ,2019-01,1,2,Tue,f,2019-01-01,2019-01-31
2019-01-02,2019,1,Q1,1,Jan,January  ,2019-01,2,3,Wed,f,2019-01-01,2019-01-31
2019-01-03,2019,1,Q1,1,Jan,January  ,2019-01,3,4,Thu,f,2019-01-01,2019-01-31
2019-01-04,2019,1,Q1,1,Jan,January  ,2019-01,4,5,Fri,t,2019-01-01,2019-01-31
2019-01-05,2019,1,Q1,1,Jan,January  ,2019-01,5,6,Sat,t,2019-01-01,2019-01-31
2019-01-06,2019,1,Q1,1,Jan,January  ,2019-01,6,7,Sun,f,2019-01-01,2019-01-31
2019-01-07,2019,1,Q1,1,Jan,January  ,2019-01,7,1,Mon,f,2019-01-01,2019-01-31
2019-01-08,2019,1,Q1,1,Jan,January  ,2019-01,8,2,Tue,f,2019-01-01,2019-01-31
2019-01-09,2019,1,Q1,1,Jan,January  ,2019-01,9,3,Wed,f,2019-01-01,2019-01-31
2019-01-10,2019,1,Q1,1,Jan,January  ,2019-01,10,4,Thu,f,2019-01-01,2019-01-31
2019-01-11,2019,1,Q1,1,Jan,January  ,2019-01,11,5,Fri,t,2019-01-01,2019-01-31
2019-01-12,2019,1,Q1,1,Jan,January  ,2019-01,12,6,Sat,t,2019-01-01,2019-01-31
2019-01-13,2019,1,Q1,1,Jan,January  ,2019-01,13,7,Sun,f,2019-01-01,2019-01-31
2019-01-14,2019,1,Q1,1,Jan,January  ,2019-01,14,1,Mon,f,2019-01-01,2019-01-31
2019-01-15,2019,1,Q1,1,Jan,January  ,2019-01,15,2,Tue,f,2019-01-01,2019-01-31
2019-01-16,2019,1,Q1,1,Jan,January  ,2019-01,16,3,Wed,f,2019-01-01,2019-01-31
2019-01-17,2019,1,Q1,1,Jan,January  ,2019-01,17,4,Thu,f,2019-01-01,2019-01-31
2019-01-18,2019,1,Q1,1,Jan,January  ,2019-01,18,5,Fri,t,2019-01-01,2019-01-31
2019-01-19,2019,1,Q1,1,Jan,January  ,2019-01,19,6,Sat,t,2019-01-01,2019-01-31
2019-01-20,2019,1,Q1,1,Jan,January  ,2019-01,20,7,Sun,f,2019-01-01,2019-01-31
2019-01-21,2019,1,Q1,1,Jan,January  ,2019-01,21,1,Mon,f,2019-01-01,2019-01-31
2019-01-22,2019,1,Q1,1,Jan,January  ,2019-01,22,2,Tue,f,2019-01-01,2019-01-31
2019-01-23,2019,1,Q1,1,Jan,January  ,2019-01,23,3,Wed,f,2019-01-01,2019-01-31
2019-01-24,2019,1,Q1,1,Jan,January  ,2019-01,24,4,Thu,f,2019-01-01,2019-01-31
2019-01-25,2019,1,Q1,1,Jan,January  ,2019-01,25,5,Fri,t,2019-01-01,2019-01-31
2019-01-26,2019,1,Q1,1,Jan,January  ,2019-01,26,6,Sat,t,2019-01-01,2019-01-31
2019-01-27,2019,1,Q1,1,Jan,January  ,2019-01,27,7,Sun,f,2019-01-01,2019-01-31
2019-01-28,2019,1,Q1,1,Jan,January  ,2019-01,28,1,Mon,f,2019-01-01,2019-01-31
2019-01-29,2019,1,Q1,1,Jan,January  ,2019-01,29,2,Tue,f,2019-01-01,2019-01-31
2019-01-30,2019,1,Q1,1,Jan,January  ,2019-01,30,3,Wed,f,2019-01-01,2019-01-31
2019-01-31,2019,1,Q1,1,Jan,January  ,2019-01,31,4,Thu,f,2019-01-01,2019-01-31
2019-02-01,2019,1,Q1,2,Feb,February ,2019-02,1,5,Fri,t,2019-02-01,2019-02-28
2019-02-02,2019,1,Q1,2,Feb,February ,2019-02,2,6,Sat,t,2019-02-01,2019-02-28
2019-02-03,2019,1,Q1,2,Feb,February ,2019-02,3,7,Sun,f,2019-02-01,2019-02-28
2019-02-04,2019,1,Q1,2,Feb,February ,2019-02,4,1,Mon,f,2019-02-01,2019-02-28
2019-02-05,2019,1,Q1,2,Feb,February ,2019-02,5,2,Tue,f,2019-02-01,2019-02-28
2019-02-06,2019,1,Q1,2,Feb,February ,2019-02,6,3,Wed,f,2019-02-01,2019-02-28
2019-02-07,2019,1,Q1,2,Feb,February ,2019-02,7,4,Thu,f,2019-02-01,2019-02-28
2019-02-08,2019,1,Q1,2,Feb,February ,2019-02,8,5,Fri,t,2019-02-01,2019-02-28
2019-02-09,2019,1,Q1,2,Feb,February ,2019-02,9,6,Sat,t,2019-02-01,2019-02-28
2019-02-10,2019,1,Q1,2,Feb,February ,2019-02,10,7,Sun,f,2019-02-01,2019-02-28
2019-02-11,2019,1,Q1,2,Feb,February ,2019-02,11,1,Mon,f,2019-02-01,2019-02-28
2019-02-12,2019,1,Q1,2,Feb,February ,2019-02,12,2,Tue,f,2019-02-01,2019-02-28
2019-02-13,2019,1,Q1,2,Feb,February ,2019-02,13,3,Wed,f,2019-02-01,2019-02-28
2019-02-14,2019,1,Q1,2,Feb,February ,2019-02,14,4,Thu,f,2019-02-01,2019-02-28
2019-02-15,2019,1,Q1,2,Feb,February ,2019-02,15,5,Fri,t,2019-02-01,2019-02-28
2019-02-16,2019,1,Q1,2,Feb,February ,2019-02,16,6,Sat,t,2019-02-01,2019-02-28
2019-02-17,2019,1,Q1,2,Feb,February ,2019-02,17,7,Sun,f,2019-02-01,2019-02-28
2019-02-18,2019,1,Q1,2,Feb,February ,2019-02,18,1,Mon,f,2019-02-01,2019-02-28
2019-02-19,2019,1,Q1,2,Feb,February ,2019-02,19,2,Tue,f,2019-02-01,2019-02-28
2019-02-20,2019,1,Q1,2,Feb,February ,2019-02,20,3,Wed,f,2019-02-01,2019-02-28
2019-02-21,2019,1,Q1,2,Feb,February ,2019-02,21,4,Thu,f,2019-02-01,2019-02-28
2019-02-22,2019,1,Q1,2,Feb,February ,2019-02,22,5,Fri,t,2019-02-01,2019-02-28
2019-02-23,2019,1,Q1,2,Feb,February ,2019-02,23,6,Sat,t,2019-02-01,2019-02-28
2019-02-24,2019,1,Q1,2,Feb,February ,2019-02,24,7,Sun,f,2019-02-01,2019-02-28
2019-02-25,2019,1,Q1,2,Feb,February ,2019-02,25,1,Mon,f,2019-02-01,2019-02-28
2019-02-26,2019,1,Q1,2,Feb,February ,2019-02,26,2,Tue,f,2019-02-01,2019-02-28
2019-02-27,2019,1,Q1,2,Feb,February ,2019-02,27,3,Wed,f,2019-02-01,2019-02-28
2019-02-28,2019,1,Q1,2,Feb,February ,2019-02,28,4,Thu,f,2019-02-01,2019-02-28
2019-03-01,2019,1,Q1,3,Mar,March    ,2019-03,1,5,Fri,t,2019-03-01,2019-03-31
2019-03-02,2019,1,Q1,3,Mar,March    ,2019-03,2,6,Sat,t,2019-03-01,2019-03-31
2019-03-03,2019,1,Q1,3,Mar,March    ,2019-03,3,7,Sun,f,2019-03-01,2019-03-31
2019-03-04,2019,1,Q1,3,Mar,March    ,2019-03,4,1,Mon,f,2019-03-01,2019-03-31
2019-03-05,2019,1,Q1,3,Mar,March    ,2019-03,5,2,Tue,f,2019-03-01,2019-03-31
2019-03-06,2019,1,Q1,3,Mar,March    ,2019-03,6,3,Wed,f,2019-03-01,2019-03-31
2019-03-07,2019,1,Q1,3,Mar,March    ,2019-03,7,4,Thu,f,2019-03-01,2019-03-31
2019-03-08,2019,1,Q1,3,Mar,March    ,2019-03,8,5,Fri,t,2019-03-01,2019-03-31
2019-03-09,2019,1,Q1,3,Mar,March    ,2019-03,9,6,Sat,t,2019-03-01,2019-03-31
2019-03-10,2019,1,Q1,3,Mar,March    ,2019-03,10,7,Sun,f,2019-03-01,2019-03-31
2019-03-11,2019,1,Q1,3,Mar,March    ,2019-03,11,1,Mon,f,2019-03-01,2019-03-31
2019-03-12,2019,1,Q1,3,Mar,March    ,2019-03,12,2,Tue,f,2019-03-01,2019-03-31
2019-03-13,2019,1,Q1,3,Mar,March    ,2019-03,13,3,Wed,f,2019-03-01,2019-03-31
2019-03-14,2019,1,Q1,3,Mar,March    ,2019-03,14,4,Thu,f,2019-03-01,2019-03-31
2019-03-15,2019,1,Q1,3,Mar,March    ,2019-03,15,5,Fri,t,2019-03-01,2019-03-31
2019-03-16,2019,1,Q1,3,Mar,March    ,2019-03,16,6,Sat,t,2019-03-01,2019-03-31
2019-03-17,2019,1,Q1,3,Mar,March    ,2019-03,17,7,Sun,f,2019-03-01,2019-03-31
2019-03-18,2019,1,Q1,3,Mar,March    ,2019-03,18,1,Mon,f,2019-03-01,2019-03-31
2019-03-19,2019,1,Q1,3,Mar,March    ,2019-03,19,2,Tue,f,2019-03-01,2019-03-31
2019-03-20,2019,1,Q1,3,Mar,March    ,2019-03,20,3,Wed,f,2019-03-01,2019-03-31
2019-03-21,2019,1,Q1,3,Mar,March    ,2019-03,21,4,Thu,f,2019-03-01,2019-03-31
2019-03-22,2019,1,Q1,3,Mar,March    ,2019-03,22,5,Fri,t,2019-03-01,2019-03-31
2019-03-23,2019,1,Q1,3,Mar,March    ,2019-03,23,6,Sat,t,2019-03-01,2019-03-31
2019-03-24,2019,1,Q1,3,Mar,March    ,2019-03,24,7,Sun,f,2019-03-01,2019-03-31
2019-03-25,2019,1,Q1,3,Mar,March    ,2019-03,25,1,Mon,f,2019-03-01,2019-03-31
2019-03-26,2019,1,Q1,3,Mar,March    ,2019-03,26,2,Tue,f,2019-03-01,2019-03-31
2019-03-27,2019,1,Q1,3,Mar,March    ,2019-03,27,3,Wed,f,2019-03-01,2019-03-31
2019-03-28,2019,1,Q1,3,Mar,March    ,2019-03,28,4,Thu,f,2019-03-01,2019-03-31
2019-03-29,2019,1,Q1,3,Mar,March    ,2019-03,29,5,Fri,t,2019-03-01,2019-03-31
2019-03-30,2019,1,Q1,3,Mar,March    ,2019-03,30,6,Sat,t,2019-03-01,2019-03-31
2019-03-31,2019,1,Q1,3,Mar,March    ,2019-03,31,7,Sun,f,2019-03-01,2019-03-31
2019-04-01,2019,2,Q2,4,Apr,April    ,2019-04,1,1,Mon,f,2019-04-01,2019-04-30
2019-04-02,2019,2,Q2,4,Apr,April    ,2019-04,2,2,Tue,f,2019-04-01,2019-04-30
2019-04-03,2019,2,Q2,4,Apr,April    ,2019-04,3,3,Wed,f,2019-04-01,2019-04-30
2019-04-04,2019,2,Q2,4,Apr,April    ,2019-04,4,4,Thu,f,2019-04-01,2019-04-30
2019-04-05,2019,2,Q2,4,Apr,April    ,2019-04,5,5,Fri,t,2019-04-01,2019-04-30
2019-04-06,2019,2,Q2,4,Apr,April    ,2019-04,6,6,Sat,t,2019-04-01,2019-04-30
2019-04-07,2019,2,Q2,4,Apr,April    ,2019-04,7,7,Sun,f,2019-04-01,2019-04-30
2019-04-08,2019,2,Q2,4,Apr,April    ,2019-04,8,1,Mon,f,2019-04-01,2019-04-30
2019-04-09,2019,2,Q2,4,Apr,April    ,2019-04,9,2,Tue,f,2019-04-01,2019-04-30
2019-04-10,2019,2,Q2,4,Apr,April    ,2019-04,10,3,Wed,f,2019-04-01,2019-04-30
2019-04-11,2019,2,Q2,4,Apr,April    ,2019-04,11,4,Thu,f,2019-04-01,2019-04-30
2019-04-12,2019,2,Q2,4,Apr,April    ,2019-04,12,5,Fri,t,2019-04-01,2019-04-30
2019-04-13,2019,2,Q2,4,Apr,April    ,2019-04,13,6,Sat,t,2019-04-01,2019-04-30
2019-04-14,2019,2,Q2,4,Apr,April    ,2019-04,14,7,Sun,f,2019-04-01,2019-04-30
2019-04-15,2019,2,Q2,4,Apr,April    ,2019-04,15,1,Mon,f,2019-04-01,2019-04-30
2019-04-16,2019,2,Q2,4,Apr,April    ,2019-04,16,2,Tue,f,2019-04-01,2019-04-30
2019-04-17,2019,2,Q2,4,Apr,April    ,2019-04,17,3,Wed,f,2019-04-01,2019-04-30
2019-04-18,2019,2,Q2,4,Apr,April    ,2019-04,18,4,Thu,f,2019-04-01,2019-04-30
2019-04-19,2019,2,Q2,4,Apr,April    ,2019-04,19,5,Fri,t,2019-04-01,2019-04-30
2019-04-20,2019,2,Q2,4,Apr,April    ,2019-04,20,6,Sat,t,2019-04-01,2019-04-30
2019-04-21,2019,2,Q2,4,Apr,April    ,2019-04,21,7,Sun,f,2019-04-01,2019-04-30
2019-04-22,2019,2,Q2,4,Apr,April    ,2019-04,22,1,Mon,f,2019-04-01,2019-04-30
2019-04-23,2019,2,Q2,4,Apr,April    ,2019-04,23,2,Tue,f,2019-04-01,2019-04-30
2019-04-24,2019,2,Q2,4,Apr,April    ,2019-04,24,3,Wed,f,2019-04-01,2019-04-30
2019-04-25,2019,2,Q2,4,Apr,April    ,2019-04,25,4,Thu,f,2019-04-01,2019-04-30
2019-04-26,2019,2,Q2,4,Apr,April    ,2019-04,26,5,Fri,t,2019-04-01,2019-04-30
2019-04-27,2019,2,Q2,4,Apr,April    ,2019-04,27,6,Sat,t,2019-04-01,2019-04-30
2019-04-28,2019,2,Q2,4,Apr,April    ,2019-04,28,7,Sun,f,2019-04-01,2019-04-30
2019-04-29,2019,2,Q2,4,Apr,April    ,2019-04,29,1,Mon,f,2019-04-01,2019-04-30
2019-04-30,2019,2,Q2,4,Apr,April    ,2019-04,30,2,Tue,f,2019-04-01,2019-04-30
2019-05-01,2019,2,Q2,5,May,May      ,2019-05,1,3,Wed,f,2019-05-01,2019-05-31
2019-05-02,2019,2,Q2,5,May,May      ,2019-05,2,4,Thu,f,2019-05-01,2019-05-31
2019-05-03,2019,2,Q2,5,May,May      ,2019-05,3,5,Fri,t,2019-05-01,2019-05-31
2019-05-04,2019,2,Q2,5,May,May      ,2019-05,4,6,Sat,t,2019-05-01,2019-05-31
2019-05-05,2019,2,Q2,5,May,May      ,2019-05,5,7,Sun,f,2019-05-01,2019-05-31
2019-05-06,2019,2,Q2,5,May,May      ,2019-05,6,1,Mon,f,2019-05-01,2019-05-31
2019-05-07,2019,2,Q2,5,May,May      ,2019-05,7,2,Tue,f,2019-05-01,2019-05-31
2019-05-08,2019,2,Q2,5,May,May      ,2019-05,8,3,Wed,f,2019-05-01,2019-05-31
2019-05-09,2019,2,Q2,5,May,May      ,2019-05,9,4,Thu,f,2019-05-01,2019-05-31
2019-05-10,2019,2,Q2,5,May,May      ,2019-05,10,5,Fri,t,2019-05-01,2019-05-31
2019-05-11,2019,2,Q2,5,May,May      ,2019-05,11,6,Sat,t,2019-05-01,2019-05-31
2019-05-12,2019,2,Q2,5,May,May      ,2019-05,12,7,Sun,f,2019-05-01,2019-05-31
2019-05-13,2019,2,Q2,5,May,May      ,2019-05,13,1,Mon,f,2019-05-01,2019-05-31
2019-05-14,2019,2,Q2,5,May,May      ,2019-05,14,2,Tue,f,2019-05-01,2019-05-31
2019-05-15,2019,2,Q2,5,May,May      ,2019-05,15,3,Wed,f,2019-05-01,2019-05-31
2019-05-16,2019,2,Q2,5,May,May      ,2019-05,16,4,Thu,f,2019-05-01,2019-05-31
2019-05-17,2019,2,Q2,5,May,May      ,2019-05,17,5,Fri,t,2019-05-01,2019-05-31
2019-05-18,2019,2,Q2,5,May,May      ,2019-05,18,6,Sat,t,2019-05-01,2019-05-31
2019-05-19,2019,2,Q2,5,May,May      ,2019-05,19,7,Sun,f,2019-05-01,2019-05-31
2019-05-20,2019,2,Q2,5,May,May      ,2019-05,20,1,Mon,f,2019-05-01,2019-05-31
2019-05-21,2019,2,Q2,5,May,May      ,2019-05,21,2,Tue,f,2019-05-01,2019-05-31
2019-05-22,2019,2,Q2,5,May,May      ,2019-05,22,3,Wed,f,2019-05-01,2019-05-31
2019-05-23,2019,2,Q2,5,May,May      ,2019-05,23,4,Thu,f,2019-05-01,2019-05-31
2019-05-24,2019,2,Q2,5,May,May      ,2019-05,24,5,Fri,t,2019-05-01,2019-05-31
2019-05-25,2019,2,Q2,5,May,May      ,2019-05,25,6,Sat,t,2019-05-01,2019-05-31
2019-05-26,2019,2,Q2,5,May,May      ,2019-05,26,7,Sun,f,2019-05-01,2019-05-31
2019-05-27,2019,2,Q2,5,May,May      ,2019-05,27,1,Mon,f,2019-05-01,2019-05-31
2019-05-28,2019,2,Q2,5,May,May      ,2019-05,28,2,Tue,f,2019-05-01,2019-05-31
2019-05-29,2019,2,Q2,5,May,May      ,2019-05,29,3,Wed,f,2019-05-01,2019-05-31
2019-05-30,2019,2,Q2,5,May,May      ,2019-05,30,4,Thu,f,2019-05-01,2019-05-31
2019-05-31,2019,2,Q2,5,May,May      ,2019-05,31,5,Fri,t,2019-05-01,2019-05-31
2019-06-01,2019,2,Q2,6,Jun,June     ,2019-06,1,6,Sat,t,2019-06-01,2019-06-30
2019-06-02,2019,2,Q2,6,Jun,June     ,2019-06,2,7,Sun,f,2019-06-01,2019-06-30
2019-06-03,2019,2,Q2,6,Jun,June     ,2019-06,3,1,Mon,f,2019-06-01,2019-06-30
2019-06-04,2019,2,Q2,6,Jun,June     ,2019-06,4,2,Tue,f,2019-06-01,2019-06-30
2019-06-05,2019,2,Q2,6,Jun,June     ,2019-06,5,3,Wed,f,2019-06-01,2019-06-30
2019-06-06,2019,2,Q2,6,Jun,June     ,2019-06,6,4,Thu,f,2019-06-01,2019-06-30
2019-06-07,2019,2,Q2,6,Jun,June     ,2019-06,7,5,Fri,t,2019-06-01,2019-06-30
2019-06-08,2019,2,Q2,6,Jun,June     ,2019-06,8,6,Sat,t,2019-06-01,2019-06-30
2019-06-09,2019,2,Q2,6,Jun,June     ,2019-06,9,7,Sun,f,2019-06-01,2019-06-30
2019-06-10,2019,2,Q2,6,Jun,June     ,2019-06,10,1,Mon,f,2019-06-01,2019-06-30
2019-06-11,2019,2,Q2,6,Jun,June     ,2019-06,11,2,Tue,f,2019-06-01,2019-06-30
2019-06-12,2019,2,Q2,6,Jun,June     ,2019-06,12,3,Wed,f,2019-06-01,2019-06-30
2019-06-13,2019,2,Q2,6,Jun,June     ,2019-06,13,4,Thu,f,2019-06-01,2019-06-30
2019-06-14,2019,2,Q2,6,Jun,June     ,2019-06,14,5,Fri,t,2019-06-01,2019-06-30
2019-06-15,2019,2,Q2,6,Jun,June     ,2019-06,15,6,Sat,t,2019-06-01,2019-06-30
2019-06-16,2019,2,Q2,6,Jun,June     ,2019-06,16,7,Sun,f,2019-06-01,2019-06-30
2019-06-17,2019,2,Q2,6,Jun,June     ,2019-06,17,1,Mon,f,2019-06-01,2019-06-30
2019-06-18,2019,2,Q2,6,Jun,June     ,2019-06,18,2,Tue,f,2019-06-01,2019-06-30
2019-06-19,2019,2,Q2,6,Jun,June     ,2019-06,19,3,Wed,f,2019-06-01,2019-06-30
2019-06-20,2019,2,Q2,6,Jun,June     ,2019-06,20,4,Thu,f,2019-06-01,2019-06-30
2019-06-21,2019,2,Q2,6,Jun,June     ,2019-06,21,5,Fri,t,2019-06-01,2019-06-30
2019-06-22,2019,2,Q2,6,Jun,June     ,2019-06,22,6,Sat,t,2019-06-01,2019-06-30
2019-06-23,2019,2,Q2,6,Jun,June     ,2019-06,23,7,Sun,f,2019-06-01,2019-06-30
2019-06-24,2019,2,Q2,6,Jun,June     ,2019-06,24,1,Mon,f,2019-06-01,2019-06-30
2019-06-25,2019,2,Q2,6,Jun,June     ,2019-06,25,2,Tue,f,2019-06-01,2019-06-30
2019-06-26,2019,2,Q2,6,Jun,June     ,2019-06,26,3,Wed,f,2019-06-01,2019-06-30
2019-06-27,2019,2,Q2,6,Jun,June     ,2019-06,27,4,Thu,f,2019-06-01,2019-06-30
2019-06-28,2019,2,Q2,6,Jun,June     ,2019-06,28,5,Fri,t,2019-06-01,2019-06-30
2019-06-29,2019,2,Q2,6,Jun,June     ,2019-06,29,6,Sat,t,2019-06-01,2019-06-30
2019-06-30,2019,2,Q2,6,Jun,June     ,2019-06,30,7,Sun,f,2019-06-01,2019-06-30
2019-07-01,2019,3,Q3,7,Jul,July     ,2019-07,1,1,Mon,f,2019-07-01,2019-07-31
2019-07-02,2019,3,Q3,7,Jul,July     ,2019-07,2,2,Tue,f,2019-07-01,2019-07-31
2019-07-03,2019,3,Q3,7,Jul,July     ,2019-07,3,3,Wed,f,2019-07-01,2019-07-31
2019-07-04,2019,3,Q3,7,Jul,July     ,2019-07,4,4,Thu,f,2019-07-01,2019-07-31
2019-07-05,2019,3,Q3,7,Jul,July     ,2019-07,5,5,Fri,t,2019-07-01,2019-07-31
2019-07-06,2019,3,Q3,7,Jul,July     ,2019-07,6,6,Sat,t,2019-07-01,2019-07-31
2019-07-07,2019,3,Q3,7,Jul,July     ,2019-07,7,7,Sun,f,2019-07-01,2019-07-31
2019-07-08,2019,3,Q3,7,Jul,July     ,2019-07,8,1,Mon,f,2019-07-01,2019-07-31
2019-07-09,2019,3,Q3,7,Jul,July     ,2019-07,9,2,Tue,f,2019-07-01,2019-07-31
2019-07-10,2019,3,Q3,7,Jul,July     ,2019-07,10,3,Wed,f,2019-07-01,2019-07-31
2019-07-11,2019,3,Q3,7,Jul,July     ,2019-07,11,4,Thu,f,2019-07-01,2019-07-31
2019-07-12,2019,3,Q3,7,Jul,July     ,2019-07,12,5,Fri,t,2019-07-01,2019-07-31
2019-07-13,2019,3,Q3,7,Jul,July     ,2019-07,13,6,Sat,t,2019-07-01,2019-07-31
2019-07-14,2019,3,Q3,7,Jul,July     ,2019-07,14,7,Sun,f,2019-07-01,2019-07-31
2019-07-15,2019,3,Q3,7,Jul,July     ,2019-07,15,1,Mon,f,2019-07-01,2019-07-31
2019-07-16,2019,3,Q3,7,Jul,July     ,2019-07,16,2,Tue,f,2019-07-01,2019-07-31
2019-07-17,2019,3,Q3,7,Jul,July     ,2019-07,17,3,Wed,f,2019-07-01,2019-07-31
2019-07-18,2019,3,Q3,7,Jul,July     ,2019-07,18,4,Thu,f,2019-07-01,2019-07-31
2019-07-19,2019,3,Q3,7,Jul,July     ,2019-07,19,5,Fri,t,2019-07-01,2019-07-31
2019-07-20,2019,3,Q3,7,Jul,July     ,2019-07,20,6,Sat,t,2019-07-01,2019-07-31
2019-07-21,2019,3,Q3,7,Jul,July     ,2019-07,21,7,Sun,f,2019-07-01,2019-07-31
2019-07-22,2019,3,Q3,7,Jul,July     ,2019-07,22,1,Mon,f,2019-07-01,2019-07-31
2019-07-23,2019,3,Q3,7,Jul,July     ,2019-07,23,2,Tue,f,2019-07-01,2019-07-31
2019-07-24,2019,3,Q3,7,Jul,July     ,2019-07,24,3,Wed,f,2019-07-01,2019-07-31
2019-07-25,2019,3,Q3,7,Jul,July     ,2019-07,25,4,Thu,f,2019-07-01,2019-07-31
2019-07-26,2019,3,Q3,7,Jul,July     ,2019-07,26,5,Fri,t,2019-07-01,2019-07-31
2019-07-27,2019,3,Q3,7,Jul,July     ,2019-07,27,6,Sat,t,2019-07-01,2019-07-31
2019-07-28,2019,3,Q3,7,Jul,July     ,2019-07,28,7,Sun,f,2019-07-01,2019-07-31
2019-07-29,2019,3,Q3,7,Jul,July     ,2019-07,29,1,Mon,f,2019-07-01,2019-07-31
2019-07-30,2019,3,Q3,7,Jul,July     ,2019-07,30,2,Tue,f,2019-07-01,2019-07-31
2019-07-31,2019,3,Q3,7,Jul,July     ,2019-07,31,3,Wed,f,2019-07-01,2019-07-31
2019-08-01,2019,3,Q3,8,Aug,August   ,2019-08,1,4,Thu,f,2019-08-01,2019-08-31
2019-08-02,2019,3,Q3,8,Aug,August   ,2019-08,2,5,Fri,t,2019-08-01,2019-08-31
2019-08-03,2019,3,Q3,8,Aug,August   ,2019-08,3,6,Sat,t,2019-08-01,2019-08-31
2019-08-04,2019,3,Q3,8,Aug,August   ,2019-08,4,7,Sun,f,2019-08-01,2019-08-31
2019-08-05,2019,3,Q3,8,Aug,August   ,2019-08,5,1,Mon,f,2019-08-01,2019-08-31
2019-08-06,2019,3,Q3,8,Aug,August   ,2019-08,6,2,Tue,f,2019-08-01,2019-08-31
2019-08-07,2019,3,Q3,8,Aug,August   ,2019-08,7,3,Wed,f,2019-08-01,2019-08-31
2019-08-08,2019,3,Q3,8,Aug,August   ,2019-08,8,4,Thu,f,2019-08-01,2019-08-31
2019-08-09,2019,3,Q3,8,Aug,August   ,2019-08,9,5,Fri,t,2019-08-01,2019-08-31
2019-08-10,2019,3,Q3,8,Aug,August   ,2019-08,10,6,Sat,t,2019-08-01,2019-08-31
2019-08-11,2019,3,Q3,8,Aug,August   ,2019-08,11,7,Sun,f,2019-08-01,2019-08-31
2019-08-12,2019,3,Q3,8,Aug,August   ,2019-08,12,1,Mon,f,2019-08-01,2019-08-31
2019-08-13,2019,3,Q3,8,Aug,August   ,2019-08,13,2,Tue,f,2019-08-01,2019-08-31
2019-08-14,2019,3,Q3,8,Aug,August   ,2019-08,14,3,Wed,f,2019-08-01,2019-08-31
2019-08-15,2019,3,Q3,8,Aug,August   ,2019-08,15,4,Thu,f,2019-08-01,2019-08-31
2019-08-16,2019,3,Q3,8,Aug,August   ,2019-08,16,5,Fri,t,2019-08-01,2019-08-31
2019-08-17,2019,3,Q3,8,Aug,August   ,2019-08,17,6,Sat,t,2019-08-01,2019-08-31
2019-08-18,2019,3,Q3,8,Aug,August   ,2019-08,18,7,Sun,f,2019-08-01,2019-08-31
2019-08-19,2019,3,Q3,8,Aug,August   ,2019-08,19,1,Mon,f,2019-08-01,2019-08-31
2019-08-20,2019,3,Q3,8,Aug,August   ,2019-08,20,2,Tue,f,2019-08-01,2019-08-31
2019-08-21,2019,3,Q3,8,Aug,August   ,2019-08,21,3,Wed,f,2019-08-01,2019-08-31
2019-08-22,2019,3,Q3,8,Aug,August   ,2019-08,22,4,Thu,f,2019-08-01,2019-08-31
2019-08-23,2019,3,Q3,8,Aug,August   ,2019-08,23,5,Fri,t,2019-08-01,2019-08-31
2019-08-24,2019,3,Q3,8,Aug,August   ,2019-08,24,6,Sat,t,2019-08-01,2019-08-31
2019-08-25,2019,3,Q3,8,Aug,August   ,2019-08,25,7,Sun,f,2019-08-01,2019-08-31
2019-08-26,2019,3,Q3,8,Aug,August   ,2019-08,26,1,Mon,f,2019-08-01,2019-08-31
2019-08-27,2019,3,Q3,8,Aug,August   ,2019-08,27,2,Tue,f,2019-08-01,2019-08-31
2019-08-28,2019,3,Q3,8,Aug,August   ,2019-08,28,3,Wed,f,2019-08-01,2019-08-31
2019-08-29,2019,3,Q3,8,Aug,August   ,2019-08,29,4,Thu,f,2019-08-01,2019-08-31
2019-08-30,2019,3,Q3,8,Aug,August   ,2019-08,30,5,Fri,t,2019-08-01,2019-08-31
2019-08-31,2019,3,Q3,8,Aug,August   ,2019-08,31,6,Sat,t,2019-08-01,2019-08-31
2019-09-01,2019,3,Q3,9,Sep,September,2019-09,1,7,Sun,f,2019-09-01,2019-09-30
2019-09-02,2019,3,Q3,9,Sep,September,2019-09,2,1,Mon,f,2019-09-01,2019-09-30
2019-09-03,2019,3,Q3,9,Sep,September,2019-09,3,2,Tue,f,2019-09-01,2019-09-30
2019-09-04,2019,3,Q3,9,Sep,September,2019-09,4,3,Wed,f,2019-09-01,2019-09-30
2019-09-05,2019,3,Q3,9,Sep,September,2019-09,5,4,Thu,f,2019-09-01,2019-09-30
2019-09-06,2019,3,Q3,9,Sep,September,2019-09,6,5,Fri,t,2019-09-01,2019-09-30
2019-09-07,2019,3,Q3,9,Sep,September,2019-09,7,6,Sat,t,2019-09-01,2019-09-30
2019-09-08,2019,3,Q3,9,Sep,September,2019-09,8,7,Sun,f,2019-09-01,2019-09-30
2019-09-09,2019,3,Q3,9,Sep,September,2019-09,9,1,Mon,f,2019-09-01,2019-09-30
2019-09-10,2019,3,Q3,9,Sep,September,2019-09,10,2,Tue,f,2019-09-01,2019-09-30
2019-09-11,2019,3,Q3,9,Sep,September,2019-09,11,3,Wed,f,2019-09-01,2019-09-30
2019-09-12,2019,3,Q3,9,Sep,September,2019-09,12,4,Thu,f,2019-09-01,2019-09-30
2019-09-13,2019,3,Q3,9,Sep,September,2019-09,13,5,Fri,t,2019-09-01,2019-09-30
2019-09-14,2019,3,Q3,9,Sep,September,2019-09,14,6,Sat,t,2019-09-01,2019-09-30
2019-09-15,2019,3,Q3,9,Sep,September,2019-09,15,7,Sun,f,2019-09-01,2019-09-30
2019-09-16,2019,3,Q3,9,Sep,September,2019-09,16,1,Mon,f,2019-09-01,2019-09-30
2019-09-17,2019,3,Q3,9,Sep,September,2019-09,17,2,Tue,f,2019-09-01,2019-09-30
2019-09-18,2019,3,Q3,9,Sep,September,2019-09,18,3,Wed,f,2019-09-01,2019-09-30
2019-09-19,2019,3,Q3,9,Sep,September,2019-09,19,4,Thu,f,2019-09-01,2019-09-30
2019-09-20,2019,3,Q3,9,Sep,September,2019-09,20,5,Fri,t,2019-09-01,2019-09-30
2019-09-21,2019,3,Q3,9,Sep,September,2019-09,21,6,Sat,t,2019-09-01,2019-09-30
2019-09-22,2019,3,Q3,9,Sep,September,2019-09,22,7,Sun,f,2019-09-01,2019-09-30
2019-09-23,2019,3,Q3,9,Sep,September,2019-09,23,1,Mon,f,2019-09-01,2019-09-30
2019-09-24,2019,3,Q3,9,Sep,September,2019-09,24,2,Tue,f,2019-09-01,2019-09-30
2019-09-25,2019,3,Q3,9,Sep,September,2019-09,25,3,Wed,f,2019-09-01,2019-09-30
2019-09-26,2019,3,Q3,9,Sep,September,2019-09,26,4,Thu,f,2019-09-01,2019-09-30
2019-09-27,2019,3,Q3,9,Sep,September,2019-09,27,5,Fri,t,2019-09-01,2019-09-30
2019-09-28,2019,3,Q3,9,Sep,September,2019-09,28,6,Sat,t,2019-09-01,2019-09-30
2019-09-29,2019,3,Q3,9,Sep,September,2019-09,29,7,Sun,f,2019-09-01,2019-09-30
2019-09-30,2019,3,Q3,9,Sep,September,2019-09,30,1,Mon,f,2019-09-01,2019-09-30
2019-10-01,2019,4,Q4,10,Oct,October  ,2019-10,1,2,Tue,f,2019-10-01,2019-10-31
2019-10-02,2019,4,Q4,10,Oct,October  ,2019-10,2,3,Wed,f,2019-10-01,2019-10-31
2019-10-03,2019,4,Q4,10,Oct,October  ,2019-10,3,4,Thu,f,2019-10-01,2019-10-31
2019-10-04,2019,4,Q4,10,Oct,October  ,2019-10,4,5,Fri,t,2019-10-01,2019-10-31
2019-10-05,2019,4,Q4,10,Oct,October  ,2019-10,5,6,Sat,t,2019-10-01,2019-10-31
2019-10-06,2019,4,Q4,10,Oct,October  ,2019-10,6,7,Sun,f,2019-10-01,2019-10-31
2019-10-07,2019,4,Q4,10,Oct,October  ,2019-10,7,1,Mon,f,2019-10-01,2019-10-31
2019-10-08,2019,4,Q4,10,Oct,October  ,2019-10,8,2,Tue,f,2019-10-01,2019-10-31
2019-10-09,2019,4,Q4,10,Oct,October  ,2019-10,9,3,Wed,f,2019-10-01,2019-10-31
2019-10-10,2019,4,Q4,10,Oct,October  ,2019-10,10,4,Thu,f,2019-10-01,2019-10-31
2019-10-11,2019,4,Q4,10,Oct,October  ,2019-10,11,5,Fri,t,2019-10-01,2019-10-31
2019-10-12,2019,4,Q4,10,Oct,October  ,2019-10,12,6,Sat,t,2019-10-01,2019-10-31
2019-10-13,2019,4,Q4,10,Oct,October  ,2019-10,13,7,Sun,f,2019-10-01,2019-10-31
2019-10-14,2019,4,Q4,10,Oct,October  ,2019-10,14,1,Mon,f,2019-10-01,2019-10-31
2019-10-15,2019,4,Q4,10,Oct,October  ,2019-10,15,2,Tue,f,2019-10-01,2019-10-31
2019-10-16,2019,4,Q4,10,Oct,October  ,2019-10,16,3,Wed,f,2019-10-01,2019-10-31
2019-10-17,2019,4,Q4,10,Oct,October  ,2019-10,17,4,Thu,f,2019-10-01,2019-10-31
2019-10-18,2019,4,Q4,10,Oct,October  ,2019-10,18,5,Fri,t,2019-10-01,2019-10-31
2019-10-19,2019,4,Q4,10,Oct,October  ,2019-10,19,6,Sat,t,2019-10-01,2019-10-31
2019-10-20,2019,4,Q4,10,Oct,October  ,2019-10,20,7,Sun,f,2019-10-01,2019-10-31
2019-10-21,2019,4,Q4,10,Oct,October  ,2019-10,21,1,Mon,f,2019-10-01,2019-10-31
2019-10-22,2019,4,Q4,10,Oct,October  ,2019-10,22,2,Tue,f,2019-10-01,2019-10-31
2019-10-23,2019,4,Q4,10,Oct,October  ,2019-10,23,3,Wed,f,2019-10-01,2019-10-31
2019-10-24,2019,4,Q4,10,Oct,October  ,2019-10,24,4,Thu,f,2019-10-01,2019-10-31
2019-10-25,2019,4,Q4,10,Oct,October  ,2019-10,25,5,Fri,t,2019-10-01,2019-10-31
2019-10-26,2019,4,Q4,10,Oct,October  ,2019-10,26,6,Sat,t,2019-10-01,2019-10-31
2019-10-27,2019,4,Q4,10,Oct,October  ,2019-10,27,7,Sun,f,2019-10-01,2019-10-31
2019-10-28,2019,4,Q4,10,Oct,October  ,2019-10,28,1,Mon,f,2019-10-01,2019-10-31
2019-10-29,2019,4,Q4,10,Oct,October  ,2019-10,29,2,Tue,f,2019-10-01,2019-10-31
2019-10-30,2019,4,Q4,10,Oct,October  ,2019-10,30,3,Wed,f,2019-10-01,2019-10-31
2019-10-31,2019,4,Q4,10,Oct,October  ,2019-10,31,4,Thu,f,2019-10-01,2019-10-31
2019-11-01,2019,4,Q4,11,Nov,November ,2019-11,1,5,Fri,t,2019-11-01,2019-11-30
2019-11-02,2019,4,Q4,11,Nov,November ,2019-11,2,6,Sat,t,2019-11-01,2019-11-30
2019-11-03,2019,4,Q4,11,Nov,November ,2019-11,3,7,Sun,f,2019-11-01,2019-11-30
2019-11-04,2019,4,Q4,11,Nov,November ,2019-11,4,1,Mon,f,2019-11-01,2019-11-30
2019-11-05,2019,4,Q4,11,Nov,November ,2019-11,5,2,Tue,f,2019-11-01,2019-11-30
2019-11-06,2019,4,Q4,11,Nov,November ,2019-11,6,3,Wed,f,2019-11-01,2019-11-30
2019-11-07,2019,4,Q4,11,Nov,November ,2019-11,7,4,Thu,f,2019-11-01,2019-11-30
2019-11-08,2019,4,Q4,11,Nov,November ,2019-11,8,5,Fri,t,2019-11-01,2019-11-30
2019-11-09,2019,4,Q4,11,Nov,November ,2019-11,9,6,Sat,t,2019-11-01,2019-11-30
2019-11-10,2019,4,Q4,11,Nov,November ,2019-11,10,7,Sun,f,2019-11-01,2019-11-30
2019-11-11,2019,4,Q4,11,Nov,November ,2019-11,11,1,Mon,f,2019-11-01,2019-11-30
2019-11-12,2019,4,Q4,11,Nov,November ,2019-11,12,2,Tue,f,2019-11-01,2019-11-30
2019-11-13,2019,4,Q4,11,Nov,November ,2019-11,13,3,Wed,f,2019-11-01,2019-11-30
2019-11-14,2019,4,Q4,11,Nov,November ,2019-11,14,4,Thu,f,2019-11-01,2019-11-30
2019-11-15,2019,4,Q4,11,Nov,November ,2019-11,15,5,Fri,t,2019-11-01,2019-11-30
2019-11-16,2019,4,Q4,11,Nov,November ,2019-11,16,6,Sat,t,2019-11-01,2019-11-30
2019-11-17,2019,4,Q4,11,Nov,November ,2019-11,17,7,Sun,f,2019-11-01,2019-11-30
2019-11-18,2019,4,Q4,11,Nov,November ,2019-11,18,1,Mon,f,2019-11-01,2019-11-30
2019-11-19,2019,4,Q4,11,Nov,November ,2019-11,19,2,Tue,f,2019-11-01,2019-11-30
2019-11-20,2019,4,Q4,11,Nov,November ,2019-11,20,3,Wed,f,2019-11-01,2019-11-30
2019-11-21,2019,4,Q4,11,Nov,November ,2019-11,21,4,Thu,f,2019-11-01,2019-11-30
2019-11-22,2019,4,Q4,11,Nov,November ,2019-11,22,5,Fri,t,2019-11-01,2019-11-30
2019-11-23,2019,4,Q4,11,Nov,November ,2019-11,23,6,Sat,t,2019-11-01,2019-11-30
2019-11-24,2019,4,Q4,11,Nov,November ,2019-11,24,7,Sun,f,2019-11-01,2019-11-30
2019-11-25,2019,4,Q4,11,Nov,November ,2019-11,25,1,Mon,f,2019-11-01,2019-11-30
2019-11-26,2019,4,Q4,11,Nov,November ,2019-11,26,2,Tue,f,2019-11-01,2019-11-30
2019-11-27,2019,4,Q4,11,Nov,November ,2019-11,27,3,Wed,f,2019-11-01,2019-11-30
2019-11-28,2019,4,Q4,11,Nov,November ,2019-11,28,4,Thu,f,2019-11-01,2019-11-30
2019-11-29,2019,4,Q4,11,Nov,November ,2019-11,29,5,Fri,t,2019-11-01,2019-11-30
2019-11-30,2019,4,Q4,11,Nov,November ,2019-11,30,6,Sat,t,2019-11-01,2019-11-30
2019-12-01,2019,4,Q4,12,Dec,December ,2019-12,1,7,Sun,f,2019-12-01,2019-12-31
2019-12-02,2019,4,Q4,12,Dec,December ,2019-12,2,1,Mon,f,2019-12-01,2019-12-31
2019-12-03,2019,4,Q4,12,Dec,December ,2019-12,3,2,Tue,f,2019-12-01,2019-12-31
2019-12-04,2019,4,Q4,12,Dec,December ,2019-12,4,3,Wed,f,2019-12-01,2019-12-31
2019-12-05,2019,4,Q4,12,Dec,December ,2019-12,5,4,Thu,f,2019-12-01,2019-12-31
2019-12-06,2019,4,Q4,12,Dec,December ,2019-12,6,5,Fri,t,2019-12-01,2019-12-31
2019-12-07,2019,4,Q4,12,Dec,December ,2019-12,7,6,Sat,t,2019-12-01,2019-12-31
2019-12-08,2019,4,Q4,12,Dec,December ,2019-12,8,7,Sun,f,2019-12-01,2019-12-31
2019-12-09,2019,4,Q4,12,Dec,December ,2019-12,9,1,Mon,f,2019-12-01,2019-12-31
2019-12-10,2019,4,Q4,12,Dec,December ,2019-12,10,2,Tue,f,2019-12-01,2019-12-31
2019-12-11,2019,4,Q4,12,Dec,December ,2019-12,11,3,Wed,f,2019-12-01,2019-12-31
2019-12-12,2019,4,Q4,12,Dec,December ,2019-12,12,4,Thu,f,2019-12-01,2019-12-31
2019-12-13,2019,4,Q4,12,Dec,December ,2019-12,13,5,Fri,t,2019-12-01,2019-12-31
2019-12-14,2019,4,Q4,12,Dec,December ,2019-12,14,6,Sat,t,2019-12-01,2019-12-31
2019-12-15,2019,4,Q4,12,Dec,December ,2019-12,15,7,Sun,f,2019-12-01,2019-12-31
2019-12-16,2019,4,Q4,12,Dec,December ,2019-12,16,1,Mon,f,2019-12-01,2019-12-31
2019-12-17,2019,4,Q4,12,Dec,December ,2019-12,17,2,Tue,f,2019-12-01,2019-12-31
2019-12-18,2019,4,Q4,12,Dec,December ,2019-12,18,3,Wed,f,2019-12-01,2019-12-31
2019-12-19,2019,4,Q4,12,Dec,December ,2019-12,19,4,Thu,f,2019-12-01,2019-12-31
2019-12-20,2019,4,Q4,12,Dec,December ,2019-12,20,5,Fri,t,2019-12-01,2019-12-31
2019-12-21,2019,4,Q4,12,Dec,December ,2019-12,21,6,Sat,t,2019-12-01,2019-12-31
2019-12-22,2019,4,Q4,12,Dec,December ,2019-12,22,7,Sun,f,2019-12-01,2019-12-31
2019-12-23,2019,4,Q4,12,Dec,December ,2019-12,23,1,Mon,f,2019-12-01,2019-12-31
2019-12-24,2019,4,Q4,12,Dec,December ,2019-12,24,2,Tue,f,2019-12-01,2019-12-31
2019-12-25,2019,4,Q4,12,Dec,December ,2019-12,25,3,Wed,f,2019-12-01,2019-12-31
2019-12-26,2019,4,Q4,12,Dec,December ,2019-12,26,4,Thu,f,2019-12-01,2019-12-31
2019-12-27,2019,4,Q4,12,Dec,December ,2019-12,27,5,Fri,t,2019-12-01,2019-12-31
2019-12-28,2019,4,Q4,12,Dec,December ,2019-12,28,6,Sat,t,2019-12-01,2019-12-31
2019-12-29,2019,4,Q4,12,Dec,December ,2019-12,29,7,Sun,f,2019-12-01,2019-12-31
2019-12-30,2019,4,Q4,12,Dec,December ,2019-12,30,1,Mon,f,2019-12-01,2019-12-31
2019-12-31,2019,4,Q4,12,Dec,December ,2019-12,31,2,Tue,f,2019-12-01,2019-12-31
2020-01-01,2020,1,Q1,1,Jan,January  ,2020-01,1,3,Wed,f,2020-01-01,2020-01-31
2020-01-02,2020,1,Q1,1,Jan,January  ,2020-01,2,4,Thu,f,2020-01-01,2020-01-31
2020-01-03,2020,1,Q1,1,Jan,January  ,2020-01,3,5,Fri,t,2020-01-01,2020-01-31
2020-01-04,2020,1,Q1,1,Jan,January  ,2020-01,4,6,Sat,t,2020-01-01,2020-01-31
2020-01-05,2020,1,Q1,1,Jan,January  ,2020-01,5,7,Sun,f,2020-01-01,2020-01-31
2020-01-06,2020,1,Q1,1,Jan,January  ,2020-01,6,1,Mon,f,2020-01-01,2020-01-31
2020-01-07,2020,1,Q1,1,Jan,January  ,2020-01,7,2,Tue,f,2020-01-01,2020-01-31
2020-01-08,2020,1,Q1,1,Jan,January  ,2020-01,8,3,Wed,f,2020-01-01,2020-01-31
2020-01-09,2020,1,Q1,1,Jan,January  ,2020-01,9,4,Thu,f,2020-01-01,2020-01-31
2020-01-10,2020,1,Q1,1,Jan,January  ,2020-01,10,5,Fri,t,2020-01-01,2020-01-31
2020-01-11,2020,1,Q1,1,Jan,January  ,2020-01,11,6,Sat,t,2020-01-01,2020-01-31
2020-01-12,2020,1,Q1,1,Jan,January  ,2020-01,12,7,Sun,f,2020-01-01,2020-01-31
2020-01-13,2020,1,Q1,1,Jan,January  ,2020-01,13,1,Mon,f,2020-01-01,2020-01-31
2020-01-14,2020,1,Q1,1,Jan,January  ,2020-01,14,2,Tue,f,2020-01-01,2020-01-31
2020-01-15,2020,1,Q1,1,Jan,January  ,2020-01,15,3,Wed,f,2020-01-01,2020-01-31
2020-01-16,2020,1,Q1,1,Jan,January  ,2020-01,16,4,Thu,f,2020-01-01,2020-01-31
2020-01-17,2020,1,Q1,1,Jan,January  ,2020-01,17,5,Fri,t,2020-01-01,2020-01-31
2020-01-18,2020,1,Q1,1,Jan,January  ,2020-01,18,6,Sat,t,2020-01-01,2020-01-31
2020-01-19,2020,1,Q1,1,Jan,January  ,2020-01,19,7,Sun,f,2020-01-01,2020-01-31
2020-01-20,2020,1,Q1,1,Jan,January  ,2020-01,20,1,Mon,f,2020-01-01,2020-01-31
2020-01-21,2020,1,Q1,1,Jan,January  ,2020-01,21,2,Tue,f,2020-01-01,2020-01-31
2020-01-22,2020,1,Q1,1,Jan,January  ,2020-01,22,3,Wed,f,2020-01-01,2020-01-31
2020-01-23,2020,1,Q1,1,Jan,January  ,2020-01,23,4,Thu,f,2020-01-01,2020-01-31
2020-01-24,2020,1,Q1,1,Jan,January  ,2020-01,24,5,Fri,t,2020-01-01,2020-01-31
2020-01-25,2020,1,Q1,1,Jan,January  ,2020-01,25,6,Sat,t,2020-01-01,2020-01-31
2020-01-26,2020,1,Q1,1,Jan,January  ,2020-01,26,7,Sun,f,2020-01-01,2020-01-31
2020-01-27,2020,1,Q1,1,Jan,January  ,2020-01,27,1,Mon,f,2020-01-01,2020-01-31
2020-01-28,2020,1,Q1,1,Jan,January  ,2020-01,28,2,Tue,f,2020-01-01,2020-01-31
2020-01-29,2020,1,Q1,1,Jan,January  ,2020-01,29,3,Wed,f,2020-01-01,2020-01-31
2020-01-30,2020,1,Q1,1,Jan,January  ,2020-01,30,4,Thu,f,2020-01-01,2020-01-31
2020-01-31,2020,1,Q1,1,Jan,January  ,2020-01,31,5,Fri,t,2020-01-01,2020-01-31
2020-02-01,2020,1,Q1,2,Feb,February ,2020-02,1,6,Sat,t,2020-02-01,2020-02-29
2020-02-02,2020,1,Q1,2,Feb,February ,2020-02,2,7,Sun,f,2020-02-01,2020-02-29
2020-02-03,2020,1,Q1,2,Feb,February ,2020-02,3,1,Mon,f,2020-02-01,2020-02-29
2020-02-04,2020,1,Q1,2,Feb,February ,2020-02,4,2,Tue,f,2020-02-01,2020-02-29
2020-02-05,2020,1,Q1,2,Feb,February ,2020-02,5,3,Wed,f,2020-02-01,2020-02-29
2020-02-06,2020,1,Q1,2,Feb,February ,2020-02,6,4,Thu,f,2020-02-01,2020-02-29
2020-02-07,2020,1,Q1,2,Feb,February ,2020-02,7,5,Fri,t,2020-02-01,2020-02-29
2020-02-08,2020,1,Q1,2,Feb,February ,2020-02,8,6,Sat,t,2020-02-01,2020-02-29
2020-02-09,2020,1,Q1,2,Feb,February ,2020-02,9,7,Sun,f,2020-02-01,2020-02-29
2020-02-10,2020,1,Q1,2,Feb,February ,2020-02,10,1,Mon,f,2020-02-01,2020-02-29
2020-02-11,2020,1,Q1,2,Feb,February ,2020-02,11,2,Tue,f,2020-02-01,2020-02-29
2020-02-12,2020,1,Q1,2,Feb,February ,2020-02,12,3,Wed,f,2020-02-01,2020-02-29
2020-02-13,2020,1,Q1,2,Feb,February ,2020-02,13,4,Thu,f,2020-02-01,2020-02-29
2020-02-14,2020,1,Q1,2,Feb,February ,2020-02,14,5,Fri,t,2020-02-01,2020-02-29
2020-02-15,2020,1,Q1,2,Feb,February ,2020-02,15,6,Sat,t,2020-02-01,2020-02-29
2020-02-16,2020,1,Q1,2,Feb,February ,2020-02,16,7,Sun,f,2020-02-01,2020-02-29
2020-02-17,2020,1,Q1,2,Feb,February ,2020-02,17,1,Mon,f,2020-02-01,2020-02-29
2020-02-18,2020,1,Q1,2,Feb,February ,2020-02,18,2,Tue,f,2020-02-01,2020-02-29
2020-02-19,2020,1,Q1,2,Feb,February ,2020-02,19,3,Wed,f,2020-02-01,2020-02-29
2020-02-20,2020,1,Q1,2,Feb,February ,2020-02,20,4,Thu,f,2020-02-01,2020-02-29
2020-02-21,2020,1,Q1,2,Feb,February ,2020-02,21,5,Fri,t,2020-02-01,2020-02-29
2020-02-22,2020,1,Q1,2,Feb,February ,2020-02,22,6,Sat,t,2020-02-01,2020-02-29
2020-02-23,2020,1,Q1,2,Feb,February ,2020-02,23,7,Sun,f,2020-02-01,2020-02-29
2020-02-24,2020,1,Q1,2,Feb,February ,2020-02,24,1,Mon,f,2020-02-01,2020-02-29
2020-02-25,2020,1,Q1,2,Feb,February ,2020-02,25,2,Tue,f,2020-02-01,2020-02-29
2020-02-26,2020,1,Q1,2,Feb,February ,2020-02,26,3,Wed,f,2020-02-01,2020-02-29
2020-02-27,2020,1,Q1,2,Feb,February ,2020-02,27,4,Thu,f,2020-02-01,2020-02-29
2020-02-28,2020,1,Q1,2,Feb,February ,2020-02,28,5,Fri,t,2020-02-01,2020-02-29
2020-02-29,2020,1,Q1,2,Feb,February ,2020-02,29,6,Sat,t,2020-02-01,2020-02-29
2020-03-01,2020,1,Q1,3,Mar,March    ,2020-03,1,7,Sun,f,2020-03-01,2020-03-31
2020-03-02,2020,1,Q1,3,Mar,March    ,2020-03,2,1,Mon,f,2020-03-01,2020-03-31
2020-03-03,2020,1,Q1,3,Mar,March    ,2020-03,3,2,Tue,f,2020-03-01,2020-03-31
2020-03-04,2020,1,Q1,3,Mar,March    ,2020-03,4,3,Wed,f,2020-03-01,2020-03-31
2020-03-05,2020,1,Q1,3,Mar,March    ,2020-03,5,4,Thu,f,2020-03-01,2020-03-31
2020-03-06,2020,1,Q1,3,Mar,March    ,2020-03,6,5,Fri,t,2020-03-01,2020-03-31
2020-03-07,2020,1,Q1,3,Mar,March    ,2020-03,7,6,Sat,t,2020-03-01,2020-03-31
2020-03-08,2020,1,Q1,3,Mar,March    ,2020-03,8,7,Sun,f,2020-03-01,2020-03-31
2020-03-09,2020,1,Q1,3,Mar,March    ,2020-03,9,1,Mon,f,2020-03-01,2020-03-31
2020-03-10,2020,1,Q1,3,Mar,March    ,2020-03,10,2,Tue,f,2020-03-01,2020-03-31
2020-03-11,2020,1,Q1,3,Mar,March    ,2020-03,11,3,Wed,f,2020-03-01,2020-03-31
2020-03-12,2020,1,Q1,3,Mar,March    ,2020-03,12,4,Thu,f,2020-03-01,2020-03-31
2020-03-13,2020,1,Q1,3,Mar,March    ,2020-03,13,5,Fri,t,2020-03-01,2020-03-31
2020-03-14,2020,1,Q1,3,Mar,March    ,2020-03,14,6,Sat,t,2020-03-01,2020-03-31
2020-03-15,2020,1,Q1,3,Mar,March    ,2020-03,15,7,Sun,f,2020-03-01,2020-03-31
2020-03-16,2020,1,Q1,3,Mar,March    ,2020-03,16,1,Mon,f,2020-03-01,2020-03-31
2020-03-17,2020,1,Q1,3,Mar,March    ,2020-03,17,2,Tue,f,2020-03-01,2020-03-31
2020-03-18,2020,1,Q1,3,Mar,March    ,2020-03,18,3,Wed,f,2020-03-01,2020-03-31
2020-03-19,2020,1,Q1,3,Mar,March    ,2020-03,19,4,Thu,f,2020-03-01,2020-03-31
2020-03-20,2020,1,Q1,3,Mar,March    ,2020-03,20,5,Fri,t,2020-03-01,2020-03-31
2020-03-21,2020,1,Q1,3,Mar,March    ,2020-03,21,6,Sat,t,2020-03-01,2020-03-31
2020-03-22,2020,1,Q1,3,Mar,March    ,2020-03,22,7,Sun,f,2020-03-01,2020-03-31
2020-03-23,2020,1,Q1,3,Mar,March    ,2020-03,23,1,Mon,f,2020-03-01,2020-03-31
2020-03-24,2020,1,Q1,3,Mar,March    ,2020-03,24,2,Tue,f,2020-03-01,2020-03-31
2020-03-25,2020,1,Q1,3,Mar,March    ,2020-03,25,3,Wed,f,2020-03-01,2020-03-31
2020-03-26,2020,1,Q1,3,Mar,March    ,2020-03,26,4,Thu,f,2020-03-01,2020-03-31
2020-03-27,2020,1,Q1,3,Mar,March    ,2020-03,27,5,Fri,t,2020-03-01,2020-03-31
2020-03-28,2020,1,Q1,3,Mar,March    ,2020-03,28,6,Sat,t,2020-03-01,2020-03-31
2020-03-29,2020,1,Q1,3,Mar,March    ,2020-03,29,7,Sun,f,2020-03-01,2020-03-31
2020-03-30,2020,1,Q1,3,Mar,March    ,2020-03,30,1,Mon,f,2020-03-01,2020-03-31
2020-03-31,2020,1,Q1,3,Mar,March    ,2020-03,31,2,Tue,f,2020-03-01,2020-03-31
2020-04-01,2020,2,Q2,4,Apr,April    ,2020-04,1,3,Wed,f,2020-04-01,2020-04-30
2020-04-02,2020,2,Q2,4,Apr,April    ,2020-04,2,4,Thu,f,2020-04-01,2020-04-30
2020-04-03,2020,2,Q2,4,Apr,April    ,2020-04,3,5,Fri,t,2020-04-01,2020-04-30
2020-04-04,2020,2,Q2,4,Apr,April    ,2020-04,4,6,Sat,t,2020-04-01,2020-04-30
2020-04-05,2020,2,Q2,4,Apr,April    ,2020-04,5,7,Sun,f,2020-04-01,2020-04-30
2020-04-06,2020,2,Q2,4,Apr,April    ,2020-04,6,1,Mon,f,2020-04-01,2020-04-30
2020-04-07,2020,2,Q2,4,Apr,April    ,2020-04,7,2,Tue,f,2020-04-01,2020-04-30
2020-04-08,2020,2,Q2,4,Apr,April    ,2020-04,8,3,Wed,f,2020-04-01,2020-04-30
2020-04-09,2020,2,Q2,4,Apr,April    ,2020-04,9,4,Thu,f,2020-04-01,2020-04-30
2020-04-10,2020,2,Q2,4,Apr,April    ,2020-04,10,5,Fri,t,2020-04-01,2020-04-30
2020-04-11,2020,2,Q2,4,Apr,April    ,2020-04,11,6,Sat,t,2020-04-01,2020-04-30
2020-04-12,2020,2,Q2,4,Apr,April    ,2020-04,12,7,Sun,f,2020-04-01,2020-04-30
2020-04-13,2020,2,Q2,4,Apr,April    ,2020-04,13,1,Mon,f,2020-04-01,2020-04-30
2020-04-14,2020,2,Q2,4,Apr,April    ,2020-04,14,2,Tue,f,2020-04-01,2020-04-30
2020-04-15,2020,2,Q2,4,Apr,April    ,2020-04,15,3,Wed,f,2020-04-01,2020-04-30
2020-04-16,2020,2,Q2,4,Apr,April    ,2020-04,16,4,Thu,f,2020-04-01,2020-04-30
2020-04-17,2020,2,Q2,4,Apr,April    ,2020-04,17,5,Fri,t,2020-04-01,2020-04-30
2020-04-18,2020,2,Q2,4,Apr,April    ,2020-04,18,6,Sat,t,2020-04-01,2020-04-30
2020-04-19,2020,2,Q2,4,Apr,April    ,2020-04,19,7,Sun,f,2020-04-01,2020-04-30
2020-04-20,2020,2,Q2,4,Apr,April    ,2020-04,20,1,Mon,f,2020-04-01,2020-04-30
2020-04-21,2020,2,Q2,4,Apr,April    ,2020-04,21,2,Tue,f,2020-04-01,2020-04-30
2020-04-22,2020,2,Q2,4,Apr,April    ,2020-04,22,3,Wed,f,2020-04-01,2020-04-30
2020-04-23,2020,2,Q2,4,Apr,April    ,2020-04,23,4,Thu,f,2020-04-01,2020-04-30
2020-04-24,2020,2,Q2,4,Apr,April    ,2020-04,24,5,Fri,t,2020-04-01,2020-04-30
2020-04-25,2020,2,Q2,4,Apr,April    ,2020-04,25,6,Sat,t,2020-04-01,2020-04-30
2020-04-26,2020,2,Q2,4,Apr,April    ,2020-04,26,7,Sun,f,2020-04-01,2020-04-30
2020-04-27,2020,2,Q2,4,Apr,April    ,2020-04,27,1,Mon,f,2020-04-01,2020-04-30
2020-04-28,2020,2,Q2,4,Apr,April    ,2020-04,28,2,Tue,f,2020-04-01,2020-04-30
2020-04-29,2020,2,Q2,4,Apr,April    ,2020-04,29,3,Wed,f,2020-04-01,2020-04-30
2020-04-30,2020,2,Q2,4,Apr,April    ,2020-04,30,4,Thu,f,2020-04-01,2020-04-30
2020-05-01,2020,2,Q2,5,May,May      ,2020-05,1,5,Fri,t,2020-05-01,2020-05-31
2020-05-02,2020,2,Q2,5,May,May      ,2020-05,2,6,Sat,t,2020-05-01,2020-05-31
2020-05-03,2020,2,Q2,5,May,May      ,2020-05,3,7,Sun,f,2020-05-01,2020-05-31
2020-05-04,2020,2,Q2,5,May,May      ,2020-05,4,1,Mon,f,2020-05-01,2020-05-31
2020-05-05,2020,2,Q2,5,May,May      ,2020-05,5,2,Tue,f,2020-05-01,2020-05-31
2020-05-06,2020,2,Q2,5,May,May      ,2020-05,6,3,Wed,f,2020-05-01,2020-05-31
2020-05-07,2020,2,Q2,5,May,May      ,2020-05,7,4,Thu,f,2020-05-01,2020-05-31
2020-05-08,2020,2,Q2,5,May,May      ,2020-05,8,5,Fri,t,2020-05-01,2020-05-31
2020-05-09,2020,2,Q2,5,May,May      ,2020-05,9,6,Sat,t,2020-05-01,2020-05-31
2020-05-10,2020,2,Q2,5,May,May      ,2020-05,10,7,Sun,f,2020-05-01,2020-05-31
2020-05-11,2020,2,Q2,5,May,May      ,2020-05,11,1,Mon,f,2020-05-01,2020-05-31
2020-05-12,2020,2,Q2,5,May,May      ,2020-05,12,2,Tue,f,2020-05-01,2020-05-31
2020-05-13,2020,2,Q2,5,May,May      ,2020-05,13,3,Wed,f,2020-05-01,2020-05-31
2020-05-14,2020,2,Q2,5,May,May      ,2020-05,14,4,Thu,f,2020-05-01,2020-05-31
2020-05-15,2020,2,Q2,5,May,May      ,2020-05,15,5,Fri,t,2020-05-01,2020-05-31
2020-05-16,2020,2,Q2,5,May,May      ,2020-05,16,6,Sat,t,2020-05-01,2020-05-31
2020-05-17,2020,2,Q2,5,May,May      ,2020-05,17,7,Sun,f,2020-05-01,2020-05-31
2020-05-18,2020,2,Q2,5,May,May      ,2020-05,18,1,Mon,f,2020-05-01,2020-05-31
2020-05-19,2020,2,Q2,5,May,May      ,2020-05,19,2,Tue,f,2020-05-01,2020-05-31
2020-05-20,2020,2,Q2,5,May,May      ,2020-05,20,3,Wed,f,2020-05-01,2020-05-31
2020-05-21,2020,2,Q2,5,May,May      ,2020-05,21,4,Thu,f,2020-05-01,2020-05-31
2020-05-22,2020,2,Q2,5,May,May      ,2020-05,22,5,Fri,t,2020-05-01,2020-05-31
2020-05-23,2020,2,Q2,5,May,May      ,2020-05,23,6,Sat,t,2020-05-01,2020-05-31
2020-05-24,2020,2,Q2,5,May,May      ,2020-05,24,7,Sun,f,2020-05-01,2020-05-31
2020-05-25,2020,2,Q2,5,May,May      ,2020-05,25,1,Mon,f,2020-05-01,2020-05-31
2020-05-26,2020,2,Q2,5,May,May      ,2020-05,26,2,Tue,f,2020-05-01,2020-05-31
2020-05-27,2020,2,Q2,5,May,May      ,2020-05,27,3,Wed,f,2020-05-01,2020-05-31
2020-05-28,2020,2,Q2,5,May,May      ,2020-05,28,4,Thu,f,2020-05-01,2020-05-31
2020-05-29,2020,2,Q2,5,May,May      ,2020-05,29,5,Fri,t,2020-05-01,2020-05-31
2020-05-30,2020,2,Q2,5,May,May      ,2020-05,30,6,Sat,t,2020-05-01,2020-05-31
2020-05-31,2020,2,Q2,5,May,May      ,2020-05,31,7,Sun,f,2020-05-01,2020-05-31
2020-06-01,2020,2,Q2,6,Jun,June     ,2020-06,1,1,Mon,f,2020-06-01,2020-06-30
2020-06-02,2020,2,Q2,6,Jun,June     ,2020-06,2,2,Tue,f,2020-06-01,2020-06-30
2020-06-03,2020,2,Q2,6,Jun,June     ,2020-06,3,3,Wed,f,2020-06-01,2020-06-30
2020-06-04,2020,2,Q2,6,Jun,June     ,2020-06,4,4,Thu,f,2020-06-01,2020-06-30
2020-06-05,2020,2,Q2,6,Jun,June     ,2020-06,5,5,Fri,t,2020-06-01,2020-06-30
2020-06-06,2020,2,Q2,6,Jun,June     ,2020-06,6,6,Sat,t,2020-06-01,2020-06-30
2020-06-07,2020,2,Q2,6,Jun,June     ,2020-06,7,7,Sun,f,2020-06-01,2020-06-30
2020-06-08,2020,2,Q2,6,Jun,June     ,2020-06,8,1,Mon,f,2020-06-01,2020-06-30
2020-06-09,2020,2,Q2,6,Jun,June     ,2020-06,9,2,Tue,f,2020-06-01,2020-06-30
2020-06-10,2020,2,Q2,6,Jun,June     ,2020-06,10,3,Wed,f,2020-06-01,2020-06-30
2020-06-11,2020,2,Q2,6,Jun,June     ,2020-06,11,4,Thu,f,2020-06-01,2020-06-30
2020-06-12,2020,2,Q2,6,Jun,June     ,2020-06,12,5,Fri,t,2020-06-01,2020-06-30
2020-06-13,2020,2,Q2,6,Jun,June     ,2020-06,13,6,Sat,t,2020-06-01,2020-06-30
2020-06-14,2020,2,Q2,6,Jun,June     ,2020-06,14,7,Sun,f,2020-06-01,2020-06-30
2020-06-15,2020,2,Q2,6,Jun,June     ,2020-06,15,1,Mon,f,2020-06-01,2020-06-30
2020-06-16,2020,2,Q2,6,Jun,June     ,2020-06,16,2,Tue,f,2020-06-01,2020-06-30
2020-06-17,2020,2,Q2,6,Jun,June     ,2020-06,17,3,Wed,f,2020-06-01,2020-06-30
2020-06-18,2020,2,Q2,6,Jun,June     ,2020-06,18,4,Thu,f,2020-06-01,2020-06-30
2020-06-19,2020,2,Q2,6,Jun,June     ,2020-06,19,5,Fri,t,2020-06-01,2020-06-30
2020-06-20,2020,2,Q2,6,Jun,June     ,2020-06,20,6,Sat,t,2020-06-01,2020-06-30
2020-06-21,2020,2,Q2,6,Jun,June     ,2020-06,21,7,Sun,f,2020-06-01,2020-06-30
2020-06-22,2020,2,Q2,6,Jun,June     ,2020-06,22,1,Mon,f,2020-06-01,2020-06-30
2020-06-23,2020,2,Q2,6,Jun,June     ,2020-06,23,2,Tue,f,2020-06-01,2020-06-30
2020-06-24,2020,2,Q2,6,Jun,June     ,2020-06,24,3,Wed,f,2020-06-01,2020-06-30
2020-06-25,2020,2,Q2,6,Jun,June     ,2020-06,25,4,Thu,f,2020-06-01,2020-06-30
2020-06-26,2020,2,Q2,6,Jun,June     ,2020-06,26,5,Fri,t,2020-06-01,2020-06-30
2020-06-27,2020,2,Q2,6,Jun,June     ,2020-06,27,6,Sat,t,2020-06-01,2020-06-30
2020-06-28,2020,2,Q2,6,Jun,June     ,2020-06,28,7,Sun,f,2020-06-01,2020-06-30
2020-06-29,2020,2,Q2,6,Jun,June     ,2020-06,29,1,Mon,f,2020-06-01,2020-06-30
2020-06-30,2020,2,Q2,6,Jun,June     ,2020-06,30,2,Tue,f,2020-06-01,2020-06-30
2020-07-01,2020,3,Q3,7,Jul,July     ,2020-07,1,3,Wed,f,2020-07-01,2020-07-31
2020-07-02,2020,3,Q3,7,Jul,July     ,2020-07,2,4,Thu,f,2020-07-01,2020-07-31
2020-07-03,2020,3,Q3,7,Jul,July     ,2020-07,3,5,Fri,t,2020-07-01,2020-07-31
2020-07-04,2020,3,Q3,7,Jul,July     ,2020-07,4,6,Sat,t,2020-07-01,2020-07-31
2020-07-05,2020,3,Q3,7,Jul,July     ,2020-07,5,7,Sun,f,2020-07-01,2020-07-31
2020-07-06,2020,3,Q3,7,Jul,July     ,2020-07,6,1,Mon,f,2020-07-01,2020-07-31
2020-07-07,2020,3,Q3,7,Jul,July     ,2020-07,7,2,Tue,f,2020-07-01,2020-07-31
2020-07-08,2020,3,Q3,7,Jul,July     ,2020-07,8,3,Wed,f,2020-07-01,2020-07-31
2020-07-09,2020,3,Q3,7,Jul,July     ,2020-07,9,4,Thu,f,2020-07-01,2020-07-31
2020-07-10,2020,3,Q3,7,Jul,July     ,2020-07,10,5,Fri,t,2020-07-01,2020-07-31
2020-07-11,2020,3,Q3,7,Jul,July     ,2020-07,11,6,Sat,t,2020-07-01,2020-07-31
2020-07-12,2020,3,Q3,7,Jul,July     ,2020-07,12,7,Sun,f,2020-07-01,2020-07-31
2020-07-13,2020,3,Q3,7,Jul,July     ,2020-07,13,1,Mon,f,2020-07-01,2020-07-31
2020-07-14,2020,3,Q3,7,Jul,July     ,2020-07,14,2,Tue,f,2020-07-01,2020-07-31
2020-07-15,2020,3,Q3,7,Jul,July     ,2020-07,15,3,Wed,f,2020-07-01,2020-07-31
2020-07-16,2020,3,Q3,7,Jul,July     ,2020-07,16,4,Thu,f,2020-07-01,2020-07-31
2020-07-17,2020,3,Q3,7,Jul,July     ,2020-07,17,5,Fri,t,2020-07-01,2020-07-31
2020-07-18,2020,3,Q3,7,Jul,July     ,2020-07,18,6,Sat,t,2020-07-01,2020-07-31
2020-07-19,2020,3,Q3,7,Jul,July     ,2020-07,19,7,Sun,f,2020-07-01,2020-07-31
2020-07-20,2020,3,Q3,7,Jul,July     ,2020-07,20,1,Mon,f,2020-07-01,2020-07-31
2020-07-21,2020,3,Q3,7,Jul,July     ,2020-07,21,2,Tue,f,2020-07-01,2020-07-31
2020-07-22,2020,3,Q3,7,Jul,July     ,2020-07,22,3,Wed,f,2020-07-01,2020-07-31
2020-07-23,2020,3,Q3,7,Jul,July     ,2020-07,23,4,Thu,f,2020-07-01,2020-07-31
2020-07-24,2020,3,Q3,7,Jul,July     ,2020-07,24,5,Fri,t,2020-07-01,2020-07-31
2020-07-25,2020,3,Q3,7,Jul,July     ,2020-07,25,6,Sat,t,2020-07-01,2020-07-31
2020-07-26,2020,3,Q3,7,Jul,July     ,2020-07,26,7,Sun,f,2020-07-01,2020-07-31
2020-07-27,2020,3,Q3,7,Jul,July     ,2020-07,27,1,Mon,f,2020-07-01,2020-07-31
2020-07-28,2020,3,Q3,7,Jul,July     ,2020-07,28,2,Tue,f,2020-07-01,2020-07-31
2020-07-29,2020,3,Q3,7,Jul,July     ,2020-07,29,3,Wed,f,2020-07-01,2020-07-31
2020-07-30,2020,3,Q3,7,Jul,July     ,2020-07,30,4,Thu,f,2020-07-01,2020-07-31
2020-07-31,2020,3,Q3,7,Jul,July     ,2020-07,31,5,Fri,t,2020-07-01,2020-07-31
2020-08-01,2020,3,Q3,8,Aug,August   ,2020-08,1,6,Sat,t,2020-08-01,2020-08-31
2020-08-02,2020,3,Q3,8,Aug,August   ,2020-08,2,7,Sun,f,2020-08-01,2020-08-31
2020-08-03,2020,3,Q3,8,Aug,August   ,2020-08,3,1,Mon,f,2020-08-01,2020-08-31
2020-08-04,2020,3,Q3,8,Aug,August   ,2020-08,4,2,Tue,f,2020-08-01,2020-08-31
2020-08-05,2020,3,Q3,8,Aug,August   ,2020-08,5,3,Wed,f,2020-08-01,2020-08-31
2020-08-06,2020,3,Q3,8,Aug,August   ,2020-08,6,4,Thu,f,2020-08-01,2020-08-31
2020-08-07,2020,3,Q3,8,Aug,August   ,2020-08,7,5,Fri,t,2020-08-01,2020-08-31
2020-08-08,2020,3,Q3,8,Aug,August   ,2020-08,8,6,Sat,t,2020-08-01,2020-08-31
2020-08-09,2020,3,Q3,8,Aug,August   ,2020-08,9,7,Sun,f,2020-08-01,2020-08-31
2020-08-10,2020,3,Q3,8,Aug,August   ,2020-08,10,1,Mon,f,2020-08-01,2020-08-31
2020-08-11,2020,3,Q3,8,Aug,August   ,2020-08,11,2,Tue,f,2020-08-01,2020-08-31
2020-08-12,2020,3,Q3,8,Aug,August   ,2020-08,12,3,Wed,f,2020-08-01,2020-08-31
2020-08-13,2020,3,Q3,8,Aug,August   ,2020-08,13,4,Thu,f,2020-08-01,2020-08-31
2020-08-14,2020,3,Q3,8,Aug,August   ,2020-08,14,5,Fri,t,2020-08-01,2020-08-31
2020-08-15,2020,3,Q3,8,Aug,August   ,2020-08,15,6,Sat,t,2020-08-01,2020-08-31
2020-08-16,2020,3,Q3,8,Aug,August   ,2020-08,16,7,Sun,f,2020-08-01,2020-08-31
2020-08-17,2020,3,Q3,8,Aug,August   ,2020-08,17,1,Mon,f,2020-08-01,2020-08-31
2020-08-18,2020,3,Q3,8,Aug,August   ,2020-08,18,2,Tue,f,2020-08-01,2020-08-31
2020-08-19,2020,3,Q3,8,Aug,August   ,2020-08,19,3,Wed,f,2020-08-01,2020-08-31
2020-08-20,2020,3,Q3,8,Aug,August   ,2020-08,20,4,Thu,f,2020-08-01,2020-08-31
2020-08-21,2020,3,Q3,8,Aug,August   ,2020-08,21,5,Fri,t,2020-08-01,2020-08-31
2020-08-22,2020,3,Q3,8,Aug,August   ,2020-08,22,6,Sat,t,2020-08-01,2020-08-31
2020-08-23,2020,3,Q3,8,Aug,August   ,2020-08,23,7,Sun,f,2020-08-01,2020-08-31
2020-08-24,2020,3,Q3,8,Aug,August   ,2020-08,24,1,Mon,f,2020-08-01,2020-08-31
2020-08-25,2020,3,Q3,8,Aug,August   ,2020-08,25,2,Tue,f,2020-08-01,2020-08-31
2020-08-26,2020,3,Q3,8,Aug,August   ,2020-08,26,3,Wed,f,2020-08-01,2020-08-31
2020-08-27,2020,3,Q3,8,Aug,August   ,2020-08,27,4,Thu,f,2020-08-01,2020-08-31
2020-08-28,2020,3,Q3,8,Aug,August   ,2020-08,28,5,Fri,t,2020-08-01,2020-08-31
2020-08-29,2020,3,Q3,8,Aug,August   ,2020-08,29,6,Sat,t,2020-08-01,2020-08-31
2020-08-30,2020,3,Q3,8,Aug,August   ,2020-08,30,7,Sun,f,2020-08-01,2020-08-31
2020-08-31,2020,3,Q3,8,Aug,August   ,2020-08,31,1,Mon,f,2020-08-01,2020-08-31
2020-09-01,2020,3,Q3,9,Sep,September,2020-09,1,2,Tue,f,2020-09-01,2020-09-30
2020-09-02,2020,3,Q3,9,Sep,September,2020-09,2,3,Wed,f,2020-09-01,2020-09-30
2020-09-03,2020,3,Q3,9,Sep,September,2020-09,3,4,Thu,f,2020-09-01,2020-09-30
2020-09-04,2020,3,Q3,9,Sep,September,2020-09,4,5,Fri,t,2020-09-01,2020-09-30
2020-09-05,2020,3,Q3,9,Sep,September,2020-09,5,6,Sat,t,2020-09-01,2020-09-30
2020-09-06,2020,3,Q3,9,Sep,September,2020-09,6,7,Sun,f,2020-09-01,2020-09-30
2020-09-07,2020,3,Q3,9,Sep,September,2020-09,7,1,Mon,f,2020-09-01,2020-09-30
2020-09-08,2020,3,Q3,9,Sep,September,2020-09,8,2,Tue,f,2020-09-01,2020-09-30
2020-09-09,2020,3,Q3,9,Sep,September,2020-09,9,3,Wed,f,2020-09-01,2020-09-30
2020-09-10,2020,3,Q3,9,Sep,September,2020-09,10,4,Thu,f,2020-09-01,2020-09-30
2020-09-11,2020,3,Q3,9,Sep,September,2020-09,11,5,Fri,t,2020-09-01,2020-09-30
2020-09-12,2020,3,Q3,9,Sep,September,2020-09,12,6,Sat,t,2020-09-01,2020-09-30
2020-09-13,2020,3,Q3,9,Sep,September,2020-09,13,7,Sun,f,2020-09-01,2020-09-30
2020-09-14,2020,3,Q3,9,Sep,September,2020-09,14,1,Mon,f,2020-09-01,2020-09-30
2020-09-15,2020,3,Q3,9,Sep,September,2020-09,15,2,Tue,f,2020-09-01,2020-09-30
2020-09-16,2020,3,Q3,9,Sep,September,2020-09,16,3,Wed,f,2020-09-01,2020-09-30
2020-09-17,2020,3,Q3,9,Sep,September,2020-09,17,4,Thu,f,2020-09-01,2020-09-30
2020-09-18,2020,3,Q3,9,Sep,September,2020-09,18,5,Fri,t,2020-09-01,2020-09-30
2020-09-19,2020,3,Q3,9,Sep,September,2020-09,19,6,Sat,t,2020-09-01,2020-09-30
2020-09-20,2020,3,Q3,9,Sep,September,2020-09,20,7,Sun,f,2020-09-01,2020-09-30
2020-09-21,2020,3,Q3,9,Sep,September,2020-09,21,1,Mon,f,2020-09-01,2020-09-30
2020-09-22,2020,3,Q3,9,Sep,September,2020-09,22,2,Tue,f,2020-09-01,2020-09-30
2020-09-23,2020,3,Q3,9,Sep,September,2020-09,23,3,Wed,f,2020-09-01,2020-09-30
2020-09-24,2020,3,Q3,9,Sep,September,2020-09,24,4,Thu,f,2020-09-01,2020-09-30
2020-09-25,2020,3,Q3,9,Sep,September,2020-09,25,5,Fri,t,2020-09-01,2020-09-30
2020-09-26,2020,3,Q3,9,Sep,September,2020-09,26,6,Sat,t,2020-09-01,2020-09-30
2020-09-27,2020,3,Q3,9,Sep,September,2020-09,27,7,Sun,f,2020-09-01,2020-09-30
2020-09-28,2020,3,Q3,9,Sep,September,2020-09,28,1,Mon,f,2020-09-01,2020-09-30
2020-09-29,2020,3,Q3,9,Sep,September,2020-09,29,2,Tue,f,2020-09-01,2020-09-30
2020-09-30,2020,3,Q3,9,Sep,September,2020-09,30,3,Wed,f,2020-09-01,2020-09-30
2020-10-01,2020,4,Q4,10,Oct,October  ,2020-10,1,4,Thu,f,2020-10-01,2020-10-31
2020-10-02,2020,4,Q4,10,Oct,October  ,2020-10,2,5,Fri,t,2020-10-01,2020-10-31
2020-10-03,2020,4,Q4,10,Oct,October  ,2020-10,3,6,Sat,t,2020-10-01,2020-10-31
2020-10-04,2020,4,Q4,10,Oct,October  ,2020-10,4,7,Sun,f,2020-10-01,2020-10-31
2020-10-05,2020,4,Q4,10,Oct,October  ,2020-10,5,1,Mon,f,2020-10-01,2020-10-31
2020-10-06,2020,4,Q4,10,Oct,October  ,2020-10,6,2,Tue,f,2020-10-01,2020-10-31
2020-10-07,2020,4,Q4,10,Oct,October  ,2020-10,7,3,Wed,f,2020-10-01,2020-10-31
2020-10-08,2020,4,Q4,10,Oct,October  ,2020-10,8,4,Thu,f,2020-10-01,2020-10-31
2020-10-09,2020,4,Q4,10,Oct,October  ,2020-10,9,5,Fri,t,2020-10-01,2020-10-31
2020-10-10,2020,4,Q4,10,Oct,October  ,2020-10,10,6,Sat,t,2020-10-01,2020-10-31
2020-10-11,2020,4,Q4,10,Oct,October  ,2020-10,11,7,Sun,f,2020-10-01,2020-10-31
2020-10-12,2020,4,Q4,10,Oct,October  ,2020-10,12,1,Mon,f,2020-10-01,2020-10-31
2020-10-13,2020,4,Q4,10,Oct,October  ,2020-10,13,2,Tue,f,2020-10-01,2020-10-31
2020-10-14,2020,4,Q4,10,Oct,October  ,2020-10,14,3,Wed,f,2020-10-01,2020-10-31
2020-10-15,2020,4,Q4,10,Oct,October  ,2020-10,15,4,Thu,f,2020-10-01,2020-10-31
2020-10-16,2020,4,Q4,10,Oct,October  ,2020-10,16,5,Fri,t,2020-10-01,2020-10-31
2020-10-17,2020,4,Q4,10,Oct,October  ,2020-10,17,6,Sat,t,2020-10-01,2020-10-31
2020-10-18,2020,4,Q4,10,Oct,October  ,2020-10,18,7,Sun,f,2020-10-01,2020-10-31
2020-10-19,2020,4,Q4,10,Oct,October  ,2020-10,19,1,Mon,f,2020-10-01,2020-10-31
2020-10-20,2020,4,Q4,10,Oct,October  ,2020-10,20,2,Tue,f,2020-10-01,2020-10-31
2020-10-21,2020,4,Q4,10,Oct,October  ,2020-10,21,3,Wed,f,2020-10-01,2020-10-31
2020-10-22,2020,4,Q4,10,Oct,October  ,2020-10,22,4,Thu,f,2020-10-01,2020-10-31
2020-10-23,2020,4,Q4,10,Oct,October  ,2020-10,23,5,Fri,t,2020-10-01,2020-10-31
2020-10-24,2020,4,Q4,10,Oct,October  ,2020-10,24,6,Sat,t,2020-10-01,2020-10-31
2020-10-25,2020,4,Q4,10,Oct,October  ,2020-10,25,7,Sun,f,2020-10-01,2020-10-31
2020-10-26,2020,4,Q4,10,Oct,October  ,2020-10,26,1,Mon,f,2020-10-01,2020-10-31
2020-10-27,2020,4,Q4,10,Oct,October  ,2020-10,27,2,Tue,f,2020-10-01,2020-10-31
2020-10-28,2020,4,Q4,10,Oct,October  ,2020-10,28,3,Wed,f,2020-10-01,2020-10-31
2020-10-29,2020,4,Q4,10,Oct,October  ,2020-10,29,4,Thu,f,2020-10-01,2020-10-31
2020-10-30,2020,4,Q4,10,Oct,October  ,2020-10,30,5,Fri,t,2020-10-01,2020-10-31
2020-10-31,2020,4,Q4,10,Oct,October  ,2020-10,31,6,Sat,t,2020-10-01,2020-10-31
2020-11-01,2020,4,Q4,11,Nov,November ,2020-11,1,7,Sun,f,2020-11-01,2020-11-30
2020-11-02,2020,4,Q4,11,Nov,November ,2020-11,2,1,Mon,f,2020-11-01,2020-11-30
2020-11-03,2020,4,Q4,11,Nov,November ,2020-11,3,2,Tue,f,2020-11-01,2020-11-30
2020-11-04,2020,4,Q4,11,Nov,November ,2020-11,4,3,Wed,f,2020-11-01,2020-11-30
2020-11-05,2020,4,Q4,11,Nov,November ,2020-11,5,4,Thu,f,2020-11-01,2020-11-30
2020-11-06,2020,4,Q4,11,Nov,November ,2020-11,6,5,Fri,t,2020-11-01,2020-11-30
2020-11-07,2020,4,Q4,11,Nov,November ,2020-11,7,6,Sat,t,2020-11-01,2020-11-30
2020-11-08,2020,4,Q4,11,Nov,November ,2020-11,8,7,Sun,f,2020-11-01,2020-11-30
2020-11-09,2020,4,Q4,11,Nov,November ,2020-11,9,1,Mon,f,2020-11-01,2020-11-30
2020-11-10,2020,4,Q4,11,Nov,November ,2020-11,10,2,Tue,f,2020-11-01,2020-11-30
2020-11-11,2020,4,Q4,11,Nov,November ,2020-11,11,3,Wed,f,2020-11-01,2020-11-30
2020-11-12,2020,4,Q4,11,Nov,November ,2020-11,12,4,Thu,f,2020-11-01,2020-11-30
2020-11-13,2020,4,Q4,11,Nov,November ,2020-11,13,5,Fri,t,2020-11-01,2020-11-30
2020-11-14,2020,4,Q4,11,Nov,November ,2020-11,14,6,Sat,t,2020-11-01,2020-11-30
2020-11-15,2020,4,Q4,11,Nov,November ,2020-11,15,7,Sun,f,2020-11-01,2020-11-30
2020-11-16,2020,4,Q4,11,Nov,November ,2020-11,16,1,Mon,f,2020-11-01,2020-11-30
2020-11-17,2020,4,Q4,11,Nov,November ,2020-11,17,2,Tue,f,2020-11-01,2020-11-30
2020-11-18,2020,4,Q4,11,Nov,November ,2020-11,18,3,Wed,f,2020-11-01,2020-11-30
2020-11-19,2020,4,Q4,11,Nov,November ,2020-11,19,4,Thu,f,2020-11-01,2020-11-30
2020-11-20,2020,4,Q4,11,Nov,November ,2020-11,20,5,Fri,t,2020-11-01,2020-11-30
2020-11-21,2020,4,Q4,11,Nov,November ,2020-11,21,6,Sat,t,2020-11-01,2020-11-30
2020-11-22,2020,4,Q4,11,Nov,November ,2020-11,22,7,Sun,f,2020-11-01,2020-11-30
2020-11-23,2020,4,Q4,11,Nov,November ,2020-11,23,1,Mon,f,2020-11-01,2020-11-30
2020-11-24,2020,4,Q4,11,Nov,November ,2020-11,24,2,Tue,f,2020-11-01,2020-11-30
2020-11-25,2020,4,Q4,11,Nov,November ,2020-11,25,3,Wed,f,2020-11-01,2020-11-30
2020-11-26,2020,4,Q4,11,Nov,November ,2020-11,26,4,Thu,f,2020-11-01,2020-11-30
2020-11-27,2020,4,Q4,11,Nov,November ,2020-11,27,5,Fri,t,2020-11-01,2020-11-30
2020-11-28,2020,4,Q4,11,Nov,November ,2020-11,28,6,Sat,t,2020-11-01,2020-11-30
2020-11-29,2020,4,Q4,11,Nov,November ,2020-11,29,7,Sun,f,2020-11-01,2020-11-30
2020-11-30,2020,4,Q4,11,Nov,November ,2020-11,30,1,Mon,f,2020-11-01,2020-11-30
2020-12-01,2020,4,Q4,12,Dec,December ,2020-12,1,2,Tue,f,2020-12-01,2020-12-31
2020-12-02,2020,4,Q4,12,Dec,December ,2020-12,2,3,Wed,f,2020-12-01,2020-12-31
2020-12-03,2020,4,Q4,12,Dec,December ,2020-12,3,4,Thu,f,2020-12-01,2020-12-31
2020-12-04,2020,4,Q4,12,Dec,December ,2020-12,4,5,Fri,t,2020-12-01,2020-12-31
2020-12-05,2020,4,Q4,12,Dec,December ,2020-12,5,6,Sat,t,2020-12-01,2020-12-31
2020-12-06,2020,4,Q4,12,Dec,December ,2020-12,6,7,Sun,f,2020-12-01,2020-12-31
2020-12-07,2020,4,Q4,12,Dec,December ,2020-12,7,1,Mon,f,2020-12-01,2020-12-31
2020-12-08,2020,4,Q4,12,Dec,December ,2020-12,8,2,Tue,f,2020-12-01,2020-12-31
2020-12-09,2020,4,Q4,12,Dec,December ,2020-12,9,3,Wed,f,2020-12-01,2020-12-31
2020-12-10,2020,4,Q4,12,Dec,December ,2020-12,10,4,Thu,f,2020-12-01,2020-12-31
2020-12-11,2020,4,Q4,12,Dec,December ,2020-12,11,5,Fri,t,2020-12-01,2020-12-31
2020-12-12,2020,4,Q4,12,Dec,December ,2020-12,12,6,Sat,t,2020-12-01,2020-12-31
2020-12-13,2020,4,Q4,12,Dec,December ,2020-12,13,7,Sun,f,2020-12-01,2020-12-31
2020-12-14,2020,4,Q4,12,Dec,December ,2020-12,14,1,Mon,f,2020-12-01,2020-12-31
2020-12-15,2020,4,Q4,12,Dec,December ,2020-12,15,2,Tue,f,2020-12-01,2020-12-31
2020-12-16,2020,4,Q4,12,Dec,December ,2020-12,16,3,Wed,f,2020-12-01,2020-12-31
2020-12-17,2020,4,Q4,12,Dec,December ,2020-12,17,4,Thu,f,2020-12-01,2020-12-31
2020-12-18,2020,4,Q4,12,Dec,December ,2020-12,18,5,Fri,t,2020-12-01,2020-12-31
2020-12-19,2020,4,Q4,12,Dec,December ,2020-12,19,6,Sat,t,2020-12-01,2020-12-31
2020-12-20,2020,4,Q4,12,Dec,December ,2020-12,20,7,Sun,f,2020-12-01,2020-12-31
2020-12-21,2020,4,Q4,12,Dec,December ,2020-12,21,1,Mon,f,2020-12-01,2020-12-31
2020-12-22,2020,4,Q4,12,Dec,December ,2020-12,22,2,Tue,f,2020-12-01,2020-12-31
2020-12-23,2020,4,Q4,12,Dec,December ,2020-12,23,3,Wed,f,2020-12-01,2020-12-31
2020-12-24,2020,4,Q4,12,Dec,December ,2020-12,24,4,Thu,f,2020-12-01,2020-12-31
2020-12-25,2020,4,Q4,12,Dec,December ,2020-12,25,5,Fri,t,2020-12-01,2020-12-31
2020-12-26,2020,4,Q4,12,Dec,December ,2020-12,26,6,Sat,t,2020-12-01,2020-12-31
2020-12-27,2020,4,Q4,12,Dec,December ,2020-12,27,7,Sun,f,2020-12-01,2020-12-31
2020-12-28,2020,4,Q4,12,Dec,December ,2020-12,28,1,Mon,f,2020-12-01,2020-12-31
2020-12-29,2020,4,Q4,12,Dec,December ,2020-12,29,2,Tue,f,2020-12-01,2020-12-31
2020-12-30,2020,4,Q4,12,Dec,December ,2020-12,30,3,Wed,f,2020-12-01,2020-12-31
2020-12-31,2020,4,Q4,12,Dec,December ,2020-12,31,4,Thu,f,2020-12-01,2020-12-31
2021-01-01,2021,1,Q1,1,Jan,January  ,2021-01,1,5,Fri,t,2021-01-01,2021-01-31
2021-01-02,2021,1,Q1,1,Jan,January  ,2021-01,2,6,Sat,t,2021-01-01,2021-01-31
2021-01-03,2021,1,Q1,1,Jan,January  ,2021-01,3,7,Sun,f,2021-01-01,2021-01-31
2021-01-04,2021,1,Q1,1,Jan,January  ,2021-01,4,1,Mon,f,2021-01-01,2021-01-31
2021-01-05,2021,1,Q1,1,Jan,January  ,2021-01,5,2,Tue,f,2021-01-01,2021-01-31
2021-01-06,2021,1,Q1,1,Jan,January  ,2021-01,6,3,Wed,f,2021-01-01,2021-01-31
2021-01-07,2021,1,Q1,1,Jan,January  ,2021-01,7,4,Thu,f,2021-01-01,2021-01-31
2021-01-08,2021,1,Q1,1,Jan,January  ,2021-01,8,5,Fri,t,2021-01-01,2021-01-31
2021-01-09,2021,1,Q1,1,Jan,January  ,2021-01,9,6,Sat,t,2021-01-01,2021-01-31
2021-01-10,2021,1,Q1,1,Jan,January  ,2021-01,10,7,Sun,f,2021-01-01,2021-01-31
2021-01-11,2021,1,Q1,1,Jan,January  ,2021-01,11,1,Mon,f,2021-01-01,2021-01-31
2021-01-12,2021,1,Q1,1,Jan,January  ,2021-01,12,2,Tue,f,2021-01-01,2021-01-31
2021-01-13,2021,1,Q1,1,Jan,January  ,2021-01,13,3,Wed,f,2021-01-01,2021-01-31
2021-01-14,2021,1,Q1,1,Jan,January  ,2021-01,14,4,Thu,f,2021-01-01,2021-01-31
2021-01-15,2021,1,Q1,1,Jan,January  ,2021-01,15,5,Fri,t,2021-01-01,2021-01-31
2021-01-16,2021,1,Q1,1,Jan,January  ,2021-01,16,6,Sat,t,2021-01-01,2021-01-31
2021-01-17,2021,1,Q1,1,Jan,January  ,2021-01,17,7,Sun,f,2021-01-01,2021-01-31
2021-01-18,2021,1,Q1,1,Jan,January  ,2021-01,18,1,Mon,f,2021-01-01,2021-01-31
2021-01-19,2021,1,Q1,1,Jan,January  ,2021-01,19,2,Tue,f,2021-01-01,2021-01-31
2021-01-20,2021,1,Q1,1,Jan,January  ,2021-01,20,3,Wed,f,2021-01-01,2021-01-31
2021-01-21,2021,1,Q1,1,Jan,January  ,2021-01,21,4,Thu,f,2021-01-01,2021-01-31
2021-01-22,2021,1,Q1,1,Jan,January  ,2021-01,22,5,Fri,t,2021-01-01,2021-01-31
2021-01-23,2021,1,Q1,1,Jan,January  ,2021-01,23,6,Sat,t,2021-01-01,2021-01-31
2021-01-24,2021,1,Q1,1,Jan,January  ,2021-01,24,7,Sun,f,2021-01-01,2021-01-31
2021-01-25,2021,1,Q1,1,Jan,January  ,2021-01,25,1,Mon,f,2021-01-01,2021-01-31
2021-01-26,2021,1,Q1,1,Jan,January  ,2021-01,26,2,Tue,f,2021-01-01,2021-01-31
2021-01-27,2021,1,Q1,1,Jan,January  ,2021-01,27,3,Wed,f,2021-01-01,2021-01-31
2021-01-28,2021,1,Q1,1,Jan,January  ,2021-01,28,4,Thu,f,2021-01-01,2021-01-31
2021-01-29,2021,1,Q1,1,Jan,January  ,2021-01,29,5,Fri,t,2021-01-01,2021-01-31
2021-01-30,2021,1,Q1,1,Jan,January  ,2021-01,30,6,Sat,t,2021-01-01,2021-01-31
2021-01-31,2021,1,Q1,1,Jan,January  ,2021-01,31,7,Sun,f,2021-01-01,2021-01-31
2021-02-01,2021,1,Q1,2,Feb,February ,2021-02,1,1,Mon,f,2021-02-01,2021-02-28
2021-02-02,2021,1,Q1,2,Feb,February ,2021-02,2,2,Tue,f,2021-02-01,2021-02-28
2021-02-03,2021,1,Q1,2,Feb,February ,2021-02,3,3,Wed,f,2021-02-01,2021-02-28
2021-02-04,2021,1,Q1,2,Feb,February ,2021-02,4,4,Thu,f,2021-02-01,2021-02-28
2021-02-05,2021,1,Q1,2,Feb,February ,2021-02,5,5,Fri,t,2021-02-01,2021-02-28
2021-02-06,2021,1,Q1,2,Feb,February ,2021-02,6,6,Sat,t,2021-02-01,2021-02-28
2021-02-07,2021,1,Q1,2,Feb,February ,2021-02,7,7,Sun,f,2021-02-01,2021-02-28
2021-02-08,2021,1,Q1,2,Feb,February ,2021-02,8,1,Mon,f,2021-02-01,2021-02-28
2021-02-09,2021,1,Q1,2,Feb,February ,2021-02,9,2,Tue,f,2021-02-01,2021-02-28
2021-02-10,2021,1,Q1,2,Feb,February ,2021-02,10,3,Wed,f,2021-02-01,2021-02-28
2021-02-11,2021,1,Q1,2,Feb,February ,2021-02,11,4,Thu,f,2021-02-01,2021-02-28
2021-02-12,2021,1,Q1,2,Feb,February ,2021-02,12,5,Fri,t,2021-02-01,2021-02-28
2021-02-13,2021,1,Q1,2,Feb,February ,2021-02,13,6,Sat,t,2021-02-01,2021-02-28
2021-02-14,2021,1,Q1,2,Feb,February ,2021-02,14,7,Sun,f,2021-02-01,2021-02-28
2021-02-15,2021,1,Q1,2,Feb,February ,2021-02,15,1,Mon,f,2021-02-01,2021-02-28
2021-02-16,2021,1,Q1,2,Feb,February ,2021-02,16,2,Tue,f,2021-02-01,2021-02-28
2021-02-17,2021,1,Q1,2,Feb,February ,2021-02,17,3,Wed,f,2021-02-01,2021-02-28
2021-02-18,2021,1,Q1,2,Feb,February ,2021-02,18,4,Thu,f,2021-02-01,2021-02-28
2021-02-19,2021,1,Q1,2,Feb,February ,2021-02,19,5,Fri,t,2021-02-01,2021-02-28
2021-02-20,2021,1,Q1,2,Feb,February ,2021-02,20,6,Sat,t,2021-02-01,2021-02-28
2021-02-21,2021,1,Q1,2,Feb,February ,2021-02,21,7,Sun,f,2021-02-01,2021-02-28
2021-02-22,2021,1,Q1,2,Feb,February ,2021-02,22,1,Mon,f,2021-02-01,2021-02-28
2021-02-23,2021,1,Q1,2,Feb,February ,2021-02,23,2,Tue,f,2021-02-01,2021-02-28
2021-02-24,2021,1,Q1,2,Feb,February ,2021-02,24,3,Wed,f,2021-02-01,2021-02-28
2021-02-25,2021,1,Q1,2,Feb,February ,2021-02,25,4,Thu,f,2021-02-01,2021-02-28
2021-02-26,2021,1,Q1,2,Feb,February ,2021-02,26,5,Fri,t,2021-02-01,2021-02-28
2021-02-27,2021,1,Q1,2,Feb,February ,2021-02,27,6,Sat,t,2021-02-01,2021-02-28
2021-02-28,2021,1,Q1,2,Feb,February ,2021-02,28,7,Sun,f,2021-02-01,2021-02-28
2021-03-01,2021,1,Q1,3,Mar,March    ,2021-03,1,1,Mon,f,2021-03-01,2021-03-31
2021-03-02,2021,1,Q1,3,Mar,March    ,2021-03,2,2,Tue,f,2021-03-01,2021-03-31
2021-03-03,2021,1,Q1,3,Mar,March    ,2021-03,3,3,Wed,f,2021-03-01,2021-03-31
2021-03-04,2021,1,Q1,3,Mar,March    ,2021-03,4,4,Thu,f,2021-03-01,2021-03-31
2021-03-05,2021,1,Q1,3,Mar,March    ,2021-03,5,5,Fri,t,2021-03-01,2021-03-31
2021-03-06,2021,1,Q1,3,Mar,March    ,2021-03,6,6,Sat,t,2021-03-01,2021-03-31
2021-03-07,2021,1,Q1,3,Mar,March    ,2021-03,7,7,Sun,f,2021-03-01,2021-03-31
2021-03-08,2021,1,Q1,3,Mar,March    ,2021-03,8,1,Mon,f,2021-03-01,2021-03-31
2021-03-09,2021,1,Q1,3,Mar,March    ,2021-03,9,2,Tue,f,2021-03-01,2021-03-31
2021-03-10,2021,1,Q1,3,Mar,March    ,2021-03,10,3,Wed,f,2021-03-01,2021-03-31
2021-03-11,2021,1,Q1,3,Mar,March    ,2021-03,11,4,Thu,f,2021-03-01,2021-03-31
2021-03-12,2021,1,Q1,3,Mar,March    ,2021-03,12,5,Fri,t,2021-03-01,2021-03-31
2021-03-13,2021,1,Q1,3,Mar,March    ,2021-03,13,6,Sat,t,2021-03-01,2021-03-31
2021-03-14,2021,1,Q1,3,Mar,March    ,2021-03,14,7,Sun,f,2021-03-01,2021-03-31
2021-03-15,2021,1,Q1,3,Mar,March    ,2021-03,15,1,Mon,f,2021-03-01,2021-03-31
2021-03-16,2021,1,Q1,3,Mar,March    ,2021-03,16,2,Tue,f,2021-03-01,2021-03-31
2021-03-17,2021,1,Q1,3,Mar,March    ,2021-03,17,3,Wed,f,2021-03-01,2021-03-31
2021-03-18,2021,1,Q1,3,Mar,March    ,2021-03,18,4,Thu,f,2021-03-01,2021-03-31
2021-03-19,2021,1,Q1,3,Mar,March    ,2021-03,19,5,Fri,t,2021-03-01,2021-03-31
2021-03-20,2021,1,Q1,3,Mar,March    ,2021-03,20,6,Sat,t,2021-03-01,2021-03-31
2021-03-21,2021,1,Q1,3,Mar,March    ,2021-03,21,7,Sun,f,2021-03-01,2021-03-31
2021-03-22,2021,1,Q1,3,Mar,March    ,2021-03,22,1,Mon,f,2021-03-01,2021-03-31
2021-03-23,2021,1,Q1,3,Mar,March    ,2021-03,23,2,Tue,f,2021-03-01,2021-03-31
2021-03-24,2021,1,Q1,3,Mar,March    ,2021-03,24,3,Wed,f,2021-03-01,2021-03-31
2021-03-25,2021,1,Q1,3,Mar,March    ,2021-03,25,4,Thu,f,2021-03-01,2021-03-31
2021-03-26,2021,1,Q1,3,Mar,March    ,2021-03,26,5,Fri,t,2021-03-01,2021-03-31
2021-03-27,2021,1,Q1,3,Mar,March    ,2021-03,27,6,Sat,t,2021-03-01,2021-03-31
2021-03-28,2021,1,Q1,3,Mar,March    ,2021-03,28,7,Sun,f,2021-03-01,2021-03-31
2021-03-29,2021,1,Q1,3,Mar,March    ,2021-03,29,1,Mon,f,2021-03-01,2021-03-31
2021-03-30,2021,1,Q1,3,Mar,March    ,2021-03,30,2,Tue,f,2021-03-01,2021-03-31
2021-03-31,2021,1,Q1,3,Mar,March    ,2021-03,31,3,Wed,f,2021-03-01,2021-03-31
2021-04-01,2021,2,Q2,4,Apr,April    ,2021-04,1,4,Thu,f,2021-04-01,2021-04-30
2021-04-02,2021,2,Q2,4,Apr,April    ,2021-04,2,5,Fri,t,2021-04-01,2021-04-30
2021-04-03,2021,2,Q2,4,Apr,April    ,2021-04,3,6,Sat,t,2021-04-01,2021-04-30
2021-04-04,2021,2,Q2,4,Apr,April    ,2021-04,4,7,Sun,f,2021-04-01,2021-04-30
2021-04-05,2021,2,Q2,4,Apr,April    ,2021-04,5,1,Mon,f,2021-04-01,2021-04-30
2021-04-06,2021,2,Q2,4,Apr,April    ,2021-04,6,2,Tue,f,2021-04-01,2021-04-30
2021-04-07,2021,2,Q2,4,Apr,April    ,2021-04,7,3,Wed,f,2021-04-01,2021-04-30
2021-04-08,2021,2,Q2,4,Apr,April    ,2021-04,8,4,Thu,f,2021-04-01,2021-04-30
2021-04-09,2021,2,Q2,4,Apr,April    ,2021-04,9,5,Fri,t,2021-04-01,2021-04-30
2021-04-10,2021,2,Q2,4,Apr,April    ,2021-04,10,6,Sat,t,2021-04-01,2021-04-30
2021-04-11,2021,2,Q2,4,Apr,April    ,2021-04,11,7,Sun,f,2021-04-01,2021-04-30
2021-04-12,2021,2,Q2,4,Apr,April    ,2021-04,12,1,Mon,f,2021-04-01,2021-04-30
2021-04-13,2021,2,Q2,4,Apr,April    ,2021-04,13,2,Tue,f,2021-04-01,2021-04-30
2021-04-14,2021,2,Q2,4,Apr,April    ,2021-04,14,3,Wed,f,2021-04-01,2021-04-30
2021-04-15,2021,2,Q2,4,Apr,April    ,2021-04,15,4,Thu,f,2021-04-01,2021-04-30
2021-04-16,2021,2,Q2,4,Apr,April    ,2021-04,16,5,Fri,t,2021-04-01,2021-04-30
2021-04-17,2021,2,Q2,4,Apr,April    ,2021-04,17,6,Sat,t,2021-04-01,2021-04-30
2021-04-18,2021,2,Q2,4,Apr,April    ,2021-04,18,7,Sun,f,2021-04-01,2021-04-30
2021-04-19,2021,2,Q2,4,Apr,April    ,2021-04,19,1,Mon,f,2021-04-01,2021-04-30
2021-04-20,2021,2,Q2,4,Apr,April    ,2021-04,20,2,Tue,f,2021-04-01,2021-04-30
2021-04-21,2021,2,Q2,4,Apr,April    ,2021-04,21,3,Wed,f,2021-04-01,2021-04-30
2021-04-22,2021,2,Q2,4,Apr,April    ,2021-04,22,4,Thu,f,2021-04-01,2021-04-30
2021-04-23,2021,2,Q2,4,Apr,April    ,2021-04,23,5,Fri,t,2021-04-01,2021-04-30
2021-04-24,2021,2,Q2,4,Apr,April    ,2021-04,24,6,Sat,t,2021-04-01,2021-04-30
2021-04-25,2021,2,Q2,4,Apr,April    ,2021-04,25,7,Sun,f,2021-04-01,2021-04-30
2021-04-26,2021,2,Q2,4,Apr,April    ,2021-04,26,1,Mon,f,2021-04-01,2021-04-30
2021-04-27,2021,2,Q2,4,Apr,April    ,2021-04,27,2,Tue,f,2021-04-01,2021-04-30
2021-04-28,2021,2,Q2,4,Apr,April    ,2021-04,28,3,Wed,f,2021-04-01,2021-04-30
2021-04-29,2021,2,Q2,4,Apr,April    ,2021-04,29,4,Thu,f,2021-04-01,2021-04-30
2021-04-30,2021,2,Q2,4,Apr,April    ,2021-04,30,5,Fri,t,2021-04-01,2021-04-30
2021-05-01,2021,2,Q2,5,May,May      ,2021-05,1,6,Sat,t,2021-05-01,2021-05-31
2021-05-02,2021,2,Q2,5,May,May      ,2021-05,2,7,Sun,f,2021-05-01,2021-05-31
2021-05-03,2021,2,Q2,5,May,May      ,2021-05,3,1,Mon,f,2021-05-01,2021-05-31
2021-05-04,2021,2,Q2,5,May,May      ,2021-05,4,2,Tue,f,2021-05-01,2021-05-31
2021-05-05,2021,2,Q2,5,May,May      ,2021-05,5,3,Wed,f,2021-05-01,2021-05-31
2021-05-06,2021,2,Q2,5,May,May      ,2021-05,6,4,Thu,f,2021-05-01,2021-05-31
2021-05-07,2021,2,Q2,5,May,May      ,2021-05,7,5,Fri,t,2021-05-01,2021-05-31
2021-05-08,2021,2,Q2,5,May,May      ,2021-05,8,6,Sat,t,2021-05-01,2021-05-31
2021-05-09,2021,2,Q2,5,May,May      ,2021-05,9,7,Sun,f,2021-05-01,2021-05-31
2021-05-10,2021,2,Q2,5,May,May      ,2021-05,10,1,Mon,f,2021-05-01,2021-05-31
2021-05-11,2021,2,Q2,5,May,May      ,2021-05,11,2,Tue,f,2021-05-01,2021-05-31
2021-05-12,2021,2,Q2,5,May,May      ,2021-05,12,3,Wed,f,2021-05-01,2021-05-31
2021-05-13,2021,2,Q2,5,May,May      ,2021-05,13,4,Thu,f,2021-05-01,2021-05-31
2021-05-14,2021,2,Q2,5,May,May      ,2021-05,14,5,Fri,t,2021-05-01,2021-05-31
2021-05-15,2021,2,Q2,5,May,May      ,2021-05,15,6,Sat,t,2021-05-01,2021-05-31
2021-05-16,2021,2,Q2,5,May,May      ,2021-05,16,7,Sun,f,2021-05-01,2021-05-31
2021-05-17,2021,2,Q2,5,May,May      ,2021-05,17,1,Mon,f,2021-05-01,2021-05-31
2021-05-18,2021,2,Q2,5,May,May      ,2021-05,18,2,Tue,f,2021-05-01,2021-05-31
2021-05-19,2021,2,Q2,5,May,May      ,2021-05,19,3,Wed,f,2021-05-01,2021-05-31
2021-05-20,2021,2,Q2,5,May,May      ,2021-05,20,4,Thu,f,2021-05-01,2021-05-31
2021-05-21,2021,2,Q2,5,May,May      ,2021-05,21,5,Fri,t,2021-05-01,2021-05-31
2021-05-22,2021,2,Q2,5,May,May      ,2021-05,22,6,Sat,t,2021-05-01,2021-05-31
2021-05-23,2021,2,Q2,5,May,May      ,2021-05,23,7,Sun,f,2021-05-01,2021-05-31
2021-05-24,2021,2,Q2,5,May,May      ,2021-05,24,1,Mon,f,2021-05-01,2021-05-31
2021-05-25,2021,2,Q2,5,May,May      ,2021-05,25,2,Tue,f,2021-05-01,2021-05-31
2021-05-26,2021,2,Q2,5,May,May      ,2021-05,26,3,Wed,f,2021-05-01,2021-05-31
2021-05-27,2021,2,Q2,5,May,May      ,2021-05,27,4,Thu,f,2021-05-01,2021-05-31
2021-05-28,2021,2,Q2,5,May,May      ,2021-05,28,5,Fri,t,2021-05-01,2021-05-31
2021-05-29,2021,2,Q2,5,May,May      ,2021-05,29,6,Sat,t,2021-05-01,2021-05-31
2021-05-30,2021,2,Q2,5,May,May      ,2021-05,30,7,Sun,f,2021-05-01,2021-05-31
2021-05-31,2021,2,Q2,5,May,May      ,2021-05,31,1,Mon,f,2021-05-01,2021-05-31
2021-06-01,2021,2,Q2,6,Jun,June     ,2021-06,1,2,Tue,f,2021-06-01,2021-06-30
2021-06-02,2021,2,Q2,6,Jun,June     ,2021-06,2,3,Wed,f,2021-06-01,2021-06-30
2021-06-03,2021,2,Q2,6,Jun,June     ,2021-06,3,4,Thu,f,2021-06-01,2021-06-30
2021-06-04,2021,2,Q2,6,Jun,June     ,2021-06,4,5,Fri,t,2021-06-01,2021-06-30
2021-06-05,2021,2,Q2,6,Jun,June     ,2021-06,5,6,Sat,t,2021-06-01,2021-06-30
2021-06-06,2021,2,Q2,6,Jun,June     ,2021-06,6,7,Sun,f,2021-06-01,2021-06-30
2021-06-07,2021,2,Q2,6,Jun,June     ,2021-06,7,1,Mon,f,2021-06-01,2021-06-30
2021-06-08,2021,2,Q2,6,Jun,June     ,2021-06,8,2,Tue,f,2021-06-01,2021-06-30
2021-06-09,2021,2,Q2,6,Jun,June     ,2021-06,9,3,Wed,f,2021-06-01,2021-06-30
2021-06-10,2021,2,Q2,6,Jun,June     ,2021-06,10,4,Thu,f,2021-06-01,2021-06-30
2021-06-11,2021,2,Q2,6,Jun,June     ,2021-06,11,5,Fri,t,2021-06-01,2021-06-30
2021-06-12,2021,2,Q2,6,Jun,June     ,2021-06,12,6,Sat,t,2021-06-01,2021-06-30
2021-06-13,2021,2,Q2,6,Jun,June     ,2021-06,13,7,Sun,f,2021-06-01,2021-06-30
2021-06-14,2021,2,Q2,6,Jun,June     ,2021-06,14,1,Mon,f,2021-06-01,2021-06-30
2021-06-15,2021,2,Q2,6,Jun,June     ,2021-06,15,2,Tue,f,2021-06-01,2021-06-30
2021-06-16,2021,2,Q2,6,Jun,June     ,2021-06,16,3,Wed,f,2021-06-01,2021-06-30
2021-06-17,2021,2,Q2,6,Jun,June     ,2021-06,17,4,Thu,f,2021-06-01,2021-06-30
2021-06-18,2021,2,Q2,6,Jun,June     ,2021-06,18,5,Fri,t,2021-06-01,2021-06-30
2021-06-19,2021,2,Q2,6,Jun,June     ,2021-06,19,6,Sat,t,2021-06-01,2021-06-30
2021-06-20,2021,2,Q2,6,Jun,June     ,2021-06,20,7,Sun,f,2021-06-01,2021-06-30
2021-06-21,2021,2,Q2,6,Jun,June     ,2021-06,21,1,Mon,f,2021-06-01,2021-06-30
2021-06-22,2021,2,Q2,6,Jun,June     ,2021-06,22,2,Tue,f,2021-06-01,2021-06-30
2021-06-23,2021,2,Q2,6,Jun,June     ,2021-06,23,3,Wed,f,2021-06-01,2021-06-30
2021-06-24,2021,2,Q2,6,Jun,June     ,2021-06,24,4,Thu,f,2021-06-01,2021-06-30
2021-06-25,2021,2,Q2,6,Jun,June     ,2021-06,25,5,Fri,t,2021-06-01,2021-06-30
2021-06-26,2021,2,Q2,6,Jun,June     ,2021-06,26,6,Sat,t,2021-06-01,2021-06-30
2021-06-27,2021,2,Q2,6,Jun,June     ,2021-06,27,7,Sun,f,2021-06-01,2021-06-30
2021-06-28,2021,2,Q2,6,Jun,June     ,2021-06,28,1,Mon,f,2021-06-01,2021-06-30
2021-06-29,2021,2,Q2,6,Jun,June     ,2021-06,29,2,Tue,f,2021-06-01,2021-06-30
2021-06-30,2021,2,Q2,6,Jun,June     ,2021-06,30,3,Wed,f,2021-06-01,2021-06-30
2021-07-01,2021,3,Q3,7,Jul,July     ,2021-07,1,4,Thu,f,2021-07-01,2021-07-31
2021-07-02,2021,3,Q3,7,Jul,July     ,2021-07,2,5,Fri,t,2021-07-01,2021-07-31
2021-07-03,2021,3,Q3,7,Jul,July     ,2021-07,3,6,Sat,t,2021-07-01,2021-07-31
2021-07-04,2021,3,Q3,7,Jul,July     ,2021-07,4,7,Sun,f,2021-07-01,2021-07-31
2021-07-05,2021,3,Q3,7,Jul,July     ,2021-07,5,1,Mon,f,2021-07-01,2021-07-31
2021-07-06,2021,3,Q3,7,Jul,July     ,2021-07,6,2,Tue,f,2021-07-01,2021-07-31
2021-07-07,2021,3,Q3,7,Jul,July     ,2021-07,7,3,Wed,f,2021-07-01,2021-07-31
2021-07-08,2021,3,Q3,7,Jul,July     ,2021-07,8,4,Thu,f,2021-07-01,2021-07-31
2021-07-09,2021,3,Q3,7,Jul,July     ,2021-07,9,5,Fri,t,2021-07-01,2021-07-31
2021-07-10,2021,3,Q3,7,Jul,July     ,2021-07,10,6,Sat,t,2021-07-01,2021-07-31
2021-07-11,2021,3,Q3,7,Jul,July     ,2021-07,11,7,Sun,f,2021-07-01,2021-07-31
2021-07-12,2021,3,Q3,7,Jul,July     ,2021-07,12,1,Mon,f,2021-07-01,2021-07-31
2021-07-13,2021,3,Q3,7,Jul,July     ,2021-07,13,2,Tue,f,2021-07-01,2021-07-31
2021-07-14,2021,3,Q3,7,Jul,July     ,2021-07,14,3,Wed,f,2021-07-01,2021-07-31
2021-07-15,2021,3,Q3,7,Jul,July     ,2021-07,15,4,Thu,f,2021-07-01,2021-07-31
2021-07-16,2021,3,Q3,7,Jul,July     ,2021-07,16,5,Fri,t,2021-07-01,2021-07-31
2021-07-17,2021,3,Q3,7,Jul,July     ,2021-07,17,6,Sat,t,2021-07-01,2021-07-31
2021-07-18,2021,3,Q3,7,Jul,July     ,2021-07,18,7,Sun,f,2021-07-01,2021-07-31
2021-07-19,2021,3,Q3,7,Jul,July     ,2021-07,19,1,Mon,f,2021-07-01,2021-07-31
2021-07-20,2021,3,Q3,7,Jul,July     ,2021-07,20,2,Tue,f,2021-07-01,2021-07-31
2021-07-21,2021,3,Q3,7,Jul,July     ,2021-07,21,3,Wed,f,2021-07-01,2021-07-31
2021-07-22,2021,3,Q3,7,Jul,July     ,2021-07,22,4,Thu,f,2021-07-01,2021-07-31
2021-07-23,2021,3,Q3,7,Jul,July     ,2021-07,23,5,Fri,t,2021-07-01,2021-07-31
2021-07-24,2021,3,Q3,7,Jul,July     ,2021-07,24,6,Sat,t,2021-07-01,2021-07-31
2021-07-25,2021,3,Q3,7,Jul,July     ,2021-07,25,7,Sun,f,2021-07-01,2021-07-31
2021-07-26,2021,3,Q3,7,Jul,July     ,2021-07,26,1,Mon,f,2021-07-01,2021-07-31
2021-07-27,2021,3,Q3,7,Jul,July     ,2021-07,27,2,Tue,f,2021-07-01,2021-07-31
2021-07-28,2021,3,Q3,7,Jul,July     ,2021-07,28,3,Wed,f,2021-07-01,2021-07-31
2021-07-29,2021,3,Q3,7,Jul,July     ,2021-07,29,4,Thu,f,2021-07-01,2021-07-31
2021-07-30,2021,3,Q3,7,Jul,July     ,2021-07,30,5,Fri,t,2021-07-01,2021-07-31
2021-07-31,2021,3,Q3,7,Jul,July     ,2021-07,31,6,Sat,t,2021-07-01,2021-07-31
2021-08-01,2021,3,Q3,8,Aug,August   ,2021-08,1,7,Sun,f,2021-08-01,2021-08-31
2021-08-02,2021,3,Q3,8,Aug,August   ,2021-08,2,1,Mon,f,2021-08-01,2021-08-31
2021-08-03,2021,3,Q3,8,Aug,August   ,2021-08,3,2,Tue,f,2021-08-01,2021-08-31
2021-08-04,2021,3,Q3,8,Aug,August   ,2021-08,4,3,Wed,f,2021-08-01,2021-08-31
2021-08-05,2021,3,Q3,8,Aug,August   ,2021-08,5,4,Thu,f,2021-08-01,2021-08-31
2021-08-06,2021,3,Q3,8,Aug,August   ,2021-08,6,5,Fri,t,2021-08-01,2021-08-31
2021-08-07,2021,3,Q3,8,Aug,August   ,2021-08,7,6,Sat,t,2021-08-01,2021-08-31
2021-08-08,2021,3,Q3,8,Aug,August   ,2021-08,8,7,Sun,f,2021-08-01,2021-08-31
2021-08-09,2021,3,Q3,8,Aug,August   ,2021-08,9,1,Mon,f,2021-08-01,2021-08-31
2021-08-10,2021,3,Q3,8,Aug,August   ,2021-08,10,2,Tue,f,2021-08-01,2021-08-31
2021-08-11,2021,3,Q3,8,Aug,August   ,2021-08,11,3,Wed,f,2021-08-01,2021-08-31
2021-08-12,2021,3,Q3,8,Aug,August   ,2021-08,12,4,Thu,f,2021-08-01,2021-08-31
2021-08-13,2021,3,Q3,8,Aug,August   ,2021-08,13,5,Fri,t,2021-08-01,2021-08-31
2021-08-14,2021,3,Q3,8,Aug,August   ,2021-08,14,6,Sat,t,2021-08-01,2021-08-31
2021-08-15,2021,3,Q3,8,Aug,August   ,2021-08,15,7,Sun,f,2021-08-01,2021-08-31
2021-08-16,2021,3,Q3,8,Aug,August   ,2021-08,16,1,Mon,f,2021-08-01,2021-08-31
2021-08-17,2021,3,Q3,8,Aug,August   ,2021-08,17,2,Tue,f,2021-08-01,2021-08-31
2021-08-18,2021,3,Q3,8,Aug,August   ,2021-08,18,3,Wed,f,2021-08-01,2021-08-31
2021-08-19,2021,3,Q3,8,Aug,August   ,2021-08,19,4,Thu,f,2021-08-01,2021-08-31
2021-08-20,2021,3,Q3,8,Aug,August   ,2021-08,20,5,Fri,t,2021-08-01,2021-08-31
2021-08-21,2021,3,Q3,8,Aug,August   ,2021-08,21,6,Sat,t,2021-08-01,2021-08-31
2021-08-22,2021,3,Q3,8,Aug,August   ,2021-08,22,7,Sun,f,2021-08-01,2021-08-31
2021-08-23,2021,3,Q3,8,Aug,August   ,2021-08,23,1,Mon,f,2021-08-01,2021-08-31
2021-08-24,2021,3,Q3,8,Aug,August   ,2021-08,24,2,Tue,f,2021-08-01,2021-08-31
2021-08-25,2021,3,Q3,8,Aug,August   ,2021-08,25,3,Wed,f,2021-08-01,2021-08-31
2021-08-26,2021,3,Q3,8,Aug,August   ,2021-08,26,4,Thu,f,2021-08-01,2021-08-31
2021-08-27,2021,3,Q3,8,Aug,August   ,2021-08,27,5,Fri,t,2021-08-01,2021-08-31
2021-08-28,2021,3,Q3,8,Aug,August   ,2021-08,28,6,Sat,t,2021-08-01,2021-08-31
2021-08-29,2021,3,Q3,8,Aug,August   ,2021-08,29,7,Sun,f,2021-08-01,2021-08-31
2021-08-30,2021,3,Q3,8,Aug,August   ,2021-08,30,1,Mon,f,2021-08-01,2021-08-31
2021-08-31,2021,3,Q3,8,Aug,August   ,2021-08,31,2,Tue,f,2021-08-01,2021-08-31
2021-09-01,2021,3,Q3,9,Sep,September,2021-09,1,3,Wed,f,2021-09-01,2021-09-30
2021-09-02,2021,3,Q3,9,Sep,September,2021-09,2,4,Thu,f,2021-09-01,2021-09-30
2021-09-03,2021,3,Q3,9,Sep,September,2021-09,3,5,Fri,t,2021-09-01,2021-09-30
2021-09-04,2021,3,Q3,9,Sep,September,2021-09,4,6,Sat,t,2021-09-01,2021-09-30
2021-09-05,2021,3,Q3,9,Sep,September,2021-09,5,7,Sun,f,2021-09-01,2021-09-30
2021-09-06,2021,3,Q3,9,Sep,September,2021-09,6,1,Mon,f,2021-09-01,2021-09-30
2021-09-07,2021,3,Q3,9,Sep,September,2021-09,7,2,Tue,f,2021-09-01,2021-09-30
2021-09-08,2021,3,Q3,9,Sep,September,2021-09,8,3,Wed,f,2021-09-01,2021-09-30
2021-09-09,2021,3,Q3,9,Sep,September,2021-09,9,4,Thu,f,2021-09-01,2021-09-30
2021-09-10,2021,3,Q3,9,Sep,September,2021-09,10,5,Fri,t,2021-09-01,2021-09-30
2021-09-11,2021,3,Q3,9,Sep,September,2021-09,11,6,Sat,t,2021-09-01,2021-09-30
2021-09-12,2021,3,Q3,9,Sep,September,2021-09,12,7,Sun,f,2021-09-01,2021-09-30
2021-09-13,2021,3,Q3,9,Sep,September,2021-09,13,1,Mon,f,2021-09-01,2021-09-30
2021-09-14,2021,3,Q3,9,Sep,September,2021-09,14,2,Tue,f,2021-09-01,2021-09-30
2021-09-15,2021,3,Q3,9,Sep,September,2021-09,15,3,Wed,f,2021-09-01,2021-09-30
2021-09-16,2021,3,Q3,9,Sep,September,2021-09,16,4,Thu,f,2021-09-01,2021-09-30
2021-09-17,2021,3,Q3,9,Sep,September,2021-09,17,5,Fri,t,2021-09-01,2021-09-30
2021-09-18,2021,3,Q3,9,Sep,September,2021-09,18,6,Sat,t,2021-09-01,2021-09-30
2021-09-19,2021,3,Q3,9,Sep,September,2021-09,19,7,Sun,f,2021-09-01,2021-09-30
2021-09-20,2021,3,Q3,9,Sep,September,2021-09,20,1,Mon,f,2021-09-01,2021-09-30
2021-09-21,2021,3,Q3,9,Sep,September,2021-09,21,2,Tue,f,2021-09-01,2021-09-30
2021-09-22,2021,3,Q3,9,Sep,September,2021-09,22,3,Wed,f,2021-09-01,2021-09-30
2021-09-23,2021,3,Q3,9,Sep,September,2021-09,23,4,Thu,f,2021-09-01,2021-09-30
2021-09-24,2021,3,Q3,9,Sep,September,2021-09,24,5,Fri,t,2021-09-01,2021-09-30
2021-09-25,2021,3,Q3,9,Sep,September,2021-09,25,6,Sat,t,2021-09-01,2021-09-30
2021-09-26,2021,3,Q3,9,Sep,September,2021-09,26,7,Sun,f,2021-09-01,2021-09-30
2021-09-27,2021,3,Q3,9,Sep,September,2021-09,27,1,Mon,f,2021-09-01,2021-09-30
2021-09-28,2021,3,Q3,9,Sep,September,2021-09,28,2,Tue,f,2021-09-01,2021-09-30
2021-09-29,2021,3,Q3,9,Sep,September,2021-09,29,3,Wed,f,2021-09-01,2021-09-30
2021-09-30,2021,3,Q3,9,Sep,September,2021-09,30,4,Thu,f,2021-09-01,2021-09-30
2021-10-01,2021,4,Q4,10,Oct,October  ,2021-10,1,5,Fri,t,2021-10-01,2021-10-31
2021-10-02,2021,4,Q4,10,Oct,October  ,2021-10,2,6,Sat,t,2021-10-01,2021-10-31
2021-10-03,2021,4,Q4,10,Oct,October  ,2021-10,3,7,Sun,f,2021-10-01,2021-10-31
2021-10-04,2021,4,Q4,10,Oct,October  ,2021-10,4,1,Mon,f,2021-10-01,2021-10-31
2021-10-05,2021,4,Q4,10,Oct,October  ,2021-10,5,2,Tue,f,2021-10-01,2021-10-31
2021-10-06,2021,4,Q4,10,Oct,October  ,2021-10,6,3,Wed,f,2021-10-01,2021-10-31
2021-10-07,2021,4,Q4,10,Oct,October  ,2021-10,7,4,Thu,f,2021-10-01,2021-10-31
2021-10-08,2021,4,Q4,10,Oct,October  ,2021-10,8,5,Fri,t,2021-10-01,2021-10-31
2021-10-09,2021,4,Q4,10,Oct,October  ,2021-10,9,6,Sat,t,2021-10-01,2021-10-31
2021-10-10,2021,4,Q4,10,Oct,October  ,2021-10,10,7,Sun,f,2021-10-01,2021-10-31
2021-10-11,2021,4,Q4,10,Oct,October  ,2021-10,11,1,Mon,f,2021-10-01,2021-10-31
2021-10-12,2021,4,Q4,10,Oct,October  ,2021-10,12,2,Tue,f,2021-10-01,2021-10-31
2021-10-13,2021,4,Q4,10,Oct,October  ,2021-10,13,3,Wed,f,2021-10-01,2021-10-31
2021-10-14,2021,4,Q4,10,Oct,October  ,2021-10,14,4,Thu,f,2021-10-01,2021-10-31
2021-10-15,2021,4,Q4,10,Oct,October  ,2021-10,15,5,Fri,t,2021-10-01,2021-10-31
2021-10-16,2021,4,Q4,10,Oct,October  ,2021-10,16,6,Sat,t,2021-10-01,2021-10-31
2021-10-17,2021,4,Q4,10,Oct,October  ,2021-10,17,7,Sun,f,2021-10-01,2021-10-31
2021-10-18,2021,4,Q4,10,Oct,October  ,2021-10,18,1,Mon,f,2021-10-01,2021-10-31
2021-10-19,2021,4,Q4,10,Oct,October  ,2021-10,19,2,Tue,f,2021-10-01,2021-10-31
2021-10-20,2021,4,Q4,10,Oct,October  ,2021-10,20,3,Wed,f,2021-10-01,2021-10-31
2021-10-21,2021,4,Q4,10,Oct,October  ,2021-10,21,4,Thu,f,2021-10-01,2021-10-31
2021-10-22,2021,4,Q4,10,Oct,October  ,2021-10,22,5,Fri,t,2021-10-01,2021-10-31
2021-10-23,2021,4,Q4,10,Oct,October  ,2021-10,23,6,Sat,t,2021-10-01,2021-10-31
2021-10-24,2021,4,Q4,10,Oct,October  ,2021-10,24,7,Sun,f,2021-10-01,2021-10-31
2021-10-25,2021,4,Q4,10,Oct,October  ,2021-10,25,1,Mon,f,2021-10-01,2021-10-31
2021-10-26,2021,4,Q4,10,Oct,October  ,2021-10,26,2,Tue,f,2021-10-01,2021-10-31
2021-10-27,2021,4,Q4,10,Oct,October  ,2021-10,27,3,Wed,f,2021-10-01,2021-10-31
2021-10-28,2021,4,Q4,10,Oct,October  ,2021-10,28,4,Thu,f,2021-10-01,2021-10-31
2021-10-29,2021,4,Q4,10,Oct,October  ,2021-10,29,5,Fri,t,2021-10-01,2021-10-31
2021-10-30,2021,4,Q4,10,Oct,October  ,2021-10,30,6,Sat,t,2021-10-01,2021-10-31
2021-10-31,2021,4,Q4,10,Oct,October  ,2021-10,31,7,Sun,f,2021-10-01,2021-10-31
2021-11-01,2021,4,Q4,11,Nov,November ,2021-11,1,1,Mon,f,2021-11-01,2021-11-30
2021-11-02,2021,4,Q4,11,Nov,November ,2021-11,2,2,Tue,f,2021-11-01,2021-11-30
2021-11-03,2021,4,Q4,11,Nov,November ,2021-11,3,3,Wed,f,2021-11-01,2021-11-30
2021-11-04,2021,4,Q4,11,Nov,November ,2021-11,4,4,Thu,f,2021-11-01,2021-11-30
2021-11-05,2021,4,Q4,11,Nov,November ,2021-11,5,5,Fri,t,2021-11-01,2021-11-30
2021-11-06,2021,4,Q4,11,Nov,November ,2021-11,6,6,Sat,t,2021-11-01,2021-11-30
2021-11-07,2021,4,Q4,11,Nov,November ,2021-11,7,7,Sun,f,2021-11-01,2021-11-30
2021-11-08,2021,4,Q4,11,Nov,November ,2021-11,8,1,Mon,f,2021-11-01,2021-11-30
2021-11-09,2021,4,Q4,11,Nov,November ,2021-11,9,2,Tue,f,2021-11-01,2021-11-30
2021-11-10,2021,4,Q4,11,Nov,November ,2021-11,10,3,Wed,f,2021-11-01,2021-11-30
2021-11-11,2021,4,Q4,11,Nov,November ,2021-11,11,4,Thu,f,2021-11-01,2021-11-30
2021-11-12,2021,4,Q4,11,Nov,November ,2021-11,12,5,Fri,t,2021-11-01,2021-11-30
2021-11-13,2021,4,Q4,11,Nov,November ,2021-11,13,6,Sat,t,2021-11-01,2021-11-30
2021-11-14,2021,4,Q4,11,Nov,November ,2021-11,14,7,Sun,f,2021-11-01,2021-11-30
2021-11-15,2021,4,Q4,11,Nov,November ,2021-11,15,1,Mon,f,2021-11-01,2021-11-30
2021-11-16,2021,4,Q4,11,Nov,November ,2021-11,16,2,Tue,f,2021-11-01,2021-11-30
2021-11-17,2021,4,Q4,11,Nov,November ,2021-11,17,3,Wed,f,2021-11-01,2021-11-30
2021-11-18,2021,4,Q4,11,Nov,November ,2021-11,18,4,Thu,f,2021-11-01,2021-11-30
2021-11-19,2021,4,Q4,11,Nov,November ,2021-11,19,5,Fri,t,2021-11-01,2021-11-30
2021-11-20,2021,4,Q4,11,Nov,November ,2021-11,20,6,Sat,t,2021-11-01,2021-11-30
2021-11-21,2021,4,Q4,11,Nov,November ,2021-11,21,7,Sun,f,2021-11-01,2021-11-30
2021-11-22,2021,4,Q4,11,Nov,November ,2021-11,22,1,Mon,f,2021-11-01,2021-11-30
2021-11-23,2021,4,Q4,11,Nov,November ,2021-11,23,2,Tue,f,2021-11-01,2021-11-30
2021-11-24,2021,4,Q4,11,Nov,November ,2021-11,24,3,Wed,f,2021-11-01,2021-11-30
2021-11-25,2021,4,Q4,11,Nov,November ,2021-11,25,4,Thu,f,2021-11-01,2021-11-30
2021-11-26,2021,4,Q4,11,Nov,November ,2021-11,26,5,Fri,t,2021-11-01,2021-11-30
2021-11-27,2021,4,Q4,11,Nov,November ,2021-11,27,6,Sat,t,2021-11-01,2021-11-30
2021-11-28,2021,4,Q4,11,Nov,November ,2021-11,28,7,Sun,f,2021-11-01,2021-11-30
2021-11-29,2021,4,Q4,11,Nov,November ,2021-11,29,1,Mon,f,2021-11-01,2021-11-30
2021-11-30,2021,4,Q4,11,Nov,November ,2021-11,30,2,Tue,f,2021-11-01,2021-11-30
2021-12-01,2021,4,Q4,12,Dec,December ,2021-12,1,3,Wed,f,2021-12-01,2021-12-31
2021-12-02,2021,4,Q4,12,Dec,December ,2021-12,2,4,Thu,f,2021-12-01,2021-12-31
2021-12-03,2021,4,Q4,12,Dec,December ,2021-12,3,5,Fri,t,2021-12-01,2021-12-31
2021-12-04,2021,4,Q4,12,Dec,December ,2021-12,4,6,Sat,t,2021-12-01,2021-12-31
2021-12-05,2021,4,Q4,12,Dec,December ,2021-12,5,7,Sun,f,2021-12-01,2021-12-31
2021-12-06,2021,4,Q4,12,Dec,December ,2021-12,6,1,Mon,f,2021-12-01,2021-12-31
2021-12-07,2021,4,Q4,12,Dec,December ,2021-12,7,2,Tue,f,2021-12-01,2021-12-31
2021-12-08,2021,4,Q4,12,Dec,December ,2021-12,8,3,Wed,f,2021-12-01,2021-12-31
2021-12-09,2021,4,Q4,12,Dec,December ,2021-12,9,4,Thu,f,2021-12-01,2021-12-31
2021-12-10,2021,4,Q4,12,Dec,December ,2021-12,10,5,Fri,t,2021-12-01,2021-12-31
2021-12-11,2021,4,Q4,12,Dec,December ,2021-12,11,6,Sat,t,2021-12-01,2021-12-31
2021-12-12,2021,4,Q4,12,Dec,December ,2021-12,12,7,Sun,f,2021-12-01,2021-12-31
2021-12-13,2021,4,Q4,12,Dec,December ,2021-12,13,1,Mon,f,2021-12-01,2021-12-31
2021-12-14,2021,4,Q4,12,Dec,December ,2021-12,14,2,Tue,f,2021-12-01,2021-12-31
2021-12-15,2021,4,Q4,12,Dec,December ,2021-12,15,3,Wed,f,2021-12-01,2021-12-31
2021-12-16,2021,4,Q4,12,Dec,December ,2021-12,16,4,Thu,f,2021-12-01,2021-12-31
2021-12-17,2021,4,Q4,12,Dec,December ,2021-12,17,5,Fri,t,2021-12-01,2021-12-31
2021-12-18,2021,4,Q4,12,Dec,December ,2021-12,18,6,Sat,t,2021-12-01,2021-12-31
2021-12-19,2021,4,Q4,12,Dec,December ,2021-12,19,7,Sun,f,2021-12-01,2021-12-31
2021-12-20,2021,4,Q4,12,Dec,December ,2021-12,20,1,Mon,f,2021-12-01,2021-12-31
2021-12-21,2021,4,Q4,12,Dec,December ,2021-12,21,2,Tue,f,2021-12-01,2021-12-31
2021-12-22,2021,4,Q4,12,Dec,December ,2021-12,22,3,Wed,f,2021-12-01,2021-12-31
2021-12-23,2021,4,Q4,12,Dec,December ,2021-12,23,4,Thu,f,2021-12-01,2021-12-31
2021-12-24,2021,4,Q4,12,Dec,December ,2021-12,24,5,Fri,t,2021-12-01,2021-12-31
2021-12-25,2021,4,Q4,12,Dec,December ,2021-12,25,6,Sat,t,2021-12-01,2021-12-31
2021-12-26,2021,4,Q4,12,Dec,December ,2021-12,26,7,Sun,f,2021-12-01,2021-12-31
2021-12-27,2021,4,Q4,12,Dec,December ,2021-12,27,1,Mon,f,2021-12-01,2021-12-31
2021-12-28,2021,4,Q4,12,Dec,December ,2021-12,28,2,Tue,f,2021-12-01,2021-12-31
2021-12-29,2021,4,Q4,12,Dec,December ,2021-12,29,3,Wed,f,2021-12-01,2021-12-31
2021-12-30,2021,4,Q4,12,Dec,December ,2021-12,30,4,Thu,f,2021-12-01,2021-12-31
2021-12-31,2021,4,Q4,12,Dec,December ,2021-12,31,5,Fri,t,2021-12-01,2021-12-31
2022-01-01,2022,1,Q1,1,Jan,January  ,2022-01,1,6,Sat,t,2022-01-01,2022-01-31
2022-01-02,2022,1,Q1,1,Jan,January  ,2022-01,2,7,Sun,f,2022-01-01,2022-01-31
2022-01-03,2022,1,Q1,1,Jan,January  ,2022-01,3,1,Mon,f,2022-01-01,2022-01-31
2022-01-04,2022,1,Q1,1,Jan,January  ,2022-01,4,2,Tue,f,2022-01-01,2022-01-31
2022-01-05,2022,1,Q1,1,Jan,January  ,2022-01,5,3,Wed,f,2022-01-01,2022-01-31
2022-01-06,2022,1,Q1,1,Jan,January  ,2022-01,6,4,Thu,f,2022-01-01,2022-01-31
2022-01-07,2022,1,Q1,1,Jan,January  ,2022-01,7,5,Fri,t,2022-01-01,2022-01-31
2022-01-08,2022,1,Q1,1,Jan,January  ,2022-01,8,6,Sat,t,2022-01-01,2022-01-31
2022-01-09,2022,1,Q1,1,Jan,January  ,2022-01,9,7,Sun,f,2022-01-01,2022-01-31
2022-01-10,2022,1,Q1,1,Jan,January  ,2022-01,10,1,Mon,f,2022-01-01,2022-01-31
2022-01-11,2022,1,Q1,1,Jan,January  ,2022-01,11,2,Tue,f,2022-01-01,2022-01-31
2022-01-12,2022,1,Q1,1,Jan,January  ,2022-01,12,3,Wed,f,2022-01-01,2022-01-31
2022-01-13,2022,1,Q1,1,Jan,January  ,2022-01,13,4,Thu,f,2022-01-01,2022-01-31
2022-01-14,2022,1,Q1,1,Jan,January  ,2022-01,14,5,Fri,t,2022-01-01,2022-01-31
2022-01-15,2022,1,Q1,1,Jan,January  ,2022-01,15,6,Sat,t,2022-01-01,2022-01-31
2022-01-16,2022,1,Q1,1,Jan,January  ,2022-01,16,7,Sun,f,2022-01-01,2022-01-31
2022-01-17,2022,1,Q1,1,Jan,January  ,2022-01,17,1,Mon,f,2022-01-01,2022-01-31
2022-01-18,2022,1,Q1,1,Jan,January  ,2022-01,18,2,Tue,f,2022-01-01,2022-01-31
2022-01-19,2022,1,Q1,1,Jan,January  ,2022-01,19,3,Wed,f,2022-01-01,2022-01-31
2022-01-20,2022,1,Q1,1,Jan,January  ,2022-01,20,4,Thu,f,2022-01-01,2022-01-31
2022-01-21,2022,1,Q1,1,Jan,January  ,2022-01,21,5,Fri,t,2022-01-01,2022-01-31
2022-01-22,2022,1,Q1,1,Jan,January  ,2022-01,22,6,Sat,t,2022-01-01,2022-01-31
2022-01-23,2022,1,Q1,1,Jan,January  ,2022-01,23,7,Sun,f,2022-01-01,2022-01-31
2022-01-24,2022,1,Q1,1,Jan,January  ,2022-01,24,1,Mon,f,2022-01-01,2022-01-31
2022-01-25,2022,1,Q1,1,Jan,January  ,2022-01,25,2,Tue,f,2022-01-01,2022-01-31
2022-01-26,2022,1,Q1,1,Jan,January  ,2022-01,26,3,Wed,f,2022-01-01,2022-01-31
2022-01-27,2022,1,Q1,1,Jan,January  ,2022-01,27,4,Thu,f,2022-01-01,2022-01-31
2022-01-28,2022,1,Q1,1,Jan,January  ,2022-01,28,5,Fri,t,2022-01-01,2022-01-31
2022-01-29,2022,1,Q1,1,Jan,January  ,2022-01,29,6,Sat,t,2022-01-01,2022-01-31
2022-01-30,2022,1,Q1,1,Jan,January  ,2022-01,30,7,Sun,f,2022-01-01,2022-01-31
2022-01-31,2022,1,Q1,1,Jan,January  ,2022-01,31,1,Mon,f,2022-01-01,2022-01-31
2022-02-01,2022,1,Q1,2,Feb,February ,2022-02,1,2,Tue,f,2022-02-01,2022-02-28
2022-02-02,2022,1,Q1,2,Feb,February ,2022-02,2,3,Wed,f,2022-02-01,2022-02-28
2022-02-03,2022,1,Q1,2,Feb,February ,2022-02,3,4,Thu,f,2022-02-01,2022-02-28
2022-02-04,2022,1,Q1,2,Feb,February ,2022-02,4,5,Fri,t,2022-02-01,2022-02-28
2022-02-05,2022,1,Q1,2,Feb,February ,2022-02,5,6,Sat,t,2022-02-01,2022-02-28
2022-02-06,2022,1,Q1,2,Feb,February ,2022-02,6,7,Sun,f,2022-02-01,2022-02-28
2022-02-07,2022,1,Q1,2,Feb,February ,2022-02,7,1,Mon,f,2022-02-01,2022-02-28
2022-02-08,2022,1,Q1,2,Feb,February ,2022-02,8,2,Tue,f,2022-02-01,2022-02-28
2022-02-09,2022,1,Q1,2,Feb,February ,2022-02,9,3,Wed,f,2022-02-01,2022-02-28
2022-02-10,2022,1,Q1,2,Feb,February ,2022-02,10,4,Thu,f,2022-02-01,2022-02-28
2022-02-11,2022,1,Q1,2,Feb,February ,2022-02,11,5,Fri,t,2022-02-01,2022-02-28
2022-02-12,2022,1,Q1,2,Feb,February ,2022-02,12,6,Sat,t,2022-02-01,2022-02-28
2022-02-13,2022,1,Q1,2,Feb,February ,2022-02,13,7,Sun,f,2022-02-01,2022-02-28
2022-02-14,2022,1,Q1,2,Feb,February ,2022-02,14,1,Mon,f,2022-02-01,2022-02-28
2022-02-15,2022,1,Q1,2,Feb,February ,2022-02,15,2,Tue,f,2022-02-01,2022-02-28
2022-02-16,2022,1,Q1,2,Feb,February ,2022-02,16,3,Wed,f,2022-02-01,2022-02-28
2022-02-17,2022,1,Q1,2,Feb,February ,2022-02,17,4,Thu,f,2022-02-01,2022-02-28
2022-02-18,2022,1,Q1,2,Feb,February ,2022-02,18,5,Fri,t,2022-02-01,2022-02-28
2022-02-19,2022,1,Q1,2,Feb,February ,2022-02,19,6,Sat,t,2022-02-01,2022-02-28
2022-02-20,2022,1,Q1,2,Feb,February ,2022-02,20,7,Sun,f,2022-02-01,2022-02-28
2022-02-21,2022,1,Q1,2,Feb,February ,2022-02,21,1,Mon,f,2022-02-01,2022-02-28
2022-02-22,2022,1,Q1,2,Feb,February ,2022-02,22,2,Tue,f,2022-02-01,2022-02-28
2022-02-23,2022,1,Q1,2,Feb,February ,2022-02,23,3,Wed,f,2022-02-01,2022-02-28
2022-02-24,2022,1,Q1,2,Feb,February ,2022-02,24,4,Thu,f,2022-02-01,2022-02-28
2022-02-25,2022,1,Q1,2,Feb,February ,2022-02,25,5,Fri,t,2022-02-01,2022-02-28
2022-02-26,2022,1,Q1,2,Feb,February ,2022-02,26,6,Sat,t,2022-02-01,2022-02-28
2022-02-27,2022,1,Q1,2,Feb,February ,2022-02,27,7,Sun,f,2022-02-01,2022-02-28
2022-02-28,2022,1,Q1,2,Feb,February ,2022-02,28,1,Mon,f,2022-02-01,2022-02-28
2022-03-01,2022,1,Q1,3,Mar,March    ,2022-03,1,2,Tue,f,2022-03-01,2022-03-31
2022-03-02,2022,1,Q1,3,Mar,March    ,2022-03,2,3,Wed,f,2022-03-01,2022-03-31
2022-03-03,2022,1,Q1,3,Mar,March    ,2022-03,3,4,Thu,f,2022-03-01,2022-03-31
2022-03-04,2022,1,Q1,3,Mar,March    ,2022-03,4,5,Fri,t,2022-03-01,2022-03-31
2022-03-05,2022,1,Q1,3,Mar,March    ,2022-03,5,6,Sat,t,2022-03-01,2022-03-31
2022-03-06,2022,1,Q1,3,Mar,March    ,2022-03,6,7,Sun,f,2022-03-01,2022-03-31
2022-03-07,2022,1,Q1,3,Mar,March    ,2022-03,7,1,Mon,f,2022-03-01,2022-03-31
2022-03-08,2022,1,Q1,3,Mar,March    ,2022-03,8,2,Tue,f,2022-03-01,2022-03-31
2022-03-09,2022,1,Q1,3,Mar,March    ,2022-03,9,3,Wed,f,2022-03-01,2022-03-31
2022-03-10,2022,1,Q1,3,Mar,March    ,2022-03,10,4,Thu,f,2022-03-01,2022-03-31
2022-03-11,2022,1,Q1,3,Mar,March    ,2022-03,11,5,Fri,t,2022-03-01,2022-03-31
2022-03-12,2022,1,Q1,3,Mar,March    ,2022-03,12,6,Sat,t,2022-03-01,2022-03-31
2022-03-13,2022,1,Q1,3,Mar,March    ,2022-03,13,7,Sun,f,2022-03-01,2022-03-31
2022-03-14,2022,1,Q1,3,Mar,March    ,2022-03,14,1,Mon,f,2022-03-01,2022-03-31
2022-03-15,2022,1,Q1,3,Mar,March    ,2022-03,15,2,Tue,f,2022-03-01,2022-03-31
2022-03-16,2022,1,Q1,3,Mar,March    ,2022-03,16,3,Wed,f,2022-03-01,2022-03-31
2022-03-17,2022,1,Q1,3,Mar,March    ,2022-03,17,4,Thu,f,2022-03-01,2022-03-31
2022-03-18,2022,1,Q1,3,Mar,March    ,2022-03,18,5,Fri,t,2022-03-01,2022-03-31
2022-03-19,2022,1,Q1,3,Mar,March    ,2022-03,19,6,Sat,t,2022-03-01,2022-03-31
2022-03-20,2022,1,Q1,3,Mar,March    ,2022-03,20,7,Sun,f,2022-03-01,2022-03-31
2022-03-21,2022,1,Q1,3,Mar,March    ,2022-03,21,1,Mon,f,2022-03-01,2022-03-31
2022-03-22,2022,1,Q1,3,Mar,March    ,2022-03,22,2,Tue,f,2022-03-01,2022-03-31
2022-03-23,2022,1,Q1,3,Mar,March    ,2022-03,23,3,Wed,f,2022-03-01,2022-03-31
2022-03-24,2022,1,Q1,3,Mar,March    ,2022-03,24,4,Thu,f,2022-03-01,2022-03-31
2022-03-25,2022,1,Q1,3,Mar,March    ,2022-03,25,5,Fri,t,2022-03-01,2022-03-31
2022-03-26,2022,1,Q1,3,Mar,March    ,2022-03,26,6,Sat,t,2022-03-01,2022-03-31
2022-03-27,2022,1,Q1,3,Mar,March    ,2022-03,27,7,Sun,f,2022-03-01,2022-03-31
2022-03-28,2022,1,Q1,3,Mar,March    ,2022-03,28,1,Mon,f,2022-03-01,2022-03-31
2022-03-29,2022,1,Q1,3,Mar,March    ,2022-03,29,2,Tue,f,2022-03-01,2022-03-31
2022-03-30,2022,1,Q1,3,Mar,March    ,2022-03,30,3,Wed,f,2022-03-01,2022-03-31
2022-03-31,2022,1,Q1,3,Mar,March    ,2022-03,31,4,Thu,f,2022-03-01,2022-03-31
2022-04-01,2022,2,Q2,4,Apr,April    ,2022-04,1,5,Fri,t,2022-04-01,2022-04-30
2022-04-02,2022,2,Q2,4,Apr,April    ,2022-04,2,6,Sat,t,2022-04-01,2022-04-30
2022-04-03,2022,2,Q2,4,Apr,April    ,2022-04,3,7,Sun,f,2022-04-01,2022-04-30
2022-04-04,2022,2,Q2,4,Apr,April    ,2022-04,4,1,Mon,f,2022-04-01,2022-04-30
2022-04-05,2022,2,Q2,4,Apr,April    ,2022-04,5,2,Tue,f,2022-04-01,2022-04-30
2022-04-06,2022,2,Q2,4,Apr,April    ,2022-04,6,3,Wed,f,2022-04-01,2022-04-30
2022-04-07,2022,2,Q2,4,Apr,April    ,2022-04,7,4,Thu,f,2022-04-01,2022-04-30
2022-04-08,2022,2,Q2,4,Apr,April    ,2022-04,8,5,Fri,t,2022-04-01,2022-04-30
2022-04-09,2022,2,Q2,4,Apr,April    ,2022-04,9,6,Sat,t,2022-04-01,2022-04-30
2022-04-10,2022,2,Q2,4,Apr,April    ,2022-04,10,7,Sun,f,2022-04-01,2022-04-30
2022-04-11,2022,2,Q2,4,Apr,April    ,2022-04,11,1,Mon,f,2022-04-01,2022-04-30
2022-04-12,2022,2,Q2,4,Apr,April    ,2022-04,12,2,Tue,f,2022-04-01,2022-04-30
2022-04-13,2022,2,Q2,4,Apr,April    ,2022-04,13,3,Wed,f,2022-04-01,2022-04-30
2022-04-14,2022,2,Q2,4,Apr,April    ,2022-04,14,4,Thu,f,2022-04-01,2022-04-30
2022-04-15,2022,2,Q2,4,Apr,April    ,2022-04,15,5,Fri,t,2022-04-01,2022-04-30
2022-04-16,2022,2,Q2,4,Apr,April    ,2022-04,16,6,Sat,t,2022-04-01,2022-04-30
2022-04-17,2022,2,Q2,4,Apr,April    ,2022-04,17,7,Sun,f,2022-04-01,2022-04-30
2022-04-18,2022,2,Q2,4,Apr,April    ,2022-04,18,1,Mon,f,2022-04-01,2022-04-30
2022-04-19,2022,2,Q2,4,Apr,April    ,2022-04,19,2,Tue,f,2022-04-01,2022-04-30
2022-04-20,2022,2,Q2,4,Apr,April    ,2022-04,20,3,Wed,f,2022-04-01,2022-04-30
2022-04-21,2022,2,Q2,4,Apr,April    ,2022-04,21,4,Thu,f,2022-04-01,2022-04-30
2022-04-22,2022,2,Q2,4,Apr,April    ,2022-04,22,5,Fri,t,2022-04-01,2022-04-30
2022-04-23,2022,2,Q2,4,Apr,April    ,2022-04,23,6,Sat,t,2022-04-01,2022-04-30
2022-04-24,2022,2,Q2,4,Apr,April    ,2022-04,24,7,Sun,f,2022-04-01,2022-04-30
2022-04-25,2022,2,Q2,4,Apr,April    ,2022-04,25,1,Mon,f,2022-04-01,2022-04-30
2022-04-26,2022,2,Q2,4,Apr,April    ,2022-04,26,2,Tue,f,2022-04-01,2022-04-30
2022-04-27,2022,2,Q2,4,Apr,April    ,2022-04,27,3,Wed,f,2022-04-01,2022-04-30
2022-04-28,2022,2,Q2,4,Apr,April    ,2022-04,28,4,Thu,f,2022-04-01,2022-04-30
2022-04-29,2022,2,Q2,4,Apr,April    ,2022-04,29,5,Fri,t,2022-04-01,2022-04-30
2022-04-30,2022,2,Q2,4,Apr,April    ,2022-04,30,6,Sat,t,2022-04-01,2022-04-30
2022-05-01,2022,2,Q2,5,May,May      ,2022-05,1,7,Sun,f,2022-05-01,2022-05-31
2022-05-02,2022,2,Q2,5,May,May      ,2022-05,2,1,Mon,f,2022-05-01,2022-05-31
2022-05-03,2022,2,Q2,5,May,May      ,2022-05,3,2,Tue,f,2022-05-01,2022-05-31
2022-05-04,2022,2,Q2,5,May,May      ,2022-05,4,3,Wed,f,2022-05-01,2022-05-31
2022-05-05,2022,2,Q2,5,May,May      ,2022-05,5,4,Thu,f,2022-05-01,2022-05-31
2022-05-06,2022,2,Q2,5,May,May      ,2022-05,6,5,Fri,t,2022-05-01,2022-05-31
2022-05-07,2022,2,Q2,5,May,May      ,2022-05,7,6,Sat,t,2022-05-01,2022-05-31
2022-05-08,2022,2,Q2,5,May,May      ,2022-05,8,7,Sun,f,2022-05-01,2022-05-31
2022-05-09,2022,2,Q2,5,May,May      ,2022-05,9,1,Mon,f,2022-05-01,2022-05-31
2022-05-10,2022,2,Q2,5,May,May      ,2022-05,10,2,Tue,f,2022-05-01,2022-05-31
2022-05-11,2022,2,Q2,5,May,May      ,2022-05,11,3,Wed,f,2022-05-01,2022-05-31
2022-05-12,2022,2,Q2,5,May,May      ,2022-05,12,4,Thu,f,2022-05-01,2022-05-31
2022-05-13,2022,2,Q2,5,May,May      ,2022-05,13,5,Fri,t,2022-05-01,2022-05-31
2022-05-14,2022,2,Q2,5,May,May      ,2022-05,14,6,Sat,t,2022-05-01,2022-05-31
2022-05-15,2022,2,Q2,5,May,May      ,2022-05,15,7,Sun,f,2022-05-01,2022-05-31
2022-05-16,2022,2,Q2,5,May,May      ,2022-05,16,1,Mon,f,2022-05-01,2022-05-31
2022-05-17,2022,2,Q2,5,May,May      ,2022-05,17,2,Tue,f,2022-05-01,2022-05-31
2022-05-18,2022,2,Q2,5,May,May      ,2022-05,18,3,Wed,f,2022-05-01,2022-05-31
2022-05-19,2022,2,Q2,5,May,May      ,2022-05,19,4,Thu,f,2022-05-01,2022-05-31
2022-05-20,2022,2,Q2,5,May,May      ,2022-05,20,5,Fri,t,2022-05-01,2022-05-31
2022-05-21,2022,2,Q2,5,May,May      ,2022-05,21,6,Sat,t,2022-05-01,2022-05-31
2022-05-22,2022,2,Q2,5,May,May      ,2022-05,22,7,Sun,f,2022-05-01,2022-05-31
2022-05-23,2022,2,Q2,5,May,May      ,2022-05,23,1,Mon,f,2022-05-01,2022-05-31
2022-05-24,2022,2,Q2,5,May,May      ,2022-05,24,2,Tue,f,2022-05-01,2022-05-31
2022-05-25,2022,2,Q2,5,May,May      ,2022-05,25,3,Wed,f,2022-05-01,2022-05-31
2022-05-26,2022,2,Q2,5,May,May      ,2022-05,26,4,Thu,f,2022-05-01,2022-05-31
2022-05-27,2022,2,Q2,5,May,May      ,2022-05,27,5,Fri,t,2022-05-01,2022-05-31
2022-05-28,2022,2,Q2,5,May,May      ,2022-05,28,6,Sat,t,2022-05-01,2022-05-31
2022-05-29,2022,2,Q2,5,May,May      ,2022-05,29,7,Sun,f,2022-05-01,2022-05-31
2022-05-30,2022,2,Q2,5,May,May      ,2022-05,30,1,Mon,f,2022-05-01,2022-05-31
2022-05-31,2022,2,Q2,5,May,May      ,2022-05,31,2,Tue,f,2022-05-01,2022-05-31
2022-06-01,2022,2,Q2,6,Jun,June     ,2022-06,1,3,Wed,f,2022-06-01,2022-06-30
2022-06-02,2022,2,Q2,6,Jun,June     ,2022-06,2,4,Thu,f,2022-06-01,2022-06-30
2022-06-03,2022,2,Q2,6,Jun,June     ,2022-06,3,5,Fri,t,2022-06-01,2022-06-30
2022-06-04,2022,2,Q2,6,Jun,June     ,2022-06,4,6,Sat,t,2022-06-01,2022-06-30
2022-06-05,2022,2,Q2,6,Jun,June     ,2022-06,5,7,Sun,f,2022-06-01,2022-06-30
2022-06-06,2022,2,Q2,6,Jun,June     ,2022-06,6,1,Mon,f,2022-06-01,2022-06-30
2022-06-07,2022,2,Q2,6,Jun,June     ,2022-06,7,2,Tue,f,2022-06-01,2022-06-30
2022-06-08,2022,2,Q2,6,Jun,June     ,2022-06,8,3,Wed,f,2022-06-01,2022-06-30
2022-06-09,2022,2,Q2,6,Jun,June     ,2022-06,9,4,Thu,f,2022-06-01,2022-06-30
2022-06-10,2022,2,Q2,6,Jun,June     ,2022-06,10,5,Fri,t,2022-06-01,2022-06-30
2022-06-11,2022,2,Q2,6,Jun,June     ,2022-06,11,6,Sat,t,2022-06-01,2022-06-30
2022-06-12,2022,2,Q2,6,Jun,June     ,2022-06,12,7,Sun,f,2022-06-01,2022-06-30
2022-06-13,2022,2,Q2,6,Jun,June     ,2022-06,13,1,Mon,f,2022-06-01,2022-06-30
2022-06-14,2022,2,Q2,6,Jun,June     ,2022-06,14,2,Tue,f,2022-06-01,2022-06-30
2022-06-15,2022,2,Q2,6,Jun,June     ,2022-06,15,3,Wed,f,2022-06-01,2022-06-30
2022-06-16,2022,2,Q2,6,Jun,June     ,2022-06,16,4,Thu,f,2022-06-01,2022-06-30
2022-06-17,2022,2,Q2,6,Jun,June     ,2022-06,17,5,Fri,t,2022-06-01,2022-06-30
2022-06-18,2022,2,Q2,6,Jun,June     ,2022-06,18,6,Sat,t,2022-06-01,2022-06-30
2022-06-19,2022,2,Q2,6,Jun,June     ,2022-06,19,7,Sun,f,2022-06-01,2022-06-30
2022-06-20,2022,2,Q2,6,Jun,June     ,2022-06,20,1,Mon,f,2022-06-01,2022-06-30
2022-06-21,2022,2,Q2,6,Jun,June     ,2022-06,21,2,Tue,f,2022-06-01,2022-06-30
2022-06-22,2022,2,Q2,6,Jun,June     ,2022-06,22,3,Wed,f,2022-06-01,2022-06-30
2022-06-23,2022,2,Q2,6,Jun,June     ,2022-06,23,4,Thu,f,2022-06-01,2022-06-30
2022-06-24,2022,2,Q2,6,Jun,June     ,2022-06,24,5,Fri,t,2022-06-01,2022-06-30
2022-06-25,2022,2,Q2,6,Jun,June     ,2022-06,25,6,Sat,t,2022-06-01,2022-06-30
2022-06-26,2022,2,Q2,6,Jun,June     ,2022-06,26,7,Sun,f,2022-06-01,2022-06-30
2022-06-27,2022,2,Q2,6,Jun,June     ,2022-06,27,1,Mon,f,2022-06-01,2022-06-30
2022-06-28,2022,2,Q2,6,Jun,June     ,2022-06,28,2,Tue,f,2022-06-01,2022-06-30
2022-06-29,2022,2,Q2,6,Jun,June     ,2022-06,29,3,Wed,f,2022-06-01,2022-06-30
2022-06-30,2022,2,Q2,6,Jun,June     ,2022-06,30,4,Thu,f,2022-06-01,2022-06-30
2022-07-01,2022,3,Q3,7,Jul,July     ,2022-07,1,5,Fri,t,2022-07-01,2022-07-31
2022-07-02,2022,3,Q3,7,Jul,July     ,2022-07,2,6,Sat,t,2022-07-01,2022-07-31
2022-07-03,2022,3,Q3,7,Jul,July     ,2022-07,3,7,Sun,f,2022-07-01,2022-07-31
2022-07-04,2022,3,Q3,7,Jul,July     ,2022-07,4,1,Mon,f,2022-07-01,2022-07-31
2022-07-05,2022,3,Q3,7,Jul,July     ,2022-07,5,2,Tue,f,2022-07-01,2022-07-31
2022-07-06,2022,3,Q3,7,Jul,July     ,2022-07,6,3,Wed,f,2022-07-01,2022-07-31
2022-07-07,2022,3,Q3,7,Jul,July     ,2022-07,7,4,Thu,f,2022-07-01,2022-07-31
2022-07-08,2022,3,Q3,7,Jul,July     ,2022-07,8,5,Fri,t,2022-07-01,2022-07-31
2022-07-09,2022,3,Q3,7,Jul,July     ,2022-07,9,6,Sat,t,2022-07-01,2022-07-31
2022-07-10,2022,3,Q3,7,Jul,July     ,2022-07,10,7,Sun,f,2022-07-01,2022-07-31
2022-07-11,2022,3,Q3,7,Jul,July     ,2022-07,11,1,Mon,f,2022-07-01,2022-07-31
2022-07-12,2022,3,Q3,7,Jul,July     ,2022-07,12,2,Tue,f,2022-07-01,2022-07-31
2022-07-13,2022,3,Q3,7,Jul,July     ,2022-07,13,3,Wed,f,2022-07-01,2022-07-31
2022-07-14,2022,3,Q3,7,Jul,July     ,2022-07,14,4,Thu,f,2022-07-01,2022-07-31
2022-07-15,2022,3,Q3,7,Jul,July     ,2022-07,15,5,Fri,t,2022-07-01,2022-07-31
2022-07-16,2022,3,Q3,7,Jul,July     ,2022-07,16,6,Sat,t,2022-07-01,2022-07-31
2022-07-17,2022,3,Q3,7,Jul,July     ,2022-07,17,7,Sun,f,2022-07-01,2022-07-31
2022-07-18,2022,3,Q3,7,Jul,July     ,2022-07,18,1,Mon,f,2022-07-01,2022-07-31
2022-07-19,2022,3,Q3,7,Jul,July     ,2022-07,19,2,Tue,f,2022-07-01,2022-07-31
2022-07-20,2022,3,Q3,7,Jul,July     ,2022-07,20,3,Wed,f,2022-07-01,2022-07-31
2022-07-21,2022,3,Q3,7,Jul,July     ,2022-07,21,4,Thu,f,2022-07-01,2022-07-31
2022-07-22,2022,3,Q3,7,Jul,July     ,2022-07,22,5,Fri,t,2022-07-01,2022-07-31
2022-07-23,2022,3,Q3,7,Jul,July     ,2022-07,23,6,Sat,t,2022-07-01,2022-07-31
2022-07-24,2022,3,Q3,7,Jul,July     ,2022-07,24,7,Sun,f,2022-07-01,2022-07-31
2022-07-25,2022,3,Q3,7,Jul,July     ,2022-07,25,1,Mon,f,2022-07-01,2022-07-31
2022-07-26,2022,3,Q3,7,Jul,July     ,2022-07,26,2,Tue,f,2022-07-01,2022-07-31
2022-07-27,2022,3,Q3,7,Jul,July     ,2022-07,27,3,Wed,f,2022-07-01,2022-07-31
2022-07-28,2022,3,Q3,7,Jul,July     ,2022-07,28,4,Thu,f,2022-07-01,2022-07-31
2022-07-29,2022,3,Q3,7,Jul,July     ,2022-07,29,5,Fri,t,2022-07-01,2022-07-31
2022-07-30,2022,3,Q3,7,Jul,July     ,2022-07,30,6,Sat,t,2022-07-01,2022-07-31
2022-07-31,2022,3,Q3,7,Jul,July     ,2022-07,31,7,Sun,f,2022-07-01,2022-07-31
2022-08-01,2022,3,Q3,8,Aug,August   ,2022-08,1,1,Mon,f,2022-08-01,2022-08-31
2022-08-02,2022,3,Q3,8,Aug,August   ,2022-08,2,2,Tue,f,2022-08-01,2022-08-31
2022-08-03,2022,3,Q3,8,Aug,August   ,2022-08,3,3,Wed,f,2022-08-01,2022-08-31
2022-08-04,2022,3,Q3,8,Aug,August   ,2022-08,4,4,Thu,f,2022-08-01,2022-08-31
2022-08-05,2022,3,Q3,8,Aug,August   ,2022-08,5,5,Fri,t,2022-08-01,2022-08-31
2022-08-06,2022,3,Q3,8,Aug,August   ,2022-08,6,6,Sat,t,2022-08-01,2022-08-31
2022-08-07,2022,3,Q3,8,Aug,August   ,2022-08,7,7,Sun,f,2022-08-01,2022-08-31
2022-08-08,2022,3,Q3,8,Aug,August   ,2022-08,8,1,Mon,f,2022-08-01,2022-08-31
2022-08-09,2022,3,Q3,8,Aug,August   ,2022-08,9,2,Tue,f,2022-08-01,2022-08-31
2022-08-10,2022,3,Q3,8,Aug,August   ,2022-08,10,3,Wed,f,2022-08-01,2022-08-31
2022-08-11,2022,3,Q3,8,Aug,August   ,2022-08,11,4,Thu,f,2022-08-01,2022-08-31
2022-08-12,2022,3,Q3,8,Aug,August   ,2022-08,12,5,Fri,t,2022-08-01,2022-08-31
2022-08-13,2022,3,Q3,8,Aug,August   ,2022-08,13,6,Sat,t,2022-08-01,2022-08-31
2022-08-14,2022,3,Q3,8,Aug,August   ,2022-08,14,7,Sun,f,2022-08-01,2022-08-31
2022-08-15,2022,3,Q3,8,Aug,August   ,2022-08,15,1,Mon,f,2022-08-01,2022-08-31
2022-08-16,2022,3,Q3,8,Aug,August   ,2022-08,16,2,Tue,f,2022-08-01,2022-08-31
2022-08-17,2022,3,Q3,8,Aug,August   ,2022-08,17,3,Wed,f,2022-08-01,2022-08-31
2022-08-18,2022,3,Q3,8,Aug,August   ,2022-08,18,4,Thu,f,2022-08-01,2022-08-31
2022-08-19,2022,3,Q3,8,Aug,August   ,2022-08,19,5,Fri,t,2022-08-01,2022-08-31
2022-08-20,2022,3,Q3,8,Aug,August   ,2022-08,20,6,Sat,t,2022-08-01,2022-08-31
2022-08-21,2022,3,Q3,8,Aug,August   ,2022-08,21,7,Sun,f,2022-08-01,2022-08-31
2022-08-22,2022,3,Q3,8,Aug,August   ,2022-08,22,1,Mon,f,2022-08-01,2022-08-31
2022-08-23,2022,3,Q3,8,Aug,August   ,2022-08,23,2,Tue,f,2022-08-01,2022-08-31
2022-08-24,2022,3,Q3,8,Aug,August   ,2022-08,24,3,Wed,f,2022-08-01,2022-08-31
2022-08-25,2022,3,Q3,8,Aug,August   ,2022-08,25,4,Thu,f,2022-08-01,2022-08-31
2022-08-26,2022,3,Q3,8,Aug,August   ,2022-08,26,5,Fri,t,2022-08-01,2022-08-31
2022-08-27,2022,3,Q3,8,Aug,August   ,2022-08,27,6,Sat,t,2022-08-01,2022-08-31
2022-08-28,2022,3,Q3,8,Aug,August   ,2022-08,28,7,Sun,f,2022-08-01,2022-08-31
2022-08-29,2022,3,Q3,8,Aug,August   ,2022-08,29,1,Mon,f,2022-08-01,2022-08-31
2022-08-30,2022,3,Q3,8,Aug,August   ,2022-08,30,2,Tue,f,2022-08-01,2022-08-31
2022-08-31,2022,3,Q3,8,Aug,August   ,2022-08,31,3,Wed,f,2022-08-01,2022-08-31
2022-09-01,2022,3,Q3,9,Sep,September,2022-09,1,4,Thu,f,2022-09-01,2022-09-30
2022-09-02,2022,3,Q3,9,Sep,September,2022-09,2,5,Fri,t,2022-09-01,2022-09-30
2022-09-03,2022,3,Q3,9,Sep,September,2022-09,3,6,Sat,t,2022-09-01,2022-09-30
2022-09-04,2022,3,Q3,9,Sep,September,2022-09,4,7,Sun,f,2022-09-01,2022-09-30
2022-09-05,2022,3,Q3,9,Sep,September,2022-09,5,1,Mon,f,2022-09-01,2022-09-30
2022-09-06,2022,3,Q3,9,Sep,September,2022-09,6,2,Tue,f,2022-09-01,2022-09-30
2022-09-07,2022,3,Q3,9,Sep,September,2022-09,7,3,Wed,f,2022-09-01,2022-09-30
2022-09-08,2022,3,Q3,9,Sep,September,2022-09,8,4,Thu,f,2022-09-01,2022-09-30
2022-09-09,2022,3,Q3,9,Sep,September,2022-09,9,5,Fri,t,2022-09-01,2022-09-30
2022-09-10,2022,3,Q3,9,Sep,September,2022-09,10,6,Sat,t,2022-09-01,2022-09-30
2022-09-11,2022,3,Q3,9,Sep,September,2022-09,11,7,Sun,f,2022-09-01,2022-09-30
2022-09-12,2022,3,Q3,9,Sep,September,2022-09,12,1,Mon,f,2022-09-01,2022-09-30
2022-09-13,2022,3,Q3,9,Sep,September,2022-09,13,2,Tue,f,2022-09-01,2022-09-30
2022-09-14,2022,3,Q3,9,Sep,September,2022-09,14,3,Wed,f,2022-09-01,2022-09-30
2022-09-15,2022,3,Q3,9,Sep,September,2022-09,15,4,Thu,f,2022-09-01,2022-09-30
2022-09-16,2022,3,Q3,9,Sep,September,2022-09,16,5,Fri,t,2022-09-01,2022-09-30
2022-09-17,2022,3,Q3,9,Sep,September,2022-09,17,6,Sat,t,2022-09-01,2022-09-30
2022-09-18,2022,3,Q3,9,Sep,September,2022-09,18,7,Sun,f,2022-09-01,2022-09-30
2022-09-19,2022,3,Q3,9,Sep,September,2022-09,19,1,Mon,f,2022-09-01,2022-09-30
2022-09-20,2022,3,Q3,9,Sep,September,2022-09,20,2,Tue,f,2022-09-01,2022-09-30
2022-09-21,2022,3,Q3,9,Sep,September,2022-09,21,3,Wed,f,2022-09-01,2022-09-30
2022-09-22,2022,3,Q3,9,Sep,September,2022-09,22,4,Thu,f,2022-09-01,2022-09-30
2022-09-23,2022,3,Q3,9,Sep,September,2022-09,23,5,Fri,t,2022-09-01,2022-09-30
2022-09-24,2022,3,Q3,9,Sep,September,2022-09,24,6,Sat,t,2022-09-01,2022-09-30
2022-09-25,2022,3,Q3,9,Sep,September,2022-09,25,7,Sun,f,2022-09-01,2022-09-30
2022-09-26,2022,3,Q3,9,Sep,September,2022-09,26,1,Mon,f,2022-09-01,2022-09-30
2022-09-27,2022,3,Q3,9,Sep,September,2022-09,27,2,Tue,f,2022-09-01,2022-09-30
2022-09-28,2022,3,Q3,9,Sep,September,2022-09,28,3,Wed,f,2022-09-01,2022-09-30
2022-09-29,2022,3,Q3,9,Sep,September,2022-09,29,4,Thu,f,2022-09-01,2022-09-30
2022-09-30,2022,3,Q3,9,Sep,September,2022-09,30,5,Fri,t,2022-09-01,2022-09-30
2022-10-01,2022,4,Q4,10,Oct,October  ,2022-10,1,6,Sat,t,2022-10-01,2022-10-31
2022-10-02,2022,4,Q4,10,Oct,October  ,2022-10,2,7,Sun,f,2022-10-01,2022-10-31
2022-10-03,2022,4,Q4,10,Oct,October  ,2022-10,3,1,Mon,f,2022-10-01,2022-10-31
2022-10-04,2022,4,Q4,10,Oct,October  ,2022-10,4,2,Tue,f,2022-10-01,2022-10-31
2022-10-05,2022,4,Q4,10,Oct,October  ,2022-10,5,3,Wed,f,2022-10-01,2022-10-31
2022-10-06,2022,4,Q4,10,Oct,October  ,2022-10,6,4,Thu,f,2022-10-01,2022-10-31
2022-10-07,2022,4,Q4,10,Oct,October  ,2022-10,7,5,Fri,t,2022-10-01,2022-10-31
2022-10-08,2022,4,Q4,10,Oct,October  ,2022-10,8,6,Sat,t,2022-10-01,2022-10-31
2022-10-09,2022,4,Q4,10,Oct,October  ,2022-10,9,7,Sun,f,2022-10-01,2022-10-31
2022-10-10,2022,4,Q4,10,Oct,October  ,2022-10,10,1,Mon,f,2022-10-01,2022-10-31
2022-10-11,2022,4,Q4,10,Oct,October  ,2022-10,11,2,Tue,f,2022-10-01,2022-10-31
2022-10-12,2022,4,Q4,10,Oct,October  ,2022-10,12,3,Wed,f,2022-10-01,2022-10-31
2022-10-13,2022,4,Q4,10,Oct,October  ,2022-10,13,4,Thu,f,2022-10-01,2022-10-31
2022-10-14,2022,4,Q4,10,Oct,October  ,2022-10,14,5,Fri,t,2022-10-01,2022-10-31
2022-10-15,2022,4,Q4,10,Oct,October  ,2022-10,15,6,Sat,t,2022-10-01,2022-10-31
2022-10-16,2022,4,Q4,10,Oct,October  ,2022-10,16,7,Sun,f,2022-10-01,2022-10-31
2022-10-17,2022,4,Q4,10,Oct,October  ,2022-10,17,1,Mon,f,2022-10-01,2022-10-31
2022-10-18,2022,4,Q4,10,Oct,October  ,2022-10,18,2,Tue,f,2022-10-01,2022-10-31
2022-10-19,2022,4,Q4,10,Oct,October  ,2022-10,19,3,Wed,f,2022-10-01,2022-10-31
2022-10-20,2022,4,Q4,10,Oct,October  ,2022-10,20,4,Thu,f,2022-10-01,2022-10-31
2022-10-21,2022,4,Q4,10,Oct,October  ,2022-10,21,5,Fri,t,2022-10-01,2022-10-31
2022-10-22,2022,4,Q4,10,Oct,October  ,2022-10,22,6,Sat,t,2022-10-01,2022-10-31
2022-10-23,2022,4,Q4,10,Oct,October  ,2022-10,23,7,Sun,f,2022-10-01,2022-10-31
2022-10-24,2022,4,Q4,10,Oct,October  ,2022-10,24,1,Mon,f,2022-10-01,2022-10-31
2022-10-25,2022,4,Q4,10,Oct,October  ,2022-10,25,2,Tue,f,2022-10-01,2022-10-31
2022-10-26,2022,4,Q4,10,Oct,October  ,2022-10,26,3,Wed,f,2022-10-01,2022-10-31
2022-10-27,2022,4,Q4,10,Oct,October  ,2022-10,27,4,Thu,f,2022-10-01,2022-10-31
2022-10-28,2022,4,Q4,10,Oct,October  ,2022-10,28,5,Fri,t,2022-10-01,2022-10-31
2022-10-29,2022,4,Q4,10,Oct,October  ,2022-10,29,6,Sat,t,2022-10-01,2022-10-31
2022-10-30,2022,4,Q4,10,Oct,October  ,2022-10,30,7,Sun,f,2022-10-01,2022-10-31
2022-10-31,2022,4,Q4,10,Oct,October  ,2022-10,31,1,Mon,f,2022-10-01,2022-10-31
2022-11-01,2022,4,Q4,11,Nov,November ,2022-11,1,2,Tue,f,2022-11-01,2022-11-30
2022-11-02,2022,4,Q4,11,Nov,November ,2022-11,2,3,Wed,f,2022-11-01,2022-11-30
2022-11-03,2022,4,Q4,11,Nov,November ,2022-11,3,4,Thu,f,2022-11-01,2022-11-30
2022-11-04,2022,4,Q4,11,Nov,November ,2022-11,4,5,Fri,t,2022-11-01,2022-11-30
2022-11-05,2022,4,Q4,11,Nov,November ,2022-11,5,6,Sat,t,2022-11-01,2022-11-30
2022-11-06,2022,4,Q4,11,Nov,November ,2022-11,6,7,Sun,f,2022-11-01,2022-11-30
2022-11-07,2022,4,Q4,11,Nov,November ,2022-11,7,1,Mon,f,2022-11-01,2022-11-30
2022-11-08,2022,4,Q4,11,Nov,November ,2022-11,8,2,Tue,f,2022-11-01,2022-11-30
2022-11-09,2022,4,Q4,11,Nov,November ,2022-11,9,3,Wed,f,2022-11-01,2022-11-30
2022-11-10,2022,4,Q4,11,Nov,November ,2022-11,10,4,Thu,f,2022-11-01,2022-11-30
2022-11-11,2022,4,Q4,11,Nov,November ,2022-11,11,5,Fri,t,2022-11-01,2022-11-30
2022-11-12,2022,4,Q4,11,Nov,November ,2022-11,12,6,Sat,t,2022-11-01,2022-11-30
2022-11-13,2022,4,Q4,11,Nov,November ,2022-11,13,7,Sun,f,2022-11-01,2022-11-30
2022-11-14,2022,4,Q4,11,Nov,November ,2022-11,14,1,Mon,f,2022-11-01,2022-11-30
2022-11-15,2022,4,Q4,11,Nov,November ,2022-11,15,2,Tue,f,2022-11-01,2022-11-30
2022-11-16,2022,4,Q4,11,Nov,November ,2022-11,16,3,Wed,f,2022-11-01,2022-11-30
2022-11-17,2022,4,Q4,11,Nov,November ,2022-11,17,4,Thu,f,2022-11-01,2022-11-30
2022-11-18,2022,4,Q4,11,Nov,November ,2022-11,18,5,Fri,t,2022-11-01,2022-11-30
2022-11-19,2022,4,Q4,11,Nov,November ,2022-11,19,6,Sat,t,2022-11-01,2022-11-30
2022-11-20,2022,4,Q4,11,Nov,November ,2022-11,20,7,Sun,f,2022-11-01,2022-11-30
2022-11-21,2022,4,Q4,11,Nov,November ,2022-11,21,1,Mon,f,2022-11-01,2022-11-30
2022-11-22,2022,4,Q4,11,Nov,November ,2022-11,22,2,Tue,f,2022-11-01,2022-11-30
2022-11-23,2022,4,Q4,11,Nov,November ,2022-11,23,3,Wed,f,2022-11-01,2022-11-30
2022-11-24,2022,4,Q4,11,Nov,November ,2022-11,24,4,Thu,f,2022-11-01,2022-11-30
2022-11-25,2022,4,Q4,11,Nov,November ,2022-11,25,5,Fri,t,2022-11-01,2022-11-30
2022-11-26,2022,4,Q4,11,Nov,November ,2022-11,26,6,Sat,t,2022-11-01,2022-11-30
2022-11-27,2022,4,Q4,11,Nov,November ,2022-11,27,7,Sun,f,2022-11-01,2022-11-30
2022-11-28,2022,4,Q4,11,Nov,November ,2022-11,28,1,Mon,f,2022-11-01,2022-11-30
2022-11-29,2022,4,Q4,11,Nov,November ,2022-11,29,2,Tue,f,2022-11-01,2022-11-30
2022-11-30,2022,4,Q4,11,Nov,November ,2022-11,30,3,Wed,f,2022-11-01,2022-11-30
2022-12-01,2022,4,Q4,12,Dec,December ,2022-12,1,4,Thu,f,2022-12-01,2022-12-31
2022-12-02,2022,4,Q4,12,Dec,December ,2022-12,2,5,Fri,t,2022-12-01,2022-12-31
2022-12-03,2022,4,Q4,12,Dec,December ,2022-12,3,6,Sat,t,2022-12-01,2022-12-31
2022-12-04,2022,4,Q4,12,Dec,December ,2022-12,4,7,Sun,f,2022-12-01,2022-12-31
2022-12-05,2022,4,Q4,12,Dec,December ,2022-12,5,1,Mon,f,2022-12-01,2022-12-31
2022-12-06,2022,4,Q4,12,Dec,December ,2022-12,6,2,Tue,f,2022-12-01,2022-12-31
2022-12-07,2022,4,Q4,12,Dec,December ,2022-12,7,3,Wed,f,2022-12-01,2022-12-31
2022-12-08,2022,4,Q4,12,Dec,December ,2022-12,8,4,Thu,f,2022-12-01,2022-12-31
2022-12-09,2022,4,Q4,12,Dec,December ,2022-12,9,5,Fri,t,2022-12-01,2022-12-31
2022-12-10,2022,4,Q4,12,Dec,December ,2022-12,10,6,Sat,t,2022-12-01,2022-12-31
2022-12-11,2022,4,Q4,12,Dec,December ,2022-12,11,7,Sun,f,2022-12-01,2022-12-31
2022-12-12,2022,4,Q4,12,Dec,December ,2022-12,12,1,Mon,f,2022-12-01,2022-12-31
2022-12-13,2022,4,Q4,12,Dec,December ,2022-12,13,2,Tue,f,2022-12-01,2022-12-31
2022-12-14,2022,4,Q4,12,Dec,December ,2022-12,14,3,Wed,f,2022-12-01,2022-12-31
2022-12-15,2022,4,Q4,12,Dec,December ,2022-12,15,4,Thu,f,2022-12-01,2022-12-31
2022-12-16,2022,4,Q4,12,Dec,December ,2022-12,16,5,Fri,t,2022-12-01,2022-12-31
2022-12-17,2022,4,Q4,12,Dec,December ,2022-12,17,6,Sat,t,2022-12-01,2022-12-31
2022-12-18,2022,4,Q4,12,Dec,December ,2022-12,18,7,Sun,f,2022-12-01,2022-12-31
2022-12-19,2022,4,Q4,12,Dec,December ,2022-12,19,1,Mon,f,2022-12-01,2022-12-31
2022-12-20,2022,4,Q4,12,Dec,December ,2022-12,20,2,Tue,f,2022-12-01,2022-12-31
2022-12-21,2022,4,Q4,12,Dec,December ,2022-12,21,3,Wed,f,2022-12-01,2022-12-31
2022-12-22,2022,4,Q4,12,Dec,December ,2022-12,22,4,Thu,f,2022-12-01,2022-12-31
2022-12-23,2022,4,Q4,12,Dec,December ,2022-12,23,5,Fri,t,2022-12-01,2022-12-31
2022-12-24,2022,4,Q4,12,Dec,December ,2022-12,24,6,Sat,t,2022-12-01,2022-12-31
2022-12-25,2022,4,Q4,12,Dec,December ,2022-12,25,7,Sun,f,2022-12-01,2022-12-31
2022-12-26,2022,4,Q4,12,Dec,December ,2022-12,26,1,Mon,f,2022-12-01,2022-12-31
2022-12-27,2022,4,Q4,12,Dec,December ,2022-12,27,2,Tue,f,2022-12-01,2022-12-31
2022-12-28,2022,4,Q4,12,Dec,December ,2022-12,28,3,Wed,f,2022-12-01,2022-12-31
2022-12-29,2022,4,Q4,12,Dec,December ,2022-12,29,4,Thu,f,2022-12-01,2022-12-31
2022-12-30,2022,4,Q4,12,Dec,December ,2022-12,30,5,Fri,t,2022-12-01,2022-12-31
2022-12-31,2022,4,Q4,12,Dec,December ,2022-12,31,6,Sat,t,2022-12-01,2022-12-31
2023-01-01,2023,1,Q1,1,Jan,January  ,2023-01,1,7,Sun,f,2023-01-01,2023-01-31
2023-01-02,2023,1,Q1,1,Jan,January  ,2023-01,2,1,Mon,f,2023-01-01,2023-01-31
2023-01-03,2023,1,Q1,1,Jan,January  ,2023-01,3,2,Tue,f,2023-01-01,2023-01-31
2023-01-04,2023,1,Q1,1,Jan,January  ,2023-01,4,3,Wed,f,2023-01-01,2023-01-31
2023-01-05,2023,1,Q1,1,Jan,January  ,2023-01,5,4,Thu,f,2023-01-01,2023-01-31
2023-01-06,2023,1,Q1,1,Jan,January  ,2023-01,6,5,Fri,t,2023-01-01,2023-01-31
2023-01-07,2023,1,Q1,1,Jan,January  ,2023-01,7,6,Sat,t,2023-01-01,2023-01-31
2023-01-08,2023,1,Q1,1,Jan,January  ,2023-01,8,7,Sun,f,2023-01-01,2023-01-31
2023-01-09,2023,1,Q1,1,Jan,January  ,2023-01,9,1,Mon,f,2023-01-01,2023-01-31
2023-01-10,2023,1,Q1,1,Jan,January  ,2023-01,10,2,Tue,f,2023-01-01,2023-01-31
2023-01-11,2023,1,Q1,1,Jan,January  ,2023-01,11,3,Wed,f,2023-01-01,2023-01-31
2023-01-12,2023,1,Q1,1,Jan,January  ,2023-01,12,4,Thu,f,2023-01-01,2023-01-31
2023-01-13,2023,1,Q1,1,Jan,January  ,2023-01,13,5,Fri,t,2023-01-01,2023-01-31
2023-01-14,2023,1,Q1,1,Jan,January  ,2023-01,14,6,Sat,t,2023-01-01,2023-01-31
2023-01-15,2023,1,Q1,1,Jan,January  ,2023-01,15,7,Sun,f,2023-01-01,2023-01-31
2023-01-16,2023,1,Q1,1,Jan,January  ,2023-01,16,1,Mon,f,2023-01-01,2023-01-31
2023-01-17,2023,1,Q1,1,Jan,January  ,2023-01,17,2,Tue,f,2023-01-01,2023-01-31
2023-01-18,2023,1,Q1,1,Jan,January  ,2023-01,18,3,Wed,f,2023-01-01,2023-01-31
2023-01-19,2023,1,Q1,1,Jan,January  ,2023-01,19,4,Thu,f,2023-01-01,2023-01-31
2023-01-20,2023,1,Q1,1,Jan,January  ,2023-01,20,5,Fri,t,2023-01-01,2023-01-31
2023-01-21,2023,1,Q1,1,Jan,January  ,2023-01,21,6,Sat,t,2023-01-01,2023-01-31
2023-01-22,2023,1,Q1,1,Jan,January  ,2023-01,22,7,Sun,f,2023-01-01,2023-01-31
2023-01-23,2023,1,Q1,1,Jan,January  ,2023-01,23,1,Mon,f,2023-01-01,2023-01-31
2023-01-24,2023,1,Q1,1,Jan,January  ,2023-01,24,2,Tue,f,2023-01-01,2023-01-31
2023-01-25,2023,1,Q1,1,Jan,January  ,2023-01,25,3,Wed,f,2023-01-01,2023-01-31
2023-01-26,2023,1,Q1,1,Jan,January  ,2023-01,26,4,Thu,f,2023-01-01,2023-01-31
2023-01-27,2023,1,Q1,1,Jan,January  ,2023-01,27,5,Fri,t,2023-01-01,2023-01-31
2023-01-28,2023,1,Q1,1,Jan,January  ,2023-01,28,6,Sat,t,2023-01-01,2023-01-31
2023-01-29,2023,1,Q1,1,Jan,January  ,2023-01,29,7,Sun,f,2023-01-01,2023-01-31
2023-01-30,2023,1,Q1,1,Jan,January  ,2023-01,30,1,Mon,f,2023-01-01,2023-01-31
2023-01-31,2023,1,Q1,1,Jan,January  ,2023-01,31,2,Tue,f,2023-01-01,2023-01-31
2023-02-01,2023,1,Q1,2,Feb,February ,2023-02,1,3,Wed,f,2023-02-01,2023-02-28
2023-02-02,2023,1,Q1,2,Feb,February ,2023-02,2,4,Thu,f,2023-02-01,2023-02-28
2023-02-03,2023,1,Q1,2,Feb,February ,2023-02,3,5,Fri,t,2023-02-01,2023-02-28
2023-02-04,2023,1,Q1,2,Feb,February ,2023-02,4,6,Sat,t,2023-02-01,2023-02-28
2023-02-05,2023,1,Q1,2,Feb,February ,2023-02,5,7,Sun,f,2023-02-01,2023-02-28
2023-02-06,2023,1,Q1,2,Feb,February ,2023-02,6,1,Mon,f,2023-02-01,2023-02-28
2023-02-07,2023,1,Q1,2,Feb,February ,2023-02,7,2,Tue,f,2023-02-01,2023-02-28
2023-02-08,2023,1,Q1,2,Feb,February ,2023-02,8,3,Wed,f,2023-02-01,2023-02-28
2023-02-09,2023,1,Q1,2,Feb,February ,2023-02,9,4,Thu,f,2023-02-01,2023-02-28
2023-02-10,2023,1,Q1,2,Feb,February ,2023-02,10,5,Fri,t,2023-02-01,2023-02-28
2023-02-11,2023,1,Q1,2,Feb,February ,2023-02,11,6,Sat,t,2023-02-01,2023-02-28
2023-02-12,2023,1,Q1,2,Feb,February ,2023-02,12,7,Sun,f,2023-02-01,2023-02-28
2023-02-13,2023,1,Q1,2,Feb,February ,2023-02,13,1,Mon,f,2023-02-01,2023-02-28
2023-02-14,2023,1,Q1,2,Feb,February ,2023-02,14,2,Tue,f,2023-02-01,2023-02-28
2023-02-15,2023,1,Q1,2,Feb,February ,2023-02,15,3,Wed,f,2023-02-01,2023-02-28
2023-02-16,2023,1,Q1,2,Feb,February ,2023-02,16,4,Thu,f,2023-02-01,2023-02-28
2023-02-17,2023,1,Q1,2,Feb,February ,2023-02,17,5,Fri,t,2023-02-01,2023-02-28
2023-02-18,2023,1,Q1,2,Feb,February ,2023-02,18,6,Sat,t,2023-02-01,2023-02-28
2023-02-19,2023,1,Q1,2,Feb,February ,2023-02,19,7,Sun,f,2023-02-01,2023-02-28
2023-02-20,2023,1,Q1,2,Feb,February ,2023-02,20,1,Mon,f,2023-02-01,2023-02-28
2023-02-21,2023,1,Q1,2,Feb,February ,2023-02,21,2,Tue,f,2023-02-01,2023-02-28
2023-02-22,2023,1,Q1,2,Feb,February ,2023-02,22,3,Wed,f,2023-02-01,2023-02-28
2023-02-23,2023,1,Q1,2,Feb,February ,2023-02,23,4,Thu,f,2023-02-01,2023-02-28
2023-02-24,2023,1,Q1,2,Feb,February ,2023-02,24,5,Fri,t,2023-02-01,2023-02-28
2023-02-25,2023,1,Q1,2,Feb,February ,2023-02,25,6,Sat,t,2023-02-01,2023-02-28
2023-02-26,2023,1,Q1,2,Feb,February ,2023-02,26,7,Sun,f,2023-02-01,2023-02-28
2023-02-27,2023,1,Q1,2,Feb,February ,2023-02,27,1,Mon,f,2023-02-01,2023-02-28
2023-02-28,2023,1,Q1,2,Feb,February ,2023-02,28,2,Tue,f,2023-02-01,2023-02-28
2023-03-01,2023,1,Q1,3,Mar,March    ,2023-03,1,3,Wed,f,2023-03-01,2023-03-31
2023-03-02,2023,1,Q1,3,Mar,March    ,2023-03,2,4,Thu,f,2023-03-01,2023-03-31
2023-03-03,2023,1,Q1,3,Mar,March    ,2023-03,3,5,Fri,t,2023-03-01,2023-03-31
2023-03-04,2023,1,Q1,3,Mar,March    ,2023-03,4,6,Sat,t,2023-03-01,2023-03-31
2023-03-05,2023,1,Q1,3,Mar,March    ,2023-03,5,7,Sun,f,2023-03-01,2023-03-31
2023-03-06,2023,1,Q1,3,Mar,March    ,2023-03,6,1,Mon,f,2023-03-01,2023-03-31
2023-03-07,2023,1,Q1,3,Mar,March    ,2023-03,7,2,Tue,f,2023-03-01,2023-03-31
2023-03-08,2023,1,Q1,3,Mar,March    ,2023-03,8,3,Wed,f,2023-03-01,2023-03-31
2023-03-09,2023,1,Q1,3,Mar,March    ,2023-03,9,4,Thu,f,2023-03-01,2023-03-31
2023-03-10,2023,1,Q1,3,Mar,March    ,2023-03,10,5,Fri,t,2023-03-01,2023-03-31
2023-03-11,2023,1,Q1,3,Mar,March    ,2023-03,11,6,Sat,t,2023-03-01,2023-03-31
2023-03-12,2023,1,Q1,3,Mar,March    ,2023-03,12,7,Sun,f,2023-03-01,2023-03-31
2023-03-13,2023,1,Q1,3,Mar,March    ,2023-03,13,1,Mon,f,2023-03-01,2023-03-31
2023-03-14,2023,1,Q1,3,Mar,March    ,2023-03,14,2,Tue,f,2023-03-01,2023-03-31
2023-03-15,2023,1,Q1,3,Mar,March    ,2023-03,15,3,Wed,f,2023-03-01,2023-03-31
2023-03-16,2023,1,Q1,3,Mar,March    ,2023-03,16,4,Thu,f,2023-03-01,2023-03-31
2023-03-17,2023,1,Q1,3,Mar,March    ,2023-03,17,5,Fri,t,2023-03-01,2023-03-31
2023-03-18,2023,1,Q1,3,Mar,March    ,2023-03,18,6,Sat,t,2023-03-01,2023-03-31
2023-03-19,2023,1,Q1,3,Mar,March    ,2023-03,19,7,Sun,f,2023-03-01,2023-03-31
2023-03-20,2023,1,Q1,3,Mar,March    ,2023-03,20,1,Mon,f,2023-03-01,2023-03-31
2023-03-21,2023,1,Q1,3,Mar,March    ,2023-03,21,2,Tue,f,2023-03-01,2023-03-31
2023-03-22,2023,1,Q1,3,Mar,March    ,2023-03,22,3,Wed,f,2023-03-01,2023-03-31
2023-03-23,2023,1,Q1,3,Mar,March    ,2023-03,23,4,Thu,f,2023-03-01,2023-03-31
2023-03-24,2023,1,Q1,3,Mar,March    ,2023-03,24,5,Fri,t,2023-03-01,2023-03-31
2023-03-25,2023,1,Q1,3,Mar,March    ,2023-03,25,6,Sat,t,2023-03-01,2023-03-31
2023-03-26,2023,1,Q1,3,Mar,March    ,2023-03,26,7,Sun,f,2023-03-01,2023-03-31
2023-03-27,2023,1,Q1,3,Mar,March    ,2023-03,27,1,Mon,f,2023-03-01,2023-03-31
2023-03-28,2023,1,Q1,3,Mar,March    ,2023-03,28,2,Tue,f,2023-03-01,2023-03-31
2023-03-29,2023,1,Q1,3,Mar,March    ,2023-03,29,3,Wed,f,2023-03-01,2023-03-31
2023-03-30,2023,1,Q1,3,Mar,March    ,2023-03,30,4,Thu,f,2023-03-01,2023-03-31
2023-03-31,2023,1,Q1,3,Mar,March    ,2023-03,31,5,Fri,t,2023-03-01,2023-03-31
2023-04-01,2023,2,Q2,4,Apr,April    ,2023-04,1,6,Sat,t,2023-04-01,2023-04-30
2023-04-02,2023,2,Q2,4,Apr,April    ,2023-04,2,7,Sun,f,2023-04-01,2023-04-30
2023-04-03,2023,2,Q2,4,Apr,April    ,2023-04,3,1,Mon,f,2023-04-01,2023-04-30
2023-04-04,2023,2,Q2,4,Apr,April    ,2023-04,4,2,Tue,f,2023-04-01,2023-04-30
2023-04-05,2023,2,Q2,4,Apr,April    ,2023-04,5,3,Wed,f,2023-04-01,2023-04-30
2023-04-06,2023,2,Q2,4,Apr,April    ,2023-04,6,4,Thu,f,2023-04-01,2023-04-30
2023-04-07,2023,2,Q2,4,Apr,April    ,2023-04,7,5,Fri,t,2023-04-01,2023-04-30
2023-04-08,2023,2,Q2,4,Apr,April    ,2023-04,8,6,Sat,t,2023-04-01,2023-04-30
2023-04-09,2023,2,Q2,4,Apr,April    ,2023-04,9,7,Sun,f,2023-04-01,2023-04-30
2023-04-10,2023,2,Q2,4,Apr,April    ,2023-04,10,1,Mon,f,2023-04-01,2023-04-30
2023-04-11,2023,2,Q2,4,Apr,April    ,2023-04,11,2,Tue,f,2023-04-01,2023-04-30
2023-04-12,2023,2,Q2,4,Apr,April    ,2023-04,12,3,Wed,f,2023-04-01,2023-04-30
2023-04-13,2023,2,Q2,4,Apr,April    ,2023-04,13,4,Thu,f,2023-04-01,2023-04-30
2023-04-14,2023,2,Q2,4,Apr,April    ,2023-04,14,5,Fri,t,2023-04-01,2023-04-30
2023-04-15,2023,2,Q2,4,Apr,April    ,2023-04,15,6,Sat,t,2023-04-01,2023-04-30
2023-04-16,2023,2,Q2,4,Apr,April    ,2023-04,16,7,Sun,f,2023-04-01,2023-04-30
2023-04-17,2023,2,Q2,4,Apr,April    ,2023-04,17,1,Mon,f,2023-04-01,2023-04-30
2023-04-18,2023,2,Q2,4,Apr,April    ,2023-04,18,2,Tue,f,2023-04-01,2023-04-30
2023-04-19,2023,2,Q2,4,Apr,April    ,2023-04,19,3,Wed,f,2023-04-01,2023-04-30
2023-04-20,2023,2,Q2,4,Apr,April    ,2023-04,20,4,Thu,f,2023-04-01,2023-04-30
2023-04-21,2023,2,Q2,4,Apr,April    ,2023-04,21,5,Fri,t,2023-04-01,2023-04-30
2023-04-22,2023,2,Q2,4,Apr,April    ,2023-04,22,6,Sat,t,2023-04-01,2023-04-30
2023-04-23,2023,2,Q2,4,Apr,April    ,2023-04,23,7,Sun,f,2023-04-01,2023-04-30
2023-04-24,2023,2,Q2,4,Apr,April    ,2023-04,24,1,Mon,f,2023-04-01,2023-04-30
2023-04-25,2023,2,Q2,4,Apr,April    ,2023-04,25,2,Tue,f,2023-04-01,2023-04-30
2023-04-26,2023,2,Q2,4,Apr,April    ,2023-04,26,3,Wed,f,2023-04-01,2023-04-30
2023-04-27,2023,2,Q2,4,Apr,April    ,2023-04,27,4,Thu,f,2023-04-01,2023-04-30
2023-04-28,2023,2,Q2,4,Apr,April    ,2023-04,28,5,Fri,t,2023-04-01,2023-04-30
2023-04-29,2023,2,Q2,4,Apr,April    ,2023-04,29,6,Sat,t,2023-04-01,2023-04-30
2023-04-30,2023,2,Q2,4,Apr,April    ,2023-04,30,7,Sun,f,2023-04-01,2023-04-30
2023-05-01,2023,2,Q2,5,May,May      ,2023-05,1,1,Mon,f,2023-05-01,2023-05-31
2023-05-02,2023,2,Q2,5,May,May      ,2023-05,2,2,Tue,f,2023-05-01,2023-05-31
2023-05-03,2023,2,Q2,5,May,May      ,2023-05,3,3,Wed,f,2023-05-01,2023-05-31
2023-05-04,2023,2,Q2,5,May,May      ,2023-05,4,4,Thu,f,2023-05-01,2023-05-31
2023-05-05,2023,2,Q2,5,May,May      ,2023-05,5,5,Fri,t,2023-05-01,2023-05-31
2023-05-06,2023,2,Q2,5,May,May      ,2023-05,6,6,Sat,t,2023-05-01,2023-05-31
2023-05-07,2023,2,Q2,5,May,May      ,2023-05,7,7,Sun,f,2023-05-01,2023-05-31
2023-05-08,2023,2,Q2,5,May,May      ,2023-05,8,1,Mon,f,2023-05-01,2023-05-31
2023-05-09,2023,2,Q2,5,May,May      ,2023-05,9,2,Tue,f,2023-05-01,2023-05-31
2023-05-10,2023,2,Q2,5,May,May      ,2023-05,10,3,Wed,f,2023-05-01,2023-05-31
2023-05-11,2023,2,Q2,5,May,May      ,2023-05,11,4,Thu,f,2023-05-01,2023-05-31
2023-05-12,2023,2,Q2,5,May,May      ,2023-05,12,5,Fri,t,2023-05-01,2023-05-31
2023-05-13,2023,2,Q2,5,May,May      ,2023-05,13,6,Sat,t,2023-05-01,2023-05-31
2023-05-14,2023,2,Q2,5,May,May      ,2023-05,14,7,Sun,f,2023-05-01,2023-05-31
2023-05-15,2023,2,Q2,5,May,May      ,2023-05,15,1,Mon,f,2023-05-01,2023-05-31
2023-05-16,2023,2,Q2,5,May,May      ,2023-05,16,2,Tue,f,2023-05-01,2023-05-31
2023-05-17,2023,2,Q2,5,May,May      ,2023-05,17,3,Wed,f,2023-05-01,2023-05-31
2023-05-18,2023,2,Q2,5,May,May      ,2023-05,18,4,Thu,f,2023-05-01,2023-05-31
2023-05-19,2023,2,Q2,5,May,May      ,2023-05,19,5,Fri,t,2023-05-01,2023-05-31
2023-05-20,2023,2,Q2,5,May,May      ,2023-05,20,6,Sat,t,2023-05-01,2023-05-31
2023-05-21,2023,2,Q2,5,May,May      ,2023-05,21,7,Sun,f,2023-05-01,2023-05-31
2023-05-22,2023,2,Q2,5,May,May      ,2023-05,22,1,Mon,f,2023-05-01,2023-05-31
2023-05-23,2023,2,Q2,5,May,May      ,2023-05,23,2,Tue,f,2023-05-01,2023-05-31
2023-05-24,2023,2,Q2,5,May,May      ,2023-05,24,3,Wed,f,2023-05-01,2023-05-31
2023-05-25,2023,2,Q2,5,May,May      ,2023-05,25,4,Thu,f,2023-05-01,2023-05-31
2023-05-26,2023,2,Q2,5,May,May      ,2023-05,26,5,Fri,t,2023-05-01,2023-05-31
2023-05-27,2023,2,Q2,5,May,May      ,2023-05,27,6,Sat,t,2023-05-01,2023-05-31
2023-05-28,2023,2,Q2,5,May,May      ,2023-05,28,7,Sun,f,2023-05-01,2023-05-31
2023-05-29,2023,2,Q2,5,May,May      ,2023-05,29,1,Mon,f,2023-05-01,2023-05-31
2023-05-30,2023,2,Q2,5,May,May      ,2023-05,30,2,Tue,f,2023-05-01,2023-05-31
2023-05-31,2023,2,Q2,5,May,May      ,2023-05,31,3,Wed,f,2023-05-01,2023-05-31
2023-06-01,2023,2,Q2,6,Jun,June     ,2023-06,1,4,Thu,f,2023-06-01,2023-06-30
2023-06-02,2023,2,Q2,6,Jun,June     ,2023-06,2,5,Fri,t,2023-06-01,2023-06-30
2023-06-03,2023,2,Q2,6,Jun,June     ,2023-06,3,6,Sat,t,2023-06-01,2023-06-30
2023-06-04,2023,2,Q2,6,Jun,June     ,2023-06,4,7,Sun,f,2023-06-01,2023-06-30
2023-06-05,2023,2,Q2,6,Jun,June     ,2023-06,5,1,Mon,f,2023-06-01,2023-06-30
2023-06-06,2023,2,Q2,6,Jun,June     ,2023-06,6,2,Tue,f,2023-06-01,2023-06-30
2023-06-07,2023,2,Q2,6,Jun,June     ,2023-06,7,3,Wed,f,2023-06-01,2023-06-30
2023-06-08,2023,2,Q2,6,Jun,June     ,2023-06,8,4,Thu,f,2023-06-01,2023-06-30
2023-06-09,2023,2,Q2,6,Jun,June     ,2023-06,9,5,Fri,t,2023-06-01,2023-06-30
2023-06-10,2023,2,Q2,6,Jun,June     ,2023-06,10,6,Sat,t,2023-06-01,2023-06-30
2023-06-11,2023,2,Q2,6,Jun,June     ,2023-06,11,7,Sun,f,2023-06-01,2023-06-30
2023-06-12,2023,2,Q2,6,Jun,June     ,2023-06,12,1,Mon,f,2023-06-01,2023-06-30
2023-06-13,2023,2,Q2,6,Jun,June     ,2023-06,13,2,Tue,f,2023-06-01,2023-06-30
2023-06-14,2023,2,Q2,6,Jun,June     ,2023-06,14,3,Wed,f,2023-06-01,2023-06-30
2023-06-15,2023,2,Q2,6,Jun,June     ,2023-06,15,4,Thu,f,2023-06-01,2023-06-30
2023-06-16,2023,2,Q2,6,Jun,June     ,2023-06,16,5,Fri,t,2023-06-01,2023-06-30
2023-06-17,2023,2,Q2,6,Jun,June     ,2023-06,17,6,Sat,t,2023-06-01,2023-06-30
2023-06-18,2023,2,Q2,6,Jun,June     ,2023-06,18,7,Sun,f,2023-06-01,2023-06-30
2023-06-19,2023,2,Q2,6,Jun,June     ,2023-06,19,1,Mon,f,2023-06-01,2023-06-30
2023-06-20,2023,2,Q2,6,Jun,June     ,2023-06,20,2,Tue,f,2023-06-01,2023-06-30
2023-06-21,2023,2,Q2,6,Jun,June     ,2023-06,21,3,Wed,f,2023-06-01,2023-06-30
2023-06-22,2023,2,Q2,6,Jun,June     ,2023-06,22,4,Thu,f,2023-06-01,2023-06-30
2023-06-23,2023,2,Q2,6,Jun,June     ,2023-06,23,5,Fri,t,2023-06-01,2023-06-30
2023-06-24,2023,2,Q2,6,Jun,June     ,2023-06,24,6,Sat,t,2023-06-01,2023-06-30
2023-06-25,2023,2,Q2,6,Jun,June     ,2023-06,25,7,Sun,f,2023-06-01,2023-06-30
2023-06-26,2023,2,Q2,6,Jun,June     ,2023-06,26,1,Mon,f,2023-06-01,2023-06-30
2023-06-27,2023,2,Q2,6,Jun,June     ,2023-06,27,2,Tue,f,2023-06-01,2023-06-30
2023-06-28,2023,2,Q2,6,Jun,June     ,2023-06,28,3,Wed,f,2023-06-01,2023-06-30
2023-06-29,2023,2,Q2,6,Jun,June     ,2023-06,29,4,Thu,f,2023-06-01,2023-06-30
2023-06-30,2023,2,Q2,6,Jun,June     ,2023-06,30,5,Fri,t,2023-06-01,2023-06-30
2023-07-01,2023,3,Q3,7,Jul,July     ,2023-07,1,6,Sat,t,2023-07-01,2023-07-31
2023-07-02,2023,3,Q3,7,Jul,July     ,2023-07,2,7,Sun,f,2023-07-01,2023-07-31
2023-07-03,2023,3,Q3,7,Jul,July     ,2023-07,3,1,Mon,f,2023-07-01,2023-07-31
2023-07-04,2023,3,Q3,7,Jul,July     ,2023-07,4,2,Tue,f,2023-07-01,2023-07-31
2023-07-05,2023,3,Q3,7,Jul,July     ,2023-07,5,3,Wed,f,2023-07-01,2023-07-31
2023-07-06,2023,3,Q3,7,Jul,July     ,2023-07,6,4,Thu,f,2023-07-01,2023-07-31
2023-07-07,2023,3,Q3,7,Jul,July     ,2023-07,7,5,Fri,t,2023-07-01,2023-07-31
2023-07-08,2023,3,Q3,7,Jul,July     ,2023-07,8,6,Sat,t,2023-07-01,2023-07-31
2023-07-09,2023,3,Q3,7,Jul,July     ,2023-07,9,7,Sun,f,2023-07-01,2023-07-31
2023-07-10,2023,3,Q3,7,Jul,July     ,2023-07,10,1,Mon,f,2023-07-01,2023-07-31
2023-07-11,2023,3,Q3,7,Jul,July     ,2023-07,11,2,Tue,f,2023-07-01,2023-07-31
2023-07-12,2023,3,Q3,7,Jul,July     ,2023-07,12,3,Wed,f,2023-07-01,2023-07-31
2023-07-13,2023,3,Q3,7,Jul,July     ,2023-07,13,4,Thu,f,2023-07-01,2023-07-31
2023-07-14,2023,3,Q3,7,Jul,July     ,2023-07,14,5,Fri,t,2023-07-01,2023-07-31
2023-07-15,2023,3,Q3,7,Jul,July     ,2023-07,15,6,Sat,t,2023-07-01,2023-07-31
2023-07-16,2023,3,Q3,7,Jul,July     ,2023-07,16,7,Sun,f,2023-07-01,2023-07-31
2023-07-17,2023,3,Q3,7,Jul,July     ,2023-07,17,1,Mon,f,2023-07-01,2023-07-31
2023-07-18,2023,3,Q3,7,Jul,July     ,2023-07,18,2,Tue,f,2023-07-01,2023-07-31
2023-07-19,2023,3,Q3,7,Jul,July     ,2023-07,19,3,Wed,f,2023-07-01,2023-07-31
2023-07-20,2023,3,Q3,7,Jul,July     ,2023-07,20,4,Thu,f,2023-07-01,2023-07-31
2023-07-21,2023,3,Q3,7,Jul,July     ,2023-07,21,5,Fri,t,2023-07-01,2023-07-31
2023-07-22,2023,3,Q3,7,Jul,July     ,2023-07,22,6,Sat,t,2023-07-01,2023-07-31
2023-07-23,2023,3,Q3,7,Jul,July     ,2023-07,23,7,Sun,f,2023-07-01,2023-07-31
2023-07-24,2023,3,Q3,7,Jul,July     ,2023-07,24,1,Mon,f,2023-07-01,2023-07-31
2023-07-25,2023,3,Q3,7,Jul,July     ,2023-07,25,2,Tue,f,2023-07-01,2023-07-31
2023-07-26,2023,3,Q3,7,Jul,July     ,2023-07,26,3,Wed,f,2023-07-01,2023-07-31
2023-07-27,2023,3,Q3,7,Jul,July     ,2023-07,27,4,Thu,f,2023-07-01,2023-07-31
2023-07-28,2023,3,Q3,7,Jul,July     ,2023-07,28,5,Fri,t,2023-07-01,2023-07-31
2023-07-29,2023,3,Q3,7,Jul,July     ,2023-07,29,6,Sat,t,2023-07-01,2023-07-31
2023-07-30,2023,3,Q3,7,Jul,July     ,2023-07,30,7,Sun,f,2023-07-01,2023-07-31
2023-07-31,2023,3,Q3,7,Jul,July     ,2023-07,31,1,Mon,f,2023-07-01,2023-07-31
2023-08-01,2023,3,Q3,8,Aug,August   ,2023-08,1,2,Tue,f,2023-08-01,2023-08-31
2023-08-02,2023,3,Q3,8,Aug,August   ,2023-08,2,3,Wed,f,2023-08-01,2023-08-31
2023-08-03,2023,3,Q3,8,Aug,August   ,2023-08,3,4,Thu,f,2023-08-01,2023-08-31
2023-08-04,2023,3,Q3,8,Aug,August   ,2023-08,4,5,Fri,t,2023-08-01,2023-08-31
2023-08-05,2023,3,Q3,8,Aug,August   ,2023-08,5,6,Sat,t,2023-08-01,2023-08-31
2023-08-06,2023,3,Q3,8,Aug,August   ,2023-08,6,7,Sun,f,2023-08-01,2023-08-31
2023-08-07,2023,3,Q3,8,Aug,August   ,2023-08,7,1,Mon,f,2023-08-01,2023-08-31
2023-08-08,2023,3,Q3,8,Aug,August   ,2023-08,8,2,Tue,f,2023-08-01,2023-08-31
2023-08-09,2023,3,Q3,8,Aug,August   ,2023-08,9,3,Wed,f,2023-08-01,2023-08-31
2023-08-10,2023,3,Q3,8,Aug,August   ,2023-08,10,4,Thu,f,2023-08-01,2023-08-31
2023-08-11,2023,3,Q3,8,Aug,August   ,2023-08,11,5,Fri,t,2023-08-01,2023-08-31
2023-08-12,2023,3,Q3,8,Aug,August   ,2023-08,12,6,Sat,t,2023-08-01,2023-08-31
2023-08-13,2023,3,Q3,8,Aug,August   ,2023-08,13,7,Sun,f,2023-08-01,2023-08-31
2023-08-14,2023,3,Q3,8,Aug,August   ,2023-08,14,1,Mon,f,2023-08-01,2023-08-31
2023-08-15,2023,3,Q3,8,Aug,August   ,2023-08,15,2,Tue,f,2023-08-01,2023-08-31
2023-08-16,2023,3,Q3,8,Aug,August   ,2023-08,16,3,Wed,f,2023-08-01,2023-08-31
2023-08-17,2023,3,Q3,8,Aug,August   ,2023-08,17,4,Thu,f,2023-08-01,2023-08-31
2023-08-18,2023,3,Q3,8,Aug,August   ,2023-08,18,5,Fri,t,2023-08-01,2023-08-31
2023-08-19,2023,3,Q3,8,Aug,August   ,2023-08,19,6,Sat,t,2023-08-01,2023-08-31
2023-08-20,2023,3,Q3,8,Aug,August   ,2023-08,20,7,Sun,f,2023-08-01,2023-08-31
2023-08-21,2023,3,Q3,8,Aug,August   ,2023-08,21,1,Mon,f,2023-08-01,2023-08-31
2023-08-22,2023,3,Q3,8,Aug,August   ,2023-08,22,2,Tue,f,2023-08-01,2023-08-31
2023-08-23,2023,3,Q3,8,Aug,August   ,2023-08,23,3,Wed,f,2023-08-01,2023-08-31
2023-08-24,2023,3,Q3,8,Aug,August   ,2023-08,24,4,Thu,f,2023-08-01,2023-08-31
2023-08-25,2023,3,Q3,8,Aug,August   ,2023-08,25,5,Fri,t,2023-08-01,2023-08-31
2023-08-26,2023,3,Q3,8,Aug,August   ,2023-08,26,6,Sat,t,2023-08-01,2023-08-31
2023-08-27,2023,3,Q3,8,Aug,August   ,2023-08,27,7,Sun,f,2023-08-01,2023-08-31
2023-08-28,2023,3,Q3,8,Aug,August   ,2023-08,28,1,Mon,f,2023-08-01,2023-08-31
2023-08-29,2023,3,Q3,8,Aug,August   ,2023-08,29,2,Tue,f,2023-08-01,2023-08-31
2023-08-30,2023,3,Q3,8,Aug,August   ,2023-08,30,3,Wed,f,2023-08-01,2023-08-31
2023-08-31,2023,3,Q3,8,Aug,August   ,2023-08,31,4,Thu,f,2023-08-01,2023-08-31
2023-09-01,2023,3,Q3,9,Sep,September,2023-09,1,5,Fri,t,2023-09-01,2023-09-30
2023-09-02,2023,3,Q3,9,Sep,September,2023-09,2,6,Sat,t,2023-09-01,2023-09-30
2023-09-03,2023,3,Q3,9,Sep,September,2023-09,3,7,Sun,f,2023-09-01,2023-09-30
2023-09-04,2023,3,Q3,9,Sep,September,2023-09,4,1,Mon,f,2023-09-01,2023-09-30
2023-09-05,2023,3,Q3,9,Sep,September,2023-09,5,2,Tue,f,2023-09-01,2023-09-30
2023-09-06,2023,3,Q3,9,Sep,September,2023-09,6,3,Wed,f,2023-09-01,2023-09-30
2023-09-07,2023,3,Q3,9,Sep,September,2023-09,7,4,Thu,f,2023-09-01,2023-09-30
2023-09-08,2023,3,Q3,9,Sep,September,2023-09,8,5,Fri,t,2023-09-01,2023-09-30
2023-09-09,2023,3,Q3,9,Sep,September,2023-09,9,6,Sat,t,2023-09-01,2023-09-30
2023-09-10,2023,3,Q3,9,Sep,September,2023-09,10,7,Sun,f,2023-09-01,2023-09-30
2023-09-11,2023,3,Q3,9,Sep,September,2023-09,11,1,Mon,f,2023-09-01,2023-09-30
2023-09-12,2023,3,Q3,9,Sep,September,2023-09,12,2,Tue,f,2023-09-01,2023-09-30
2023-09-13,2023,3,Q3,9,Sep,September,2023-09,13,3,Wed,f,2023-09-01,2023-09-30
2023-09-14,2023,3,Q3,9,Sep,September,2023-09,14,4,Thu,f,2023-09-01,2023-09-30
2023-09-15,2023,3,Q3,9,Sep,September,2023-09,15,5,Fri,t,2023-09-01,2023-09-30
2023-09-16,2023,3,Q3,9,Sep,September,2023-09,16,6,Sat,t,2023-09-01,2023-09-30
2023-09-17,2023,3,Q3,9,Sep,September,2023-09,17,7,Sun,f,2023-09-01,2023-09-30
2023-09-18,2023,3,Q3,9,Sep,September,2023-09,18,1,Mon,f,2023-09-01,2023-09-30
2023-09-19,2023,3,Q3,9,Sep,September,2023-09,19,2,Tue,f,2023-09-01,2023-09-30
2023-09-20,2023,3,Q3,9,Sep,September,2023-09,20,3,Wed,f,2023-09-01,2023-09-30
2023-09-21,2023,3,Q3,9,Sep,September,2023-09,21,4,Thu,f,2023-09-01,2023-09-30
2023-09-22,2023,3,Q3,9,Sep,September,2023-09,22,5,Fri,t,2023-09-01,2023-09-30
2023-09-23,2023,3,Q3,9,Sep,September,2023-09,23,6,Sat,t,2023-09-01,2023-09-30
2023-09-24,2023,3,Q3,9,Sep,September,2023-09,24,7,Sun,f,2023-09-01,2023-09-30
2023-09-25,2023,3,Q3,9,Sep,September,2023-09,25,1,Mon,f,2023-09-01,2023-09-30
2023-09-26,2023,3,Q3,9,Sep,September,2023-09,26,2,Tue,f,2023-09-01,2023-09-30
2023-09-27,2023,3,Q3,9,Sep,September,2023-09,27,3,Wed,f,2023-09-01,2023-09-30
2023-09-28,2023,3,Q3,9,Sep,September,2023-09,28,4,Thu,f,2023-09-01,2023-09-30
2023-09-29,2023,3,Q3,9,Sep,September,2023-09,29,5,Fri,t,2023-09-01,2023-09-30
2023-09-30,2023,3,Q3,9,Sep,September,2023-09,30,6,Sat,t,2023-09-01,2023-09-30
2023-10-01,2023,4,Q4,10,Oct,October  ,2023-10,1,7,Sun,f,2023-10-01,2023-10-31
2023-10-02,2023,4,Q4,10,Oct,October  ,2023-10,2,1,Mon,f,2023-10-01,2023-10-31
2023-10-03,2023,4,Q4,10,Oct,October  ,2023-10,3,2,Tue,f,2023-10-01,2023-10-31
2023-10-04,2023,4,Q4,10,Oct,October  ,2023-10,4,3,Wed,f,2023-10-01,2023-10-31
2023-10-05,2023,4,Q4,10,Oct,October  ,2023-10,5,4,Thu,f,2023-10-01,2023-10-31
2023-10-06,2023,4,Q4,10,Oct,October  ,2023-10,6,5,Fri,t,2023-10-01,2023-10-31
2023-10-07,2023,4,Q4,10,Oct,October  ,2023-10,7,6,Sat,t,2023-10-01,2023-10-31
2023-10-08,2023,4,Q4,10,Oct,October  ,2023-10,8,7,Sun,f,2023-10-01,2023-10-31
2023-10-09,2023,4,Q4,10,Oct,October  ,2023-10,9,1,Mon,f,2023-10-01,2023-10-31
2023-10-10,2023,4,Q4,10,Oct,October  ,2023-10,10,2,Tue,f,2023-10-01,2023-10-31
2023-10-11,2023,4,Q4,10,Oct,October  ,2023-10,11,3,Wed,f,2023-10-01,2023-10-31
2023-10-12,2023,4,Q4,10,Oct,October  ,2023-10,12,4,Thu,f,2023-10-01,2023-10-31
2023-10-13,2023,4,Q4,10,Oct,October  ,2023-10,13,5,Fri,t,2023-10-01,2023-10-31
2023-10-14,2023,4,Q4,10,Oct,October  ,2023-10,14,6,Sat,t,2023-10-01,2023-10-31
2023-10-15,2023,4,Q4,10,Oct,October  ,2023-10,15,7,Sun,f,2023-10-01,2023-10-31
2023-10-16,2023,4,Q4,10,Oct,October  ,2023-10,16,1,Mon,f,2023-10-01,2023-10-31
2023-10-17,2023,4,Q4,10,Oct,October  ,2023-10,17,2,Tue,f,2023-10-01,2023-10-31
2023-10-18,2023,4,Q4,10,Oct,October  ,2023-10,18,3,Wed,f,2023-10-01,2023-10-31
2023-10-19,2023,4,Q4,10,Oct,October  ,2023-10,19,4,Thu,f,2023-10-01,2023-10-31
2023-10-20,2023,4,Q4,10,Oct,October  ,2023-10,20,5,Fri,t,2023-10-01,2023-10-31
2023-10-21,2023,4,Q4,10,Oct,October  ,2023-10,21,6,Sat,t,2023-10-01,2023-10-31
2023-10-22,2023,4,Q4,10,Oct,October  ,2023-10,22,7,Sun,f,2023-10-01,2023-10-31
2023-10-23,2023,4,Q4,10,Oct,October  ,2023-10,23,1,Mon,f,2023-10-01,2023-10-31
2023-10-24,2023,4,Q4,10,Oct,October  ,2023-10,24,2,Tue,f,2023-10-01,2023-10-31
2023-10-25,2023,4,Q4,10,Oct,October  ,2023-10,25,3,Wed,f,2023-10-01,2023-10-31
2023-10-26,2023,4,Q4,10,Oct,October  ,2023-10,26,4,Thu,f,2023-10-01,2023-10-31
2023-10-27,2023,4,Q4,10,Oct,October  ,2023-10,27,5,Fri,t,2023-10-01,2023-10-31
2023-10-28,2023,4,Q4,10,Oct,October  ,2023-10,28,6,Sat,t,2023-10-01,2023-10-31
2023-10-29,2023,4,Q4,10,Oct,October  ,2023-10,29,7,Sun,f,2023-10-01,2023-10-31
2023-10-30,2023,4,Q4,10,Oct,October  ,2023-10,30,1,Mon,f,2023-10-01,2023-10-31
2023-10-31,2023,4,Q4,10,Oct,October  ,2023-10,31,2,Tue,f,2023-10-01,2023-10-31
2023-11-01,2023,4,Q4,11,Nov,November ,2023-11,1,3,Wed,f,2023-11-01,2023-11-30
2023-11-02,2023,4,Q4,11,Nov,November ,2023-11,2,4,Thu,f,2023-11-01,2023-11-30
2023-11-03,2023,4,Q4,11,Nov,November ,2023-11,3,5,Fri,t,2023-11-01,2023-11-30
2023-11-04,2023,4,Q4,11,Nov,November ,2023-11,4,6,Sat,t,2023-11-01,2023-11-30
2023-11-05,2023,4,Q4,11,Nov,November ,2023-11,5,7,Sun,f,2023-11-01,2023-11-30
2023-11-06,2023,4,Q4,11,Nov,November ,2023-11,6,1,Mon,f,2023-11-01,2023-11-30
2023-11-07,2023,4,Q4,11,Nov,November ,2023-11,7,2,Tue,f,2023-11-01,2023-11-30
2023-11-08,2023,4,Q4,11,Nov,November ,2023-11,8,3,Wed,f,2023-11-01,2023-11-30
2023-11-09,2023,4,Q4,11,Nov,November ,2023-11,9,4,Thu,f,2023-11-01,2023-11-30
2023-11-10,2023,4,Q4,11,Nov,November ,2023-11,10,5,Fri,t,2023-11-01,2023-11-30
2023-11-11,2023,4,Q4,11,Nov,November ,2023-11,11,6,Sat,t,2023-11-01,2023-11-30
2023-11-12,2023,4,Q4,11,Nov,November ,2023-11,12,7,Sun,f,2023-11-01,2023-11-30
2023-11-13,2023,4,Q4,11,Nov,November ,2023-11,13,1,Mon,f,2023-11-01,2023-11-30
2023-11-14,2023,4,Q4,11,Nov,November ,2023-11,14,2,Tue,f,2023-11-01,2023-11-30
2023-11-15,2023,4,Q4,11,Nov,November ,2023-11,15,3,Wed,f,2023-11-01,2023-11-30
2023-11-16,2023,4,Q4,11,Nov,November ,2023-11,16,4,Thu,f,2023-11-01,2023-11-30
2023-11-17,2023,4,Q4,11,Nov,November ,2023-11,17,5,Fri,t,2023-11-01,2023-11-30
2023-11-18,2023,4,Q4,11,Nov,November ,2023-11,18,6,Sat,t,2023-11-01,2023-11-30
2023-11-19,2023,4,Q4,11,Nov,November ,2023-11,19,7,Sun,f,2023-11-01,2023-11-30
2023-11-20,2023,4,Q4,11,Nov,November ,2023-11,20,1,Mon,f,2023-11-01,2023-11-30
2023-11-21,2023,4,Q4,11,Nov,November ,2023-11,21,2,Tue,f,2023-11-01,2023-11-30
2023-11-22,2023,4,Q4,11,Nov,November ,2023-11,22,3,Wed,f,2023-11-01,2023-11-30
2023-11-23,2023,4,Q4,11,Nov,November ,2023-11,23,4,Thu,f,2023-11-01,2023-11-30
2023-11-24,2023,4,Q4,11,Nov,November ,2023-11,24,5,Fri,t,2023-11-01,2023-11-30
2023-11-25,2023,4,Q4,11,Nov,November ,2023-11,25,6,Sat,t,2023-11-01,2023-11-30
2023-11-26,2023,4,Q4,11,Nov,November ,2023-11,26,7,Sun,f,2023-11-01,2023-11-30
2023-11-27,2023,4,Q4,11,Nov,November ,2023-11,27,1,Mon,f,2023-11-01,2023-11-30
2023-11-28,2023,4,Q4,11,Nov,November ,2023-11,28,2,Tue,f,2023-11-01,2023-11-30
2023-11-29,2023,4,Q4,11,Nov,November ,2023-11,29,3,Wed,f,2023-11-01,2023-11-30
2023-11-30,2023,4,Q4,11,Nov,November ,2023-11,30,4,Thu,f,2023-11-01,2023-11-30
2023-12-01,2023,4,Q4,12,Dec,December ,2023-12,1,5,Fri,t,2023-12-01,2023-12-31
2023-12-02,2023,4,Q4,12,Dec,December ,2023-12,2,6,Sat,t,2023-12-01,2023-12-31
2023-12-03,2023,4,Q4,12,Dec,December ,2023-12,3,7,Sun,f,2023-12-01,2023-12-31
2023-12-04,2023,4,Q4,12,Dec,December ,2023-12,4,1,Mon,f,2023-12-01,2023-12-31
2023-12-05,2023,4,Q4,12,Dec,December ,2023-12,5,2,Tue,f,2023-12-01,2023-12-31
2023-12-06,2023,4,Q4,12,Dec,December ,2023-12,6,3,Wed,f,2023-12-01,2023-12-31
2023-12-07,2023,4,Q4,12,Dec,December ,2023-12,7,4,Thu,f,2023-12-01,2023-12-31
2023-12-08,2023,4,Q4,12,Dec,December ,2023-12,8,5,Fri,t,2023-12-01,2023-12-31
2023-12-09,2023,4,Q4,12,Dec,December ,2023-12,9,6,Sat,t,2023-12-01,2023-12-31
2023-12-10,2023,4,Q4,12,Dec,December ,2023-12,10,7,Sun,f,2023-12-01,2023-12-31
2023-12-11,2023,4,Q4,12,Dec,December ,2023-12,11,1,Mon,f,2023-12-01,2023-12-31
2023-12-12,2023,4,Q4,12,Dec,December ,2023-12,12,2,Tue,f,2023-12-01,2023-12-31
2023-12-13,2023,4,Q4,12,Dec,December ,2023-12,13,3,Wed,f,2023-12-01,2023-12-31
2023-12-14,2023,4,Q4,12,Dec,December ,2023-12,14,4,Thu,f,2023-12-01,2023-12-31
2023-12-15,2023,4,Q4,12,Dec,December ,2023-12,15,5,Fri,t,2023-12-01,2023-12-31
2023-12-16,2023,4,Q4,12,Dec,December ,2023-12,16,6,Sat,t,2023-12-01,2023-12-31
2023-12-17,2023,4,Q4,12,Dec,December ,2023-12,17,7,Sun,f,2023-12-01,2023-12-31
2023-12-18,2023,4,Q4,12,Dec,December ,2023-12,18,1,Mon,f,2023-12-01,2023-12-31
2023-12-19,2023,4,Q4,12,Dec,December ,2023-12,19,2,Tue,f,2023-12-01,2023-12-31
2023-12-20,2023,4,Q4,12,Dec,December ,2023-12,20,3,Wed,f,2023-12-01,2023-12-31
2023-12-21,2023,4,Q4,12,Dec,December ,2023-12,21,4,Thu,f,2023-12-01,2023-12-31
2023-12-22,2023,4,Q4,12,Dec,December ,2023-12,22,5,Fri,t,2023-12-01,2023-12-31
2023-12-23,2023,4,Q4,12,Dec,December ,2023-12,23,6,Sat,t,2023-12-01,2023-12-31
2023-12-24,2023,4,Q4,12,Dec,December ,2023-12,24,7,Sun,f,2023-12-01,2023-12-31
2023-12-25,2023,4,Q4,12,Dec,December ,2023-12,25,1,Mon,f,2023-12-01,2023-12-31
2023-12-26,2023,4,Q4,12,Dec,December ,2023-12,26,2,Tue,f,2023-12-01,2023-12-31
2023-12-27,2023,4,Q4,12,Dec,December ,2023-12,27,3,Wed,f,2023-12-01,2023-12-31
2023-12-28,2023,4,Q4,12,Dec,December ,2023-12,28,4,Thu,f,2023-12-01,2023-12-31
2023-12-29,2023,4,Q4,12,Dec,December ,2023-12,29,5,Fri,t,2023-12-01,2023-12-31
2023-12-30,2023,4,Q4,12,Dec,December ,2023-12,30,6,Sat,t,2023-12-01,2023-12-31
2023-12-31,2023,4,Q4,12,Dec,December ,2023-12,31,7,Sun,f,2023-12-01,2023-12-31
2024-01-01,2024,1,Q1,1,Jan,January  ,2024-01,1,1,Mon,f,2024-01-01,2024-01-31
2024-01-02,2024,1,Q1,1,Jan,January  ,2024-01,2,2,Tue,f,2024-01-01,2024-01-31
2024-01-03,2024,1,Q1,1,Jan,January  ,2024-01,3,3,Wed,f,2024-01-01,2024-01-31
2024-01-04,2024,1,Q1,1,Jan,January  ,2024-01,4,4,Thu,f,2024-01-01,2024-01-31
2024-01-05,2024,1,Q1,1,Jan,January  ,2024-01,5,5,Fri,t,2024-01-01,2024-01-31
2024-01-06,2024,1,Q1,1,Jan,January  ,2024-01,6,6,Sat,t,2024-01-01,2024-01-31
2024-01-07,2024,1,Q1,1,Jan,January  ,2024-01,7,7,Sun,f,2024-01-01,2024-01-31
2024-01-08,2024,1,Q1,1,Jan,January  ,2024-01,8,1,Mon,f,2024-01-01,2024-01-31
2024-01-09,2024,1,Q1,1,Jan,January  ,2024-01,9,2,Tue,f,2024-01-01,2024-01-31
2024-01-10,2024,1,Q1,1,Jan,January  ,2024-01,10,3,Wed,f,2024-01-01,2024-01-31
2024-01-11,2024,1,Q1,1,Jan,January  ,2024-01,11,4,Thu,f,2024-01-01,2024-01-31
2024-01-12,2024,1,Q1,1,Jan,January  ,2024-01,12,5,Fri,t,2024-01-01,2024-01-31
2024-01-13,2024,1,Q1,1,Jan,January  ,2024-01,13,6,Sat,t,2024-01-01,2024-01-31
2024-01-14,2024,1,Q1,1,Jan,January  ,2024-01,14,7,Sun,f,2024-01-01,2024-01-31
2024-01-15,2024,1,Q1,1,Jan,January  ,2024-01,15,1,Mon,f,2024-01-01,2024-01-31
2024-01-16,2024,1,Q1,1,Jan,January  ,2024-01,16,2,Tue,f,2024-01-01,2024-01-31
2024-01-17,2024,1,Q1,1,Jan,January  ,2024-01,17,3,Wed,f,2024-01-01,2024-01-31
2024-01-18,2024,1,Q1,1,Jan,January  ,2024-01,18,4,Thu,f,2024-01-01,2024-01-31
2024-01-19,2024,1,Q1,1,Jan,January  ,2024-01,19,5,Fri,t,2024-01-01,2024-01-31
2024-01-20,2024,1,Q1,1,Jan,January  ,2024-01,20,6,Sat,t,2024-01-01,2024-01-31
2024-01-21,2024,1,Q1,1,Jan,January  ,2024-01,21,7,Sun,f,2024-01-01,2024-01-31
2024-01-22,2024,1,Q1,1,Jan,January  ,2024-01,22,1,Mon,f,2024-01-01,2024-01-31
2024-01-23,2024,1,Q1,1,Jan,January  ,2024-01,23,2,Tue,f,2024-01-01,2024-01-31
2024-01-24,2024,1,Q1,1,Jan,January  ,2024-01,24,3,Wed,f,2024-01-01,2024-01-31
2024-01-25,2024,1,Q1,1,Jan,January  ,2024-01,25,4,Thu,f,2024-01-01,2024-01-31
2024-01-26,2024,1,Q1,1,Jan,January  ,2024-01,26,5,Fri,t,2024-01-01,2024-01-31
2024-01-27,2024,1,Q1,1,Jan,January  ,2024-01,27,6,Sat,t,2024-01-01,2024-01-31
2024-01-28,2024,1,Q1,1,Jan,January  ,2024-01,28,7,Sun,f,2024-01-01,2024-01-31
2024-01-29,2024,1,Q1,1,Jan,January  ,2024-01,29,1,Mon,f,2024-01-01,2024-01-31
2024-01-30,2024,1,Q1,1,Jan,January  ,2024-01,30,2,Tue,f,2024-01-01,2024-01-31
2024-01-31,2024,1,Q1,1,Jan,January  ,2024-01,31,3,Wed,f,2024-01-01,2024-01-31
2024-02-01,2024,1,Q1,2,Feb,February ,2024-02,1,4,Thu,f,2024-02-01,2024-02-29
2024-02-02,2024,1,Q1,2,Feb,February ,2024-02,2,5,Fri,t,2024-02-01,2024-02-29
2024-02-03,2024,1,Q1,2,Feb,February ,2024-02,3,6,Sat,t,2024-02-01,2024-02-29
2024-02-04,2024,1,Q1,2,Feb,February ,2024-02,4,7,Sun,f,2024-02-01,2024-02-29
2024-02-05,2024,1,Q1,2,Feb,February ,2024-02,5,1,Mon,f,2024-02-01,2024-02-29
2024-02-06,2024,1,Q1,2,Feb,February ,2024-02,6,2,Tue,f,2024-02-01,2024-02-29
2024-02-07,2024,1,Q1,2,Feb,February ,2024-02,7,3,Wed,f,2024-02-01,2024-02-29
2024-02-08,2024,1,Q1,2,Feb,February ,2024-02,8,4,Thu,f,2024-02-01,2024-02-29
2024-02-09,2024,1,Q1,2,Feb,February ,2024-02,9,5,Fri,t,2024-02-01,2024-02-29
2024-02-10,2024,1,Q1,2,Feb,February ,2024-02,10,6,Sat,t,2024-02-01,2024-02-29
2024-02-11,2024,1,Q1,2,Feb,February ,2024-02,11,7,Sun,f,2024-02-01,2024-02-29
2024-02-12,2024,1,Q1,2,Feb,February ,2024-02,12,1,Mon,f,2024-02-01,2024-02-29
2024-02-13,2024,1,Q1,2,Feb,February ,2024-02,13,2,Tue,f,2024-02-01,2024-02-29
2024-02-14,2024,1,Q1,2,Feb,February ,2024-02,14,3,Wed,f,2024-02-01,2024-02-29
2024-02-15,2024,1,Q1,2,Feb,February ,2024-02,15,4,Thu,f,2024-02-01,2024-02-29
2024-02-16,2024,1,Q1,2,Feb,February ,2024-02,16,5,Fri,t,2024-02-01,2024-02-29
2024-02-17,2024,1,Q1,2,Feb,February ,2024-02,17,6,Sat,t,2024-02-01,2024-02-29
2024-02-18,2024,1,Q1,2,Feb,February ,2024-02,18,7,Sun,f,2024-02-01,2024-02-29
2024-02-19,2024,1,Q1,2,Feb,February ,2024-02,19,1,Mon,f,2024-02-01,2024-02-29
2024-02-20,2024,1,Q1,2,Feb,February ,2024-02,20,2,Tue,f,2024-02-01,2024-02-29
2024-02-21,2024,1,Q1,2,Feb,February ,2024-02,21,3,Wed,f,2024-02-01,2024-02-29
2024-02-22,2024,1,Q1,2,Feb,February ,2024-02,22,4,Thu,f,2024-02-01,2024-02-29
2024-02-23,2024,1,Q1,2,Feb,February ,2024-02,23,5,Fri,t,2024-02-01,2024-02-29
2024-02-24,2024,1,Q1,2,Feb,February ,2024-02,24,6,Sat,t,2024-02-01,2024-02-29
2024-02-25,2024,1,Q1,2,Feb,February ,2024-02,25,7,Sun,f,2024-02-01,2024-02-29
2024-02-26,2024,1,Q1,2,Feb,February ,2024-02,26,1,Mon,f,2024-02-01,2024-02-29
2024-02-27,2024,1,Q1,2,Feb,February ,2024-02,27,2,Tue,f,2024-02-01,2024-02-29
2024-02-28,2024,1,Q1,2,Feb,February ,2024-02,28,3,Wed,f,2024-02-01,2024-02-29
2024-02-29,2024,1,Q1,2,Feb,February ,2024-02,29,4,Thu,f,2024-02-01,2024-02-29
2024-03-01,2024,1,Q1,3,Mar,March    ,2024-03,1,5,Fri,t,2024-03-01,2024-03-31
2024-03-02,2024,1,Q1,3,Mar,March    ,2024-03,2,6,Sat,t,2024-03-01,2024-03-31
2024-03-03,2024,1,Q1,3,Mar,March    ,2024-03,3,7,Sun,f,2024-03-01,2024-03-31
2024-03-04,2024,1,Q1,3,Mar,March    ,2024-03,4,1,Mon,f,2024-03-01,2024-03-31
2024-03-05,2024,1,Q1,3,Mar,March    ,2024-03,5,2,Tue,f,2024-03-01,2024-03-31
2024-03-06,2024,1,Q1,3,Mar,March    ,2024-03,6,3,Wed,f,2024-03-01,2024-03-31
2024-03-07,2024,1,Q1,3,Mar,March    ,2024-03,7,4,Thu,f,2024-03-01,2024-03-31
2024-03-08,2024,1,Q1,3,Mar,March    ,2024-03,8,5,Fri,t,2024-03-01,2024-03-31
2024-03-09,2024,1,Q1,3,Mar,March    ,2024-03,9,6,Sat,t,2024-03-01,2024-03-31
2024-03-10,2024,1,Q1,3,Mar,March    ,2024-03,10,7,Sun,f,2024-03-01,2024-03-31
2024-03-11,2024,1,Q1,3,Mar,March    ,2024-03,11,1,Mon,f,2024-03-01,2024-03-31
2024-03-12,2024,1,Q1,3,Mar,March    ,2024-03,12,2,Tue,f,2024-03-01,2024-03-31
2024-03-13,2024,1,Q1,3,Mar,March    ,2024-03,13,3,Wed,f,2024-03-01,2024-03-31
2024-03-14,2024,1,Q1,3,Mar,March    ,2024-03,14,4,Thu,f,2024-03-01,2024-03-31
2024-03-15,2024,1,Q1,3,Mar,March    ,2024-03,15,5,Fri,t,2024-03-01,2024-03-31
2024-03-16,2024,1,Q1,3,Mar,March    ,2024-03,16,6,Sat,t,2024-03-01,2024-03-31
2024-03-17,2024,1,Q1,3,Mar,March    ,2024-03,17,7,Sun,f,2024-03-01,2024-03-31
2024-03-18,2024,1,Q1,3,Mar,March    ,2024-03,18,1,Mon,f,2024-03-01,2024-03-31
2024-03-19,2024,1,Q1,3,Mar,March    ,2024-03,19,2,Tue,f,2024-03-01,2024-03-31
2024-03-20,2024,1,Q1,3,Mar,March    ,2024-03,20,3,Wed,f,2024-03-01,2024-03-31
2024-03-21,2024,1,Q1,3,Mar,March    ,2024-03,21,4,Thu,f,2024-03-01,2024-03-31
2024-03-22,2024,1,Q1,3,Mar,March    ,2024-03,22,5,Fri,t,2024-03-01,2024-03-31
2024-03-23,2024,1,Q1,3,Mar,March    ,2024-03,23,6,Sat,t,2024-03-01,2024-03-31
2024-03-24,2024,1,Q1,3,Mar,March    ,2024-03,24,7,Sun,f,2024-03-01,2024-03-31
2024-03-25,2024,1,Q1,3,Mar,March    ,2024-03,25,1,Mon,f,2024-03-01,2024-03-31
2024-03-26,2024,1,Q1,3,Mar,March    ,2024-03,26,2,Tue,f,2024-03-01,2024-03-31
2024-03-27,2024,1,Q1,3,Mar,March    ,2024-03,27,3,Wed,f,2024-03-01,2024-03-31
2024-03-28,2024,1,Q1,3,Mar,March    ,2024-03,28,4,Thu,f,2024-03-01,2024-03-31
2024-03-29,2024,1,Q1,3,Mar,March    ,2024-03,29,5,Fri,t,2024-03-01,2024-03-31
2024-03-30,2024,1,Q1,3,Mar,March    ,2024-03,30,6,Sat,t,2024-03-01,2024-03-31
2024-03-31,2024,1,Q1,3,Mar,March    ,2024-03,31,7,Sun,f,2024-03-01,2024-03-31
2024-04-01,2024,2,Q2,4,Apr,April    ,2024-04,1,1,Mon,f,2024-04-01,2024-04-30
2024-04-02,2024,2,Q2,4,Apr,April    ,2024-04,2,2,Tue,f,2024-04-01,2024-04-30
2024-04-03,2024,2,Q2,4,Apr,April    ,2024-04,3,3,Wed,f,2024-04-01,2024-04-30
2024-04-04,2024,2,Q2,4,Apr,April    ,2024-04,4,4,Thu,f,2024-04-01,2024-04-30
2024-04-05,2024,2,Q2,4,Apr,April    ,2024-04,5,5,Fri,t,2024-04-01,2024-04-30
2024-04-06,2024,2,Q2,4,Apr,April    ,2024-04,6,6,Sat,t,2024-04-01,2024-04-30
2024-04-07,2024,2,Q2,4,Apr,April    ,2024-04,7,7,Sun,f,2024-04-01,2024-04-30
2024-04-08,2024,2,Q2,4,Apr,April    ,2024-04,8,1,Mon,f,2024-04-01,2024-04-30
2024-04-09,2024,2,Q2,4,Apr,April    ,2024-04,9,2,Tue,f,2024-04-01,2024-04-30
2024-04-10,2024,2,Q2,4,Apr,April    ,2024-04,10,3,Wed,f,2024-04-01,2024-04-30
2024-04-11,2024,2,Q2,4,Apr,April    ,2024-04,11,4,Thu,f,2024-04-01,2024-04-30
2024-04-12,2024,2,Q2,4,Apr,April    ,2024-04,12,5,Fri,t,2024-04-01,2024-04-30
2024-04-13,2024,2,Q2,4,Apr,April    ,2024-04,13,6,Sat,t,2024-04-01,2024-04-30
2024-04-14,2024,2,Q2,4,Apr,April    ,2024-04,14,7,Sun,f,2024-04-01,2024-04-30
2024-04-15,2024,2,Q2,4,Apr,April    ,2024-04,15,1,Mon,f,2024-04-01,2024-04-30
2024-04-16,2024,2,Q2,4,Apr,April    ,2024-04,16,2,Tue,f,2024-04-01,2024-04-30
2024-04-17,2024,2,Q2,4,Apr,April    ,2024-04,17,3,Wed,f,2024-04-01,2024-04-30
2024-04-18,2024,2,Q2,4,Apr,April    ,2024-04,18,4,Thu,f,2024-04-01,2024-04-30
2024-04-19,2024,2,Q2,4,Apr,April    ,2024-04,19,5,Fri,t,2024-04-01,2024-04-30
2024-04-20,2024,2,Q2,4,Apr,April    ,2024-04,20,6,Sat,t,2024-04-01,2024-04-30
2024-04-21,2024,2,Q2,4,Apr,April    ,2024-04,21,7,Sun,f,2024-04-01,2024-04-30
2024-04-22,2024,2,Q2,4,Apr,April    ,2024-04,22,1,Mon,f,2024-04-01,2024-04-30
2024-04-23,2024,2,Q2,4,Apr,April    ,2024-04,23,2,Tue,f,2024-04-01,2024-04-30
2024-04-24,2024,2,Q2,4,Apr,April    ,2024-04,24,3,Wed,f,2024-04-01,2024-04-30
2024-04-25,2024,2,Q2,4,Apr,April    ,2024-04,25,4,Thu,f,2024-04-01,2024-04-30
2024-04-26,2024,2,Q2,4,Apr,April    ,2024-04,26,5,Fri,t,2024-04-01,2024-04-30
2024-04-27,2024,2,Q2,4,Apr,April    ,2024-04,27,6,Sat,t,2024-04-01,2024-04-30
2024-04-28,2024,2,Q2,4,Apr,April    ,2024-04,28,7,Sun,f,2024-04-01,2024-04-30
2024-04-29,2024,2,Q2,4,Apr,April    ,2024-04,29,1,Mon,f,2024-04-01,2024-04-30
2024-04-30,2024,2,Q2,4,Apr,April    ,2024-04,30,2,Tue,f,2024-04-01,2024-04-30
2024-05-01,2024,2,Q2,5,May,May      ,2024-05,1,3,Wed,f,2024-05-01,2024-05-31
2024-05-02,2024,2,Q2,5,May,May      ,2024-05,2,4,Thu,f,2024-05-01,2024-05-31
2024-05-03,2024,2,Q2,5,May,May      ,2024-05,3,5,Fri,t,2024-05-01,2024-05-31
2024-05-04,2024,2,Q2,5,May,May      ,2024-05,4,6,Sat,t,2024-05-01,2024-05-31
2024-05-05,2024,2,Q2,5,May,May      ,2024-05,5,7,Sun,f,2024-05-01,2024-05-31
2024-05-06,2024,2,Q2,5,May,May      ,2024-05,6,1,Mon,f,2024-05-01,2024-05-31
2024-05-07,2024,2,Q2,5,May,May      ,2024-05,7,2,Tue,f,2024-05-01,2024-05-31
2024-05-08,2024,2,Q2,5,May,May      ,2024-05,8,3,Wed,f,2024-05-01,2024-05-31
2024-05-09,2024,2,Q2,5,May,May      ,2024-05,9,4,Thu,f,2024-05-01,2024-05-31
2024-05-10,2024,2,Q2,5,May,May      ,2024-05,10,5,Fri,t,2024-05-01,2024-05-31
2024-05-11,2024,2,Q2,5,May,May      ,2024-05,11,6,Sat,t,2024-05-01,2024-05-31
2024-05-12,2024,2,Q2,5,May,May      ,2024-05,12,7,Sun,f,2024-05-01,2024-05-31
2024-05-13,2024,2,Q2,5,May,May      ,2024-05,13,1,Mon,f,2024-05-01,2024-05-31
2024-05-14,2024,2,Q2,5,May,May      ,2024-05,14,2,Tue,f,2024-05-01,2024-05-31
2024-05-15,2024,2,Q2,5,May,May      ,2024-05,15,3,Wed,f,2024-05-01,2024-05-31
2024-05-16,2024,2,Q2,5,May,May      ,2024-05,16,4,Thu,f,2024-05-01,2024-05-31
2024-05-17,2024,2,Q2,5,May,May      ,2024-05,17,5,Fri,t,2024-05-01,2024-05-31
2024-05-18,2024,2,Q2,5,May,May      ,2024-05,18,6,Sat,t,2024-05-01,2024-05-31
2024-05-19,2024,2,Q2,5,May,May      ,2024-05,19,7,Sun,f,2024-05-01,2024-05-31
2024-05-20,2024,2,Q2,5,May,May      ,2024-05,20,1,Mon,f,2024-05-01,2024-05-31
2024-05-21,2024,2,Q2,5,May,May      ,2024-05,21,2,Tue,f,2024-05-01,2024-05-31
2024-05-22,2024,2,Q2,5,May,May      ,2024-05,22,3,Wed,f,2024-05-01,2024-05-31
2024-05-23,2024,2,Q2,5,May,May      ,2024-05,23,4,Thu,f,2024-05-01,2024-05-31
2024-05-24,2024,2,Q2,5,May,May      ,2024-05,24,5,Fri,t,2024-05-01,2024-05-31
2024-05-25,2024,2,Q2,5,May,May      ,2024-05,25,6,Sat,t,2024-05-01,2024-05-31
2024-05-26,2024,2,Q2,5,May,May      ,2024-05,26,7,Sun,f,2024-05-01,2024-05-31
2024-05-27,2024,2,Q2,5,May,May      ,2024-05,27,1,Mon,f,2024-05-01,2024-05-31
2024-05-28,2024,2,Q2,5,May,May      ,2024-05,28,2,Tue,f,2024-05-01,2024-05-31
2024-05-29,2024,2,Q2,5,May,May      ,2024-05,29,3,Wed,f,2024-05-01,2024-05-31
2024-05-30,2024,2,Q2,5,May,May      ,2024-05,30,4,Thu,f,2024-05-01,2024-05-31
2024-05-31,2024,2,Q2,5,May,May      ,2024-05,31,5,Fri,t,2024-05-01,2024-05-31
2024-06-01,2024,2,Q2,6,Jun,June     ,2024-06,1,6,Sat,t,2024-06-01,2024-06-30
2024-06-02,2024,2,Q2,6,Jun,June     ,2024-06,2,7,Sun,f,2024-06-01,2024-06-30
2024-06-03,2024,2,Q2,6,Jun,June     ,2024-06,3,1,Mon,f,2024-06-01,2024-06-30
2024-06-04,2024,2,Q2,6,Jun,June     ,2024-06,4,2,Tue,f,2024-06-01,2024-06-30
2024-06-05,2024,2,Q2,6,Jun,June     ,2024-06,5,3,Wed,f,2024-06-01,2024-06-30
2024-06-06,2024,2,Q2,6,Jun,June     ,2024-06,6,4,Thu,f,2024-06-01,2024-06-30
2024-06-07,2024,2,Q2,6,Jun,June     ,2024-06,7,5,Fri,t,2024-06-01,2024-06-30
2024-06-08,2024,2,Q2,6,Jun,June     ,2024-06,8,6,Sat,t,2024-06-01,2024-06-30
2024-06-09,2024,2,Q2,6,Jun,June     ,2024-06,9,7,Sun,f,2024-06-01,2024-06-30
2024-06-10,2024,2,Q2,6,Jun,June     ,2024-06,10,1,Mon,f,2024-06-01,2024-06-30
2024-06-11,2024,2,Q2,6,Jun,June     ,2024-06,11,2,Tue,f,2024-06-01,2024-06-30
2024-06-12,2024,2,Q2,6,Jun,June     ,2024-06,12,3,Wed,f,2024-06-01,2024-06-30
2024-06-13,2024,2,Q2,6,Jun,June     ,2024-06,13,4,Thu,f,2024-06-01,2024-06-30
2024-06-14,2024,2,Q2,6,Jun,June     ,2024-06,14,5,Fri,t,2024-06-01,2024-06-30
2024-06-15,2024,2,Q2,6,Jun,June     ,2024-06,15,6,Sat,t,2024-06-01,2024-06-30
2024-06-16,2024,2,Q2,6,Jun,June     ,2024-06,16,7,Sun,f,2024-06-01,2024-06-30
2024-06-17,2024,2,Q2,6,Jun,June     ,2024-06,17,1,Mon,f,2024-06-01,2024-06-30
2024-06-18,2024,2,Q2,6,Jun,June     ,2024-06,18,2,Tue,f,2024-06-01,2024-06-30
2024-06-19,2024,2,Q2,6,Jun,June     ,2024-06,19,3,Wed,f,2024-06-01,2024-06-30
2024-06-20,2024,2,Q2,6,Jun,June     ,2024-06,20,4,Thu,f,2024-06-01,2024-06-30
2024-06-21,2024,2,Q2,6,Jun,June     ,2024-06,21,5,Fri,t,2024-06-01,2024-06-30
2024-06-22,2024,2,Q2,6,Jun,June     ,2024-06,22,6,Sat,t,2024-06-01,2024-06-30
2024-06-23,2024,2,Q2,6,Jun,June     ,2024-06,23,7,Sun,f,2024-06-01,2024-06-30
2024-06-24,2024,2,Q2,6,Jun,June     ,2024-06,24,1,Mon,f,2024-06-01,2024-06-30
2024-06-25,2024,2,Q2,6,Jun,June     ,2024-06,25,2,Tue,f,2024-06-01,2024-06-30
2024-06-26,2024,2,Q2,6,Jun,June     ,2024-06,26,3,Wed,f,2024-06-01,2024-06-30
2024-06-27,2024,2,Q2,6,Jun,June     ,2024-06,27,4,Thu,f,2024-06-01,2024-06-30
2024-06-28,2024,2,Q2,6,Jun,June     ,2024-06,28,5,Fri,t,2024-06-01,2024-06-30
2024-06-29,2024,2,Q2,6,Jun,June     ,2024-06,29,6,Sat,t,2024-06-01,2024-06-30
2024-06-30,2024,2,Q2,6,Jun,June     ,2024-06,30,7,Sun,f,2024-06-01,2024-06-30
2024-07-01,2024,3,Q3,7,Jul,July     ,2024-07,1,1,Mon,f,2024-07-01,2024-07-31
2024-07-02,2024,3,Q3,7,Jul,July     ,2024-07,2,2,Tue,f,2024-07-01,2024-07-31
2024-07-03,2024,3,Q3,7,Jul,July     ,2024-07,3,3,Wed,f,2024-07-01,2024-07-31
2024-07-04,2024,3,Q3,7,Jul,July     ,2024-07,4,4,Thu,f,2024-07-01,2024-07-31
2024-07-05,2024,3,Q3,7,Jul,July     ,2024-07,5,5,Fri,t,2024-07-01,2024-07-31
2024-07-06,2024,3,Q3,7,Jul,July     ,2024-07,6,6,Sat,t,2024-07-01,2024-07-31
2024-07-07,2024,3,Q3,7,Jul,July     ,2024-07,7,7,Sun,f,2024-07-01,2024-07-31
2024-07-08,2024,3,Q3,7,Jul,July     ,2024-07,8,1,Mon,f,2024-07-01,2024-07-31
2024-07-09,2024,3,Q3,7,Jul,July     ,2024-07,9,2,Tue,f,2024-07-01,2024-07-31
2024-07-10,2024,3,Q3,7,Jul,July     ,2024-07,10,3,Wed,f,2024-07-01,2024-07-31
2024-07-11,2024,3,Q3,7,Jul,July     ,2024-07,11,4,Thu,f,2024-07-01,2024-07-31
2024-07-12,2024,3,Q3,7,Jul,July     ,2024-07,12,5,Fri,t,2024-07-01,2024-07-31
2024-07-13,2024,3,Q3,7,Jul,July     ,2024-07,13,6,Sat,t,2024-07-01,2024-07-31
2024-07-14,2024,3,Q3,7,Jul,July     ,2024-07,14,7,Sun,f,2024-07-01,2024-07-31
2024-07-15,2024,3,Q3,7,Jul,July     ,2024-07,15,1,Mon,f,2024-07-01,2024-07-31
2024-07-16,2024,3,Q3,7,Jul,July     ,2024-07,16,2,Tue,f,2024-07-01,2024-07-31
2024-07-17,2024,3,Q3,7,Jul,July     ,2024-07,17,3,Wed,f,2024-07-01,2024-07-31
2024-07-18,2024,3,Q3,7,Jul,July     ,2024-07,18,4,Thu,f,2024-07-01,2024-07-31
2024-07-19,2024,3,Q3,7,Jul,July     ,2024-07,19,5,Fri,t,2024-07-01,2024-07-31
2024-07-20,2024,3,Q3,7,Jul,July     ,2024-07,20,6,Sat,t,2024-07-01,2024-07-31
2024-07-21,2024,3,Q3,7,Jul,July     ,2024-07,21,7,Sun,f,2024-07-01,2024-07-31
2024-07-22,2024,3,Q3,7,Jul,July     ,2024-07,22,1,Mon,f,2024-07-01,2024-07-31
2024-07-23,2024,3,Q3,7,Jul,July     ,2024-07,23,2,Tue,f,2024-07-01,2024-07-31
2024-07-24,2024,3,Q3,7,Jul,July     ,2024-07,24,3,Wed,f,2024-07-01,2024-07-31
2024-07-25,2024,3,Q3,7,Jul,July     ,2024-07,25,4,Thu,f,2024-07-01,2024-07-31
2024-07-26,2024,3,Q3,7,Jul,July     ,2024-07,26,5,Fri,t,2024-07-01,2024-07-31
2024-07-27,2024,3,Q3,7,Jul,July     ,2024-07,27,6,Sat,t,2024-07-01,2024-07-31
2024-07-28,2024,3,Q3,7,Jul,July     ,2024-07,28,7,Sun,f,2024-07-01,2024-07-31
2024-07-29,2024,3,Q3,7,Jul,July     ,2024-07,29,1,Mon,f,2024-07-01,2024-07-31
2024-07-30,2024,3,Q3,7,Jul,July     ,2024-07,30,2,Tue,f,2024-07-01,2024-07-31
2024-07-31,2024,3,Q3,7,Jul,July     ,2024-07,31,3,Wed,f,2024-07-01,2024-07-31
2024-08-01,2024,3,Q3,8,Aug,August   ,2024-08,1,4,Thu,f,2024-08-01,2024-08-31
2024-08-02,2024,3,Q3,8,Aug,August   ,2024-08,2,5,Fri,t,2024-08-01,2024-08-31
2024-08-03,2024,3,Q3,8,Aug,August   ,2024-08,3,6,Sat,t,2024-08-01,2024-08-31
2024-08-04,2024,3,Q3,8,Aug,August   ,2024-08,4,7,Sun,f,2024-08-01,2024-08-31
2024-08-05,2024,3,Q3,8,Aug,August   ,2024-08,5,1,Mon,f,2024-08-01,2024-08-31
2024-08-06,2024,3,Q3,8,Aug,August   ,2024-08,6,2,Tue,f,2024-08-01,2024-08-31
2024-08-07,2024,3,Q3,8,Aug,August   ,2024-08,7,3,Wed,f,2024-08-01,2024-08-31
2024-08-08,2024,3,Q3,8,Aug,August   ,2024-08,8,4,Thu,f,2024-08-01,2024-08-31
2024-08-09,2024,3,Q3,8,Aug,August   ,2024-08,9,5,Fri,t,2024-08-01,2024-08-31
2024-08-10,2024,3,Q3,8,Aug,August   ,2024-08,10,6,Sat,t,2024-08-01,2024-08-31
2024-08-11,2024,3,Q3,8,Aug,August   ,2024-08,11,7,Sun,f,2024-08-01,2024-08-31
2024-08-12,2024,3,Q3,8,Aug,August   ,2024-08,12,1,Mon,f,2024-08-01,2024-08-31
2024-08-13,2024,3,Q3,8,Aug,August   ,2024-08,13,2,Tue,f,2024-08-01,2024-08-31
2024-08-14,2024,3,Q3,8,Aug,August   ,2024-08,14,3,Wed,f,2024-08-01,2024-08-31
2024-08-15,2024,3,Q3,8,Aug,August   ,2024-08,15,4,Thu,f,2024-08-01,2024-08-31
2024-08-16,2024,3,Q3,8,Aug,August   ,2024-08,16,5,Fri,t,2024-08-01,2024-08-31
2024-08-17,2024,3,Q3,8,Aug,August   ,2024-08,17,6,Sat,t,2024-08-01,2024-08-31
2024-08-18,2024,3,Q3,8,Aug,August   ,2024-08,18,7,Sun,f,2024-08-01,2024-08-31
2024-08-19,2024,3,Q3,8,Aug,August   ,2024-08,19,1,Mon,f,2024-08-01,2024-08-31
2024-08-20,2024,3,Q3,8,Aug,August   ,2024-08,20,2,Tue,f,2024-08-01,2024-08-31
2024-08-21,2024,3,Q3,8,Aug,August   ,2024-08,21,3,Wed,f,2024-08-01,2024-08-31
2024-08-22,2024,3,Q3,8,Aug,August   ,2024-08,22,4,Thu,f,2024-08-01,2024-08-31
2024-08-23,2024,3,Q3,8,Aug,August   ,2024-08,23,5,Fri,t,2024-08-01,2024-08-31
2024-08-24,2024,3,Q3,8,Aug,August   ,2024-08,24,6,Sat,t,2024-08-01,2024-08-31
2024-08-25,2024,3,Q3,8,Aug,August   ,2024-08,25,7,Sun,f,2024-08-01,2024-08-31
2024-08-26,2024,3,Q3,8,Aug,August   ,2024-08,26,1,Mon,f,2024-08-01,2024-08-31
2024-08-27,2024,3,Q3,8,Aug,August   ,2024-08,27,2,Tue,f,2024-08-01,2024-08-31
2024-08-28,2024,3,Q3,8,Aug,August   ,2024-08,28,3,Wed,f,2024-08-01,2024-08-31
2024-08-29,2024,3,Q3,8,Aug,August   ,2024-08,29,4,Thu,f,2024-08-01,2024-08-31
2024-08-30,2024,3,Q3,8,Aug,August   ,2024-08,30,5,Fri,t,2024-08-01,2024-08-31
2024-08-31,2024,3,Q3,8,Aug,August   ,2024-08,31,6,Sat,t,2024-08-01,2024-08-31
2024-09-01,2024,3,Q3,9,Sep,September,2024-09,1,7,Sun,f,2024-09-01,2024-09-30
2024-09-02,2024,3,Q3,9,Sep,September,2024-09,2,1,Mon,f,2024-09-01,2024-09-30
2024-09-03,2024,3,Q3,9,Sep,September,2024-09,3,2,Tue,f,2024-09-01,2024-09-30
2024-09-04,2024,3,Q3,9,Sep,September,2024-09,4,3,Wed,f,2024-09-01,2024-09-30
2024-09-05,2024,3,Q3,9,Sep,September,2024-09,5,4,Thu,f,2024-09-01,2024-09-30
2024-09-06,2024,3,Q3,9,Sep,September,2024-09,6,5,Fri,t,2024-09-01,2024-09-30
2024-09-07,2024,3,Q3,9,Sep,September,2024-09,7,6,Sat,t,2024-09-01,2024-09-30
2024-09-08,2024,3,Q3,9,Sep,September,2024-09,8,7,Sun,f,2024-09-01,2024-09-30
2024-09-09,2024,3,Q3,9,Sep,September,2024-09,9,1,Mon,f,2024-09-01,2024-09-30
2024-09-10,2024,3,Q3,9,Sep,September,2024-09,10,2,Tue,f,2024-09-01,2024-09-30
2024-09-11,2024,3,Q3,9,Sep,September,2024-09,11,3,Wed,f,2024-09-01,2024-09-30
2024-09-12,2024,3,Q3,9,Sep,September,2024-09,12,4,Thu,f,2024-09-01,2024-09-30
2024-09-13,2024,3,Q3,9,Sep,September,2024-09,13,5,Fri,t,2024-09-01,2024-09-30
2024-09-14,2024,3,Q3,9,Sep,September,2024-09,14,6,Sat,t,2024-09-01,2024-09-30
2024-09-15,2024,3,Q3,9,Sep,September,2024-09,15,7,Sun,f,2024-09-01,2024-09-30
2024-09-16,2024,3,Q3,9,Sep,September,2024-09,16,1,Mon,f,2024-09-01,2024-09-30
2024-09-17,2024,3,Q3,9,Sep,September,2024-09,17,2,Tue,f,2024-09-01,2024-09-30
2024-09-18,2024,3,Q3,9,Sep,September,2024-09,18,3,Wed,f,2024-09-01,2024-09-30
2024-09-19,2024,3,Q3,9,Sep,September,2024-09,19,4,Thu,f,2024-09-01,2024-09-30
2024-09-20,2024,3,Q3,9,Sep,September,2024-09,20,5,Fri,t,2024-09-01,2024-09-30
2024-09-21,2024,3,Q3,9,Sep,September,2024-09,21,6,Sat,t,2024-09-01,2024-09-30
2024-09-22,2024,3,Q3,9,Sep,September,2024-09,22,7,Sun,f,2024-09-01,2024-09-30
2024-09-23,2024,3,Q3,9,Sep,September,2024-09,23,1,Mon,f,2024-09-01,2024-09-30
2024-09-24,2024,3,Q3,9,Sep,September,2024-09,24,2,Tue,f,2024-09-01,2024-09-30
2024-09-25,2024,3,Q3,9,Sep,September,2024-09,25,3,Wed,f,2024-09-01,2024-09-30
2024-09-26,2024,3,Q3,9,Sep,September,2024-09,26,4,Thu,f,2024-09-01,2024-09-30
2024-09-27,2024,3,Q3,9,Sep,September,2024-09,27,5,Fri,t,2024-09-01,2024-09-30
2024-09-28,2024,3,Q3,9,Sep,September,2024-09,28,6,Sat,t,2024-09-01,2024-09-30
2024-09-29,2024,3,Q3,9,Sep,September,2024-09,29,7,Sun,f,2024-09-01,2024-09-30
2024-09-30,2024,3,Q3,9,Sep,September,2024-09,30,1,Mon,f,2024-09-01,2024-09-30
2024-10-01,2024,4,Q4,10,Oct,October  ,2024-10,1,2,Tue,f,2024-10-01,2024-10-31
2024-10-02,2024,4,Q4,10,Oct,October  ,2024-10,2,3,Wed,f,2024-10-01,2024-10-31
2024-10-03,2024,4,Q4,10,Oct,October  ,2024-10,3,4,Thu,f,2024-10-01,2024-10-31
2024-10-04,2024,4,Q4,10,Oct,October  ,2024-10,4,5,Fri,t,2024-10-01,2024-10-31
2024-10-05,2024,4,Q4,10,Oct,October  ,2024-10,5,6,Sat,t,2024-10-01,2024-10-31
2024-10-06,2024,4,Q4,10,Oct,October  ,2024-10,6,7,Sun,f,2024-10-01,2024-10-31
2024-10-07,2024,4,Q4,10,Oct,October  ,2024-10,7,1,Mon,f,2024-10-01,2024-10-31
2024-10-08,2024,4,Q4,10,Oct,October  ,2024-10,8,2,Tue,f,2024-10-01,2024-10-31
2024-10-09,2024,4,Q4,10,Oct,October  ,2024-10,9,3,Wed,f,2024-10-01,2024-10-31
2024-10-10,2024,4,Q4,10,Oct,October  ,2024-10,10,4,Thu,f,2024-10-01,2024-10-31
2024-10-11,2024,4,Q4,10,Oct,October  ,2024-10,11,5,Fri,t,2024-10-01,2024-10-31
2024-10-12,2024,4,Q4,10,Oct,October  ,2024-10,12,6,Sat,t,2024-10-01,2024-10-31
2024-10-13,2024,4,Q4,10,Oct,October  ,2024-10,13,7,Sun,f,2024-10-01,2024-10-31
2024-10-14,2024,4,Q4,10,Oct,October  ,2024-10,14,1,Mon,f,2024-10-01,2024-10-31
2024-10-15,2024,4,Q4,10,Oct,October  ,2024-10,15,2,Tue,f,2024-10-01,2024-10-31
2024-10-16,2024,4,Q4,10,Oct,October  ,2024-10,16,3,Wed,f,2024-10-01,2024-10-31
2024-10-17,2024,4,Q4,10,Oct,October  ,2024-10,17,4,Thu,f,2024-10-01,2024-10-31
2024-10-18,2024,4,Q4,10,Oct,October  ,2024-10,18,5,Fri,t,2024-10-01,2024-10-31
2024-10-19,2024,4,Q4,10,Oct,October  ,2024-10,19,6,Sat,t,2024-10-01,2024-10-31
2024-10-20,2024,4,Q4,10,Oct,October  ,2024-10,20,7,Sun,f,2024-10-01,2024-10-31
2024-10-21,2024,4,Q4,10,Oct,October  ,2024-10,21,1,Mon,f,2024-10-01,2024-10-31
2024-10-22,2024,4,Q4,10,Oct,October  ,2024-10,22,2,Tue,f,2024-10-01,2024-10-31
2024-10-23,2024,4,Q4,10,Oct,October  ,2024-10,23,3,Wed,f,2024-10-01,2024-10-31
2024-10-24,2024,4,Q4,10,Oct,October  ,2024-10,24,4,Thu,f,2024-10-01,2024-10-31
2024-10-25,2024,4,Q4,10,Oct,October  ,2024-10,25,5,Fri,t,2024-10-01,2024-10-31
2024-10-26,2024,4,Q4,10,Oct,October  ,2024-10,26,6,Sat,t,2024-10-01,2024-10-31
2024-10-27,2024,4,Q4,10,Oct,October  ,2024-10,27,7,Sun,f,2024-10-01,2024-10-31
2024-10-28,2024,4,Q4,10,Oct,October  ,2024-10,28,1,Mon,f,2024-10-01,2024-10-31
2024-10-29,2024,4,Q4,10,Oct,October  ,2024-10,29,2,Tue,f,2024-10-01,2024-10-31
2024-10-30,2024,4,Q4,10,Oct,October  ,2024-10,30,3,Wed,f,2024-10-01,2024-10-31
2024-10-31,2024,4,Q4,10,Oct,October  ,2024-10,31,4,Thu,f,2024-10-01,2024-10-31
2024-11-01,2024,4,Q4,11,Nov,November ,2024-11,1,5,Fri,t,2024-11-01,2024-11-30
2024-11-02,2024,4,Q4,11,Nov,November ,2024-11,2,6,Sat,t,2024-11-01,2024-11-30
2024-11-03,2024,4,Q4,11,Nov,November ,2024-11,3,7,Sun,f,2024-11-01,2024-11-30
2024-11-04,2024,4,Q4,11,Nov,November ,2024-11,4,1,Mon,f,2024-11-01,2024-11-30
2024-11-05,2024,4,Q4,11,Nov,November ,2024-11,5,2,Tue,f,2024-11-01,2024-11-30
2024-11-06,2024,4,Q4,11,Nov,November ,2024-11,6,3,Wed,f,2024-11-01,2024-11-30
2024-11-07,2024,4,Q4,11,Nov,November ,2024-11,7,4,Thu,f,2024-11-01,2024-11-30
2024-11-08,2024,4,Q4,11,Nov,November ,2024-11,8,5,Fri,t,2024-11-01,2024-11-30
2024-11-09,2024,4,Q4,11,Nov,November ,2024-11,9,6,Sat,t,2024-11-01,2024-11-30
2024-11-10,2024,4,Q4,11,Nov,November ,2024-11,10,7,Sun,f,2024-11-01,2024-11-30
2024-11-11,2024,4,Q4,11,Nov,November ,2024-11,11,1,Mon,f,2024-11-01,2024-11-30
2024-11-12,2024,4,Q4,11,Nov,November ,2024-11,12,2,Tue,f,2024-11-01,2024-11-30
2024-11-13,2024,4,Q4,11,Nov,November ,2024-11,13,3,Wed,f,2024-11-01,2024-11-30
2024-11-14,2024,4,Q4,11,Nov,November ,2024-11,14,4,Thu,f,2024-11-01,2024-11-30
2024-11-15,2024,4,Q4,11,Nov,November ,2024-11,15,5,Fri,t,2024-11-01,2024-11-30
2024-11-16,2024,4,Q4,11,Nov,November ,2024-11,16,6,Sat,t,2024-11-01,2024-11-30
2024-11-17,2024,4,Q4,11,Nov,November ,2024-11,17,7,Sun,f,2024-11-01,2024-11-30
2024-11-18,2024,4,Q4,11,Nov,November ,2024-11,18,1,Mon,f,2024-11-01,2024-11-30
2024-11-19,2024,4,Q4,11,Nov,November ,2024-11,19,2,Tue,f,2024-11-01,2024-11-30
2024-11-20,2024,4,Q4,11,Nov,November ,2024-11,20,3,Wed,f,2024-11-01,2024-11-30
2024-11-21,2024,4,Q4,11,Nov,November ,2024-11,21,4,Thu,f,2024-11-01,2024-11-30
2024-11-22,2024,4,Q4,11,Nov,November ,2024-11,22,5,Fri,t,2024-11-01,2024-11-30
2024-11-23,2024,4,Q4,11,Nov,November ,2024-11,23,6,Sat,t,2024-11-01,2024-11-30
2024-11-24,2024,4,Q4,11,Nov,November ,2024-11,24,7,Sun,f,2024-11-01,2024-11-30
2024-11-25,2024,4,Q4,11,Nov,November ,2024-11,25,1,Mon,f,2024-11-01,2024-11-30
2024-11-26,2024,4,Q4,11,Nov,November ,2024-11,26,2,Tue,f,2024-11-01,2024-11-30
2024-11-27,2024,4,Q4,11,Nov,November ,2024-11,27,3,Wed,f,2024-11-01,2024-11-30
2024-11-28,2024,4,Q4,11,Nov,November ,2024-11,28,4,Thu,f,2024-11-01,2024-11-30
2024-11-29,2024,4,Q4,11,Nov,November ,2024-11,29,5,Fri,t,2024-11-01,2024-11-30
2024-11-30,2024,4,Q4,11,Nov,November ,2024-11,30,6,Sat,t,2024-11-01,2024-11-30
2024-12-01,2024,4,Q4,12,Dec,December ,2024-12,1,7,Sun,f,2024-12-01,2024-12-31
2024-12-02,2024,4,Q4,12,Dec,December ,2024-12,2,1,Mon,f,2024-12-01,2024-12-31
2024-12-03,2024,4,Q4,12,Dec,December ,2024-12,3,2,Tue,f,2024-12-01,2024-12-31
2024-12-04,2024,4,Q4,12,Dec,December ,2024-12,4,3,Wed,f,2024-12-01,2024-12-31
2024-12-05,2024,4,Q4,12,Dec,December ,2024-12,5,4,Thu,f,2024-12-01,2024-12-31
2024-12-06,2024,4,Q4,12,Dec,December ,2024-12,6,5,Fri,t,2024-12-01,2024-12-31
2024-12-07,2024,4,Q4,12,Dec,December ,2024-12,7,6,Sat,t,2024-12-01,2024-12-31
2024-12-08,2024,4,Q4,12,Dec,December ,2024-12,8,7,Sun,f,2024-12-01,2024-12-31
2024-12-09,2024,4,Q4,12,Dec,December ,2024-12,9,1,Mon,f,2024-12-01,2024-12-31
2024-12-10,2024,4,Q4,12,Dec,December ,2024-12,10,2,Tue,f,2024-12-01,2024-12-31
2024-12-11,2024,4,Q4,12,Dec,December ,2024-12,11,3,Wed,f,2024-12-01,2024-12-31
2024-12-12,2024,4,Q4,12,Dec,December ,2024-12,12,4,Thu,f,2024-12-01,2024-12-31
2024-12-13,2024,4,Q4,12,Dec,December ,2024-12,13,5,Fri,t,2024-12-01,2024-12-31
2024-12-14,2024,4,Q4,12,Dec,December ,2024-12,14,6,Sat,t,2024-12-01,2024-12-31
2024-12-15,2024,4,Q4,12,Dec,December ,2024-12,15,7,Sun,f,2024-12-01,2024-12-31
2024-12-16,2024,4,Q4,12,Dec,December ,2024-12,16,1,Mon,f,2024-12-01,2024-12-31
2024-12-17,2024,4,Q4,12,Dec,December ,2024-12,17,2,Tue,f,2024-12-01,2024-12-31
2024-12-18,2024,4,Q4,12,Dec,December ,2024-12,18,3,Wed,f,2024-12-01,2024-12-31
2024-12-19,2024,4,Q4,12,Dec,December ,2024-12,19,4,Thu,f,2024-12-01,2024-12-31
2024-12-20,2024,4,Q4,12,Dec,December ,2024-12,20,5,Fri,t,2024-12-01,2024-12-31
2024-12-21,2024,4,Q4,12,Dec,December ,2024-12,21,6,Sat,t,2024-12-01,2024-12-31
2024-12-22,2024,4,Q4,12,Dec,December ,2024-12,22,7,Sun,f,2024-12-01,2024-12-31
2024-12-23,2024,4,Q4,12,Dec,December ,2024-12,23,1,Mon,f,2024-12-01,2024-12-31
2024-12-24,2024,4,Q4,12,Dec,December ,2024-12,24,2,Tue,f,2024-12-01,2024-12-31
2024-12-25,2024,4,Q4,12,Dec,December ,2024-12,25,3,Wed,f,2024-12-01,2024-12-31
2024-12-26,2024,4,Q4,12,Dec,December ,2024-12,26,4,Thu,f,2024-12-01,2024-12-31
2024-12-27,2024,4,Q4,12,Dec,December ,2024-12,27,5,Fri,t,2024-12-01,2024-12-31
2024-12-28,2024,4,Q4,12,Dec,December ,2024-12,28,6,Sat,t,2024-12-01,2024-12-31
2024-12-29,2024,4,Q4,12,Dec,December ,2024-12,29,7,Sun,f,2024-12-01,2024-12-31
2024-12-30,2024,4,Q4,12,Dec,December ,2024-12,30,1,Mon,f,2024-12-01,2024-12-31
2024-12-31,2024,4,Q4,12,Dec,December ,2024-12,31,2,Tue,f,2024-12-01,2024-12-31
2025-01-01,2025,1,Q1,1,Jan,January  ,2025-01,1,3,Wed,f,2025-01-01,2025-01-31
2025-01-02,2025,1,Q1,1,Jan,January  ,2025-01,2,4,Thu,f,2025-01-01,2025-01-31
2025-01-03,2025,1,Q1,1,Jan,January  ,2025-01,3,5,Fri,t,2025-01-01,2025-01-31
2025-01-04,2025,1,Q1,1,Jan,January  ,2025-01,4,6,Sat,t,2025-01-01,2025-01-31
2025-01-05,2025,1,Q1,1,Jan,January  ,2025-01,5,7,Sun,f,2025-01-01,2025-01-31
2025-01-06,2025,1,Q1,1,Jan,January  ,2025-01,6,1,Mon,f,2025-01-01,2025-01-31
2025-01-07,2025,1,Q1,1,Jan,January  ,2025-01,7,2,Tue,f,2025-01-01,2025-01-31
2025-01-08,2025,1,Q1,1,Jan,January  ,2025-01,8,3,Wed,f,2025-01-01,2025-01-31
2025-01-09,2025,1,Q1,1,Jan,January  ,2025-01,9,4,Thu,f,2025-01-01,2025-01-31
2025-01-10,2025,1,Q1,1,Jan,January  ,2025-01,10,5,Fri,t,2025-01-01,2025-01-31
2025-01-11,2025,1,Q1,1,Jan,January  ,2025-01,11,6,Sat,t,2025-01-01,2025-01-31
2025-01-12,2025,1,Q1,1,Jan,January  ,2025-01,12,7,Sun,f,2025-01-01,2025-01-31
2025-01-13,2025,1,Q1,1,Jan,January  ,2025-01,13,1,Mon,f,2025-01-01,2025-01-31
2025-01-14,2025,1,Q1,1,Jan,January  ,2025-01,14,2,Tue,f,2025-01-01,2025-01-31
2025-01-15,2025,1,Q1,1,Jan,January  ,2025-01,15,3,Wed,f,2025-01-01,2025-01-31
2025-01-16,2025,1,Q1,1,Jan,January  ,2025-01,16,4,Thu,f,2025-01-01,2025-01-31
2025-01-17,2025,1,Q1,1,Jan,January  ,2025-01,17,5,Fri,t,2025-01-01,2025-01-31
2025-01-18,2025,1,Q1,1,Jan,January  ,2025-01,18,6,Sat,t,2025-01-01,2025-01-31
2025-01-19,2025,1,Q1,1,Jan,January  ,2025-01,19,7,Sun,f,2025-01-01,2025-01-31
2025-01-20,2025,1,Q1,1,Jan,January  ,2025-01,20,1,Mon,f,2025-01-01,2025-01-31
2025-01-21,2025,1,Q1,1,Jan,January  ,2025-01,21,2,Tue,f,2025-01-01,2025-01-31
2025-01-22,2025,1,Q1,1,Jan,January  ,2025-01,22,3,Wed,f,2025-01-01,2025-01-31
2025-01-23,2025,1,Q1,1,Jan,January  ,2025-01,23,4,Thu,f,2025-01-01,2025-01-31
2025-01-24,2025,1,Q1,1,Jan,January  ,2025-01,24,5,Fri,t,2025-01-01,2025-01-31
2025-01-25,2025,1,Q1,1,Jan,January  ,2025-01,25,6,Sat,t,2025-01-01,2025-01-31
2025-01-26,2025,1,Q1,1,Jan,January  ,2025-01,26,7,Sun,f,2025-01-01,2025-01-31
2025-01-27,2025,1,Q1,1,Jan,January  ,2025-01,27,1,Mon,f,2025-01-01,2025-01-31
2025-01-28,2025,1,Q1,1,Jan,January  ,2025-01,28,2,Tue,f,2025-01-01,2025-01-31
2025-01-29,2025,1,Q1,1,Jan,January  ,2025-01,29,3,Wed,f,2025-01-01,2025-01-31
2025-01-30,2025,1,Q1,1,Jan,January  ,2025-01,30,4,Thu,f,2025-01-01,2025-01-31
2025-01-31,2025,1,Q1,1,Jan,January  ,2025-01,31,5,Fri,t,2025-01-01,2025-01-31
2025-02-01,2025,1,Q1,2,Feb,February ,2025-02,1,6,Sat,t,2025-02-01,2025-02-28
2025-02-02,2025,1,Q1,2,Feb,February ,2025-02,2,7,Sun,f,2025-02-01,2025-02-28
2025-02-03,2025,1,Q1,2,Feb,February ,2025-02,3,1,Mon,f,2025-02-01,2025-02-28
2025-02-04,2025,1,Q1,2,Feb,February ,2025-02,4,2,Tue,f,2025-02-01,2025-02-28
2025-02-05,2025,1,Q1,2,Feb,February ,2025-02,5,3,Wed,f,2025-02-01,2025-02-28
2025-02-06,2025,1,Q1,2,Feb,February ,2025-02,6,4,Thu,f,2025-02-01,2025-02-28
2025-02-07,2025,1,Q1,2,Feb,February ,2025-02,7,5,Fri,t,2025-02-01,2025-02-28
2025-02-08,2025,1,Q1,2,Feb,February ,2025-02,8,6,Sat,t,2025-02-01,2025-02-28
2025-02-09,2025,1,Q1,2,Feb,February ,2025-02,9,7,Sun,f,2025-02-01,2025-02-28
2025-02-10,2025,1,Q1,2,Feb,February ,2025-02,10,1,Mon,f,2025-02-01,2025-02-28
2025-02-11,2025,1,Q1,2,Feb,February ,2025-02,11,2,Tue,f,2025-02-01,2025-02-28
2025-02-12,2025,1,Q1,2,Feb,February ,2025-02,12,3,Wed,f,2025-02-01,2025-02-28
2025-02-13,2025,1,Q1,2,Feb,February ,2025-02,13,4,Thu,f,2025-02-01,2025-02-28
2025-02-14,2025,1,Q1,2,Feb,February ,2025-02,14,5,Fri,t,2025-02-01,2025-02-28
2025-02-15,2025,1,Q1,2,Feb,February ,2025-02,15,6,Sat,t,2025-02-01,2025-02-28
2025-02-16,2025,1,Q1,2,Feb,February ,2025-02,16,7,Sun,f,2025-02-01,2025-02-28
2025-02-17,2025,1,Q1,2,Feb,February ,2025-02,17,1,Mon,f,2025-02-01,2025-02-28
2025-02-18,2025,1,Q1,2,Feb,February ,2025-02,18,2,Tue,f,2025-02-01,2025-02-28
2025-02-19,2025,1,Q1,2,Feb,February ,2025-02,19,3,Wed,f,2025-02-01,2025-02-28
2025-02-20,2025,1,Q1,2,Feb,February ,2025-02,20,4,Thu,f,2025-02-01,2025-02-28
2025-02-21,2025,1,Q1,2,Feb,February ,2025-02,21,5,Fri,t,2025-02-01,2025-02-28
2025-02-22,2025,1,Q1,2,Feb,February ,2025-02,22,6,Sat,t,2025-02-01,2025-02-28
2025-02-23,2025,1,Q1,2,Feb,February ,2025-02,23,7,Sun,f,2025-02-01,2025-02-28
2025-02-24,2025,1,Q1,2,Feb,February ,2025-02,24,1,Mon,f,2025-02-01,2025-02-28
2025-02-25,2025,1,Q1,2,Feb,February ,2025-02,25,2,Tue,f,2025-02-01,2025-02-28
2025-02-26,2025,1,Q1,2,Feb,February ,2025-02,26,3,Wed,f,2025-02-01,2025-02-28
2025-02-27,2025,1,Q1,2,Feb,February ,2025-02,27,4,Thu,f,2025-02-01,2025-02-28
2025-02-28,2025,1,Q1,2,Feb,February ,2025-02,28,5,Fri,t,2025-02-01,2025-02-28
2025-03-01,2025,1,Q1,3,Mar,March    ,2025-03,1,6,Sat,t,2025-03-01,2025-03-31
2025-03-02,2025,1,Q1,3,Mar,March    ,2025-03,2,7,Sun,f,2025-03-01,2025-03-31
2025-03-03,2025,1,Q1,3,Mar,March    ,2025-03,3,1,Mon,f,2025-03-01,2025-03-31
2025-03-04,2025,1,Q1,3,Mar,March    ,2025-03,4,2,Tue,f,2025-03-01,2025-03-31
2025-03-05,2025,1,Q1,3,Mar,March    ,2025-03,5,3,Wed,f,2025-03-01,2025-03-31
2025-03-06,2025,1,Q1,3,Mar,March    ,2025-03,6,4,Thu,f,2025-03-01,2025-03-31
2025-03-07,2025,1,Q1,3,Mar,March    ,2025-03,7,5,Fri,t,2025-03-01,2025-03-31
2025-03-08,2025,1,Q1,3,Mar,March    ,2025-03,8,6,Sat,t,2025-03-01,2025-03-31
2025-03-09,2025,1,Q1,3,Mar,March    ,2025-03,9,7,Sun,f,2025-03-01,2025-03-31
2025-03-10,2025,1,Q1,3,Mar,March    ,2025-03,10,1,Mon,f,2025-03-01,2025-03-31
2025-03-11,2025,1,Q1,3,Mar,March    ,2025-03,11,2,Tue,f,2025-03-01,2025-03-31
2025-03-12,2025,1,Q1,3,Mar,March    ,2025-03,12,3,Wed,f,2025-03-01,2025-03-31
2025-03-13,2025,1,Q1,3,Mar,March    ,2025-03,13,4,Thu,f,2025-03-01,2025-03-31
2025-03-14,2025,1,Q1,3,Mar,March    ,2025-03,14,5,Fri,t,2025-03-01,2025-03-31
2025-03-15,2025,1,Q1,3,Mar,March    ,2025-03,15,6,Sat,t,2025-03-01,2025-03-31
2025-03-16,2025,1,Q1,3,Mar,March    ,2025-03,16,7,Sun,f,2025-03-01,2025-03-31
2025-03-17,2025,1,Q1,3,Mar,March    ,2025-03,17,1,Mon,f,2025-03-01,2025-03-31
2025-03-18,2025,1,Q1,3,Mar,March    ,2025-03,18,2,Tue,f,2025-03-01,2025-03-31
2025-03-19,2025,1,Q1,3,Mar,March    ,2025-03,19,3,Wed,f,2025-03-01,2025-03-31
2025-03-20,2025,1,Q1,3,Mar,March    ,2025-03,20,4,Thu,f,2025-03-01,2025-03-31
2025-03-21,2025,1,Q1,3,Mar,March    ,2025-03,21,5,Fri,t,2025-03-01,2025-03-31
2025-03-22,2025,1,Q1,3,Mar,March    ,2025-03,22,6,Sat,t,2025-03-01,2025-03-31
2025-03-23,2025,1,Q1,3,Mar,March    ,2025-03,23,7,Sun,f,2025-03-01,2025-03-31
2025-03-24,2025,1,Q1,3,Mar,March    ,2025-03,24,1,Mon,f,2025-03-01,2025-03-31
2025-03-25,2025,1,Q1,3,Mar,March    ,2025-03,25,2,Tue,f,2025-03-01,2025-03-31
2025-03-26,2025,1,Q1,3,Mar,March    ,2025-03,26,3,Wed,f,2025-03-01,2025-03-31
2025-03-27,2025,1,Q1,3,Mar,March    ,2025-03,27,4,Thu,f,2025-03-01,2025-03-31
2025-03-28,2025,1,Q1,3,Mar,March    ,2025-03,28,5,Fri,t,2025-03-01,2025-03-31
2025-03-29,2025,1,Q1,3,Mar,March    ,2025-03,29,6,Sat,t,2025-03-01,2025-03-31
2025-03-30,2025,1,Q1,3,Mar,March    ,2025-03,30,7,Sun,f,2025-03-01,2025-03-31
2025-03-31,2025,1,Q1,3,Mar,March    ,2025-03,31,1,Mon,f,2025-03-01,2025-03-31
2025-04-01,2025,2,Q2,4,Apr,April    ,2025-04,1,2,Tue,f,2025-04-01,2025-04-30
2025-04-02,2025,2,Q2,4,Apr,April    ,2025-04,2,3,Wed,f,2025-04-01,2025-04-30
2025-04-03,2025,2,Q2,4,Apr,April    ,2025-04,3,4,Thu,f,2025-04-01,2025-04-30
2025-04-04,2025,2,Q2,4,Apr,April    ,2025-04,4,5,Fri,t,2025-04-01,2025-04-30
2025-04-05,2025,2,Q2,4,Apr,April    ,2025-04,5,6,Sat,t,2025-04-01,2025-04-30
2025-04-06,2025,2,Q2,4,Apr,April    ,2025-04,6,7,Sun,f,2025-04-01,2025-04-30
2025-04-07,2025,2,Q2,4,Apr,April    ,2025-04,7,1,Mon,f,2025-04-01,2025-04-30
2025-04-08,2025,2,Q2,4,Apr,April    ,2025-04,8,2,Tue,f,2025-04-01,2025-04-30
2025-04-09,2025,2,Q2,4,Apr,April    ,2025-04,9,3,Wed,f,2025-04-01,2025-04-30
2025-04-10,2025,2,Q2,4,Apr,April    ,2025-04,10,4,Thu,f,2025-04-01,2025-04-30
2025-04-11,2025,2,Q2,4,Apr,April    ,2025-04,11,5,Fri,t,2025-04-01,2025-04-30
2025-04-12,2025,2,Q2,4,Apr,April    ,2025-04,12,6,Sat,t,2025-04-01,2025-04-30
2025-04-13,2025,2,Q2,4,Apr,April    ,2025-04,13,7,Sun,f,2025-04-01,2025-04-30
2025-04-14,2025,2,Q2,4,Apr,April    ,2025-04,14,1,Mon,f,2025-04-01,2025-04-30
2025-04-15,2025,2,Q2,4,Apr,April    ,2025-04,15,2,Tue,f,2025-04-01,2025-04-30
2025-04-16,2025,2,Q2,4,Apr,April    ,2025-04,16,3,Wed,f,2025-04-01,2025-04-30
2025-04-17,2025,2,Q2,4,Apr,April    ,2025-04,17,4,Thu,f,2025-04-01,2025-04-30
2025-04-18,2025,2,Q2,4,Apr,April    ,2025-04,18,5,Fri,t,2025-04-01,2025-04-30
2025-04-19,2025,2,Q2,4,Apr,April    ,2025-04,19,6,Sat,t,2025-04-01,2025-04-30
2025-04-20,2025,2,Q2,4,Apr,April    ,2025-04,20,7,Sun,f,2025-04-01,2025-04-30
2025-04-21,2025,2,Q2,4,Apr,April    ,2025-04,21,1,Mon,f,2025-04-01,2025-04-30
2025-04-22,2025,2,Q2,4,Apr,April    ,2025-04,22,2,Tue,f,2025-04-01,2025-04-30
2025-04-23,2025,2,Q2,4,Apr,April    ,2025-04,23,3,Wed,f,2025-04-01,2025-04-30
2025-04-24,2025,2,Q2,4,Apr,April    ,2025-04,24,4,Thu,f,2025-04-01,2025-04-30
2025-04-25,2025,2,Q2,4,Apr,April    ,2025-04,25,5,Fri,t,2025-04-01,2025-04-30
2025-04-26,2025,2,Q2,4,Apr,April    ,2025-04,26,6,Sat,t,2025-04-01,2025-04-30
2025-04-27,2025,2,Q2,4,Apr,April    ,2025-04,27,7,Sun,f,2025-04-01,2025-04-30
2025-04-28,2025,2,Q2,4,Apr,April    ,2025-04,28,1,Mon,f,2025-04-01,2025-04-30
2025-04-29,2025,2,Q2,4,Apr,April    ,2025-04,29,2,Tue,f,2025-04-01,2025-04-30
2025-04-30,2025,2,Q2,4,Apr,April    ,2025-04,30,3,Wed,f,2025-04-01,2025-04-30
2025-05-01,2025,2,Q2,5,May,May      ,2025-05,1,4,Thu,f,2025-05-01,2025-05-31
2025-05-02,2025,2,Q2,5,May,May      ,2025-05,2,5,Fri,t,2025-05-01,2025-05-31
2025-05-03,2025,2,Q2,5,May,May      ,2025-05,3,6,Sat,t,2025-05-01,2025-05-31
2025-05-04,2025,2,Q2,5,May,May      ,2025-05,4,7,Sun,f,2025-05-01,2025-05-31
2025-05-05,2025,2,Q2,5,May,May      ,2025-05,5,1,Mon,f,2025-05-01,2025-05-31
2025-05-06,2025,2,Q2,5,May,May      ,2025-05,6,2,Tue,f,2025-05-01,2025-05-31
2025-05-07,2025,2,Q2,5,May,May      ,2025-05,7,3,Wed,f,2025-05-01,2025-05-31
2025-05-08,2025,2,Q2,5,May,May      ,2025-05,8,4,Thu,f,2025-05-01,2025-05-31
2025-05-09,2025,2,Q2,5,May,May      ,2025-05,9,5,Fri,t,2025-05-01,2025-05-31
2025-05-10,2025,2,Q2,5,May,May      ,2025-05,10,6,Sat,t,2025-05-01,2025-05-31
2025-05-11,2025,2,Q2,5,May,May      ,2025-05,11,7,Sun,f,2025-05-01,2025-05-31
2025-05-12,2025,2,Q2,5,May,May      ,2025-05,12,1,Mon,f,2025-05-01,2025-05-31
2025-05-13,2025,2,Q2,5,May,May      ,2025-05,13,2,Tue,f,2025-05-01,2025-05-31
2025-05-14,2025,2,Q2,5,May,May      ,2025-05,14,3,Wed,f,2025-05-01,2025-05-31
2025-05-15,2025,2,Q2,5,May,May      ,2025-05,15,4,Thu,f,2025-05-01,2025-05-31
2025-05-16,2025,2,Q2,5,May,May      ,2025-05,16,5,Fri,t,2025-05-01,2025-05-31
2025-05-17,2025,2,Q2,5,May,May      ,2025-05,17,6,Sat,t,2025-05-01,2025-05-31
2025-05-18,2025,2,Q2,5,May,May      ,2025-05,18,7,Sun,f,2025-05-01,2025-05-31
2025-05-19,2025,2,Q2,5,May,May      ,2025-05,19,1,Mon,f,2025-05-01,2025-05-31
2025-05-20,2025,2,Q2,5,May,May      ,2025-05,20,2,Tue,f,2025-05-01,2025-05-31
2025-05-21,2025,2,Q2,5,May,May      ,2025-05,21,3,Wed,f,2025-05-01,2025-05-31
2025-05-22,2025,2,Q2,5,May,May      ,2025-05,22,4,Thu,f,2025-05-01,2025-05-31
2025-05-23,2025,2,Q2,5,May,May      ,2025-05,23,5,Fri,t,2025-05-01,2025-05-31
2025-05-24,2025,2,Q2,5,May,May      ,2025-05,24,6,Sat,t,2025-05-01,2025-05-31
2025-05-25,2025,2,Q2,5,May,May      ,2025-05,25,7,Sun,f,2025-05-01,2025-05-31
2025-05-26,2025,2,Q2,5,May,May      ,2025-05,26,1,Mon,f,2025-05-01,2025-05-31
2025-05-27,2025,2,Q2,5,May,May      ,2025-05,27,2,Tue,f,2025-05-01,2025-05-31
2025-05-28,2025,2,Q2,5,May,May      ,2025-05,28,3,Wed,f,2025-05-01,2025-05-31
2025-05-29,2025,2,Q2,5,May,May      ,2025-05,29,4,Thu,f,2025-05-01,2025-05-31
2025-05-30,2025,2,Q2,5,May,May      ,2025-05,30,5,Fri,t,2025-05-01,2025-05-31
2025-05-31,2025,2,Q2,5,May,May      ,2025-05,31,6,Sat,t,2025-05-01,2025-05-31
2025-06-01,2025,2,Q2,6,Jun,June     ,2025-06,1,7,Sun,f,2025-06-01,2025-06-30
2025-06-02,2025,2,Q2,6,Jun,June     ,2025-06,2,1,Mon,f,2025-06-01,2025-06-30
2025-06-03,2025,2,Q2,6,Jun,June     ,2025-06,3,2,Tue,f,2025-06-01,2025-06-30
2025-06-04,2025,2,Q2,6,Jun,June     ,2025-06,4,3,Wed,f,2025-06-01,2025-06-30
2025-06-05,2025,2,Q2,6,Jun,June     ,2025-06,5,4,Thu,f,2025-06-01,2025-06-30
2025-06-06,2025,2,Q2,6,Jun,June     ,2025-06,6,5,Fri,t,2025-06-01,2025-06-30
2025-06-07,2025,2,Q2,6,Jun,June     ,2025-06,7,6,Sat,t,2025-06-01,2025-06-30
2025-06-08,2025,2,Q2,6,Jun,June     ,2025-06,8,7,Sun,f,2025-06-01,2025-06-30
2025-06-09,2025,2,Q2,6,Jun,June     ,2025-06,9,1,Mon,f,2025-06-01,2025-06-30
2025-06-10,2025,2,Q2,6,Jun,June     ,2025-06,10,2,Tue,f,2025-06-01,2025-06-30
2025-06-11,2025,2,Q2,6,Jun,June     ,2025-06,11,3,Wed,f,2025-06-01,2025-06-30
2025-06-12,2025,2,Q2,6,Jun,June     ,2025-06,12,4,Thu,f,2025-06-01,2025-06-30
2025-06-13,2025,2,Q2,6,Jun,June     ,2025-06,13,5,Fri,t,2025-06-01,2025-06-30
2025-06-14,2025,2,Q2,6,Jun,June     ,2025-06,14,6,Sat,t,2025-06-01,2025-06-30
2025-06-15,2025,2,Q2,6,Jun,June     ,2025-06,15,7,Sun,f,2025-06-01,2025-06-30
2025-06-16,2025,2,Q2,6,Jun,June     ,2025-06,16,1,Mon,f,2025-06-01,2025-06-30
2025-06-17,2025,2,Q2,6,Jun,June     ,2025-06,17,2,Tue,f,2025-06-01,2025-06-30
2025-06-18,2025,2,Q2,6,Jun,June     ,2025-06,18,3,Wed,f,2025-06-01,2025-06-30
2025-06-19,2025,2,Q2,6,Jun,June     ,2025-06,19,4,Thu,f,2025-06-01,2025-06-30
2025-06-20,2025,2,Q2,6,Jun,June     ,2025-06,20,5,Fri,t,2025-06-01,2025-06-30
2025-06-21,2025,2,Q2,6,Jun,June     ,2025-06,21,6,Sat,t,2025-06-01,2025-06-30
2025-06-22,2025,2,Q2,6,Jun,June     ,2025-06,22,7,Sun,f,2025-06-01,2025-06-30
2025-06-23,2025,2,Q2,6,Jun,June     ,2025-06,23,1,Mon,f,2025-06-01,2025-06-30
2025-06-24,2025,2,Q2,6,Jun,June     ,2025-06,24,2,Tue,f,2025-06-01,2025-06-30
2025-06-25,2025,2,Q2,6,Jun,June     ,2025-06,25,3,Wed,f,2025-06-01,2025-06-30
2025-06-26,2025,2,Q2,6,Jun,June     ,2025-06,26,4,Thu,f,2025-06-01,2025-06-30
2025-06-27,2025,2,Q2,6,Jun,June     ,2025-06,27,5,Fri,t,2025-06-01,2025-06-30
2025-06-28,2025,2,Q2,6,Jun,June     ,2025-06,28,6,Sat,t,2025-06-01,2025-06-30
2025-06-29,2025,2,Q2,6,Jun,June     ,2025-06,29,7,Sun,f,2025-06-01,2025-06-30
2025-06-30,2025,2,Q2,6,Jun,June     ,2025-06,30,1,Mon,f,2025-06-01,2025-06-30
2025-07-01,2025,3,Q3,7,Jul,July     ,2025-07,1,2,Tue,f,2025-07-01,2025-07-31
2025-07-02,2025,3,Q3,7,Jul,July     ,2025-07,2,3,Wed,f,2025-07-01,2025-07-31
2025-07-03,2025,3,Q3,7,Jul,July     ,2025-07,3,4,Thu,f,2025-07-01,2025-07-31
2025-07-04,2025,3,Q3,7,Jul,July     ,2025-07,4,5,Fri,t,2025-07-01,2025-07-31
2025-07-05,2025,3,Q3,7,Jul,July     ,2025-07,5,6,Sat,t,2025-07-01,2025-07-31
2025-07-06,2025,3,Q3,7,Jul,July     ,2025-07,6,7,Sun,f,2025-07-01,2025-07-31
2025-07-07,2025,3,Q3,7,Jul,July     ,2025-07,7,1,Mon,f,2025-07-01,2025-07-31
2025-07-08,2025,3,Q3,7,Jul,July     ,2025-07,8,2,Tue,f,2025-07-01,2025-07-31
2025-07-09,2025,3,Q3,7,Jul,July     ,2025-07,9,3,Wed,f,2025-07-01,2025-07-31
2025-07-10,2025,3,Q3,7,Jul,July     ,2025-07,10,4,Thu,f,2025-07-01,2025-07-31
2025-07-11,2025,3,Q3,7,Jul,July     ,2025-07,11,5,Fri,t,2025-07-01,2025-07-31
2025-07-12,2025,3,Q3,7,Jul,July     ,2025-07,12,6,Sat,t,2025-07-01,2025-07-31
2025-07-13,2025,3,Q3,7,Jul,July     ,2025-07,13,7,Sun,f,2025-07-01,2025-07-31
2025-07-14,2025,3,Q3,7,Jul,July     ,2025-07,14,1,Mon,f,2025-07-01,2025-07-31
2025-07-15,2025,3,Q3,7,Jul,July     ,2025-07,15,2,Tue,f,2025-07-01,2025-07-31
2025-07-16,2025,3,Q3,7,Jul,July     ,2025-07,16,3,Wed,f,2025-07-01,2025-07-31
2025-07-17,2025,3,Q3,7,Jul,July     ,2025-07,17,4,Thu,f,2025-07-01,2025-07-31
2025-07-18,2025,3,Q3,7,Jul,July     ,2025-07,18,5,Fri,t,2025-07-01,2025-07-31
2025-07-19,2025,3,Q3,7,Jul,July     ,2025-07,19,6,Sat,t,2025-07-01,2025-07-31
2025-07-20,2025,3,Q3,7,Jul,July     ,2025-07,20,7,Sun,f,2025-07-01,2025-07-31
2025-07-21,2025,3,Q3,7,Jul,July     ,2025-07,21,1,Mon,f,2025-07-01,2025-07-31
2025-07-22,2025,3,Q3,7,Jul,July     ,2025-07,22,2,Tue,f,2025-07-01,2025-07-31
2025-07-23,2025,3,Q3,7,Jul,July     ,2025-07,23,3,Wed,f,2025-07-01,2025-07-31
2025-07-24,2025,3,Q3,7,Jul,July     ,2025-07,24,4,Thu,f,2025-07-01,2025-07-31
2025-07-25,2025,3,Q3,7,Jul,July     ,2025-07,25,5,Fri,t,2025-07-01,2025-07-31
2025-07-26,2025,3,Q3,7,Jul,July     ,2025-07,26,6,Sat,t,2025-07-01,2025-07-31
2025-07-27,2025,3,Q3,7,Jul,July     ,2025-07,27,7,Sun,f,2025-07-01,2025-07-31
2025-07-28,2025,3,Q3,7,Jul,July     ,2025-07,28,1,Mon,f,2025-07-01,2025-07-31
2025-07-29,2025,3,Q3,7,Jul,July     ,2025-07,29,2,Tue,f,2025-07-01,2025-07-31
2025-07-30,2025,3,Q3,7,Jul,July     ,2025-07,30,3,Wed,f,2025-07-01,2025-07-31
2025-07-31,2025,3,Q3,7,Jul,July     ,2025-07,31,4,Thu,f,2025-07-01,2025-07-31
2025-08-01,2025,3,Q3,8,Aug,August   ,2025-08,1,5,Fri,t,2025-08-01,2025-08-31
2025-08-02,2025,3,Q3,8,Aug,August   ,2025-08,2,6,Sat,t,2025-08-01,2025-08-31
2025-08-03,2025,3,Q3,8,Aug,August   ,2025-08,3,7,Sun,f,2025-08-01,2025-08-31
2025-08-04,2025,3,Q3,8,Aug,August   ,2025-08,4,1,Mon,f,2025-08-01,2025-08-31
2025-08-05,2025,3,Q3,8,Aug,August   ,2025-08,5,2,Tue,f,2025-08-01,2025-08-31
2025-08-06,2025,3,Q3,8,Aug,August   ,2025-08,6,3,Wed,f,2025-08-01,2025-08-31
2025-08-07,2025,3,Q3,8,Aug,August   ,2025-08,7,4,Thu,f,2025-08-01,2025-08-31
2025-08-08,2025,3,Q3,8,Aug,August   ,2025-08,8,5,Fri,t,2025-08-01,2025-08-31
2025-08-09,2025,3,Q3,8,Aug,August   ,2025-08,9,6,Sat,t,2025-08-01,2025-08-31
2025-08-10,2025,3,Q3,8,Aug,August   ,2025-08,10,7,Sun,f,2025-08-01,2025-08-31
2025-08-11,2025,3,Q3,8,Aug,August   ,2025-08,11,1,Mon,f,2025-08-01,2025-08-31
2025-08-12,2025,3,Q3,8,Aug,August   ,2025-08,12,2,Tue,f,2025-08-01,2025-08-31
2025-08-13,2025,3,Q3,8,Aug,August   ,2025-08,13,3,Wed,f,2025-08-01,2025-08-31
2025-08-14,2025,3,Q3,8,Aug,August   ,2025-08,14,4,Thu,f,2025-08-01,2025-08-31
2025-08-15,2025,3,Q3,8,Aug,August   ,2025-08,15,5,Fri,t,2025-08-01,2025-08-31
2025-08-16,2025,3,Q3,8,Aug,August   ,2025-08,16,6,Sat,t,2025-08-01,2025-08-31
2025-08-17,2025,3,Q3,8,Aug,August   ,2025-08,17,7,Sun,f,2025-08-01,2025-08-31
2025-08-18,2025,3,Q3,8,Aug,August   ,2025-08,18,1,Mon,f,2025-08-01,2025-08-31
2025-08-19,2025,3,Q3,8,Aug,August   ,2025-08,19,2,Tue,f,2025-08-01,2025-08-31
2025-08-20,2025,3,Q3,8,Aug,August   ,2025-08,20,3,Wed,f,2025-08-01,2025-08-31
2025-08-21,2025,3,Q3,8,Aug,August   ,2025-08,21,4,Thu,f,2025-08-01,2025-08-31
2025-08-22,2025,3,Q3,8,Aug,August   ,2025-08,22,5,Fri,t,2025-08-01,2025-08-31
2025-08-23,2025,3,Q3,8,Aug,August   ,2025-08,23,6,Sat,t,2025-08-01,2025-08-31
2025-08-24,2025,3,Q3,8,Aug,August   ,2025-08,24,7,Sun,f,2025-08-01,2025-08-31
2025-08-25,2025,3,Q3,8,Aug,August   ,2025-08,25,1,Mon,f,2025-08-01,2025-08-31
2025-08-26,2025,3,Q3,8,Aug,August   ,2025-08,26,2,Tue,f,2025-08-01,2025-08-31
2025-08-27,2025,3,Q3,8,Aug,August   ,2025-08,27,3,Wed,f,2025-08-01,2025-08-31
2025-08-28,2025,3,Q3,8,Aug,August   ,2025-08,28,4,Thu,f,2025-08-01,2025-08-31
2025-08-29,2025,3,Q3,8,Aug,August   ,2025-08,29,5,Fri,t,2025-08-01,2025-08-31
2025-08-30,2025,3,Q3,8,Aug,August   ,2025-08,30,6,Sat,t,2025-08-01,2025-08-31
2025-08-31,2025,3,Q3,8,Aug,August   ,2025-08,31,7,Sun,f,2025-08-01,2025-08-31
2025-09-01,2025,3,Q3,9,Sep,September,2025-09,1,1,Mon,f,2025-09-01,2025-09-30
2025-09-02,2025,3,Q3,9,Sep,September,2025-09,2,2,Tue,f,2025-09-01,2025-09-30
2025-09-03,2025,3,Q3,9,Sep,September,2025-09,3,3,Wed,f,2025-09-01,2025-09-30
2025-09-04,2025,3,Q3,9,Sep,September,2025-09,4,4,Thu,f,2025-09-01,2025-09-30
2025-09-05,2025,3,Q3,9,Sep,September,2025-09,5,5,Fri,t,2025-09-01,2025-09-30
2025-09-06,2025,3,Q3,9,Sep,September,2025-09,6,6,Sat,t,2025-09-01,2025-09-30
2025-09-07,2025,3,Q3,9,Sep,September,2025-09,7,7,Sun,f,2025-09-01,2025-09-30
2025-09-08,2025,3,Q3,9,Sep,September,2025-09,8,1,Mon,f,2025-09-01,2025-09-30
2025-09-09,2025,3,Q3,9,Sep,September,2025-09,9,2,Tue,f,2025-09-01,2025-09-30
2025-09-10,2025,3,Q3,9,Sep,September,2025-09,10,3,Wed,f,2025-09-01,2025-09-30
2025-09-11,2025,3,Q3,9,Sep,September,2025-09,11,4,Thu,f,2025-09-01,2025-09-30
2025-09-12,2025,3,Q3,9,Sep,September,2025-09,12,5,Fri,t,2025-09-01,2025-09-30
2025-09-13,2025,3,Q3,9,Sep,September,2025-09,13,6,Sat,t,2025-09-01,2025-09-30
2025-09-14,2025,3,Q3,9,Sep,September,2025-09,14,7,Sun,f,2025-09-01,2025-09-30
2025-09-15,2025,3,Q3,9,Sep,September,2025-09,15,1,Mon,f,2025-09-01,2025-09-30
2025-09-16,2025,3,Q3,9,Sep,September,2025-09,16,2,Tue,f,2025-09-01,2025-09-30
2025-09-17,2025,3,Q3,9,Sep,September,2025-09,17,3,Wed,f,2025-09-01,2025-09-30
2025-09-18,2025,3,Q3,9,Sep,September,2025-09,18,4,Thu,f,2025-09-01,2025-09-30
2025-09-19,2025,3,Q3,9,Sep,September,2025-09,19,5,Fri,t,2025-09-01,2025-09-30
2025-09-20,2025,3,Q3,9,Sep,September,2025-09,20,6,Sat,t,2025-09-01,2025-09-30
2025-09-21,2025,3,Q3,9,Sep,September,2025-09,21,7,Sun,f,2025-09-01,2025-09-30
2025-09-22,2025,3,Q3,9,Sep,September,2025-09,22,1,Mon,f,2025-09-01,2025-09-30
2025-09-23,2025,3,Q3,9,Sep,September,2025-09,23,2,Tue,f,2025-09-01,2025-09-30
2025-09-24,2025,3,Q3,9,Sep,September,2025-09,24,3,Wed,f,2025-09-01,2025-09-30
2025-09-25,2025,3,Q3,9,Sep,September,2025-09,25,4,Thu,f,2025-09-01,2025-09-30
2025-09-26,2025,3,Q3,9,Sep,September,2025-09,26,5,Fri,t,2025-09-01,2025-09-30
2025-09-27,2025,3,Q3,9,Sep,September,2025-09,27,6,Sat,t,2025-09-01,2025-09-30
2025-09-28,2025,3,Q3,9,Sep,September,2025-09,28,7,Sun,f,2025-09-01,2025-09-30
2025-09-29,2025,3,Q3,9,Sep,September,2025-09,29,1,Mon,f,2025-09-01,2025-09-30
2025-09-30,2025,3,Q3,9,Sep,September,2025-09,30,2,Tue,f,2025-09-01,2025-09-30
2025-10-01,2025,4,Q4,10,Oct,October  ,2025-10,1,3,Wed,f,2025-10-01,2025-10-31
2025-10-02,2025,4,Q4,10,Oct,October  ,2025-10,2,4,Thu,f,2025-10-01,2025-10-31
2025-10-03,2025,4,Q4,10,Oct,October  ,2025-10,3,5,Fri,t,2025-10-01,2025-10-31
2025-10-04,2025,4,Q4,10,Oct,October  ,2025-10,4,6,Sat,t,2025-10-01,2025-10-31
2025-10-05,2025,4,Q4,10,Oct,October  ,2025-10,5,7,Sun,f,2025-10-01,2025-10-31
2025-10-06,2025,4,Q4,10,Oct,October  ,2025-10,6,1,Mon,f,2025-10-01,2025-10-31
2025-10-07,2025,4,Q4,10,Oct,October  ,2025-10,7,2,Tue,f,2025-10-01,2025-10-31
2025-10-08,2025,4,Q4,10,Oct,October  ,2025-10,8,3,Wed,f,2025-10-01,2025-10-31
2025-10-09,2025,4,Q4,10,Oct,October  ,2025-10,9,4,Thu,f,2025-10-01,2025-10-31
2025-10-10,2025,4,Q4,10,Oct,October  ,2025-10,10,5,Fri,t,2025-10-01,2025-10-31
2025-10-11,2025,4,Q4,10,Oct,October  ,2025-10,11,6,Sat,t,2025-10-01,2025-10-31
2025-10-12,2025,4,Q4,10,Oct,October  ,2025-10,12,7,Sun,f,2025-10-01,2025-10-31
2025-10-13,2025,4,Q4,10,Oct,October  ,2025-10,13,1,Mon,f,2025-10-01,2025-10-31
2025-10-14,2025,4,Q4,10,Oct,October  ,2025-10,14,2,Tue,f,2025-10-01,2025-10-31
2025-10-15,2025,4,Q4,10,Oct,October  ,2025-10,15,3,Wed,f,2025-10-01,2025-10-31
2025-10-16,2025,4,Q4,10,Oct,October  ,2025-10,16,4,Thu,f,2025-10-01,2025-10-31
2025-10-17,2025,4,Q4,10,Oct,October  ,2025-10,17,5,Fri,t,2025-10-01,2025-10-31
2025-10-18,2025,4,Q4,10,Oct,October  ,2025-10,18,6,Sat,t,2025-10-01,2025-10-31
2025-10-19,2025,4,Q4,10,Oct,October  ,2025-10,19,7,Sun,f,2025-10-01,2025-10-31
2025-10-20,2025,4,Q4,10,Oct,October  ,2025-10,20,1,Mon,f,2025-10-01,2025-10-31
2025-10-21,2025,4,Q4,10,Oct,October  ,2025-10,21,2,Tue,f,2025-10-01,2025-10-31
2025-10-22,2025,4,Q4,10,Oct,October  ,2025-10,22,3,Wed,f,2025-10-01,2025-10-31
2025-10-23,2025,4,Q4,10,Oct,October  ,2025-10,23,4,Thu,f,2025-10-01,2025-10-31
2025-10-24,2025,4,Q4,10,Oct,October  ,2025-10,24,5,Fri,t,2025-10-01,2025-10-31
2025-10-25,2025,4,Q4,10,Oct,October  ,2025-10,25,6,Sat,t,2025-10-01,2025-10-31
2025-10-26,2025,4,Q4,10,Oct,October  ,2025-10,26,7,Sun,f,2025-10-01,2025-10-31
2025-10-27,2025,4,Q4,10,Oct,October  ,2025-10,27,1,Mon,f,2025-10-01,2025-10-31
2025-10-28,2025,4,Q4,10,Oct,October  ,2025-10,28,2,Tue,f,2025-10-01,2025-10-31
2025-10-29,2025,4,Q4,10,Oct,October  ,2025-10,29,3,Wed,f,2025-10-01,2025-10-31
2025-10-30,2025,4,Q4,10,Oct,October  ,2025-10,30,4,Thu,f,2025-10-01,2025-10-31
2025-10-31,2025,4,Q4,10,Oct,October  ,2025-10,31,5,Fri,t,2025-10-01,2025-10-31
2025-11-01,2025,4,Q4,11,Nov,November ,2025-11,1,6,Sat,t,2025-11-01,2025-11-30
2025-11-02,2025,4,Q4,11,Nov,November ,2025-11,2,7,Sun,f,2025-11-01,2025-11-30
2025-11-03,2025,4,Q4,11,Nov,November ,2025-11,3,1,Mon,f,2025-11-01,2025-11-30
2025-11-04,2025,4,Q4,11,Nov,November ,2025-11,4,2,Tue,f,2025-11-01,2025-11-30
2025-11-05,2025,4,Q4,11,Nov,November ,2025-11,5,3,Wed,f,2025-11-01,2025-11-30
2025-11-06,2025,4,Q4,11,Nov,November ,2025-11,6,4,Thu,f,2025-11-01,2025-11-30
2025-11-07,2025,4,Q4,11,Nov,November ,2025-11,7,5,Fri,t,2025-11-01,2025-11-30
2025-11-08,2025,4,Q4,11,Nov,November ,2025-11,8,6,Sat,t,2025-11-01,2025-11-30
2025-11-09,2025,4,Q4,11,Nov,November ,2025-11,9,7,Sun,f,2025-11-01,2025-11-30
2025-11-10,2025,4,Q4,11,Nov,November ,2025-11,10,1,Mon,f,2025-11-01,2025-11-30
2025-11-11,2025,4,Q4,11,Nov,November ,2025-11,11,2,Tue,f,2025-11-01,2025-11-30
2025-11-12,2025,4,Q4,11,Nov,November ,2025-11,12,3,Wed,f,2025-11-01,2025-11-30
2025-11-13,2025,4,Q4,11,Nov,November ,2025-11,13,4,Thu,f,2025-11-01,2025-11-30
2025-11-14,2025,4,Q4,11,Nov,November ,2025-11,14,5,Fri,t,2025-11-01,2025-11-30
2025-11-15,2025,4,Q4,11,Nov,November ,2025-11,15,6,Sat,t,2025-11-01,2025-11-30
2025-11-16,2025,4,Q4,11,Nov,November ,2025-11,16,7,Sun,f,2025-11-01,2025-11-30
2025-11-17,2025,4,Q4,11,Nov,November ,2025-11,17,1,Mon,f,2025-11-01,2025-11-30
2025-11-18,2025,4,Q4,11,Nov,November ,2025-11,18,2,Tue,f,2025-11-01,2025-11-30
2025-11-19,2025,4,Q4,11,Nov,November ,2025-11,19,3,Wed,f,2025-11-01,2025-11-30
2025-11-20,2025,4,Q4,11,Nov,November ,2025-11,20,4,Thu,f,2025-11-01,2025-11-30
2025-11-21,2025,4,Q4,11,Nov,November ,2025-11,21,5,Fri,t,2025-11-01,2025-11-30
2025-11-22,2025,4,Q4,11,Nov,November ,2025-11,22,6,Sat,t,2025-11-01,2025-11-30
2025-11-23,2025,4,Q4,11,Nov,November ,2025-11,23,7,Sun,f,2025-11-01,2025-11-30
2025-11-24,2025,4,Q4,11,Nov,November ,2025-11,24,1,Mon,f,2025-11-01,2025-11-30
2025-11-25,2025,4,Q4,11,Nov,November ,2025-11,25,2,Tue,f,2025-11-01,2025-11-30
2025-11-26,2025,4,Q4,11,Nov,November ,2025-11,26,3,Wed,f,2025-11-01,2025-11-30
2025-11-27,2025,4,Q4,11,Nov,November ,2025-11,27,4,Thu,f,2025-11-01,2025-11-30
2025-11-28,2025,4,Q4,11,Nov,November ,2025-11,28,5,Fri,t,2025-11-01,2025-11-30
2025-11-29,2025,4,Q4,11,Nov,November ,2025-11,29,6,Sat,t,2025-11-01,2025-11-30
2025-11-30,2025,4,Q4,11,Nov,November ,2025-11,30,7,Sun,f,2025-11-01,2025-11-30
2025-12-01,2025,4,Q4,12,Dec,December ,2025-12,1,1,Mon,f,2025-12-01,2025-12-31
2025-12-02,2025,4,Q4,12,Dec,December ,2025-12,2,2,Tue,f,2025-12-01,2025-12-31
2025-12-03,2025,4,Q4,12,Dec,December ,2025-12,3,3,Wed,f,2025-12-01,2025-12-31
2025-12-04,2025,4,Q4,12,Dec,December ,2025-12,4,4,Thu,f,2025-12-01,2025-12-31
2025-12-05,2025,4,Q4,12,Dec,December ,2025-12,5,5,Fri,t,2025-12-01,2025-12-31
2025-12-06,2025,4,Q4,12,Dec,December ,2025-12,6,6,Sat,t,2025-12-01,2025-12-31
2025-12-07,2025,4,Q4,12,Dec,December ,2025-12,7,7,Sun,f,2025-12-01,2025-12-31
2025-12-08,2025,4,Q4,12,Dec,December ,2025-12,8,1,Mon,f,2025-12-01,2025-12-31
2025-12-09,2025,4,Q4,12,Dec,December ,2025-12,9,2,Tue,f,2025-12-01,2025-12-31
2025-12-10,2025,4,Q4,12,Dec,December ,2025-12,10,3,Wed,f,2025-12-01,2025-12-31
2025-12-11,2025,4,Q4,12,Dec,December ,2025-12,11,4,Thu,f,2025-12-01,2025-12-31
2025-12-12,2025,4,Q4,12,Dec,December ,2025-12,12,5,Fri,t,2025-12-01,2025-12-31
2025-12-13,2025,4,Q4,12,Dec,December ,2025-12,13,6,Sat,t,2025-12-01,2025-12-31
2025-12-14,2025,4,Q4,12,Dec,December ,2025-12,14,7,Sun,f,2025-12-01,2025-12-31
2025-12-15,2025,4,Q4,12,Dec,December ,2025-12,15,1,Mon,f,2025-12-01,2025-12-31
2025-12-16,2025,4,Q4,12,Dec,December ,2025-12,16,2,Tue,f,2025-12-01,2025-12-31
2025-12-17,2025,4,Q4,12,Dec,December ,2025-12,17,3,Wed,f,2025-12-01,2025-12-31
2025-12-18,2025,4,Q4,12,Dec,December ,2025-12,18,4,Thu,f,2025-12-01,2025-12-31
2025-12-19,2025,4,Q4,12,Dec,December ,2025-12,19,5,Fri,t,2025-12-01,2025-12-31
2025-12-20,2025,4,Q4,12,Dec,December ,2025-12,20,6,Sat,t,2025-12-01,2025-12-31
2025-12-21,2025,4,Q4,12,Dec,December ,2025-12,21,7,Sun,f,2025-12-01,2025-12-31
2025-12-22,2025,4,Q4,12,Dec,December ,2025-12,22,1,Mon,f,2025-12-01,2025-12-31
2025-12-23,2025,4,Q4,12,Dec,December ,2025-12,23,2,Tue,f,2025-12-01,2025-12-31
2025-12-24,2025,4,Q4,12,Dec,December ,2025-12,24,3,Wed,f,2025-12-01,2025-12-31
2025-12-25,2025,4,Q4,12,Dec,December ,2025-12,25,4,Thu,f,2025-12-01,2025-12-31
2025-12-26,2025,4,Q4,12,Dec,December ,2025-12,26,5,Fri,t,2025-12-01,2025-12-31
2025-12-27,2025,4,Q4,12,Dec,December ,2025-12,27,6,Sat,t,2025-12-01,2025-12-31
2025-12-28,2025,4,Q4,12,Dec,December ,2025-12,28,7,Sun,f,2025-12-01,2025-12-31
2025-12-29,2025,4,Q4,12,Dec,December ,2025-12,29,1,Mon,f,2025-12-01,2025-12-31
2025-12-30,2025,4,Q4,12,Dec,December ,2025-12,30,2,Tue,f,2025-12-01,2025-12-31
2025-12-31,2025,4,Q4,12,Dec,December ,2025-12,31,3,Wed,f,2025-12-01,2025-12-31
2026-01-01,2026,1,Q1,1,Jan,January  ,2026-01,1,4,Thu,f,2026-01-01,2026-01-31
2026-01-02,2026,1,Q1,1,Jan,January  ,2026-01,2,5,Fri,t,2026-01-01,2026-01-31
2026-01-03,2026,1,Q1,1,Jan,January  ,2026-01,3,6,Sat,t,2026-01-01,2026-01-31
2026-01-04,2026,1,Q1,1,Jan,January  ,2026-01,4,7,Sun,f,2026-01-01,2026-01-31
2026-01-05,2026,1,Q1,1,Jan,January  ,2026-01,5,1,Mon,f,2026-01-01,2026-01-31
2026-01-06,2026,1,Q1,1,Jan,January  ,2026-01,6,2,Tue,f,2026-01-01,2026-01-31
2026-01-07,2026,1,Q1,1,Jan,January  ,2026-01,7,3,Wed,f,2026-01-01,2026-01-31
2026-01-08,2026,1,Q1,1,Jan,January  ,2026-01,8,4,Thu,f,2026-01-01,2026-01-31
2026-01-09,2026,1,Q1,1,Jan,January  ,2026-01,9,5,Fri,t,2026-01-01,2026-01-31
2026-01-10,2026,1,Q1,1,Jan,January  ,2026-01,10,6,Sat,t,2026-01-01,2026-01-31
2026-01-11,2026,1,Q1,1,Jan,January  ,2026-01,11,7,Sun,f,2026-01-01,2026-01-31
2026-01-12,2026,1,Q1,1,Jan,January  ,2026-01,12,1,Mon,f,2026-01-01,2026-01-31
2026-01-13,2026,1,Q1,1,Jan,January  ,2026-01,13,2,Tue,f,2026-01-01,2026-01-31
2026-01-14,2026,1,Q1,1,Jan,January  ,2026-01,14,3,Wed,f,2026-01-01,2026-01-31
2026-01-15,2026,1,Q1,1,Jan,January  ,2026-01,15,4,Thu,f,2026-01-01,2026-01-31
2026-01-16,2026,1,Q1,1,Jan,January  ,2026-01,16,5,Fri,t,2026-01-01,2026-01-31
2026-01-17,2026,1,Q1,1,Jan,January  ,2026-01,17,6,Sat,t,2026-01-01,2026-01-31
2026-01-18,2026,1,Q1,1,Jan,January  ,2026-01,18,7,Sun,f,2026-01-01,2026-01-31
2026-01-19,2026,1,Q1,1,Jan,January  ,2026-01,19,1,Mon,f,2026-01-01,2026-01-31
2026-01-20,2026,1,Q1,1,Jan,January  ,2026-01,20,2,Tue,f,2026-01-01,2026-01-31
2026-01-21,2026,1,Q1,1,Jan,January  ,2026-01,21,3,Wed,f,2026-01-01,2026-01-31
2026-01-22,2026,1,Q1,1,Jan,January  ,2026-01,22,4,Thu,f,2026-01-01,2026-01-31
2026-01-23,2026,1,Q1,1,Jan,January  ,2026-01,23,5,Fri,t,2026-01-01,2026-01-31
2026-01-24,2026,1,Q1,1,Jan,January  ,2026-01,24,6,Sat,t,2026-01-01,2026-01-31
2026-01-25,2026,1,Q1,1,Jan,January  ,2026-01,25,7,Sun,f,2026-01-01,2026-01-31
2026-01-26,2026,1,Q1,1,Jan,January  ,2026-01,26,1,Mon,f,2026-01-01,2026-01-31
2026-01-27,2026,1,Q1,1,Jan,January  ,2026-01,27,2,Tue,f,2026-01-01,2026-01-31
2026-01-28,2026,1,Q1,1,Jan,January  ,2026-01,28,3,Wed,f,2026-01-01,2026-01-31
2026-01-29,2026,1,Q1,1,Jan,January  ,2026-01,29,4,Thu,f,2026-01-01,2026-01-31
2026-01-30,2026,1,Q1,1,Jan,January  ,2026-01,30,5,Fri,t,2026-01-01,2026-01-31
2026-01-31,2026,1,Q1,1,Jan,January  ,2026-01,31,6,Sat,t,2026-01-01,2026-01-31
2026-02-01,2026,1,Q1,2,Feb,February ,2026-02,1,7,Sun,f,2026-02-01,2026-02-28
2026-02-02,2026,1,Q1,2,Feb,February ,2026-02,2,1,Mon,f,2026-02-01,2026-02-28
2026-02-03,2026,1,Q1,2,Feb,February ,2026-02,3,2,Tue,f,2026-02-01,2026-02-28
2026-02-04,2026,1,Q1,2,Feb,February ,2026-02,4,3,Wed,f,2026-02-01,2026-02-28
2026-02-05,2026,1,Q1,2,Feb,February ,2026-02,5,4,Thu,f,2026-02-01,2026-02-28
2026-02-06,2026,1,Q1,2,Feb,February ,2026-02,6,5,Fri,t,2026-02-01,2026-02-28
2026-02-07,2026,1,Q1,2,Feb,February ,2026-02,7,6,Sat,t,2026-02-01,2026-02-28
2026-02-08,2026,1,Q1,2,Feb,February ,2026-02,8,7,Sun,f,2026-02-01,2026-02-28
2026-02-09,2026,1,Q1,2,Feb,February ,2026-02,9,1,Mon,f,2026-02-01,2026-02-28
2026-02-10,2026,1,Q1,2,Feb,February ,2026-02,10,2,Tue,f,2026-02-01,2026-02-28
2026-02-11,2026,1,Q1,2,Feb,February ,2026-02,11,3,Wed,f,2026-02-01,2026-02-28
2026-02-12,2026,1,Q1,2,Feb,February ,2026-02,12,4,Thu,f,2026-02-01,2026-02-28
2026-02-13,2026,1,Q1,2,Feb,February ,2026-02,13,5,Fri,t,2026-02-01,2026-02-28
2026-02-14,2026,1,Q1,2,Feb,February ,2026-02,14,6,Sat,t,2026-02-01,2026-02-28
2026-02-15,2026,1,Q1,2,Feb,February ,2026-02,15,7,Sun,f,2026-02-01,2026-02-28
2026-02-16,2026,1,Q1,2,Feb,February ,2026-02,16,1,Mon,f,2026-02-01,2026-02-28
2026-02-17,2026,1,Q1,2,Feb,February ,2026-02,17,2,Tue,f,2026-02-01,2026-02-28
2026-02-18,2026,1,Q1,2,Feb,February ,2026-02,18,3,Wed,f,2026-02-01,2026-02-28
2026-02-19,2026,1,Q1,2,Feb,February ,2026-02,19,4,Thu,f,2026-02-01,2026-02-28
2026-02-20,2026,1,Q1,2,Feb,February ,2026-02,20,5,Fri,t,2026-02-01,2026-02-28
2026-02-21,2026,1,Q1,2,Feb,February ,2026-02,21,6,Sat,t,2026-02-01,2026-02-28
2026-02-22,2026,1,Q1,2,Feb,February ,2026-02,22,7,Sun,f,2026-02-01,2026-02-28
2026-02-23,2026,1,Q1,2,Feb,February ,2026-02,23,1,Mon,f,2026-02-01,2026-02-28
2026-02-24,2026,1,Q1,2,Feb,February ,2026-02,24,2,Tue,f,2026-02-01,2026-02-28
2026-02-25,2026,1,Q1,2,Feb,February ,2026-02,25,3,Wed,f,2026-02-01,2026-02-28
2026-02-26,2026,1,Q1,2,Feb,February ,2026-02,26,4,Thu,f,2026-02-01,2026-02-28
2026-02-27,2026,1,Q1,2,Feb,February ,2026-02,27,5,Fri,t,2026-02-01,2026-02-28
2026-02-28,2026,1,Q1,2,Feb,February ,2026-02,28,6,Sat,t,2026-02-01,2026-02-28
2026-03-01,2026,1,Q1,3,Mar,March    ,2026-03,1,7,Sun,f,2026-03-01,2026-03-31
2026-03-02,2026,1,Q1,3,Mar,March    ,2026-03,2,1,Mon,f,2026-03-01,2026-03-31
2026-03-03,2026,1,Q1,3,Mar,March    ,2026-03,3,2,Tue,f,2026-03-01,2026-03-31
2026-03-04,2026,1,Q1,3,Mar,March    ,2026-03,4,3,Wed,f,2026-03-01,2026-03-31
2026-03-05,2026,1,Q1,3,Mar,March    ,2026-03,5,4,Thu,f,2026-03-01,2026-03-31
2026-03-06,2026,1,Q1,3,Mar,March    ,2026-03,6,5,Fri,t,2026-03-01,2026-03-31
2026-03-07,2026,1,Q1,3,Mar,March    ,2026-03,7,6,Sat,t,2026-03-01,2026-03-31
2026-03-08,2026,1,Q1,3,Mar,March    ,2026-03,8,7,Sun,f,2026-03-01,2026-03-31
2026-03-09,2026,1,Q1,3,Mar,March    ,2026-03,9,1,Mon,f,2026-03-01,2026-03-31
2026-03-10,2026,1,Q1,3,Mar,March    ,2026-03,10,2,Tue,f,2026-03-01,2026-03-31
2026-03-11,2026,1,Q1,3,Mar,March    ,2026-03,11,3,Wed,f,2026-03-01,2026-03-31
2026-03-12,2026,1,Q1,3,Mar,March    ,2026-03,12,4,Thu,f,2026-03-01,2026-03-31
2026-03-13,2026,1,Q1,3,Mar,March    ,2026-03,13,5,Fri,t,2026-03-01,2026-03-31
2026-03-14,2026,1,Q1,3,Mar,March    ,2026-03,14,6,Sat,t,2026-03-01,2026-03-31
2026-03-15,2026,1,Q1,3,Mar,March    ,2026-03,15,7,Sun,f,2026-03-01,2026-03-31
2026-03-16,2026,1,Q1,3,Mar,March    ,2026-03,16,1,Mon,f,2026-03-01,2026-03-31
2026-03-17,2026,1,Q1,3,Mar,March    ,2026-03,17,2,Tue,f,2026-03-01,2026-03-31
2026-03-18,2026,1,Q1,3,Mar,March    ,2026-03,18,3,Wed,f,2026-03-01,2026-03-31
2026-03-19,2026,1,Q1,3,Mar,March    ,2026-03,19,4,Thu,f,2026-03-01,2026-03-31
2026-03-20,2026,1,Q1,3,Mar,March    ,2026-03,20,5,Fri,t,2026-03-01,2026-03-31
2026-03-21,2026,1,Q1,3,Mar,March    ,2026-03,21,6,Sat,t,2026-03-01,2026-03-31
2026-03-22,2026,1,Q1,3,Mar,March    ,2026-03,22,7,Sun,f,2026-03-01,2026-03-31
2026-03-23,2026,1,Q1,3,Mar,March    ,2026-03,23,1,Mon,f,2026-03-01,2026-03-31
2026-03-24,2026,1,Q1,3,Mar,March    ,2026-03,24,2,Tue,f,2026-03-01,2026-03-31
2026-03-25,2026,1,Q1,3,Mar,March    ,2026-03,25,3,Wed,f,2026-03-01,2026-03-31
2026-03-26,2026,1,Q1,3,Mar,March    ,2026-03,26,4,Thu,f,2026-03-01,2026-03-31
2026-03-27,2026,1,Q1,3,Mar,March    ,2026-03,27,5,Fri,t,2026-03-01,2026-03-31
2026-03-28,2026,1,Q1,3,Mar,March    ,2026-03,28,6,Sat,t,2026-03-01,2026-03-31
2026-03-29,2026,1,Q1,3,Mar,March    ,2026-03,29,7,Sun,f,2026-03-01,2026-03-31
2026-03-30,2026,1,Q1,3,Mar,March    ,2026-03,30,1,Mon,f,2026-03-01,2026-03-31
2026-03-31,2026,1,Q1,3,Mar,March    ,2026-03,31,2,Tue,f,2026-03-01,2026-03-31
2026-04-01,2026,2,Q2,4,Apr,April    ,2026-04,1,3,Wed,f,2026-04-01,2026-04-30
2026-04-02,2026,2,Q2,4,Apr,April    ,2026-04,2,4,Thu,f,2026-04-01,2026-04-30
2026-04-03,2026,2,Q2,4,Apr,April    ,2026-04,3,5,Fri,t,2026-04-01,2026-04-30
2026-04-04,2026,2,Q2,4,Apr,April    ,2026-04,4,6,Sat,t,2026-04-01,2026-04-30
2026-04-05,2026,2,Q2,4,Apr,April    ,2026-04,5,7,Sun,f,2026-04-01,2026-04-30
2026-04-06,2026,2,Q2,4,Apr,April    ,2026-04,6,1,Mon,f,2026-04-01,2026-04-30
2026-04-07,2026,2,Q2,4,Apr,April    ,2026-04,7,2,Tue,f,2026-04-01,2026-04-30
2026-04-08,2026,2,Q2,4,Apr,April    ,2026-04,8,3,Wed,f,2026-04-01,2026-04-30
2026-04-09,2026,2,Q2,4,Apr,April    ,2026-04,9,4,Thu,f,2026-04-01,2026-04-30
2026-04-10,2026,2,Q2,4,Apr,April    ,2026-04,10,5,Fri,t,2026-04-01,2026-04-30
2026-04-11,2026,2,Q2,4,Apr,April    ,2026-04,11,6,Sat,t,2026-04-01,2026-04-30
2026-04-12,2026,2,Q2,4,Apr,April    ,2026-04,12,7,Sun,f,2026-04-01,2026-04-30
2026-04-13,2026,2,Q2,4,Apr,April    ,2026-04,13,1,Mon,f,2026-04-01,2026-04-30
2026-04-14,2026,2,Q2,4,Apr,April    ,2026-04,14,2,Tue,f,2026-04-01,2026-04-30
2026-04-15,2026,2,Q2,4,Apr,April    ,2026-04,15,3,Wed,f,2026-04-01,2026-04-30
2026-04-16,2026,2,Q2,4,Apr,April    ,2026-04,16,4,Thu,f,2026-04-01,2026-04-30
2026-04-17,2026,2,Q2,4,Apr,April    ,2026-04,17,5,Fri,t,2026-04-01,2026-04-30
2026-04-18,2026,2,Q2,4,Apr,April    ,2026-04,18,6,Sat,t,2026-04-01,2026-04-30
2026-04-19,2026,2,Q2,4,Apr,April    ,2026-04,19,7,Sun,f,2026-04-01,2026-04-30
2026-04-20,2026,2,Q2,4,Apr,April    ,2026-04,20,1,Mon,f,2026-04-01,2026-04-30
2026-04-21,2026,2,Q2,4,Apr,April    ,2026-04,21,2,Tue,f,2026-04-01,2026-04-30
2026-04-22,2026,2,Q2,4,Apr,April    ,2026-04,22,3,Wed,f,2026-04-01,2026-04-30
2026-04-23,2026,2,Q2,4,Apr,April    ,2026-04,23,4,Thu,f,2026-04-01,2026-04-30
2026-04-24,2026,2,Q2,4,Apr,April    ,2026-04,24,5,Fri,t,2026-04-01,2026-04-30
2026-04-25,2026,2,Q2,4,Apr,April    ,2026-04,25,6,Sat,t,2026-04-01,2026-04-30
2026-04-26,2026,2,Q2,4,Apr,April    ,2026-04,26,7,Sun,f,2026-04-01,2026-04-30
2026-04-27,2026,2,Q2,4,Apr,April    ,2026-04,27,1,Mon,f,2026-04-01,2026-04-30
2026-04-28,2026,2,Q2,4,Apr,April    ,2026-04,28,2,Tue,f,2026-04-01,2026-04-30
2026-04-29,2026,2,Q2,4,Apr,April    ,2026-04,29,3,Wed,f,2026-04-01,2026-04-30
2026-04-30,2026,2,Q2,4,Apr,April    ,2026-04,30,4,Thu,f,2026-04-01,2026-04-30
2026-05-01,2026,2,Q2,5,May,May      ,2026-05,1,5,Fri,t,2026-05-01,2026-05-31
2026-05-02,2026,2,Q2,5,May,May      ,2026-05,2,6,Sat,t,2026-05-01,2026-05-31
2026-05-03,2026,2,Q2,5,May,May      ,2026-05,3,7,Sun,f,2026-05-01,2026-05-31
2026-05-04,2026,2,Q2,5,May,May      ,2026-05,4,1,Mon,f,2026-05-01,2026-05-31
2026-05-05,2026,2,Q2,5,May,May      ,2026-05,5,2,Tue,f,2026-05-01,2026-05-31
2026-05-06,2026,2,Q2,5,May,May      ,2026-05,6,3,Wed,f,2026-05-01,2026-05-31
2026-05-07,2026,2,Q2,5,May,May      ,2026-05,7,4,Thu,f,2026-05-01,2026-05-31
2026-05-08,2026,2,Q2,5,May,May      ,2026-05,8,5,Fri,t,2026-05-01,2026-05-31
2026-05-09,2026,2,Q2,5,May,May      ,2026-05,9,6,Sat,t,2026-05-01,2026-05-31
2026-05-10,2026,2,Q2,5,May,May      ,2026-05,10,7,Sun,f,2026-05-01,2026-05-31
2026-05-11,2026,2,Q2,5,May,May      ,2026-05,11,1,Mon,f,2026-05-01,2026-05-31
2026-05-12,2026,2,Q2,5,May,May      ,2026-05,12,2,Tue,f,2026-05-01,2026-05-31
2026-05-13,2026,2,Q2,5,May,May      ,2026-05,13,3,Wed,f,2026-05-01,2026-05-31
2026-05-14,2026,2,Q2,5,May,May      ,2026-05,14,4,Thu,f,2026-05-01,2026-05-31
2026-05-15,2026,2,Q2,5,May,May      ,2026-05,15,5,Fri,t,2026-05-01,2026-05-31
2026-05-16,2026,2,Q2,5,May,May      ,2026-05,16,6,Sat,t,2026-05-01,2026-05-31
2026-05-17,2026,2,Q2,5,May,May      ,2026-05,17,7,Sun,f,2026-05-01,2026-05-31
2026-05-18,2026,2,Q2,5,May,May      ,2026-05,18,1,Mon,f,2026-05-01,2026-05-31
2026-05-19,2026,2,Q2,5,May,May      ,2026-05,19,2,Tue,f,2026-05-01,2026-05-31
2026-05-20,2026,2,Q2,5,May,May      ,2026-05,20,3,Wed,f,2026-05-01,2026-05-31
2026-05-21,2026,2,Q2,5,May,May      ,2026-05,21,4,Thu,f,2026-05-01,2026-05-31
2026-05-22,2026,2,Q2,5,May,May      ,2026-05,22,5,Fri,t,2026-05-01,2026-05-31
2026-05-23,2026,2,Q2,5,May,May      ,2026-05,23,6,Sat,t,2026-05-01,2026-05-31
2026-05-24,2026,2,Q2,5,May,May      ,2026-05,24,7,Sun,f,2026-05-01,2026-05-31
2026-05-25,2026,2,Q2,5,May,May      ,2026-05,25,1,Mon,f,2026-05-01,2026-05-31
2026-05-26,2026,2,Q2,5,May,May      ,2026-05,26,2,Tue,f,2026-05-01,2026-05-31
2026-05-27,2026,2,Q2,5,May,May      ,2026-05,27,3,Wed,f,2026-05-01,2026-05-31
2026-05-28,2026,2,Q2,5,May,May      ,2026-05,28,4,Thu,f,2026-05-01,2026-05-31
2026-05-29,2026,2,Q2,5,May,May      ,2026-05,29,5,Fri,t,2026-05-01,2026-05-31
2026-05-30,2026,2,Q2,5,May,May      ,2026-05,30,6,Sat,t,2026-05-01,2026-05-31
2026-05-31,2026,2,Q2,5,May,May      ,2026-05,31,7,Sun,f,2026-05-01,2026-05-31
2026-06-01,2026,2,Q2,6,Jun,June     ,2026-06,1,1,Mon,f,2026-06-01,2026-06-30
2026-06-02,2026,2,Q2,6,Jun,June     ,2026-06,2,2,Tue,f,2026-06-01,2026-06-30
2026-06-03,2026,2,Q2,6,Jun,June     ,2026-06,3,3,Wed,f,2026-06-01,2026-06-30
2026-06-04,2026,2,Q2,6,Jun,June     ,2026-06,4,4,Thu,f,2026-06-01,2026-06-30
2026-06-05,2026,2,Q2,6,Jun,June     ,2026-06,5,5,Fri,t,2026-06-01,2026-06-30
2026-06-06,2026,2,Q2,6,Jun,June     ,2026-06,6,6,Sat,t,2026-06-01,2026-06-30
2026-06-07,2026,2,Q2,6,Jun,June     ,2026-06,7,7,Sun,f,2026-06-01,2026-06-30
2026-06-08,2026,2,Q2,6,Jun,June     ,2026-06,8,1,Mon,f,2026-06-01,2026-06-30
2026-06-09,2026,2,Q2,6,Jun,June     ,2026-06,9,2,Tue,f,2026-06-01,2026-06-30
2026-06-10,2026,2,Q2,6,Jun,June     ,2026-06,10,3,Wed,f,2026-06-01,2026-06-30
2026-06-11,2026,2,Q2,6,Jun,June     ,2026-06,11,4,Thu,f,2026-06-01,2026-06-30
2026-06-12,2026,2,Q2,6,Jun,June     ,2026-06,12,5,Fri,t,2026-06-01,2026-06-30
2026-06-13,2026,2,Q2,6,Jun,June     ,2026-06,13,6,Sat,t,2026-06-01,2026-06-30
2026-06-14,2026,2,Q2,6,Jun,June     ,2026-06,14,7,Sun,f,2026-06-01,2026-06-30
2026-06-15,2026,2,Q2,6,Jun,June     ,2026-06,15,1,Mon,f,2026-06-01,2026-06-30
2026-06-16,2026,2,Q2,6,Jun,June     ,2026-06,16,2,Tue,f,2026-06-01,2026-06-30
2026-06-17,2026,2,Q2,6,Jun,June     ,2026-06,17,3,Wed,f,2026-06-01,2026-06-30
2026-06-18,2026,2,Q2,6,Jun,June     ,2026-06,18,4,Thu,f,2026-06-01,2026-06-30
2026-06-19,2026,2,Q2,6,Jun,June     ,2026-06,19,5,Fri,t,2026-06-01,2026-06-30
2026-06-20,2026,2,Q2,6,Jun,June     ,2026-06,20,6,Sat,t,2026-06-01,2026-06-30
2026-06-21,2026,2,Q2,6,Jun,June     ,2026-06,21,7,Sun,f,2026-06-01,2026-06-30
2026-06-22,2026,2,Q2,6,Jun,June     ,2026-06,22,1,Mon,f,2026-06-01,2026-06-30
2026-06-23,2026,2,Q2,6,Jun,June     ,2026-06,23,2,Tue,f,2026-06-01,2026-06-30
2026-06-24,2026,2,Q2,6,Jun,June     ,2026-06,24,3,Wed,f,2026-06-01,2026-06-30
2026-06-25,2026,2,Q2,6,Jun,June     ,2026-06,25,4,Thu,f,2026-06-01,2026-06-30
2026-06-26,2026,2,Q2,6,Jun,June     ,2026-06,26,5,Fri,t,2026-06-01,2026-06-30
2026-06-27,2026,2,Q2,6,Jun,June     ,2026-06,27,6,Sat,t,2026-06-01,2026-06-30
2026-06-28,2026,2,Q2,6,Jun,June     ,2026-06,28,7,Sun,f,2026-06-01,2026-06-30
2026-06-29,2026,2,Q2,6,Jun,June     ,2026-06,29,1,Mon,f,2026-06-01,2026-06-30
2026-06-30,2026,2,Q2,6,Jun,June     ,2026-06,30,2,Tue,f,2026-06-01,2026-06-30
2026-07-01,2026,3,Q3,7,Jul,July     ,2026-07,1,3,Wed,f,2026-07-01,2026-07-31
2026-07-02,2026,3,Q3,7,Jul,July     ,2026-07,2,4,Thu,f,2026-07-01,2026-07-31
2026-07-03,2026,3,Q3,7,Jul,July     ,2026-07,3,5,Fri,t,2026-07-01,2026-07-31
2026-07-04,2026,3,Q3,7,Jul,July     ,2026-07,4,6,Sat,t,2026-07-01,2026-07-31
2026-07-05,2026,3,Q3,7,Jul,July     ,2026-07,5,7,Sun,f,2026-07-01,2026-07-31
2026-07-06,2026,3,Q3,7,Jul,July     ,2026-07,6,1,Mon,f,2026-07-01,2026-07-31
2026-07-07,2026,3,Q3,7,Jul,July     ,2026-07,7,2,Tue,f,2026-07-01,2026-07-31
2026-07-08,2026,3,Q3,7,Jul,July     ,2026-07,8,3,Wed,f,2026-07-01,2026-07-31
2026-07-09,2026,3,Q3,7,Jul,July     ,2026-07,9,4,Thu,f,2026-07-01,2026-07-31
2026-07-10,2026,3,Q3,7,Jul,July     ,2026-07,10,5,Fri,t,2026-07-01,2026-07-31
2026-07-11,2026,3,Q3,7,Jul,July     ,2026-07,11,6,Sat,t,2026-07-01,2026-07-31
2026-07-12,2026,3,Q3,7,Jul,July     ,2026-07,12,7,Sun,f,2026-07-01,2026-07-31
2026-07-13,2026,3,Q3,7,Jul,July     ,2026-07,13,1,Mon,f,2026-07-01,2026-07-31
2026-07-14,2026,3,Q3,7,Jul,July     ,2026-07,14,2,Tue,f,2026-07-01,2026-07-31
2026-07-15,2026,3,Q3,7,Jul,July     ,2026-07,15,3,Wed,f,2026-07-01,2026-07-31
2026-07-16,2026,3,Q3,7,Jul,July     ,2026-07,16,4,Thu,f,2026-07-01,2026-07-31
2026-07-17,2026,3,Q3,7,Jul,July     ,2026-07,17,5,Fri,t,2026-07-01,2026-07-31
2026-07-18,2026,3,Q3,7,Jul,July     ,2026-07,18,6,Sat,t,2026-07-01,2026-07-31
2026-07-19,2026,3,Q3,7,Jul,July     ,2026-07,19,7,Sun,f,2026-07-01,2026-07-31
2026-07-20,2026,3,Q3,7,Jul,July     ,2026-07,20,1,Mon,f,2026-07-01,2026-07-31
2026-07-21,2026,3,Q3,7,Jul,July     ,2026-07,21,2,Tue,f,2026-07-01,2026-07-31
2026-07-22,2026,3,Q3,7,Jul,July     ,2026-07,22,3,Wed,f,2026-07-01,2026-07-31
2026-07-23,2026,3,Q3,7,Jul,July     ,2026-07,23,4,Thu,f,2026-07-01,2026-07-31
2026-07-24,2026,3,Q3,7,Jul,July     ,2026-07,24,5,Fri,t,2026-07-01,2026-07-31
2026-07-25,2026,3,Q3,7,Jul,July     ,2026-07,25,6,Sat,t,2026-07-01,2026-07-31
2026-07-26,2026,3,Q3,7,Jul,July     ,2026-07,26,7,Sun,f,2026-07-01,2026-07-31
2026-07-27,2026,3,Q3,7,Jul,July     ,2026-07,27,1,Mon,f,2026-07-01,2026-07-31
2026-07-28,2026,3,Q3,7,Jul,July     ,2026-07,28,2,Tue,f,2026-07-01,2026-07-31
2026-07-29,2026,3,Q3,7,Jul,July     ,2026-07,29,3,Wed,f,2026-07-01,2026-07-31
2026-07-30,2026,3,Q3,7,Jul,July     ,2026-07,30,4,Thu,f,2026-07-01,2026-07-31
2026-07-31,2026,3,Q3,7,Jul,July     ,2026-07,31,5,Fri,t,2026-07-01,2026-07-31
2026-08-01,2026,3,Q3,8,Aug,August   ,2026-08,1,6,Sat,t,2026-08-01,2026-08-31
2026-08-02,2026,3,Q3,8,Aug,August   ,2026-08,2,7,Sun,f,2026-08-01,2026-08-31
2026-08-03,2026,3,Q3,8,Aug,August   ,2026-08,3,1,Mon,f,2026-08-01,2026-08-31
2026-08-04,2026,3,Q3,8,Aug,August   ,2026-08,4,2,Tue,f,2026-08-01,2026-08-31
2026-08-05,2026,3,Q3,8,Aug,August   ,2026-08,5,3,Wed,f,2026-08-01,2026-08-31
2026-08-06,2026,3,Q3,8,Aug,August   ,2026-08,6,4,Thu,f,2026-08-01,2026-08-31
2026-08-07,2026,3,Q3,8,Aug,August   ,2026-08,7,5,Fri,t,2026-08-01,2026-08-31
2026-08-08,2026,3,Q3,8,Aug,August   ,2026-08,8,6,Sat,t,2026-08-01,2026-08-31
2026-08-09,2026,3,Q3,8,Aug,August   ,2026-08,9,7,Sun,f,2026-08-01,2026-08-31
2026-08-10,2026,3,Q3,8,Aug,August   ,2026-08,10,1,Mon,f,2026-08-01,2026-08-31
2026-08-11,2026,3,Q3,8,Aug,August   ,2026-08,11,2,Tue,f,2026-08-01,2026-08-31
2026-08-12,2026,3,Q3,8,Aug,August   ,2026-08,12,3,Wed,f,2026-08-01,2026-08-31
2026-08-13,2026,3,Q3,8,Aug,August   ,2026-08,13,4,Thu,f,2026-08-01,2026-08-31
2026-08-14,2026,3,Q3,8,Aug,August   ,2026-08,14,5,Fri,t,2026-08-01,2026-08-31
2026-08-15,2026,3,Q3,8,Aug,August   ,2026-08,15,6,Sat,t,2026-08-01,2026-08-31
2026-08-16,2026,3,Q3,8,Aug,August   ,2026-08,16,7,Sun,f,2026-08-01,2026-08-31
2026-08-17,2026,3,Q3,8,Aug,August   ,2026-08,17,1,Mon,f,2026-08-01,2026-08-31
2026-08-18,2026,3,Q3,8,Aug,August   ,2026-08,18,2,Tue,f,2026-08-01,2026-08-31
2026-08-19,2026,3,Q3,8,Aug,August   ,2026-08,19,3,Wed,f,2026-08-01,2026-08-31
2026-08-20,2026,3,Q3,8,Aug,August   ,2026-08,20,4,Thu,f,2026-08-01,2026-08-31
2026-08-21,2026,3,Q3,8,Aug,August   ,2026-08,21,5,Fri,t,2026-08-01,2026-08-31
2026-08-22,2026,3,Q3,8,Aug,August   ,2026-08,22,6,Sat,t,2026-08-01,2026-08-31
2026-08-23,2026,3,Q3,8,Aug,August   ,2026-08,23,7,Sun,f,2026-08-01,2026-08-31
2026-08-24,2026,3,Q3,8,Aug,August   ,2026-08,24,1,Mon,f,2026-08-01,2026-08-31
2026-08-25,2026,3,Q3,8,Aug,August   ,2026-08,25,2,Tue,f,2026-08-01,2026-08-31
2026-08-26,2026,3,Q3,8,Aug,August   ,2026-08,26,3,Wed,f,2026-08-01,2026-08-31
2026-08-27,2026,3,Q3,8,Aug,August   ,2026-08,27,4,Thu,f,2026-08-01,2026-08-31
2026-08-28,2026,3,Q3,8,Aug,August   ,2026-08,28,5,Fri,t,2026-08-01,2026-08-31
2026-08-29,2026,3,Q3,8,Aug,August   ,2026-08,29,6,Sat,t,2026-08-01,2026-08-31
2026-08-30,2026,3,Q3,8,Aug,August   ,2026-08,30,7,Sun,f,2026-08-01,2026-08-31
2026-08-31,2026,3,Q3,8,Aug,August   ,2026-08,31,1,Mon,f,2026-08-01,2026-08-31
2026-09-01,2026,3,Q3,9,Sep,September,2026-09,1,2,Tue,f,2026-09-01,2026-09-30
2026-09-02,2026,3,Q3,9,Sep,September,2026-09,2,3,Wed,f,2026-09-01,2026-09-30
2026-09-03,2026,3,Q3,9,Sep,September,2026-09,3,4,Thu,f,2026-09-01,2026-09-30
2026-09-04,2026,3,Q3,9,Sep,September,2026-09,4,5,Fri,t,2026-09-01,2026-09-30
2026-09-05,2026,3,Q3,9,Sep,September,2026-09,5,6,Sat,t,2026-09-01,2026-09-30
2026-09-06,2026,3,Q3,9,Sep,September,2026-09,6,7,Sun,f,2026-09-01,2026-09-30
2026-09-07,2026,3,Q3,9,Sep,September,2026-09,7,1,Mon,f,2026-09-01,2026-09-30
2026-09-08,2026,3,Q3,9,Sep,September,2026-09,8,2,Tue,f,2026-09-01,2026-09-30
2026-09-09,2026,3,Q3,9,Sep,September,2026-09,9,3,Wed,f,2026-09-01,2026-09-30
2026-09-10,2026,3,Q3,9,Sep,September,2026-09,10,4,Thu,f,2026-09-01,2026-09-30
2026-09-11,2026,3,Q3,9,Sep,September,2026-09,11,5,Fri,t,2026-09-01,2026-09-30
2026-09-12,2026,3,Q3,9,Sep,September,2026-09,12,6,Sat,t,2026-09-01,2026-09-30
2026-09-13,2026,3,Q3,9,Sep,September,2026-09,13,7,Sun,f,2026-09-01,2026-09-30
2026-09-14,2026,3,Q3,9,Sep,September,2026-09,14,1,Mon,f,2026-09-01,2026-09-30
2026-09-15,2026,3,Q3,9,Sep,September,2026-09,15,2,Tue,f,2026-09-01,2026-09-30
2026-09-16,2026,3,Q3,9,Sep,September,2026-09,16,3,Wed,f,2026-09-01,2026-09-30
2026-09-17,2026,3,Q3,9,Sep,September,2026-09,17,4,Thu,f,2026-09-01,2026-09-30
2026-09-18,2026,3,Q3,9,Sep,September,2026-09,18,5,Fri,t,2026-09-01,2026-09-30
2026-09-19,2026,3,Q3,9,Sep,September,2026-09,19,6,Sat,t,2026-09-01,2026-09-30
2026-09-20,2026,3,Q3,9,Sep,September,2026-09,20,7,Sun,f,2026-09-01,2026-09-30
2026-09-21,2026,3,Q3,9,Sep,September,2026-09,21,1,Mon,f,2026-09-01,2026-09-30
2026-09-22,2026,3,Q3,9,Sep,September,2026-09,22,2,Tue,f,2026-09-01,2026-09-30
2026-09-23,2026,3,Q3,9,Sep,September,2026-09,23,3,Wed,f,2026-09-01,2026-09-30
2026-09-24,2026,3,Q3,9,Sep,September,2026-09,24,4,Thu,f,2026-09-01,2026-09-30
2026-09-25,2026,3,Q3,9,Sep,September,2026-09,25,5,Fri,t,2026-09-01,2026-09-30
2026-09-26,2026,3,Q3,9,Sep,September,2026-09,26,6,Sat,t,2026-09-01,2026-09-30
2026-09-27,2026,3,Q3,9,Sep,September,2026-09,27,7,Sun,f,2026-09-01,2026-09-30
2026-09-28,2026,3,Q3,9,Sep,September,2026-09,28,1,Mon,f,2026-09-01,2026-09-30
2026-09-29,2026,3,Q3,9,Sep,September,2026-09,29,2,Tue,f,2026-09-01,2026-09-30
2026-09-30,2026,3,Q3,9,Sep,September,2026-09,30,3,Wed,f,2026-09-01,2026-09-30
2026-10-01,2026,4,Q4,10,Oct,October  ,2026-10,1,4,Thu,f,2026-10-01,2026-10-31
2026-10-02,2026,4,Q4,10,Oct,October  ,2026-10,2,5,Fri,t,2026-10-01,2026-10-31
2026-10-03,2026,4,Q4,10,Oct,October  ,2026-10,3,6,Sat,t,2026-10-01,2026-10-31
2026-10-04,2026,4,Q4,10,Oct,October  ,2026-10,4,7,Sun,f,2026-10-01,2026-10-31
2026-10-05,2026,4,Q4,10,Oct,October  ,2026-10,5,1,Mon,f,2026-10-01,2026-10-31
2026-10-06,2026,4,Q4,10,Oct,October  ,2026-10,6,2,Tue,f,2026-10-01,2026-10-31
2026-10-07,2026,4,Q4,10,Oct,October  ,2026-10,7,3,Wed,f,2026-10-01,2026-10-31
2026-10-08,2026,4,Q4,10,Oct,October  ,2026-10,8,4,Thu,f,2026-10-01,2026-10-31
2026-10-09,2026,4,Q4,10,Oct,October  ,2026-10,9,5,Fri,t,2026-10-01,2026-10-31
2026-10-10,2026,4,Q4,10,Oct,October  ,2026-10,10,6,Sat,t,2026-10-01,2026-10-31
2026-10-11,2026,4,Q4,10,Oct,October  ,2026-10,11,7,Sun,f,2026-10-01,2026-10-31
2026-10-12,2026,4,Q4,10,Oct,October  ,2026-10,12,1,Mon,f,2026-10-01,2026-10-31
2026-10-13,2026,4,Q4,10,Oct,October  ,2026-10,13,2,Tue,f,2026-10-01,2026-10-31
2026-10-14,2026,4,Q4,10,Oct,October  ,2026-10,14,3,Wed,f,2026-10-01,2026-10-31
2026-10-15,2026,4,Q4,10,Oct,October  ,2026-10,15,4,Thu,f,2026-10-01,2026-10-31
2026-10-16,2026,4,Q4,10,Oct,October  ,2026-10,16,5,Fri,t,2026-10-01,2026-10-31
2026-10-17,2026,4,Q4,10,Oct,October  ,2026-10,17,6,Sat,t,2026-10-01,2026-10-31
2026-10-18,2026,4,Q4,10,Oct,October  ,2026-10,18,7,Sun,f,2026-10-01,2026-10-31
2026-10-19,2026,4,Q4,10,Oct,October  ,2026-10,19,1,Mon,f,2026-10-01,2026-10-31
2026-10-20,2026,4,Q4,10,Oct,October  ,2026-10,20,2,Tue,f,2026-10-01,2026-10-31
2026-10-21,2026,4,Q4,10,Oct,October  ,2026-10,21,3,Wed,f,2026-10-01,2026-10-31
2026-10-22,2026,4,Q4,10,Oct,October  ,2026-10,22,4,Thu,f,2026-10-01,2026-10-31
2026-10-23,2026,4,Q4,10,Oct,October  ,2026-10,23,5,Fri,t,2026-10-01,2026-10-31
2026-10-24,2026,4,Q4,10,Oct,October  ,2026-10,24,6,Sat,t,2026-10-01,2026-10-31
2026-10-25,2026,4,Q4,10,Oct,October  ,2026-10,25,7,Sun,f,2026-10-01,2026-10-31
2026-10-26,2026,4,Q4,10,Oct,October  ,2026-10,26,1,Mon,f,2026-10-01,2026-10-31
2026-10-27,2026,4,Q4,10,Oct,October  ,2026-10,27,2,Tue,f,2026-10-01,2026-10-31
2026-10-28,2026,4,Q4,10,Oct,October  ,2026-10,28,3,Wed,f,2026-10-01,2026-10-31
2026-10-29,2026,4,Q4,10,Oct,October  ,2026-10,29,4,Thu,f,2026-10-01,2026-10-31
2026-10-30,2026,4,Q4,10,Oct,October  ,2026-10,30,5,Fri,t,2026-10-01,2026-10-31
2026-10-31,2026,4,Q4,10,Oct,October  ,2026-10,31,6,Sat,t,2026-10-01,2026-10-31
2026-11-01,2026,4,Q4,11,Nov,November ,2026-11,1,7,Sun,f,2026-11-01,2026-11-30
2026-11-02,2026,4,Q4,11,Nov,November ,2026-11,2,1,Mon,f,2026-11-01,2026-11-30
2026-11-03,2026,4,Q4,11,Nov,November ,2026-11,3,2,Tue,f,2026-11-01,2026-11-30
2026-11-04,2026,4,Q4,11,Nov,November ,2026-11,4,3,Wed,f,2026-11-01,2026-11-30
2026-11-05,2026,4,Q4,11,Nov,November ,2026-11,5,4,Thu,f,2026-11-01,2026-11-30
2026-11-06,2026,4,Q4,11,Nov,November ,2026-11,6,5,Fri,t,2026-11-01,2026-11-30
2026-11-07,2026,4,Q4,11,Nov,November ,2026-11,7,6,Sat,t,2026-11-01,2026-11-30
2026-11-08,2026,4,Q4,11,Nov,November ,2026-11,8,7,Sun,f,2026-11-01,2026-11-30
2026-11-09,2026,4,Q4,11,Nov,November ,2026-11,9,1,Mon,f,2026-11-01,2026-11-30
2026-11-10,2026,4,Q4,11,Nov,November ,2026-11,10,2,Tue,f,2026-11-01,2026-11-30
2026-11-11,2026,4,Q4,11,Nov,November ,2026-11,11,3,Wed,f,2026-11-01,2026-11-30
2026-11-12,2026,4,Q4,11,Nov,November ,2026-11,12,4,Thu,f,2026-11-01,2026-11-30
2026-11-13,2026,4,Q4,11,Nov,November ,2026-11,13,5,Fri,t,2026-11-01,2026-11-30
2026-11-14,2026,4,Q4,11,Nov,November ,2026-11,14,6,Sat,t,2026-11-01,2026-11-30
2026-11-15,2026,4,Q4,11,Nov,November ,2026-11,15,7,Sun,f,2026-11-01,2026-11-30
2026-11-16,2026,4,Q4,11,Nov,November ,2026-11,16,1,Mon,f,2026-11-01,2026-11-30
2026-11-17,2026,4,Q4,11,Nov,November ,2026-11,17,2,Tue,f,2026-11-01,2026-11-30
2026-11-18,2026,4,Q4,11,Nov,November ,2026-11,18,3,Wed,f,2026-11-01,2026-11-30
2026-11-19,2026,4,Q4,11,Nov,November ,2026-11,19,4,Thu,f,2026-11-01,2026-11-30
2026-11-20,2026,4,Q4,11,Nov,November ,2026-11,20,5,Fri,t,2026-11-01,2026-11-30
2026-11-21,2026,4,Q4,11,Nov,November ,2026-11,21,6,Sat,t,2026-11-01,2026-11-30
2026-11-22,2026,4,Q4,11,Nov,November ,2026-11,22,7,Sun,f,2026-11-01,2026-11-30
2026-11-23,2026,4,Q4,11,Nov,November ,2026-11,23,1,Mon,f,2026-11-01,2026-11-30
2026-11-24,2026,4,Q4,11,Nov,November ,2026-11,24,2,Tue,f,2026-11-01,2026-11-30
2026-11-25,2026,4,Q4,11,Nov,November ,2026-11,25,3,Wed,f,2026-11-01,2026-11-30
2026-11-26,2026,4,Q4,11,Nov,November ,2026-11,26,4,Thu,f,2026-11-01,2026-11-30
2026-11-27,2026,4,Q4,11,Nov,November ,2026-11,27,5,Fri,t,2026-11-01,2026-11-30
2026-11-28,2026,4,Q4,11,Nov,November ,2026-11,28,6,Sat,t,2026-11-01,2026-11-30
2026-11-29,2026,4,Q4,11,Nov,November ,2026-11,29,7,Sun,f,2026-11-01,2026-11-30
2026-11-30,2026,4,Q4,11,Nov,November ,2026-11,30,1,Mon,f,2026-11-01,2026-11-30
2026-12-01,2026,4,Q4,12,Dec,December ,2026-12,1,2,Tue,f,2026-12-01,2026-12-31
2026-12-02,2026,4,Q4,12,Dec,December ,2026-12,2,3,Wed,f,2026-12-01,2026-12-31
2026-12-03,2026,4,Q4,12,Dec,December ,2026-12,3,4,Thu,f,2026-12-01,2026-12-31
2026-12-04,2026,4,Q4,12,Dec,December ,2026-12,4,5,Fri,t,2026-12-01,2026-12-31
2026-12-05,2026,4,Q4,12,Dec,December ,2026-12,5,6,Sat,t,2026-12-01,2026-12-31
2026-12-06,2026,4,Q4,12,Dec,December ,2026-12,6,7,Sun,f,2026-12-01,2026-12-31
2026-12-07,2026,4,Q4,12,Dec,December ,2026-12,7,1,Mon,f,2026-12-01,2026-12-31
2026-12-08,2026,4,Q4,12,Dec,December ,2026-12,8,2,Tue,f,2026-12-01,2026-12-31
2026-12-09,2026,4,Q4,12,Dec,December ,2026-12,9,3,Wed,f,2026-12-01,2026-12-31
2026-12-10,2026,4,Q4,12,Dec,December ,2026-12,10,4,Thu,f,2026-12-01,2026-12-31
2026-12-11,2026,4,Q4,12,Dec,December ,2026-12,11,5,Fri,t,2026-12-01,2026-12-31
2026-12-12,2026,4,Q4,12,Dec,December ,2026-12,12,6,Sat,t,2026-12-01,2026-12-31
2026-12-13,2026,4,Q4,12,Dec,December ,2026-12,13,7,Sun,f,2026-12-01,2026-12-31
2026-12-14,2026,4,Q4,12,Dec,December ,2026-12,14,1,Mon,f,2026-12-01,2026-12-31
2026-12-15,2026,4,Q4,12,Dec,December ,2026-12,15,2,Tue,f,2026-12-01,2026-12-31
2026-12-16,2026,4,Q4,12,Dec,December ,2026-12,16,3,Wed,f,2026-12-01,2026-12-31
2026-12-17,2026,4,Q4,12,Dec,December ,2026-12,17,4,Thu,f,2026-12-01,2026-12-31
2026-12-18,2026,4,Q4,12,Dec,December ,2026-12,18,5,Fri,t,2026-12-01,2026-12-31
2026-12-19,2026,4,Q4,12,Dec,December ,2026-12,19,6,Sat,t,2026-12-01,2026-12-31
2026-12-20,2026,4,Q4,12,Dec,December ,2026-12,20,7,Sun,f,2026-12-01,2026-12-31
2026-12-21,2026,4,Q4,12,Dec,December ,2026-12,21,1,Mon,f,2026-12-01,2026-12-31
2026-12-22,2026,4,Q4,12,Dec,December ,2026-12,22,2,Tue,f,2026-12-01,2026-12-31
2026-12-23,2026,4,Q4,12,Dec,December ,2026-12,23,3,Wed,f,2026-12-01,2026-12-31
2026-12-24,2026,4,Q4,12,Dec,December ,2026-12,24,4,Thu,f,2026-12-01,2026-12-31
2026-12-25,2026,4,Q4,12,Dec,December ,2026-12,25,5,Fri,t,2026-12-01,2026-12-31
2026-12-26,2026,4,Q4,12,Dec,December ,2026-12,26,6,Sat,t,2026-12-01,2026-12-31
2026-12-27,2026,4,Q4,12,Dec,December ,2026-12,27,7,Sun,f,2026-12-01,2026-12-31
2026-12-28,2026,4,Q4,12,Dec,December ,2026-12,28,1,Mon,f,2026-12-01,2026-12-31
2026-12-29,2026,4,Q4,12,Dec,December ,2026-12,29,2,Tue,f,2026-12-01,2026-12-31
2026-12-30,2026,4,Q4,12,Dec,December ,2026-12,30,3,Wed,f,2026-12-01,2026-12-31
2026-12-31,2026,4,Q4,12,Dec,December ,2026-12,31,4,Thu,f,2026-12-01,2026-12-31
2027-01-01,2027,1,Q1,1,Jan,January  ,2027-01,1,5,Fri,t,2027-01-01,2027-01-31
2027-01-02,2027,1,Q1,1,Jan,January  ,2027-01,2,6,Sat,t,2027-01-01,2027-01-31
2027-01-03,2027,1,Q1,1,Jan,January  ,2027-01,3,7,Sun,f,2027-01-01,2027-01-31
2027-01-04,2027,1,Q1,1,Jan,January  ,2027-01,4,1,Mon,f,2027-01-01,2027-01-31
2027-01-05,2027,1,Q1,1,Jan,January  ,2027-01,5,2,Tue,f,2027-01-01,2027-01-31
2027-01-06,2027,1,Q1,1,Jan,January  ,2027-01,6,3,Wed,f,2027-01-01,2027-01-31
2027-01-07,2027,1,Q1,1,Jan,January  ,2027-01,7,4,Thu,f,2027-01-01,2027-01-31
2027-01-08,2027,1,Q1,1,Jan,January  ,2027-01,8,5,Fri,t,2027-01-01,2027-01-31
2027-01-09,2027,1,Q1,1,Jan,January  ,2027-01,9,6,Sat,t,2027-01-01,2027-01-31
2027-01-10,2027,1,Q1,1,Jan,January  ,2027-01,10,7,Sun,f,2027-01-01,2027-01-31
2027-01-11,2027,1,Q1,1,Jan,January  ,2027-01,11,1,Mon,f,2027-01-01,2027-01-31
2027-01-12,2027,1,Q1,1,Jan,January  ,2027-01,12,2,Tue,f,2027-01-01,2027-01-31
2027-01-13,2027,1,Q1,1,Jan,January  ,2027-01,13,3,Wed,f,2027-01-01,2027-01-31
2027-01-14,2027,1,Q1,1,Jan,January  ,2027-01,14,4,Thu,f,2027-01-01,2027-01-31
2027-01-15,2027,1,Q1,1,Jan,January  ,2027-01,15,5,Fri,t,2027-01-01,2027-01-31
2027-01-16,2027,1,Q1,1,Jan,January  ,2027-01,16,6,Sat,t,2027-01-01,2027-01-31
2027-01-17,2027,1,Q1,1,Jan,January  ,2027-01,17,7,Sun,f,2027-01-01,2027-01-31
2027-01-18,2027,1,Q1,1,Jan,January  ,2027-01,18,1,Mon,f,2027-01-01,2027-01-31
2027-01-19,2027,1,Q1,1,Jan,January  ,2027-01,19,2,Tue,f,2027-01-01,2027-01-31
2027-01-20,2027,1,Q1,1,Jan,January  ,2027-01,20,3,Wed,f,2027-01-01,2027-01-31
2027-01-21,2027,1,Q1,1,Jan,January  ,2027-01,21,4,Thu,f,2027-01-01,2027-01-31
2027-01-22,2027,1,Q1,1,Jan,January  ,2027-01,22,5,Fri,t,2027-01-01,2027-01-31
2027-01-23,2027,1,Q1,1,Jan,January  ,2027-01,23,6,Sat,t,2027-01-01,2027-01-31
2027-01-24,2027,1,Q1,1,Jan,January  ,2027-01,24,7,Sun,f,2027-01-01,2027-01-31
2027-01-25,2027,1,Q1,1,Jan,January  ,2027-01,25,1,Mon,f,2027-01-01,2027-01-31
2027-01-26,2027,1,Q1,1,Jan,January  ,2027-01,26,2,Tue,f,2027-01-01,2027-01-31
2027-01-27,2027,1,Q1,1,Jan,January  ,2027-01,27,3,Wed,f,2027-01-01,2027-01-31
2027-01-28,2027,1,Q1,1,Jan,January  ,2027-01,28,4,Thu,f,2027-01-01,2027-01-31
2027-01-29,2027,1,Q1,1,Jan,January  ,2027-01,29,5,Fri,t,2027-01-01,2027-01-31
2027-01-30,2027,1,Q1,1,Jan,January  ,2027-01,30,6,Sat,t,2027-01-01,2027-01-31
2027-01-31,2027,1,Q1,1,Jan,January  ,2027-01,31,7,Sun,f,2027-01-01,2027-01-31
2027-02-01,2027,1,Q1,2,Feb,February ,2027-02,1,1,Mon,f,2027-02-01,2027-02-28
2027-02-02,2027,1,Q1,2,Feb,February ,2027-02,2,2,Tue,f,2027-02-01,2027-02-28
2027-02-03,2027,1,Q1,2,Feb,February ,2027-02,3,3,Wed,f,2027-02-01,2027-02-28
2027-02-04,2027,1,Q1,2,Feb,February ,2027-02,4,4,Thu,f,2027-02-01,2027-02-28
2027-02-05,2027,1,Q1,2,Feb,February ,2027-02,5,5,Fri,t,2027-02-01,2027-02-28
2027-02-06,2027,1,Q1,2,Feb,February ,2027-02,6,6,Sat,t,2027-02-01,2027-02-28
2027-02-07,2027,1,Q1,2,Feb,February ,2027-02,7,7,Sun,f,2027-02-01,2027-02-28
2027-02-08,2027,1,Q1,2,Feb,February ,2027-02,8,1,Mon,f,2027-02-01,2027-02-28
2027-02-09,2027,1,Q1,2,Feb,February ,2027-02,9,2,Tue,f,2027-02-01,2027-02-28
2027-02-10,2027,1,Q1,2,Feb,February ,2027-02,10,3,Wed,f,2027-02-01,2027-02-28
2027-02-11,2027,1,Q1,2,Feb,February ,2027-02,11,4,Thu,f,2027-02-01,2027-02-28
2027-02-12,2027,1,Q1,2,Feb,February ,2027-02,12,5,Fri,t,2027-02-01,2027-02-28
2027-02-13,2027,1,Q1,2,Feb,February ,2027-02,13,6,Sat,t,2027-02-01,2027-02-28
2027-02-14,2027,1,Q1,2,Feb,February ,2027-02,14,7,Sun,f,2027-02-01,2027-02-28
2027-02-15,2027,1,Q1,2,Feb,February ,2027-02,15,1,Mon,f,2027-02-01,2027-02-28
2027-02-16,2027,1,Q1,2,Feb,February ,2027-02,16,2,Tue,f,2027-02-01,2027-02-28
2027-02-17,2027,1,Q1,2,Feb,February ,2027-02,17,3,Wed,f,2027-02-01,2027-02-28
2027-02-18,2027,1,Q1,2,Feb,February ,2027-02,18,4,Thu,f,2027-02-01,2027-02-28
2027-02-19,2027,1,Q1,2,Feb,February ,2027-02,19,5,Fri,t,2027-02-01,2027-02-28
2027-02-20,2027,1,Q1,2,Feb,February ,2027-02,20,6,Sat,t,2027-02-01,2027-02-28
2027-02-21,2027,1,Q1,2,Feb,February ,2027-02,21,7,Sun,f,2027-02-01,2027-02-28
2027-02-22,2027,1,Q1,2,Feb,February ,2027-02,22,1,Mon,f,2027-02-01,2027-02-28
2027-02-23,2027,1,Q1,2,Feb,February ,2027-02,23,2,Tue,f,2027-02-01,2027-02-28
2027-02-24,2027,1,Q1,2,Feb,February ,2027-02,24,3,Wed,f,2027-02-01,2027-02-28
2027-02-25,2027,1,Q1,2,Feb,February ,2027-02,25,4,Thu,f,2027-02-01,2027-02-28
2027-02-26,2027,1,Q1,2,Feb,February ,2027-02,26,5,Fri,t,2027-02-01,2027-02-28
2027-02-27,2027,1,Q1,2,Feb,February ,2027-02,27,6,Sat,t,2027-02-01,2027-02-28
2027-02-28,2027,1,Q1,2,Feb,February ,2027-02,28,7,Sun,f,2027-02-01,2027-02-28
2027-03-01,2027,1,Q1,3,Mar,March    ,2027-03,1,1,Mon,f,2027-03-01,2027-03-31
2027-03-02,2027,1,Q1,3,Mar,March    ,2027-03,2,2,Tue,f,2027-03-01,2027-03-31
2027-03-03,2027,1,Q1,3,Mar,March    ,2027-03,3,3,Wed,f,2027-03-01,2027-03-31
2027-03-04,2027,1,Q1,3,Mar,March    ,2027-03,4,4,Thu,f,2027-03-01,2027-03-31
2027-03-05,2027,1,Q1,3,Mar,March    ,2027-03,5,5,Fri,t,2027-03-01,2027-03-31
2027-03-06,2027,1,Q1,3,Mar,March    ,2027-03,6,6,Sat,t,2027-03-01,2027-03-31
2027-03-07,2027,1,Q1,3,Mar,March    ,2027-03,7,7,Sun,f,2027-03-01,2027-03-31
2027-03-08,2027,1,Q1,3,Mar,March    ,2027-03,8,1,Mon,f,2027-03-01,2027-03-31
2027-03-09,2027,1,Q1,3,Mar,March    ,2027-03,9,2,Tue,f,2027-03-01,2027-03-31
2027-03-10,2027,1,Q1,3,Mar,March    ,2027-03,10,3,Wed,f,2027-03-01,2027-03-31
2027-03-11,2027,1,Q1,3,Mar,March    ,2027-03,11,4,Thu,f,2027-03-01,2027-03-31
2027-03-12,2027,1,Q1,3,Mar,March    ,2027-03,12,5,Fri,t,2027-03-01,2027-03-31
2027-03-13,2027,1,Q1,3,Mar,March    ,2027-03,13,6,Sat,t,2027-03-01,2027-03-31
2027-03-14,2027,1,Q1,3,Mar,March    ,2027-03,14,7,Sun,f,2027-03-01,2027-03-31
2027-03-15,2027,1,Q1,3,Mar,March    ,2027-03,15,1,Mon,f,2027-03-01,2027-03-31
2027-03-16,2027,1,Q1,3,Mar,March    ,2027-03,16,2,Tue,f,2027-03-01,2027-03-31
2027-03-17,2027,1,Q1,3,Mar,March    ,2027-03,17,3,Wed,f,2027-03-01,2027-03-31
2027-03-18,2027,1,Q1,3,Mar,March    ,2027-03,18,4,Thu,f,2027-03-01,2027-03-31
2027-03-19,2027,1,Q1,3,Mar,March    ,2027-03,19,5,Fri,t,2027-03-01,2027-03-31
2027-03-20,2027,1,Q1,3,Mar,March    ,2027-03,20,6,Sat,t,2027-03-01,2027-03-31
2027-03-21,2027,1,Q1,3,Mar,March    ,2027-03,21,7,Sun,f,2027-03-01,2027-03-31
2027-03-22,2027,1,Q1,3,Mar,March    ,2027-03,22,1,Mon,f,2027-03-01,2027-03-31
2027-03-23,2027,1,Q1,3,Mar,March    ,2027-03,23,2,Tue,f,2027-03-01,2027-03-31
2027-03-24,2027,1,Q1,3,Mar,March    ,2027-03,24,3,Wed,f,2027-03-01,2027-03-31
2027-03-25,2027,1,Q1,3,Mar,March    ,2027-03,25,4,Thu,f,2027-03-01,2027-03-31
2027-03-26,2027,1,Q1,3,Mar,March    ,2027-03,26,5,Fri,t,2027-03-01,2027-03-31
2027-03-27,2027,1,Q1,3,Mar,March    ,2027-03,27,6,Sat,t,2027-03-01,2027-03-31
2027-03-28,2027,1,Q1,3,Mar,March    ,2027-03,28,7,Sun,f,2027-03-01,2027-03-31
2027-03-29,2027,1,Q1,3,Mar,March    ,2027-03,29,1,Mon,f,2027-03-01,2027-03-31
2027-03-30,2027,1,Q1,3,Mar,March    ,2027-03,30,2,Tue,f,2027-03-01,2027-03-31
2027-03-31,2027,1,Q1,3,Mar,March    ,2027-03,31,3,Wed,f,2027-03-01,2027-03-31
2027-04-01,2027,2,Q2,4,Apr,April    ,2027-04,1,4,Thu,f,2027-04-01,2027-04-30
2027-04-02,2027,2,Q2,4,Apr,April    ,2027-04,2,5,Fri,t,2027-04-01,2027-04-30
2027-04-03,2027,2,Q2,4,Apr,April    ,2027-04,3,6,Sat,t,2027-04-01,2027-04-30
2027-04-04,2027,2,Q2,4,Apr,April    ,2027-04,4,7,Sun,f,2027-04-01,2027-04-30
2027-04-05,2027,2,Q2,4,Apr,April    ,2027-04,5,1,Mon,f,2027-04-01,2027-04-30
2027-04-06,2027,2,Q2,4,Apr,April    ,2027-04,6,2,Tue,f,2027-04-01,2027-04-30
2027-04-07,2027,2,Q2,4,Apr,April    ,2027-04,7,3,Wed,f,2027-04-01,2027-04-30
2027-04-08,2027,2,Q2,4,Apr,April    ,2027-04,8,4,Thu,f,2027-04-01,2027-04-30
2027-04-09,2027,2,Q2,4,Apr,April    ,2027-04,9,5,Fri,t,2027-04-01,2027-04-30
2027-04-10,2027,2,Q2,4,Apr,April    ,2027-04,10,6,Sat,t,2027-04-01,2027-04-30
2027-04-11,2027,2,Q2,4,Apr,April    ,2027-04,11,7,Sun,f,2027-04-01,2027-04-30
2027-04-12,2027,2,Q2,4,Apr,April    ,2027-04,12,1,Mon,f,2027-04-01,2027-04-30
2027-04-13,2027,2,Q2,4,Apr,April    ,2027-04,13,2,Tue,f,2027-04-01,2027-04-30
2027-04-14,2027,2,Q2,4,Apr,April    ,2027-04,14,3,Wed,f,2027-04-01,2027-04-30
2027-04-15,2027,2,Q2,4,Apr,April    ,2027-04,15,4,Thu,f,2027-04-01,2027-04-30
2027-04-16,2027,2,Q2,4,Apr,April    ,2027-04,16,5,Fri,t,2027-04-01,2027-04-30
2027-04-17,2027,2,Q2,4,Apr,April    ,2027-04,17,6,Sat,t,2027-04-01,2027-04-30
2027-04-18,2027,2,Q2,4,Apr,April    ,2027-04,18,7,Sun,f,2027-04-01,2027-04-30
2027-04-19,2027,2,Q2,4,Apr,April    ,2027-04,19,1,Mon,f,2027-04-01,2027-04-30
2027-04-20,2027,2,Q2,4,Apr,April    ,2027-04,20,2,Tue,f,2027-04-01,2027-04-30
2027-04-21,2027,2,Q2,4,Apr,April    ,2027-04,21,3,Wed,f,2027-04-01,2027-04-30
2027-04-22,2027,2,Q2,4,Apr,April    ,2027-04,22,4,Thu,f,2027-04-01,2027-04-30
2027-04-23,2027,2,Q2,4,Apr,April    ,2027-04,23,5,Fri,t,2027-04-01,2027-04-30
2027-04-24,2027,2,Q2,4,Apr,April    ,2027-04,24,6,Sat,t,2027-04-01,2027-04-30
2027-04-25,2027,2,Q2,4,Apr,April    ,2027-04,25,7,Sun,f,2027-04-01,2027-04-30
2027-04-26,2027,2,Q2,4,Apr,April    ,2027-04,26,1,Mon,f,2027-04-01,2027-04-30
2027-04-27,2027,2,Q2,4,Apr,April    ,2027-04,27,2,Tue,f,2027-04-01,2027-04-30
2027-04-28,2027,2,Q2,4,Apr,April    ,2027-04,28,3,Wed,f,2027-04-01,2027-04-30
2027-04-29,2027,2,Q2,4,Apr,April    ,2027-04,29,4,Thu,f,2027-04-01,2027-04-30
2027-04-30,2027,2,Q2,4,Apr,April    ,2027-04,30,5,Fri,t,2027-04-01,2027-04-30
2027-05-01,2027,2,Q2,5,May,May      ,2027-05,1,6,Sat,t,2027-05-01,2027-05-31
2027-05-02,2027,2,Q2,5,May,May      ,2027-05,2,7,Sun,f,2027-05-01,2027-05-31
2027-05-03,2027,2,Q2,5,May,May      ,2027-05,3,1,Mon,f,2027-05-01,2027-05-31
2027-05-04,2027,2,Q2,5,May,May      ,2027-05,4,2,Tue,f,2027-05-01,2027-05-31
2027-05-05,2027,2,Q2,5,May,May      ,2027-05,5,3,Wed,f,2027-05-01,2027-05-31
2027-05-06,2027,2,Q2,5,May,May      ,2027-05,6,4,Thu,f,2027-05-01,2027-05-31
2027-05-07,2027,2,Q2,5,May,May      ,2027-05,7,5,Fri,t,2027-05-01,2027-05-31
2027-05-08,2027,2,Q2,5,May,May      ,2027-05,8,6,Sat,t,2027-05-01,2027-05-31
2027-05-09,2027,2,Q2,5,May,May      ,2027-05,9,7,Sun,f,2027-05-01,2027-05-31
2027-05-10,2027,2,Q2,5,May,May      ,2027-05,10,1,Mon,f,2027-05-01,2027-05-31
2027-05-11,2027,2,Q2,5,May,May      ,2027-05,11,2,Tue,f,2027-05-01,2027-05-31
2027-05-12,2027,2,Q2,5,May,May      ,2027-05,12,3,Wed,f,2027-05-01,2027-05-31
2027-05-13,2027,2,Q2,5,May,May      ,2027-05,13,4,Thu,f,2027-05-01,2027-05-31
2027-05-14,2027,2,Q2,5,May,May      ,2027-05,14,5,Fri,t,2027-05-01,2027-05-31
2027-05-15,2027,2,Q2,5,May,May      ,2027-05,15,6,Sat,t,2027-05-01,2027-05-31
2027-05-16,2027,2,Q2,5,May,May      ,2027-05,16,7,Sun,f,2027-05-01,2027-05-31
2027-05-17,2027,2,Q2,5,May,May      ,2027-05,17,1,Mon,f,2027-05-01,2027-05-31
2027-05-18,2027,2,Q2,5,May,May      ,2027-05,18,2,Tue,f,2027-05-01,2027-05-31
2027-05-19,2027,2,Q2,5,May,May      ,2027-05,19,3,Wed,f,2027-05-01,2027-05-31
2027-05-20,2027,2,Q2,5,May,May      ,2027-05,20,4,Thu,f,2027-05-01,2027-05-31
2027-05-21,2027,2,Q2,5,May,May      ,2027-05,21,5,Fri,t,2027-05-01,2027-05-31
2027-05-22,2027,2,Q2,5,May,May      ,2027-05,22,6,Sat,t,2027-05-01,2027-05-31
2027-05-23,2027,2,Q2,5,May,May      ,2027-05,23,7,Sun,f,2027-05-01,2027-05-31
2027-05-24,2027,2,Q2,5,May,May      ,2027-05,24,1,Mon,f,2027-05-01,2027-05-31
2027-05-25,2027,2,Q2,5,May,May      ,2027-05,25,2,Tue,f,2027-05-01,2027-05-31
2027-05-26,2027,2,Q2,5,May,May      ,2027-05,26,3,Wed,f,2027-05-01,2027-05-31
2027-05-27,2027,2,Q2,5,May,May      ,2027-05,27,4,Thu,f,2027-05-01,2027-05-31
2027-05-28,2027,2,Q2,5,May,May      ,2027-05,28,5,Fri,t,2027-05-01,2027-05-31
2027-05-29,2027,2,Q2,5,May,May      ,2027-05,29,6,Sat,t,2027-05-01,2027-05-31
2027-05-30,2027,2,Q2,5,May,May      ,2027-05,30,7,Sun,f,2027-05-01,2027-05-31
2027-05-31,2027,2,Q2,5,May,May      ,2027-05,31,1,Mon,f,2027-05-01,2027-05-31
2027-06-01,2027,2,Q2,6,Jun,June     ,2027-06,1,2,Tue,f,2027-06-01,2027-06-30
2027-06-02,2027,2,Q2,6,Jun,June     ,2027-06,2,3,Wed,f,2027-06-01,2027-06-30
2027-06-03,2027,2,Q2,6,Jun,June     ,2027-06,3,4,Thu,f,2027-06-01,2027-06-30
2027-06-04,2027,2,Q2,6,Jun,June     ,2027-06,4,5,Fri,t,2027-06-01,2027-06-30
2027-06-05,2027,2,Q2,6,Jun,June     ,2027-06,5,6,Sat,t,2027-06-01,2027-06-30
2027-06-06,2027,2,Q2,6,Jun,June     ,2027-06,6,7,Sun,f,2027-06-01,2027-06-30
2027-06-07,2027,2,Q2,6,Jun,June     ,2027-06,7,1,Mon,f,2027-06-01,2027-06-30
2027-06-08,2027,2,Q2,6,Jun,June     ,2027-06,8,2,Tue,f,2027-06-01,2027-06-30
2027-06-09,2027,2,Q2,6,Jun,June     ,2027-06,9,3,Wed,f,2027-06-01,2027-06-30
2027-06-10,2027,2,Q2,6,Jun,June     ,2027-06,10,4,Thu,f,2027-06-01,2027-06-30
2027-06-11,2027,2,Q2,6,Jun,June     ,2027-06,11,5,Fri,t,2027-06-01,2027-06-30
2027-06-12,2027,2,Q2,6,Jun,June     ,2027-06,12,6,Sat,t,2027-06-01,2027-06-30
2027-06-13,2027,2,Q2,6,Jun,June     ,2027-06,13,7,Sun,f,2027-06-01,2027-06-30
2027-06-14,2027,2,Q2,6,Jun,June     ,2027-06,14,1,Mon,f,2027-06-01,2027-06-30
2027-06-15,2027,2,Q2,6,Jun,June     ,2027-06,15,2,Tue,f,2027-06-01,2027-06-30
2027-06-16,2027,2,Q2,6,Jun,June     ,2027-06,16,3,Wed,f,2027-06-01,2027-06-30
2027-06-17,2027,2,Q2,6,Jun,June     ,2027-06,17,4,Thu,f,2027-06-01,2027-06-30
2027-06-18,2027,2,Q2,6,Jun,June     ,2027-06,18,5,Fri,t,2027-06-01,2027-06-30
2027-06-19,2027,2,Q2,6,Jun,June     ,2027-06,19,6,Sat,t,2027-06-01,2027-06-30
2027-06-20,2027,2,Q2,6,Jun,June     ,2027-06,20,7,Sun,f,2027-06-01,2027-06-30
2027-06-21,2027,2,Q2,6,Jun,June     ,2027-06,21,1,Mon,f,2027-06-01,2027-06-30
2027-06-22,2027,2,Q2,6,Jun,June     ,2027-06,22,2,Tue,f,2027-06-01,2027-06-30
2027-06-23,2027,2,Q2,6,Jun,June     ,2027-06,23,3,Wed,f,2027-06-01,2027-06-30
2027-06-24,2027,2,Q2,6,Jun,June     ,2027-06,24,4,Thu,f,2027-06-01,2027-06-30
2027-06-25,2027,2,Q2,6,Jun,June     ,2027-06,25,5,Fri,t,2027-06-01,2027-06-30
2027-06-26,2027,2,Q2,6,Jun,June     ,2027-06,26,6,Sat,t,2027-06-01,2027-06-30
2027-06-27,2027,2,Q2,6,Jun,June     ,2027-06,27,7,Sun,f,2027-06-01,2027-06-30
2027-06-28,2027,2,Q2,6,Jun,June     ,2027-06,28,1,Mon,f,2027-06-01,2027-06-30
2027-06-29,2027,2,Q2,6,Jun,June     ,2027-06,29,2,Tue,f,2027-06-01,2027-06-30
2027-06-30,2027,2,Q2,6,Jun,June     ,2027-06,30,3,Wed,f,2027-06-01,2027-06-30
2027-07-01,2027,3,Q3,7,Jul,July     ,2027-07,1,4,Thu,f,2027-07-01,2027-07-31
2027-07-02,2027,3,Q3,7,Jul,July     ,2027-07,2,5,Fri,t,2027-07-01,2027-07-31
2027-07-03,2027,3,Q3,7,Jul,July     ,2027-07,3,6,Sat,t,2027-07-01,2027-07-31
2027-07-04,2027,3,Q3,7,Jul,July     ,2027-07,4,7,Sun,f,2027-07-01,2027-07-31
2027-07-05,2027,3,Q3,7,Jul,July     ,2027-07,5,1,Mon,f,2027-07-01,2027-07-31
2027-07-06,2027,3,Q3,7,Jul,July     ,2027-07,6,2,Tue,f,2027-07-01,2027-07-31
2027-07-07,2027,3,Q3,7,Jul,July     ,2027-07,7,3,Wed,f,2027-07-01,2027-07-31
2027-07-08,2027,3,Q3,7,Jul,July     ,2027-07,8,4,Thu,f,2027-07-01,2027-07-31
2027-07-09,2027,3,Q3,7,Jul,July     ,2027-07,9,5,Fri,t,2027-07-01,2027-07-31
2027-07-10,2027,3,Q3,7,Jul,July     ,2027-07,10,6,Sat,t,2027-07-01,2027-07-31
2027-07-11,2027,3,Q3,7,Jul,July     ,2027-07,11,7,Sun,f,2027-07-01,2027-07-31
2027-07-12,2027,3,Q3,7,Jul,July     ,2027-07,12,1,Mon,f,2027-07-01,2027-07-31
2027-07-13,2027,3,Q3,7,Jul,July     ,2027-07,13,2,Tue,f,2027-07-01,2027-07-31
2027-07-14,2027,3,Q3,7,Jul,July     ,2027-07,14,3,Wed,f,2027-07-01,2027-07-31
2027-07-15,2027,3,Q3,7,Jul,July     ,2027-07,15,4,Thu,f,2027-07-01,2027-07-31
2027-07-16,2027,3,Q3,7,Jul,July     ,2027-07,16,5,Fri,t,2027-07-01,2027-07-31
2027-07-17,2027,3,Q3,7,Jul,July     ,2027-07,17,6,Sat,t,2027-07-01,2027-07-31
2027-07-18,2027,3,Q3,7,Jul,July     ,2027-07,18,7,Sun,f,2027-07-01,2027-07-31
2027-07-19,2027,3,Q3,7,Jul,July     ,2027-07,19,1,Mon,f,2027-07-01,2027-07-31
2027-07-20,2027,3,Q3,7,Jul,July     ,2027-07,20,2,Tue,f,2027-07-01,2027-07-31
2027-07-21,2027,3,Q3,7,Jul,July     ,2027-07,21,3,Wed,f,2027-07-01,2027-07-31
2027-07-22,2027,3,Q3,7,Jul,July     ,2027-07,22,4,Thu,f,2027-07-01,2027-07-31
2027-07-23,2027,3,Q3,7,Jul,July     ,2027-07,23,5,Fri,t,2027-07-01,2027-07-31
2027-07-24,2027,3,Q3,7,Jul,July     ,2027-07,24,6,Sat,t,2027-07-01,2027-07-31
2027-07-25,2027,3,Q3,7,Jul,July     ,2027-07,25,7,Sun,f,2027-07-01,2027-07-31
2027-07-26,2027,3,Q3,7,Jul,July     ,2027-07,26,1,Mon,f,2027-07-01,2027-07-31
2027-07-27,2027,3,Q3,7,Jul,July     ,2027-07,27,2,Tue,f,2027-07-01,2027-07-31
2027-07-28,2027,3,Q3,7,Jul,July     ,2027-07,28,3,Wed,f,2027-07-01,2027-07-31
2027-07-29,2027,3,Q3,7,Jul,July     ,2027-07,29,4,Thu,f,2027-07-01,2027-07-31
2027-07-30,2027,3,Q3,7,Jul,July     ,2027-07,30,5,Fri,t,2027-07-01,2027-07-31
2027-07-31,2027,3,Q3,7,Jul,July     ,2027-07,31,6,Sat,t,2027-07-01,2027-07-31
2027-08-01,2027,3,Q3,8,Aug,August   ,2027-08,1,7,Sun,f,2027-08-01,2027-08-31
2027-08-02,2027,3,Q3,8,Aug,August   ,2027-08,2,1,Mon,f,2027-08-01,2027-08-31
2027-08-03,2027,3,Q3,8,Aug,August   ,2027-08,3,2,Tue,f,2027-08-01,2027-08-31
2027-08-04,2027,3,Q3,8,Aug,August   ,2027-08,4,3,Wed,f,2027-08-01,2027-08-31
2027-08-05,2027,3,Q3,8,Aug,August   ,2027-08,5,4,Thu,f,2027-08-01,2027-08-31
2027-08-06,2027,3,Q3,8,Aug,August   ,2027-08,6,5,Fri,t,2027-08-01,2027-08-31
2027-08-07,2027,3,Q3,8,Aug,August   ,2027-08,7,6,Sat,t,2027-08-01,2027-08-31
2027-08-08,2027,3,Q3,8,Aug,August   ,2027-08,8,7,Sun,f,2027-08-01,2027-08-31
2027-08-09,2027,3,Q3,8,Aug,August   ,2027-08,9,1,Mon,f,2027-08-01,2027-08-31
2027-08-10,2027,3,Q3,8,Aug,August   ,2027-08,10,2,Tue,f,2027-08-01,2027-08-31
2027-08-11,2027,3,Q3,8,Aug,August   ,2027-08,11,3,Wed,f,2027-08-01,2027-08-31
2027-08-12,2027,3,Q3,8,Aug,August   ,2027-08,12,4,Thu,f,2027-08-01,2027-08-31
2027-08-13,2027,3,Q3,8,Aug,August   ,2027-08,13,5,Fri,t,2027-08-01,2027-08-31
2027-08-14,2027,3,Q3,8,Aug,August   ,2027-08,14,6,Sat,t,2027-08-01,2027-08-31
2027-08-15,2027,3,Q3,8,Aug,August   ,2027-08,15,7,Sun,f,2027-08-01,2027-08-31
2027-08-16,2027,3,Q3,8,Aug,August   ,2027-08,16,1,Mon,f,2027-08-01,2027-08-31
2027-08-17,2027,3,Q3,8,Aug,August   ,2027-08,17,2,Tue,f,2027-08-01,2027-08-31
2027-08-18,2027,3,Q3,8,Aug,August   ,2027-08,18,3,Wed,f,2027-08-01,2027-08-31
2027-08-19,2027,3,Q3,8,Aug,August   ,2027-08,19,4,Thu,f,2027-08-01,2027-08-31
2027-08-20,2027,3,Q3,8,Aug,August   ,2027-08,20,5,Fri,t,2027-08-01,2027-08-31
2027-08-21,2027,3,Q3,8,Aug,August   ,2027-08,21,6,Sat,t,2027-08-01,2027-08-31
2027-08-22,2027,3,Q3,8,Aug,August   ,2027-08,22,7,Sun,f,2027-08-01,2027-08-31
2027-08-23,2027,3,Q3,8,Aug,August   ,2027-08,23,1,Mon,f,2027-08-01,2027-08-31
2027-08-24,2027,3,Q3,8,Aug,August   ,2027-08,24,2,Tue,f,2027-08-01,2027-08-31
2027-08-25,2027,3,Q3,8,Aug,August   ,2027-08,25,3,Wed,f,2027-08-01,2027-08-31
2027-08-26,2027,3,Q3,8,Aug,August   ,2027-08,26,4,Thu,f,2027-08-01,2027-08-31
2027-08-27,2027,3,Q3,8,Aug,August   ,2027-08,27,5,Fri,t,2027-08-01,2027-08-31
2027-08-28,2027,3,Q3,8,Aug,August   ,2027-08,28,6,Sat,t,2027-08-01,2027-08-31
2027-08-29,2027,3,Q3,8,Aug,August   ,2027-08,29,7,Sun,f,2027-08-01,2027-08-31
2027-08-30,2027,3,Q3,8,Aug,August   ,2027-08,30,1,Mon,f,2027-08-01,2027-08-31
2027-08-31,2027,3,Q3,8,Aug,August   ,2027-08,31,2,Tue,f,2027-08-01,2027-08-31
2027-09-01,2027,3,Q3,9,Sep,September,2027-09,1,3,Wed,f,2027-09-01,2027-09-30
2027-09-02,2027,3,Q3,9,Sep,September,2027-09,2,4,Thu,f,2027-09-01,2027-09-30
2027-09-03,2027,3,Q3,9,Sep,September,2027-09,3,5,Fri,t,2027-09-01,2027-09-30
2027-09-04,2027,3,Q3,9,Sep,September,2027-09,4,6,Sat,t,2027-09-01,2027-09-30
2027-09-05,2027,3,Q3,9,Sep,September,2027-09,5,7,Sun,f,2027-09-01,2027-09-30
2027-09-06,2027,3,Q3,9,Sep,September,2027-09,6,1,Mon,f,2027-09-01,2027-09-30
2027-09-07,2027,3,Q3,9,Sep,September,2027-09,7,2,Tue,f,2027-09-01,2027-09-30
2027-09-08,2027,3,Q3,9,Sep,September,2027-09,8,3,Wed,f,2027-09-01,2027-09-30
2027-09-09,2027,3,Q3,9,Sep,September,2027-09,9,4,Thu,f,2027-09-01,2027-09-30
2027-09-10,2027,3,Q3,9,Sep,September,2027-09,10,5,Fri,t,2027-09-01,2027-09-30
2027-09-11,2027,3,Q3,9,Sep,September,2027-09,11,6,Sat,t,2027-09-01,2027-09-30
2027-09-12,2027,3,Q3,9,Sep,September,2027-09,12,7,Sun,f,2027-09-01,2027-09-30
2027-09-13,2027,3,Q3,9,Sep,September,2027-09,13,1,Mon,f,2027-09-01,2027-09-30
2027-09-14,2027,3,Q3,9,Sep,September,2027-09,14,2,Tue,f,2027-09-01,2027-09-30
2027-09-15,2027,3,Q3,9,Sep,September,2027-09,15,3,Wed,f,2027-09-01,2027-09-30
2027-09-16,2027,3,Q3,9,Sep,September,2027-09,16,4,Thu,f,2027-09-01,2027-09-30
2027-09-17,2027,3,Q3,9,Sep,September,2027-09,17,5,Fri,t,2027-09-01,2027-09-30
2027-09-18,2027,3,Q3,9,Sep,September,2027-09,18,6,Sat,t,2027-09-01,2027-09-30
2027-09-19,2027,3,Q3,9,Sep,September,2027-09,19,7,Sun,f,2027-09-01,2027-09-30
2027-09-20,2027,3,Q3,9,Sep,September,2027-09,20,1,Mon,f,2027-09-01,2027-09-30
2027-09-21,2027,3,Q3,9,Sep,September,2027-09,21,2,Tue,f,2027-09-01,2027-09-30
2027-09-22,2027,3,Q3,9,Sep,September,2027-09,22,3,Wed,f,2027-09-01,2027-09-30
2027-09-23,2027,3,Q3,9,Sep,September,2027-09,23,4,Thu,f,2027-09-01,2027-09-30
2027-09-24,2027,3,Q3,9,Sep,September,2027-09,24,5,Fri,t,2027-09-01,2027-09-30
2027-09-25,2027,3,Q3,9,Sep,September,2027-09,25,6,Sat,t,2027-09-01,2027-09-30
2027-09-26,2027,3,Q3,9,Sep,September,2027-09,26,7,Sun,f,2027-09-01,2027-09-30
2027-09-27,2027,3,Q3,9,Sep,September,2027-09,27,1,Mon,f,2027-09-01,2027-09-30
2027-09-28,2027,3,Q3,9,Sep,September,2027-09,28,2,Tue,f,2027-09-01,2027-09-30
2027-09-29,2027,3,Q3,9,Sep,September,2027-09,29,3,Wed,f,2027-09-01,2027-09-30
2027-09-30,2027,3,Q3,9,Sep,September,2027-09,30,4,Thu,f,2027-09-01,2027-09-30
2027-10-01,2027,4,Q4,10,Oct,October  ,2027-10,1,5,Fri,t,2027-10-01,2027-10-31
2027-10-02,2027,4,Q4,10,Oct,October  ,2027-10,2,6,Sat,t,2027-10-01,2027-10-31
2027-10-03,2027,4,Q4,10,Oct,October  ,2027-10,3,7,Sun,f,2027-10-01,2027-10-31
2027-10-04,2027,4,Q4,10,Oct,October  ,2027-10,4,1,Mon,f,2027-10-01,2027-10-31
2027-10-05,2027,4,Q4,10,Oct,October  ,2027-10,5,2,Tue,f,2027-10-01,2027-10-31
2027-10-06,2027,4,Q4,10,Oct,October  ,2027-10,6,3,Wed,f,2027-10-01,2027-10-31
2027-10-07,2027,4,Q4,10,Oct,October  ,2027-10,7,4,Thu,f,2027-10-01,2027-10-31
2027-10-08,2027,4,Q4,10,Oct,October  ,2027-10,8,5,Fri,t,2027-10-01,2027-10-31
2027-10-09,2027,4,Q4,10,Oct,October  ,2027-10,9,6,Sat,t,2027-10-01,2027-10-31
2027-10-10,2027,4,Q4,10,Oct,October  ,2027-10,10,7,Sun,f,2027-10-01,2027-10-31
2027-10-11,2027,4,Q4,10,Oct,October  ,2027-10,11,1,Mon,f,2027-10-01,2027-10-31
2027-10-12,2027,4,Q4,10,Oct,October  ,2027-10,12,2,Tue,f,2027-10-01,2027-10-31
2027-10-13,2027,4,Q4,10,Oct,October  ,2027-10,13,3,Wed,f,2027-10-01,2027-10-31
2027-10-14,2027,4,Q4,10,Oct,October  ,2027-10,14,4,Thu,f,2027-10-01,2027-10-31
2027-10-15,2027,4,Q4,10,Oct,October  ,2027-10,15,5,Fri,t,2027-10-01,2027-10-31
2027-10-16,2027,4,Q4,10,Oct,October  ,2027-10,16,6,Sat,t,2027-10-01,2027-10-31
2027-10-17,2027,4,Q4,10,Oct,October  ,2027-10,17,7,Sun,f,2027-10-01,2027-10-31
2027-10-18,2027,4,Q4,10,Oct,October  ,2027-10,18,1,Mon,f,2027-10-01,2027-10-31
2027-10-19,2027,4,Q4,10,Oct,October  ,2027-10,19,2,Tue,f,2027-10-01,2027-10-31
2027-10-20,2027,4,Q4,10,Oct,October  ,2027-10,20,3,Wed,f,2027-10-01,2027-10-31
2027-10-21,2027,4,Q4,10,Oct,October  ,2027-10,21,4,Thu,f,2027-10-01,2027-10-31
2027-10-22,2027,4,Q4,10,Oct,October  ,2027-10,22,5,Fri,t,2027-10-01,2027-10-31
2027-10-23,2027,4,Q4,10,Oct,October  ,2027-10,23,6,Sat,t,2027-10-01,2027-10-31
2027-10-24,2027,4,Q4,10,Oct,October  ,2027-10,24,7,Sun,f,2027-10-01,2027-10-31
2027-10-25,2027,4,Q4,10,Oct,October  ,2027-10,25,1,Mon,f,2027-10-01,2027-10-31
2027-10-26,2027,4,Q4,10,Oct,October  ,2027-10,26,2,Tue,f,2027-10-01,2027-10-31
2027-10-27,2027,4,Q4,10,Oct,October  ,2027-10,27,3,Wed,f,2027-10-01,2027-10-31
2027-10-28,2027,4,Q4,10,Oct,October  ,2027-10,28,4,Thu,f,2027-10-01,2027-10-31
2027-10-29,2027,4,Q4,10,Oct,October  ,2027-10,29,5,Fri,t,2027-10-01,2027-10-31
2027-10-30,2027,4,Q4,10,Oct,October  ,2027-10,30,6,Sat,t,2027-10-01,2027-10-31
2027-10-31,2027,4,Q4,10,Oct,October  ,2027-10,31,7,Sun,f,2027-10-01,2027-10-31
2027-11-01,2027,4,Q4,11,Nov,November ,2027-11,1,1,Mon,f,2027-11-01,2027-11-30
2027-11-02,2027,4,Q4,11,Nov,November ,2027-11,2,2,Tue,f,2027-11-01,2027-11-30
2027-11-03,2027,4,Q4,11,Nov,November ,2027-11,3,3,Wed,f,2027-11-01,2027-11-30
2027-11-04,2027,4,Q4,11,Nov,November ,2027-11,4,4,Thu,f,2027-11-01,2027-11-30
2027-11-05,2027,4,Q4,11,Nov,November ,2027-11,5,5,Fri,t,2027-11-01,2027-11-30
2027-11-06,2027,4,Q4,11,Nov,November ,2027-11,6,6,Sat,t,2027-11-01,2027-11-30
2027-11-07,2027,4,Q4,11,Nov,November ,2027-11,7,7,Sun,f,2027-11-01,2027-11-30
2027-11-08,2027,4,Q4,11,Nov,November ,2027-11,8,1,Mon,f,2027-11-01,2027-11-30
2027-11-09,2027,4,Q4,11,Nov,November ,2027-11,9,2,Tue,f,2027-11-01,2027-11-30
2027-11-10,2027,4,Q4,11,Nov,November ,2027-11,10,3,Wed,f,2027-11-01,2027-11-30
2027-11-11,2027,4,Q4,11,Nov,November ,2027-11,11,4,Thu,f,2027-11-01,2027-11-30
2027-11-12,2027,4,Q4,11,Nov,November ,2027-11,12,5,Fri,t,2027-11-01,2027-11-30
2027-11-13,2027,4,Q4,11,Nov,November ,2027-11,13,6,Sat,t,2027-11-01,2027-11-30
2027-11-14,2027,4,Q4,11,Nov,November ,2027-11,14,7,Sun,f,2027-11-01,2027-11-30
2027-11-15,2027,4,Q4,11,Nov,November ,2027-11,15,1,Mon,f,2027-11-01,2027-11-30
2027-11-16,2027,4,Q4,11,Nov,November ,2027-11,16,2,Tue,f,2027-11-01,2027-11-30
2027-11-17,2027,4,Q4,11,Nov,November ,2027-11,17,3,Wed,f,2027-11-01,2027-11-30
2027-11-18,2027,4,Q4,11,Nov,November ,2027-11,18,4,Thu,f,2027-11-01,2027-11-30
2027-11-19,2027,4,Q4,11,Nov,November ,2027-11,19,5,Fri,t,2027-11-01,2027-11-30
2027-11-20,2027,4,Q4,11,Nov,November ,2027-11,20,6,Sat,t,2027-11-01,2027-11-30
2027-11-21,2027,4,Q4,11,Nov,November ,2027-11,21,7,Sun,f,2027-11-01,2027-11-30
2027-11-22,2027,4,Q4,11,Nov,November ,2027-11,22,1,Mon,f,2027-11-01,2027-11-30
2027-11-23,2027,4,Q4,11,Nov,November ,2027-11,23,2,Tue,f,2027-11-01,2027-11-30
2027-11-24,2027,4,Q4,11,Nov,November ,2027-11,24,3,Wed,f,2027-11-01,2027-11-30
2027-11-25,2027,4,Q4,11,Nov,November ,2027-11,25,4,Thu,f,2027-11-01,2027-11-30
2027-11-26,2027,4,Q4,11,Nov,November ,2027-11,26,5,Fri,t,2027-11-01,2027-11-30
2027-11-27,2027,4,Q4,11,Nov,November ,2027-11,27,6,Sat,t,2027-11-01,2027-11-30
2027-11-28,2027,4,Q4,11,Nov,November ,2027-11,28,7,Sun,f,2027-11-01,2027-11-30
2027-11-29,2027,4,Q4,11,Nov,November ,2027-11,29,1,Mon,f,2027-11-01,2027-11-30
2027-11-30,2027,4,Q4,11,Nov,November ,2027-11,30,2,Tue,f,2027-11-01,2027-11-30
2027-12-01,2027,4,Q4,12,Dec,December ,2027-12,1,3,Wed,f,2027-12-01,2027-12-31
2027-12-02,2027,4,Q4,12,Dec,December ,2027-12,2,4,Thu,f,2027-12-01,2027-12-31
2027-12-03,2027,4,Q4,12,Dec,December ,2027-12,3,5,Fri,t,2027-12-01,2027-12-31
2027-12-04,2027,4,Q4,12,Dec,December ,2027-12,4,6,Sat,t,2027-12-01,2027-12-31
2027-12-05,2027,4,Q4,12,Dec,December ,2027-12,5,7,Sun,f,2027-12-01,2027-12-31
2027-12-06,2027,4,Q4,12,Dec,December ,2027-12,6,1,Mon,f,2027-12-01,2027-12-31
2027-12-07,2027,4,Q4,12,Dec,December ,2027-12,7,2,Tue,f,2027-12-01,2027-12-31
2027-12-08,2027,4,Q4,12,Dec,December ,2027-12,8,3,Wed,f,2027-12-01,2027-12-31
2027-12-09,2027,4,Q4,12,Dec,December ,2027-12,9,4,Thu,f,2027-12-01,2027-12-31
2027-12-10,2027,4,Q4,12,Dec,December ,2027-12,10,5,Fri,t,2027-12-01,2027-12-31
2027-12-11,2027,4,Q4,12,Dec,December ,2027-12,11,6,Sat,t,2027-12-01,2027-12-31
2027-12-12,2027,4,Q4,12,Dec,December ,2027-12,12,7,Sun,f,2027-12-01,2027-12-31
2027-12-13,2027,4,Q4,12,Dec,December ,2027-12,13,1,Mon,f,2027-12-01,2027-12-31
2027-12-14,2027,4,Q4,12,Dec,December ,2027-12,14,2,Tue,f,2027-12-01,2027-12-31
2027-12-15,2027,4,Q4,12,Dec,December ,2027-12,15,3,Wed,f,2027-12-01,2027-12-31
2027-12-16,2027,4,Q4,12,Dec,December ,2027-12,16,4,Thu,f,2027-12-01,2027-12-31
2027-12-17,2027,4,Q4,12,Dec,December ,2027-12,17,5,Fri,t,2027-12-01,2027-12-31
2027-12-18,2027,4,Q4,12,Dec,December ,2027-12,18,6,Sat,t,2027-12-01,2027-12-31
2027-12-19,2027,4,Q4,12,Dec,December ,2027-12,19,7,Sun,f,2027-12-01,2027-12-31
2027-12-20,2027,4,Q4,12,Dec,December ,2027-12,20,1,Mon,f,2027-12-01,2027-12-31
2027-12-21,2027,4,Q4,12,Dec,December ,2027-12,21,2,Tue,f,2027-12-01,2027-12-31
2027-12-22,2027,4,Q4,12,Dec,December ,2027-12,22,3,Wed,f,2027-12-01,2027-12-31
2027-12-23,2027,4,Q4,12,Dec,December ,2027-12,23,4,Thu,f,2027-12-01,2027-12-31
2027-12-24,2027,4,Q4,12,Dec,December ,2027-12,24,5,Fri,t,2027-12-01,2027-12-31
2027-12-25,2027,4,Q4,12,Dec,December ,2027-12,25,6,Sat,t,2027-12-01,2027-12-31
2027-12-26,2027,4,Q4,12,Dec,December ,2027-12,26,7,Sun,f,2027-12-01,2027-12-31
2027-12-27,2027,4,Q4,12,Dec,December ,2027-12,27,1,Mon,f,2027-12-01,2027-12-31
2027-12-28,2027,4,Q4,12,Dec,December ,2027-12,28,2,Tue,f,2027-12-01,2027-12-31
2027-12-29,2027,4,Q4,12,Dec,December ,2027-12,29,3,Wed,f,2027-12-01,2027-12-31
2027-12-30,2027,4,Q4,12,Dec,December ,2027-12,30,4,Thu,f,2027-12-01,2027-12-31
2027-12-31,2027,4,Q4,12,Dec,December ,2027-12,31,5,Fri,t,2027-12-01,2027-12-31
2028-01-01,2028,1,Q1,1,Jan,January  ,2028-01,1,6,Sat,t,2028-01-01,2028-01-31
2028-01-02,2028,1,Q1,1,Jan,January  ,2028-01,2,7,Sun,f,2028-01-01,2028-01-31
2028-01-03,2028,1,Q1,1,Jan,January  ,2028-01,3,1,Mon,f,2028-01-01,2028-01-31
2028-01-04,2028,1,Q1,1,Jan,January  ,2028-01,4,2,Tue,f,2028-01-01,2028-01-31
2028-01-05,2028,1,Q1,1,Jan,January  ,2028-01,5,3,Wed,f,2028-01-01,2028-01-31
2028-01-06,2028,1,Q1,1,Jan,January  ,2028-01,6,4,Thu,f,2028-01-01,2028-01-31
2028-01-07,2028,1,Q1,1,Jan,January  ,2028-01,7,5,Fri,t,2028-01-01,2028-01-31
2028-01-08,2028,1,Q1,1,Jan,January  ,2028-01,8,6,Sat,t,2028-01-01,2028-01-31
2028-01-09,2028,1,Q1,1,Jan,January  ,2028-01,9,7,Sun,f,2028-01-01,2028-01-31
2028-01-10,2028,1,Q1,1,Jan,January  ,2028-01,10,1,Mon,f,2028-01-01,2028-01-31
2028-01-11,2028,1,Q1,1,Jan,January  ,2028-01,11,2,Tue,f,2028-01-01,2028-01-31
2028-01-12,2028,1,Q1,1,Jan,January  ,2028-01,12,3,Wed,f,2028-01-01,2028-01-31
2028-01-13,2028,1,Q1,1,Jan,January  ,2028-01,13,4,Thu,f,2028-01-01,2028-01-31
2028-01-14,2028,1,Q1,1,Jan,January  ,2028-01,14,5,Fri,t,2028-01-01,2028-01-31
2028-01-15,2028,1,Q1,1,Jan,January  ,2028-01,15,6,Sat,t,2028-01-01,2028-01-31
2028-01-16,2028,1,Q1,1,Jan,January  ,2028-01,16,7,Sun,f,2028-01-01,2028-01-31
2028-01-17,2028,1,Q1,1,Jan,January  ,2028-01,17,1,Mon,f,2028-01-01,2028-01-31
2028-01-18,2028,1,Q1,1,Jan,January  ,2028-01,18,2,Tue,f,2028-01-01,2028-01-31
2028-01-19,2028,1,Q1,1,Jan,January  ,2028-01,19,3,Wed,f,2028-01-01,2028-01-31
2028-01-20,2028,1,Q1,1,Jan,January  ,2028-01,20,4,Thu,f,2028-01-01,2028-01-31
2028-01-21,2028,1,Q1,1,Jan,January  ,2028-01,21,5,Fri,t,2028-01-01,2028-01-31
2028-01-22,2028,1,Q1,1,Jan,January  ,2028-01,22,6,Sat,t,2028-01-01,2028-01-31
2028-01-23,2028,1,Q1,1,Jan,January  ,2028-01,23,7,Sun,f,2028-01-01,2028-01-31
2028-01-24,2028,1,Q1,1,Jan,January  ,2028-01,24,1,Mon,f,2028-01-01,2028-01-31
2028-01-25,2028,1,Q1,1,Jan,January  ,2028-01,25,2,Tue,f,2028-01-01,2028-01-31
2028-01-26,2028,1,Q1,1,Jan,January  ,2028-01,26,3,Wed,f,2028-01-01,2028-01-31
2028-01-27,2028,1,Q1,1,Jan,January  ,2028-01,27,4,Thu,f,2028-01-01,2028-01-31
2028-01-28,2028,1,Q1,1,Jan,January  ,2028-01,28,5,Fri,t,2028-01-01,2028-01-31
2028-01-29,2028,1,Q1,1,Jan,January  ,2028-01,29,6,Sat,t,2028-01-01,2028-01-31
2028-01-30,2028,1,Q1,1,Jan,January  ,2028-01,30,7,Sun,f,2028-01-01,2028-01-31
2028-01-31,2028,1,Q1,1,Jan,January  ,2028-01,31,1,Mon,f,2028-01-01,2028-01-31
2028-02-01,2028,1,Q1,2,Feb,February ,2028-02,1,2,Tue,f,2028-02-01,2028-02-29
2028-02-02,2028,1,Q1,2,Feb,February ,2028-02,2,3,Wed,f,2028-02-01,2028-02-29
2028-02-03,2028,1,Q1,2,Feb,February ,2028-02,3,4,Thu,f,2028-02-01,2028-02-29
2028-02-04,2028,1,Q1,2,Feb,February ,2028-02,4,5,Fri,t,2028-02-01,2028-02-29
2028-02-05,2028,1,Q1,2,Feb,February ,2028-02,5,6,Sat,t,2028-02-01,2028-02-29
2028-02-06,2028,1,Q1,2,Feb,February ,2028-02,6,7,Sun,f,2028-02-01,2028-02-29
2028-02-07,2028,1,Q1,2,Feb,February ,2028-02,7,1,Mon,f,2028-02-01,2028-02-29
2028-02-08,2028,1,Q1,2,Feb,February ,2028-02,8,2,Tue,f,2028-02-01,2028-02-29
2028-02-09,2028,1,Q1,2,Feb,February ,2028-02,9,3,Wed,f,2028-02-01,2028-02-29
2028-02-10,2028,1,Q1,2,Feb,February ,2028-02,10,4,Thu,f,2028-02-01,2028-02-29
2028-02-11,2028,1,Q1,2,Feb,February ,2028-02,11,5,Fri,t,2028-02-01,2028-02-29
2028-02-12,2028,1,Q1,2,Feb,February ,2028-02,12,6,Sat,t,2028-02-01,2028-02-29
2028-02-13,2028,1,Q1,2,Feb,February ,2028-02,13,7,Sun,f,2028-02-01,2028-02-29
2028-02-14,2028,1,Q1,2,Feb,February ,2028-02,14,1,Mon,f,2028-02-01,2028-02-29
2028-02-15,2028,1,Q1,2,Feb,February ,2028-02,15,2,Tue,f,2028-02-01,2028-02-29
2028-02-16,2028,1,Q1,2,Feb,February ,2028-02,16,3,Wed,f,2028-02-01,2028-02-29
2028-02-17,2028,1,Q1,2,Feb,February ,2028-02,17,4,Thu,f,2028-02-01,2028-02-29
2028-02-18,2028,1,Q1,2,Feb,February ,2028-02,18,5,Fri,t,2028-02-01,2028-02-29
2028-02-19,2028,1,Q1,2,Feb,February ,2028-02,19,6,Sat,t,2028-02-01,2028-02-29
2028-02-20,2028,1,Q1,2,Feb,February ,2028-02,20,7,Sun,f,2028-02-01,2028-02-29
2028-02-21,2028,1,Q1,2,Feb,February ,2028-02,21,1,Mon,f,2028-02-01,2028-02-29
2028-02-22,2028,1,Q1,2,Feb,February ,2028-02,22,2,Tue,f,2028-02-01,2028-02-29
2028-02-23,2028,1,Q1,2,Feb,February ,2028-02,23,3,Wed,f,2028-02-01,2028-02-29
2028-02-24,2028,1,Q1,2,Feb,February ,2028-02,24,4,Thu,f,2028-02-01,2028-02-29
2028-02-25,2028,1,Q1,2,Feb,February ,2028-02,25,5,Fri,t,2028-02-01,2028-02-29
2028-02-26,2028,1,Q1,2,Feb,February ,2028-02,26,6,Sat,t,2028-02-01,2028-02-29
2028-02-27,2028,1,Q1,2,Feb,February ,2028-02,27,7,Sun,f,2028-02-01,2028-02-29
2028-02-28,2028,1,Q1,2,Feb,February ,2028-02,28,1,Mon,f,2028-02-01,2028-02-29
2028-02-29,2028,1,Q1,2,Feb,February ,2028-02,29,2,Tue,f,2028-02-01,2028-02-29
2028-03-01,2028,1,Q1,3,Mar,March    ,2028-03,1,3,Wed,f,2028-03-01,2028-03-31
2028-03-02,2028,1,Q1,3,Mar,March    ,2028-03,2,4,Thu,f,2028-03-01,2028-03-31
2028-03-03,2028,1,Q1,3,Mar,March    ,2028-03,3,5,Fri,t,2028-03-01,2028-03-31
2028-03-04,2028,1,Q1,3,Mar,March    ,2028-03,4,6,Sat,t,2028-03-01,2028-03-31
2028-03-05,2028,1,Q1,3,Mar,March    ,2028-03,5,7,Sun,f,2028-03-01,2028-03-31
2028-03-06,2028,1,Q1,3,Mar,March    ,2028-03,6,1,Mon,f,2028-03-01,2028-03-31
2028-03-07,2028,1,Q1,3,Mar,March    ,2028-03,7,2,Tue,f,2028-03-01,2028-03-31
2028-03-08,2028,1,Q1,3,Mar,March    ,2028-03,8,3,Wed,f,2028-03-01,2028-03-31
2028-03-09,2028,1,Q1,3,Mar,March    ,2028-03,9,4,Thu,f,2028-03-01,2028-03-31
2028-03-10,2028,1,Q1,3,Mar,March    ,2028-03,10,5,Fri,t,2028-03-01,2028-03-31
2028-03-11,2028,1,Q1,3,Mar,March    ,2028-03,11,6,Sat,t,2028-03-01,2028-03-31
2028-03-12,2028,1,Q1,3,Mar,March    ,2028-03,12,7,Sun,f,2028-03-01,2028-03-31
2028-03-13,2028,1,Q1,3,Mar,March    ,2028-03,13,1,Mon,f,2028-03-01,2028-03-31
2028-03-14,2028,1,Q1,3,Mar,March    ,2028-03,14,2,Tue,f,2028-03-01,2028-03-31
2028-03-15,2028,1,Q1,3,Mar,March    ,2028-03,15,3,Wed,f,2028-03-01,2028-03-31
2028-03-16,2028,1,Q1,3,Mar,March    ,2028-03,16,4,Thu,f,2028-03-01,2028-03-31
2028-03-17,2028,1,Q1,3,Mar,March    ,2028-03,17,5,Fri,t,2028-03-01,2028-03-31
2028-03-18,2028,1,Q1,3,Mar,March    ,2028-03,18,6,Sat,t,2028-03-01,2028-03-31
2028-03-19,2028,1,Q1,3,Mar,March    ,2028-03,19,7,Sun,f,2028-03-01,2028-03-31
2028-03-20,2028,1,Q1,3,Mar,March    ,2028-03,20,1,Mon,f,2028-03-01,2028-03-31
2028-03-21,2028,1,Q1,3,Mar,March    ,2028-03,21,2,Tue,f,2028-03-01,2028-03-31
2028-03-22,2028,1,Q1,3,Mar,March    ,2028-03,22,3,Wed,f,2028-03-01,2028-03-31
2028-03-23,2028,1,Q1,3,Mar,March    ,2028-03,23,4,Thu,f,2028-03-01,2028-03-31
2028-03-24,2028,1,Q1,3,Mar,March    ,2028-03,24,5,Fri,t,2028-03-01,2028-03-31
2028-03-25,2028,1,Q1,3,Mar,March    ,2028-03,25,6,Sat,t,2028-03-01,2028-03-31
2028-03-26,2028,1,Q1,3,Mar,March    ,2028-03,26,7,Sun,f,2028-03-01,2028-03-31
2028-03-27,2028,1,Q1,3,Mar,March    ,2028-03,27,1,Mon,f,2028-03-01,2028-03-31
2028-03-28,2028,1,Q1,3,Mar,March    ,2028-03,28,2,Tue,f,2028-03-01,2028-03-31
2028-03-29,2028,1,Q1,3,Mar,March    ,2028-03,29,3,Wed,f,2028-03-01,2028-03-31
2028-03-30,2028,1,Q1,3,Mar,March    ,2028-03,30,4,Thu,f,2028-03-01,2028-03-31
2028-03-31,2028,1,Q1,3,Mar,March    ,2028-03,31,5,Fri,t,2028-03-01,2028-03-31
2028-04-01,2028,2,Q2,4,Apr,April    ,2028-04,1,6,Sat,t,2028-04-01,2028-04-30
2028-04-02,2028,2,Q2,4,Apr,April    ,2028-04,2,7,Sun,f,2028-04-01,2028-04-30
2028-04-03,2028,2,Q2,4,Apr,April    ,2028-04,3,1,Mon,f,2028-04-01,2028-04-30
2028-04-04,2028,2,Q2,4,Apr,April    ,2028-04,4,2,Tue,f,2028-04-01,2028-04-30
2028-04-05,2028,2,Q2,4,Apr,April    ,2028-04,5,3,Wed,f,2028-04-01,2028-04-30
2028-04-06,2028,2,Q2,4,Apr,April    ,2028-04,6,4,Thu,f,2028-04-01,2028-04-30
2028-04-07,2028,2,Q2,4,Apr,April    ,2028-04,7,5,Fri,t,2028-04-01,2028-04-30
2028-04-08,2028,2,Q2,4,Apr,April    ,2028-04,8,6,Sat,t,2028-04-01,2028-04-30
2028-04-09,2028,2,Q2,4,Apr,April    ,2028-04,9,7,Sun,f,2028-04-01,2028-04-30
2028-04-10,2028,2,Q2,4,Apr,April    ,2028-04,10,1,Mon,f,2028-04-01,2028-04-30
2028-04-11,2028,2,Q2,4,Apr,April    ,2028-04,11,2,Tue,f,2028-04-01,2028-04-30
2028-04-12,2028,2,Q2,4,Apr,April    ,2028-04,12,3,Wed,f,2028-04-01,2028-04-30
2028-04-13,2028,2,Q2,4,Apr,April    ,2028-04,13,4,Thu,f,2028-04-01,2028-04-30
2028-04-14,2028,2,Q2,4,Apr,April    ,2028-04,14,5,Fri,t,2028-04-01,2028-04-30
2028-04-15,2028,2,Q2,4,Apr,April    ,2028-04,15,6,Sat,t,2028-04-01,2028-04-30
2028-04-16,2028,2,Q2,4,Apr,April    ,2028-04,16,7,Sun,f,2028-04-01,2028-04-30
2028-04-17,2028,2,Q2,4,Apr,April    ,2028-04,17,1,Mon,f,2028-04-01,2028-04-30
2028-04-18,2028,2,Q2,4,Apr,April    ,2028-04,18,2,Tue,f,2028-04-01,2028-04-30
2028-04-19,2028,2,Q2,4,Apr,April    ,2028-04,19,3,Wed,f,2028-04-01,2028-04-30
2028-04-20,2028,2,Q2,4,Apr,April    ,2028-04,20,4,Thu,f,2028-04-01,2028-04-30
2028-04-21,2028,2,Q2,4,Apr,April    ,2028-04,21,5,Fri,t,2028-04-01,2028-04-30
2028-04-22,2028,2,Q2,4,Apr,April    ,2028-04,22,6,Sat,t,2028-04-01,2028-04-30
2028-04-23,2028,2,Q2,4,Apr,April    ,2028-04,23,7,Sun,f,2028-04-01,2028-04-30
2028-04-24,2028,2,Q2,4,Apr,April    ,2028-04,24,1,Mon,f,2028-04-01,2028-04-30
2028-04-25,2028,2,Q2,4,Apr,April    ,2028-04,25,2,Tue,f,2028-04-01,2028-04-30
2028-04-26,2028,2,Q2,4,Apr,April    ,2028-04,26,3,Wed,f,2028-04-01,2028-04-30
2028-04-27,2028,2,Q2,4,Apr,April    ,2028-04,27,4,Thu,f,2028-04-01,2028-04-30
2028-04-28,2028,2,Q2,4,Apr,April    ,2028-04,28,5,Fri,t,2028-04-01,2028-04-30
2028-04-29,2028,2,Q2,4,Apr,April    ,2028-04,29,6,Sat,t,2028-04-01,2028-04-30
2028-04-30,2028,2,Q2,4,Apr,April    ,2028-04,30,7,Sun,f,2028-04-01,2028-04-30
2028-05-01,2028,2,Q2,5,May,May      ,2028-05,1,1,Mon,f,2028-05-01,2028-05-31
2028-05-02,2028,2,Q2,5,May,May      ,2028-05,2,2,Tue,f,2028-05-01,2028-05-31
2028-05-03,2028,2,Q2,5,May,May      ,2028-05,3,3,Wed,f,2028-05-01,2028-05-31
2028-05-04,2028,2,Q2,5,May,May      ,2028-05,4,4,Thu,f,2028-05-01,2028-05-31
2028-05-05,2028,2,Q2,5,May,May      ,2028-05,5,5,Fri,t,2028-05-01,2028-05-31
2028-05-06,2028,2,Q2,5,May,May      ,2028-05,6,6,Sat,t,2028-05-01,2028-05-31
2028-05-07,2028,2,Q2,5,May,May      ,2028-05,7,7,Sun,f,2028-05-01,2028-05-31
2028-05-08,2028,2,Q2,5,May,May      ,2028-05,8,1,Mon,f,2028-05-01,2028-05-31
2028-05-09,2028,2,Q2,5,May,May      ,2028-05,9,2,Tue,f,2028-05-01,2028-05-31
2028-05-10,2028,2,Q2,5,May,May      ,2028-05,10,3,Wed,f,2028-05-01,2028-05-31
2028-05-11,2028,2,Q2,5,May,May      ,2028-05,11,4,Thu,f,2028-05-01,2028-05-31
2028-05-12,2028,2,Q2,5,May,May      ,2028-05,12,5,Fri,t,2028-05-01,2028-05-31
2028-05-13,2028,2,Q2,5,May,May      ,2028-05,13,6,Sat,t,2028-05-01,2028-05-31
2028-05-14,2028,2,Q2,5,May,May      ,2028-05,14,7,Sun,f,2028-05-01,2028-05-31
2028-05-15,2028,2,Q2,5,May,May      ,2028-05,15,1,Mon,f,2028-05-01,2028-05-31
2028-05-16,2028,2,Q2,5,May,May      ,2028-05,16,2,Tue,f,2028-05-01,2028-05-31
2028-05-17,2028,2,Q2,5,May,May      ,2028-05,17,3,Wed,f,2028-05-01,2028-05-31
2028-05-18,2028,2,Q2,5,May,May      ,2028-05,18,4,Thu,f,2028-05-01,2028-05-31
2028-05-19,2028,2,Q2,5,May,May      ,2028-05,19,5,Fri,t,2028-05-01,2028-05-31
2028-05-20,2028,2,Q2,5,May,May      ,2028-05,20,6,Sat,t,2028-05-01,2028-05-31
2028-05-21,2028,2,Q2,5,May,May      ,2028-05,21,7,Sun,f,2028-05-01,2028-05-31
2028-05-22,2028,2,Q2,5,May,May      ,2028-05,22,1,Mon,f,2028-05-01,2028-05-31
2028-05-23,2028,2,Q2,5,May,May      ,2028-05,23,2,Tue,f,2028-05-01,2028-05-31
2028-05-24,2028,2,Q2,5,May,May      ,2028-05,24,3,Wed,f,2028-05-01,2028-05-31
2028-05-25,2028,2,Q2,5,May,May      ,2028-05,25,4,Thu,f,2028-05-01,2028-05-31
2028-05-26,2028,2,Q2,5,May,May      ,2028-05,26,5,Fri,t,2028-05-01,2028-05-31
2028-05-27,2028,2,Q2,5,May,May      ,2028-05,27,6,Sat,t,2028-05-01,2028-05-31
2028-05-28,2028,2,Q2,5,May,May      ,2028-05,28,7,Sun,f,2028-05-01,2028-05-31
2028-05-29,2028,2,Q2,5,May,May      ,2028-05,29,1,Mon,f,2028-05-01,2028-05-31
2028-05-30,2028,2,Q2,5,May,May      ,2028-05,30,2,Tue,f,2028-05-01,2028-05-31
2028-05-31,2028,2,Q2,5,May,May      ,2028-05,31,3,Wed,f,2028-05-01,2028-05-31
2028-06-01,2028,2,Q2,6,Jun,June     ,2028-06,1,4,Thu,f,2028-06-01,2028-06-30
2028-06-02,2028,2,Q2,6,Jun,June     ,2028-06,2,5,Fri,t,2028-06-01,2028-06-30
2028-06-03,2028,2,Q2,6,Jun,June     ,2028-06,3,6,Sat,t,2028-06-01,2028-06-30
2028-06-04,2028,2,Q2,6,Jun,June     ,2028-06,4,7,Sun,f,2028-06-01,2028-06-30
2028-06-05,2028,2,Q2,6,Jun,June     ,2028-06,5,1,Mon,f,2028-06-01,2028-06-30
2028-06-06,2028,2,Q2,6,Jun,June     ,2028-06,6,2,Tue,f,2028-06-01,2028-06-30
2028-06-07,2028,2,Q2,6,Jun,June     ,2028-06,7,3,Wed,f,2028-06-01,2028-06-30
2028-06-08,2028,2,Q2,6,Jun,June     ,2028-06,8,4,Thu,f,2028-06-01,2028-06-30
2028-06-09,2028,2,Q2,6,Jun,June     ,2028-06,9,5,Fri,t,2028-06-01,2028-06-30
2028-06-10,2028,2,Q2,6,Jun,June     ,2028-06,10,6,Sat,t,2028-06-01,2028-06-30
2028-06-11,2028,2,Q2,6,Jun,June     ,2028-06,11,7,Sun,f,2028-06-01,2028-06-30
2028-06-12,2028,2,Q2,6,Jun,June     ,2028-06,12,1,Mon,f,2028-06-01,2028-06-30
2028-06-13,2028,2,Q2,6,Jun,June     ,2028-06,13,2,Tue,f,2028-06-01,2028-06-30
2028-06-14,2028,2,Q2,6,Jun,June     ,2028-06,14,3,Wed,f,2028-06-01,2028-06-30
2028-06-15,2028,2,Q2,6,Jun,June     ,2028-06,15,4,Thu,f,2028-06-01,2028-06-30
2028-06-16,2028,2,Q2,6,Jun,June     ,2028-06,16,5,Fri,t,2028-06-01,2028-06-30
2028-06-17,2028,2,Q2,6,Jun,June     ,2028-06,17,6,Sat,t,2028-06-01,2028-06-30
2028-06-18,2028,2,Q2,6,Jun,June     ,2028-06,18,7,Sun,f,2028-06-01,2028-06-30
2028-06-19,2028,2,Q2,6,Jun,June     ,2028-06,19,1,Mon,f,2028-06-01,2028-06-30
2028-06-20,2028,2,Q2,6,Jun,June     ,2028-06,20,2,Tue,f,2028-06-01,2028-06-30
2028-06-21,2028,2,Q2,6,Jun,June     ,2028-06,21,3,Wed,f,2028-06-01,2028-06-30
2028-06-22,2028,2,Q2,6,Jun,June     ,2028-06,22,4,Thu,f,2028-06-01,2028-06-30
2028-06-23,2028,2,Q2,6,Jun,June     ,2028-06,23,5,Fri,t,2028-06-01,2028-06-30
2028-06-24,2028,2,Q2,6,Jun,June     ,2028-06,24,6,Sat,t,2028-06-01,2028-06-30
2028-06-25,2028,2,Q2,6,Jun,June     ,2028-06,25,7,Sun,f,2028-06-01,2028-06-30
2028-06-26,2028,2,Q2,6,Jun,June     ,2028-06,26,1,Mon,f,2028-06-01,2028-06-30
2028-06-27,2028,2,Q2,6,Jun,June     ,2028-06,27,2,Tue,f,2028-06-01,2028-06-30
2028-06-28,2028,2,Q2,6,Jun,June     ,2028-06,28,3,Wed,f,2028-06-01,2028-06-30
2028-06-29,2028,2,Q2,6,Jun,June     ,2028-06,29,4,Thu,f,2028-06-01,2028-06-30
2028-06-30,2028,2,Q2,6,Jun,June     ,2028-06,30,5,Fri,t,2028-06-01,2028-06-30
2028-07-01,2028,3,Q3,7,Jul,July     ,2028-07,1,6,Sat,t,2028-07-01,2028-07-31
2028-07-02,2028,3,Q3,7,Jul,July     ,2028-07,2,7,Sun,f,2028-07-01,2028-07-31
2028-07-03,2028,3,Q3,7,Jul,July     ,2028-07,3,1,Mon,f,2028-07-01,2028-07-31
2028-07-04,2028,3,Q3,7,Jul,July     ,2028-07,4,2,Tue,f,2028-07-01,2028-07-31
2028-07-05,2028,3,Q3,7,Jul,July     ,2028-07,5,3,Wed,f,2028-07-01,2028-07-31
2028-07-06,2028,3,Q3,7,Jul,July     ,2028-07,6,4,Thu,f,2028-07-01,2028-07-31
2028-07-07,2028,3,Q3,7,Jul,July     ,2028-07,7,5,Fri,t,2028-07-01,2028-07-31
2028-07-08,2028,3,Q3,7,Jul,July     ,2028-07,8,6,Sat,t,2028-07-01,2028-07-31
2028-07-09,2028,3,Q3,7,Jul,July     ,2028-07,9,7,Sun,f,2028-07-01,2028-07-31
2028-07-10,2028,3,Q3,7,Jul,July     ,2028-07,10,1,Mon,f,2028-07-01,2028-07-31
2028-07-11,2028,3,Q3,7,Jul,July     ,2028-07,11,2,Tue,f,2028-07-01,2028-07-31
2028-07-12,2028,3,Q3,7,Jul,July     ,2028-07,12,3,Wed,f,2028-07-01,2028-07-31
2028-07-13,2028,3,Q3,7,Jul,July     ,2028-07,13,4,Thu,f,2028-07-01,2028-07-31
2028-07-14,2028,3,Q3,7,Jul,July     ,2028-07,14,5,Fri,t,2028-07-01,2028-07-31
2028-07-15,2028,3,Q3,7,Jul,July     ,2028-07,15,6,Sat,t,2028-07-01,2028-07-31
2028-07-16,2028,3,Q3,7,Jul,July     ,2028-07,16,7,Sun,f,2028-07-01,2028-07-31
2028-07-17,2028,3,Q3,7,Jul,July     ,2028-07,17,1,Mon,f,2028-07-01,2028-07-31
2028-07-18,2028,3,Q3,7,Jul,July     ,2028-07,18,2,Tue,f,2028-07-01,2028-07-31
2028-07-19,2028,3,Q3,7,Jul,July     ,2028-07,19,3,Wed,f,2028-07-01,2028-07-31
2028-07-20,2028,3,Q3,7,Jul,July     ,2028-07,20,4,Thu,f,2028-07-01,2028-07-31
2028-07-21,2028,3,Q3,7,Jul,July     ,2028-07,21,5,Fri,t,2028-07-01,2028-07-31
2028-07-22,2028,3,Q3,7,Jul,July     ,2028-07,22,6,Sat,t,2028-07-01,2028-07-31
2028-07-23,2028,3,Q3,7,Jul,July     ,2028-07,23,7,Sun,f,2028-07-01,2028-07-31
2028-07-24,2028,3,Q3,7,Jul,July     ,2028-07,24,1,Mon,f,2028-07-01,2028-07-31
2028-07-25,2028,3,Q3,7,Jul,July     ,2028-07,25,2,Tue,f,2028-07-01,2028-07-31
2028-07-26,2028,3,Q3,7,Jul,July     ,2028-07,26,3,Wed,f,2028-07-01,2028-07-31
2028-07-27,2028,3,Q3,7,Jul,July     ,2028-07,27,4,Thu,f,2028-07-01,2028-07-31
2028-07-28,2028,3,Q3,7,Jul,July     ,2028-07,28,5,Fri,t,2028-07-01,2028-07-31
2028-07-29,2028,3,Q3,7,Jul,July     ,2028-07,29,6,Sat,t,2028-07-01,2028-07-31
2028-07-30,2028,3,Q3,7,Jul,July     ,2028-07,30,7,Sun,f,2028-07-01,2028-07-31
2028-07-31,2028,3,Q3,7,Jul,July     ,2028-07,31,1,Mon,f,2028-07-01,2028-07-31
2028-08-01,2028,3,Q3,8,Aug,August   ,2028-08,1,2,Tue,f,2028-08-01,2028-08-31
2028-08-02,2028,3,Q3,8,Aug,August   ,2028-08,2,3,Wed,f,2028-08-01,2028-08-31
2028-08-03,2028,3,Q3,8,Aug,August   ,2028-08,3,4,Thu,f,2028-08-01,2028-08-31
2028-08-04,2028,3,Q3,8,Aug,August   ,2028-08,4,5,Fri,t,2028-08-01,2028-08-31
2028-08-05,2028,3,Q3,8,Aug,August   ,2028-08,5,6,Sat,t,2028-08-01,2028-08-31
2028-08-06,2028,3,Q3,8,Aug,August   ,2028-08,6,7,Sun,f,2028-08-01,2028-08-31
2028-08-07,2028,3,Q3,8,Aug,August   ,2028-08,7,1,Mon,f,2028-08-01,2028-08-31
2028-08-08,2028,3,Q3,8,Aug,August   ,2028-08,8,2,Tue,f,2028-08-01,2028-08-31
2028-08-09,2028,3,Q3,8,Aug,August   ,2028-08,9,3,Wed,f,2028-08-01,2028-08-31
2028-08-10,2028,3,Q3,8,Aug,August   ,2028-08,10,4,Thu,f,2028-08-01,2028-08-31
2028-08-11,2028,3,Q3,8,Aug,August   ,2028-08,11,5,Fri,t,2028-08-01,2028-08-31
2028-08-12,2028,3,Q3,8,Aug,August   ,2028-08,12,6,Sat,t,2028-08-01,2028-08-31
2028-08-13,2028,3,Q3,8,Aug,August   ,2028-08,13,7,Sun,f,2028-08-01,2028-08-31
2028-08-14,2028,3,Q3,8,Aug,August   ,2028-08,14,1,Mon,f,2028-08-01,2028-08-31
2028-08-15,2028,3,Q3,8,Aug,August   ,2028-08,15,2,Tue,f,2028-08-01,2028-08-31
2028-08-16,2028,3,Q3,8,Aug,August   ,2028-08,16,3,Wed,f,2028-08-01,2028-08-31
2028-08-17,2028,3,Q3,8,Aug,August   ,2028-08,17,4,Thu,f,2028-08-01,2028-08-31
2028-08-18,2028,3,Q3,8,Aug,August   ,2028-08,18,5,Fri,t,2028-08-01,2028-08-31
2028-08-19,2028,3,Q3,8,Aug,August   ,2028-08,19,6,Sat,t,2028-08-01,2028-08-31
2028-08-20,2028,3,Q3,8,Aug,August   ,2028-08,20,7,Sun,f,2028-08-01,2028-08-31
2028-08-21,2028,3,Q3,8,Aug,August   ,2028-08,21,1,Mon,f,2028-08-01,2028-08-31
2028-08-22,2028,3,Q3,8,Aug,August   ,2028-08,22,2,Tue,f,2028-08-01,2028-08-31
2028-08-23,2028,3,Q3,8,Aug,August   ,2028-08,23,3,Wed,f,2028-08-01,2028-08-31
2028-08-24,2028,3,Q3,8,Aug,August   ,2028-08,24,4,Thu,f,2028-08-01,2028-08-31
2028-08-25,2028,3,Q3,8,Aug,August   ,2028-08,25,5,Fri,t,2028-08-01,2028-08-31
2028-08-26,2028,3,Q3,8,Aug,August   ,2028-08,26,6,Sat,t,2028-08-01,2028-08-31
2028-08-27,2028,3,Q3,8,Aug,August   ,2028-08,27,7,Sun,f,2028-08-01,2028-08-31
2028-08-28,2028,3,Q3,8,Aug,August   ,2028-08,28,1,Mon,f,2028-08-01,2028-08-31
2028-08-29,2028,3,Q3,8,Aug,August   ,2028-08,29,2,Tue,f,2028-08-01,2028-08-31
2028-08-30,2028,3,Q3,8,Aug,August   ,2028-08,30,3,Wed,f,2028-08-01,2028-08-31
2028-08-31,2028,3,Q3,8,Aug,August   ,2028-08,31,4,Thu,f,2028-08-01,2028-08-31
2028-09-01,2028,3,Q3,9,Sep,September,2028-09,1,5,Fri,t,2028-09-01,2028-09-30
2028-09-02,2028,3,Q3,9,Sep,September,2028-09,2,6,Sat,t,2028-09-01,2028-09-30
2028-09-03,2028,3,Q3,9,Sep,September,2028-09,3,7,Sun,f,2028-09-01,2028-09-30
2028-09-04,2028,3,Q3,9,Sep,September,2028-09,4,1,Mon,f,2028-09-01,2028-09-30
2028-09-05,2028,3,Q3,9,Sep,September,2028-09,5,2,Tue,f,2028-09-01,2028-09-30
2028-09-06,2028,3,Q3,9,Sep,September,2028-09,6,3,Wed,f,2028-09-01,2028-09-30
2028-09-07,2028,3,Q3,9,Sep,September,2028-09,7,4,Thu,f,2028-09-01,2028-09-30
2028-09-08,2028,3,Q3,9,Sep,September,2028-09,8,5,Fri,t,2028-09-01,2028-09-30
2028-09-09,2028,3,Q3,9,Sep,September,2028-09,9,6,Sat,t,2028-09-01,2028-09-30
2028-09-10,2028,3,Q3,9,Sep,September,2028-09,10,7,Sun,f,2028-09-01,2028-09-30
2028-09-11,2028,3,Q3,9,Sep,September,2028-09,11,1,Mon,f,2028-09-01,2028-09-30
2028-09-12,2028,3,Q3,9,Sep,September,2028-09,12,2,Tue,f,2028-09-01,2028-09-30
2028-09-13,2028,3,Q3,9,Sep,September,2028-09,13,3,Wed,f,2028-09-01,2028-09-30
2028-09-14,2028,3,Q3,9,Sep,September,2028-09,14,4,Thu,f,2028-09-01,2028-09-30
2028-09-15,2028,3,Q3,9,Sep,September,2028-09,15,5,Fri,t,2028-09-01,2028-09-30
2028-09-16,2028,3,Q3,9,Sep,September,2028-09,16,6,Sat,t,2028-09-01,2028-09-30
2028-09-17,2028,3,Q3,9,Sep,September,2028-09,17,7,Sun,f,2028-09-01,2028-09-30
2028-09-18,2028,3,Q3,9,Sep,September,2028-09,18,1,Mon,f,2028-09-01,2028-09-30
2028-09-19,2028,3,Q3,9,Sep,September,2028-09,19,2,Tue,f,2028-09-01,2028-09-30
2028-09-20,2028,3,Q3,9,Sep,September,2028-09,20,3,Wed,f,2028-09-01,2028-09-30
2028-09-21,2028,3,Q3,9,Sep,September,2028-09,21,4,Thu,f,2028-09-01,2028-09-30
2028-09-22,2028,3,Q3,9,Sep,September,2028-09,22,5,Fri,t,2028-09-01,2028-09-30
2028-09-23,2028,3,Q3,9,Sep,September,2028-09,23,6,Sat,t,2028-09-01,2028-09-30
2028-09-24,2028,3,Q3,9,Sep,September,2028-09,24,7,Sun,f,2028-09-01,2028-09-30
2028-09-25,2028,3,Q3,9,Sep,September,2028-09,25,1,Mon,f,2028-09-01,2028-09-30
2028-09-26,2028,3,Q3,9,Sep,September,2028-09,26,2,Tue,f,2028-09-01,2028-09-30
2028-09-27,2028,3,Q3,9,Sep,September,2028-09,27,3,Wed,f,2028-09-01,2028-09-30
2028-09-28,2028,3,Q3,9,Sep,September,2028-09,28,4,Thu,f,2028-09-01,2028-09-30
2028-09-29,2028,3,Q3,9,Sep,September,2028-09,29,5,Fri,t,2028-09-01,2028-09-30
2028-09-30,2028,3,Q3,9,Sep,September,2028-09,30,6,Sat,t,2028-09-01,2028-09-30
2028-10-01,2028,4,Q4,10,Oct,October  ,2028-10,1,7,Sun,f,2028-10-01,2028-10-31
2028-10-02,2028,4,Q4,10,Oct,October  ,2028-10,2,1,Mon,f,2028-10-01,2028-10-31
2028-10-03,2028,4,Q4,10,Oct,October  ,2028-10,3,2,Tue,f,2028-10-01,2028-10-31
2028-10-04,2028,4,Q4,10,Oct,October  ,2028-10,4,3,Wed,f,2028-10-01,2028-10-31
2028-10-05,2028,4,Q4,10,Oct,October  ,2028-10,5,4,Thu,f,2028-10-01,2028-10-31
2028-10-06,2028,4,Q4,10,Oct,October  ,2028-10,6,5,Fri,t,2028-10-01,2028-10-31
2028-10-07,2028,4,Q4,10,Oct,October  ,2028-10,7,6,Sat,t,2028-10-01,2028-10-31
2028-10-08,2028,4,Q4,10,Oct,October  ,2028-10,8,7,Sun,f,2028-10-01,2028-10-31
2028-10-09,2028,4,Q4,10,Oct,October  ,2028-10,9,1,Mon,f,2028-10-01,2028-10-31
2028-10-10,2028,4,Q4,10,Oct,October  ,2028-10,10,2,Tue,f,2028-10-01,2028-10-31
2028-10-11,2028,4,Q4,10,Oct,October  ,2028-10,11,3,Wed,f,2028-10-01,2028-10-31
2028-10-12,2028,4,Q4,10,Oct,October  ,2028-10,12,4,Thu,f,2028-10-01,2028-10-31
2028-10-13,2028,4,Q4,10,Oct,October  ,2028-10,13,5,Fri,t,2028-10-01,2028-10-31
2028-10-14,2028,4,Q4,10,Oct,October  ,2028-10,14,6,Sat,t,2028-10-01,2028-10-31
2028-10-15,2028,4,Q4,10,Oct,October  ,2028-10,15,7,Sun,f,2028-10-01,2028-10-31
2028-10-16,2028,4,Q4,10,Oct,October  ,2028-10,16,1,Mon,f,2028-10-01,2028-10-31
2028-10-17,2028,4,Q4,10,Oct,October  ,2028-10,17,2,Tue,f,2028-10-01,2028-10-31
2028-10-18,2028,4,Q4,10,Oct,October  ,2028-10,18,3,Wed,f,2028-10-01,2028-10-31
2028-10-19,2028,4,Q4,10,Oct,October  ,2028-10,19,4,Thu,f,2028-10-01,2028-10-31
2028-10-20,2028,4,Q4,10,Oct,October  ,2028-10,20,5,Fri,t,2028-10-01,2028-10-31
2028-10-21,2028,4,Q4,10,Oct,October  ,2028-10,21,6,Sat,t,2028-10-01,2028-10-31
2028-10-22,2028,4,Q4,10,Oct,October  ,2028-10,22,7,Sun,f,2028-10-01,2028-10-31
2028-10-23,2028,4,Q4,10,Oct,October  ,2028-10,23,1,Mon,f,2028-10-01,2028-10-31
2028-10-24,2028,4,Q4,10,Oct,October  ,2028-10,24,2,Tue,f,2028-10-01,2028-10-31
2028-10-25,2028,4,Q4,10,Oct,October  ,2028-10,25,3,Wed,f,2028-10-01,2028-10-31
2028-10-26,2028,4,Q4,10,Oct,October  ,2028-10,26,4,Thu,f,2028-10-01,2028-10-31
2028-10-27,2028,4,Q4,10,Oct,October  ,2028-10,27,5,Fri,t,2028-10-01,2028-10-31
2028-10-28,2028,4,Q4,10,Oct,October  ,2028-10,28,6,Sat,t,2028-10-01,2028-10-31
2028-10-29,2028,4,Q4,10,Oct,October  ,2028-10,29,7,Sun,f,2028-10-01,2028-10-31
2028-10-30,2028,4,Q4,10,Oct,October  ,2028-10,30,1,Mon,f,2028-10-01,2028-10-31
2028-10-31,2028,4,Q4,10,Oct,October  ,2028-10,31,2,Tue,f,2028-10-01,2028-10-31
2028-11-01,2028,4,Q4,11,Nov,November ,2028-11,1,3,Wed,f,2028-11-01,2028-11-30
2028-11-02,2028,4,Q4,11,Nov,November ,2028-11,2,4,Thu,f,2028-11-01,2028-11-30
2028-11-03,2028,4,Q4,11,Nov,November ,2028-11,3,5,Fri,t,2028-11-01,2028-11-30
2028-11-04,2028,4,Q4,11,Nov,November ,2028-11,4,6,Sat,t,2028-11-01,2028-11-30
2028-11-05,2028,4,Q4,11,Nov,November ,2028-11,5,7,Sun,f,2028-11-01,2028-11-30
2028-11-06,2028,4,Q4,11,Nov,November ,2028-11,6,1,Mon,f,2028-11-01,2028-11-30
2028-11-07,2028,4,Q4,11,Nov,November ,2028-11,7,2,Tue,f,2028-11-01,2028-11-30
2028-11-08,2028,4,Q4,11,Nov,November ,2028-11,8,3,Wed,f,2028-11-01,2028-11-30
2028-11-09,2028,4,Q4,11,Nov,November ,2028-11,9,4,Thu,f,2028-11-01,2028-11-30
2028-11-10,2028,4,Q4,11,Nov,November ,2028-11,10,5,Fri,t,2028-11-01,2028-11-30
2028-11-11,2028,4,Q4,11,Nov,November ,2028-11,11,6,Sat,t,2028-11-01,2028-11-30
2028-11-12,2028,4,Q4,11,Nov,November ,2028-11,12,7,Sun,f,2028-11-01,2028-11-30
2028-11-13,2028,4,Q4,11,Nov,November ,2028-11,13,1,Mon,f,2028-11-01,2028-11-30
2028-11-14,2028,4,Q4,11,Nov,November ,2028-11,14,2,Tue,f,2028-11-01,2028-11-30
2028-11-15,2028,4,Q4,11,Nov,November ,2028-11,15,3,Wed,f,2028-11-01,2028-11-30
2028-11-16,2028,4,Q4,11,Nov,November ,2028-11,16,4,Thu,f,2028-11-01,2028-11-30
2028-11-17,2028,4,Q4,11,Nov,November ,2028-11,17,5,Fri,t,2028-11-01,2028-11-30
2028-11-18,2028,4,Q4,11,Nov,November ,2028-11,18,6,Sat,t,2028-11-01,2028-11-30
2028-11-19,2028,4,Q4,11,Nov,November ,2028-11,19,7,Sun,f,2028-11-01,2028-11-30
2028-11-20,2028,4,Q4,11,Nov,November ,2028-11,20,1,Mon,f,2028-11-01,2028-11-30
2028-11-21,2028,4,Q4,11,Nov,November ,2028-11,21,2,Tue,f,2028-11-01,2028-11-30
2028-11-22,2028,4,Q4,11,Nov,November ,2028-11,22,3,Wed,f,2028-11-01,2028-11-30
2028-11-23,2028,4,Q4,11,Nov,November ,2028-11,23,4,Thu,f,2028-11-01,2028-11-30
2028-11-24,2028,4,Q4,11,Nov,November ,2028-11,24,5,Fri,t,2028-11-01,2028-11-30
2028-11-25,2028,4,Q4,11,Nov,November ,2028-11,25,6,Sat,t,2028-11-01,2028-11-30
2028-11-26,2028,4,Q4,11,Nov,November ,2028-11,26,7,Sun,f,2028-11-01,2028-11-30
2028-11-27,2028,4,Q4,11,Nov,November ,2028-11,27,1,Mon,f,2028-11-01,2028-11-30
2028-11-28,2028,4,Q4,11,Nov,November ,2028-11,28,2,Tue,f,2028-11-01,2028-11-30
2028-11-29,2028,4,Q4,11,Nov,November ,2028-11,29,3,Wed,f,2028-11-01,2028-11-30
2028-11-30,2028,4,Q4,11,Nov,November ,2028-11,30,4,Thu,f,2028-11-01,2028-11-30
2028-12-01,2028,4,Q4,12,Dec,December ,2028-12,1,5,Fri,t,2028-12-01,2028-12-31
2028-12-02,2028,4,Q4,12,Dec,December ,2028-12,2,6,Sat,t,2028-12-01,2028-12-31
2028-12-03,2028,4,Q4,12,Dec,December ,2028-12,3,7,Sun,f,2028-12-01,2028-12-31
2028-12-04,2028,4,Q4,12,Dec,December ,2028-12,4,1,Mon,f,2028-12-01,2028-12-31
2028-12-05,2028,4,Q4,12,Dec,December ,2028-12,5,2,Tue,f,2028-12-01,2028-12-31
2028-12-06,2028,4,Q4,12,Dec,December ,2028-12,6,3,Wed,f,2028-12-01,2028-12-31
2028-12-07,2028,4,Q4,12,Dec,December ,2028-12,7,4,Thu,f,2028-12-01,2028-12-31
2028-12-08,2028,4,Q4,12,Dec,December ,2028-12,8,5,Fri,t,2028-12-01,2028-12-31
2028-12-09,2028,4,Q4,12,Dec,December ,2028-12,9,6,Sat,t,2028-12-01,2028-12-31
2028-12-10,2028,4,Q4,12,Dec,December ,2028-12,10,7,Sun,f,2028-12-01,2028-12-31
2028-12-11,2028,4,Q4,12,Dec,December ,2028-12,11,1,Mon,f,2028-12-01,2028-12-31
2028-12-12,2028,4,Q4,12,Dec,December ,2028-12,12,2,Tue,f,2028-12-01,2028-12-31
2028-12-13,2028,4,Q4,12,Dec,December ,2028-12,13,3,Wed,f,2028-12-01,2028-12-31
2028-12-14,2028,4,Q4,12,Dec,December ,2028-12,14,4,Thu,f,2028-12-01,2028-12-31
2028-12-15,2028,4,Q4,12,Dec,December ,2028-12,15,5,Fri,t,2028-12-01,2028-12-31
2028-12-16,2028,4,Q4,12,Dec,December ,2028-12,16,6,Sat,t,2028-12-01,2028-12-31
2028-12-17,2028,4,Q4,12,Dec,December ,2028-12,17,7,Sun,f,2028-12-01,2028-12-31
2028-12-18,2028,4,Q4,12,Dec,December ,2028-12,18,1,Mon,f,2028-12-01,2028-12-31
2028-12-19,2028,4,Q4,12,Dec,December ,2028-12,19,2,Tue,f,2028-12-01,2028-12-31
2028-12-20,2028,4,Q4,12,Dec,December ,2028-12,20,3,Wed,f,2028-12-01,2028-12-31
2028-12-21,2028,4,Q4,12,Dec,December ,2028-12,21,4,Thu,f,2028-12-01,2028-12-31
2028-12-22,2028,4,Q4,12,Dec,December ,2028-12,22,5,Fri,t,2028-12-01,2028-12-31
2028-12-23,2028,4,Q4,12,Dec,December ,2028-12,23,6,Sat,t,2028-12-01,2028-12-31
2028-12-24,2028,4,Q4,12,Dec,December ,2028-12,24,7,Sun,f,2028-12-01,2028-12-31
2028-12-25,2028,4,Q4,12,Dec,December ,2028-12,25,1,Mon,f,2028-12-01,2028-12-31
2028-12-26,2028,4,Q4,12,Dec,December ,2028-12,26,2,Tue,f,2028-12-01,2028-12-31
2028-12-27,2028,4,Q4,12,Dec,December ,2028-12,27,3,Wed,f,2028-12-01,2028-12-31
2028-12-28,2028,4,Q4,12,Dec,December ,2028-12,28,4,Thu,f,2028-12-01,2028-12-31
2028-12-29,2028,4,Q4,12,Dec,December ,2028-12,29,5,Fri,t,2028-12-01,2028-12-31
2028-12-30,2028,4,Q4,12,Dec,December ,2028-12,30,6,Sat,t,2028-12-01,2028-12-31
2028-12-31,2028,4,Q4,12,Dec,December ,2028-12,31,7,Sun,f,2028-12-01,2028-12-31
2029-01-01,2029,1,Q1,1,Jan,January  ,2029-01,1,1,Mon,f,2029-01-01,2029-01-31
2029-01-02,2029,1,Q1,1,Jan,January  ,2029-01,2,2,Tue,f,2029-01-01,2029-01-31
2029-01-03,2029,1,Q1,1,Jan,January  ,2029-01,3,3,Wed,f,2029-01-01,2029-01-31
2029-01-04,2029,1,Q1,1,Jan,January  ,2029-01,4,4,Thu,f,2029-01-01,2029-01-31
2029-01-05,2029,1,Q1,1,Jan,January  ,2029-01,5,5,Fri,t,2029-01-01,2029-01-31
2029-01-06,2029,1,Q1,1,Jan,January  ,2029-01,6,6,Sat,t,2029-01-01,2029-01-31
2029-01-07,2029,1,Q1,1,Jan,January  ,2029-01,7,7,Sun,f,2029-01-01,2029-01-31
2029-01-08,2029,1,Q1,1,Jan,January  ,2029-01,8,1,Mon,f,2029-01-01,2029-01-31
2029-01-09,2029,1,Q1,1,Jan,January  ,2029-01,9,2,Tue,f,2029-01-01,2029-01-31
2029-01-10,2029,1,Q1,1,Jan,January  ,2029-01,10,3,Wed,f,2029-01-01,2029-01-31
2029-01-11,2029,1,Q1,1,Jan,January  ,2029-01,11,4,Thu,f,2029-01-01,2029-01-31
2029-01-12,2029,1,Q1,1,Jan,January  ,2029-01,12,5,Fri,t,2029-01-01,2029-01-31
2029-01-13,2029,1,Q1,1,Jan,January  ,2029-01,13,6,Sat,t,2029-01-01,2029-01-31
2029-01-14,2029,1,Q1,1,Jan,January  ,2029-01,14,7,Sun,f,2029-01-01,2029-01-31
2029-01-15,2029,1,Q1,1,Jan,January  ,2029-01,15,1,Mon,f,2029-01-01,2029-01-31
2029-01-16,2029,1,Q1,1,Jan,January  ,2029-01,16,2,Tue,f,2029-01-01,2029-01-31
2029-01-17,2029,1,Q1,1,Jan,January  ,2029-01,17,3,Wed,f,2029-01-01,2029-01-31
2029-01-18,2029,1,Q1,1,Jan,January  ,2029-01,18,4,Thu,f,2029-01-01,2029-01-31
2029-01-19,2029,1,Q1,1,Jan,January  ,2029-01,19,5,Fri,t,2029-01-01,2029-01-31
2029-01-20,2029,1,Q1,1,Jan,January  ,2029-01,20,6,Sat,t,2029-01-01,2029-01-31
2029-01-21,2029,1,Q1,1,Jan,January  ,2029-01,21,7,Sun,f,2029-01-01,2029-01-31
2029-01-22,2029,1,Q1,1,Jan,January  ,2029-01,22,1,Mon,f,2029-01-01,2029-01-31
2029-01-23,2029,1,Q1,1,Jan,January  ,2029-01,23,2,Tue,f,2029-01-01,2029-01-31
2029-01-24,2029,1,Q1,1,Jan,January  ,2029-01,24,3,Wed,f,2029-01-01,2029-01-31
2029-01-25,2029,1,Q1,1,Jan,January  ,2029-01,25,4,Thu,f,2029-01-01,2029-01-31
2029-01-26,2029,1,Q1,1,Jan,January  ,2029-01,26,5,Fri,t,2029-01-01,2029-01-31
2029-01-27,2029,1,Q1,1,Jan,January  ,2029-01,27,6,Sat,t,2029-01-01,2029-01-31
2029-01-28,2029,1,Q1,1,Jan,January  ,2029-01,28,7,Sun,f,2029-01-01,2029-01-31
2029-01-29,2029,1,Q1,1,Jan,January  ,2029-01,29,1,Mon,f,2029-01-01,2029-01-31
2029-01-30,2029,1,Q1,1,Jan,January  ,2029-01,30,2,Tue,f,2029-01-01,2029-01-31
2029-01-31,2029,1,Q1,1,Jan,January  ,2029-01,31,3,Wed,f,2029-01-01,2029-01-31
2029-02-01,2029,1,Q1,2,Feb,February ,2029-02,1,4,Thu,f,2029-02-01,2029-02-28
2029-02-02,2029,1,Q1,2,Feb,February ,2029-02,2,5,Fri,t,2029-02-01,2029-02-28
2029-02-03,2029,1,Q1,2,Feb,February ,2029-02,3,6,Sat,t,2029-02-01,2029-02-28
2029-02-04,2029,1,Q1,2,Feb,February ,2029-02,4,7,Sun,f,2029-02-01,2029-02-28
2029-02-05,2029,1,Q1,2,Feb,February ,2029-02,5,1,Mon,f,2029-02-01,2029-02-28
2029-02-06,2029,1,Q1,2,Feb,February ,2029-02,6,2,Tue,f,2029-02-01,2029-02-28
2029-02-07,2029,1,Q1,2,Feb,February ,2029-02,7,3,Wed,f,2029-02-01,2029-02-28
2029-02-08,2029,1,Q1,2,Feb,February ,2029-02,8,4,Thu,f,2029-02-01,2029-02-28
2029-02-09,2029,1,Q1,2,Feb,February ,2029-02,9,5,Fri,t,2029-02-01,2029-02-28
2029-02-10,2029,1,Q1,2,Feb,February ,2029-02,10,6,Sat,t,2029-02-01,2029-02-28
2029-02-11,2029,1,Q1,2,Feb,February ,2029-02,11,7,Sun,f,2029-02-01,2029-02-28
2029-02-12,2029,1,Q1,2,Feb,February ,2029-02,12,1,Mon,f,2029-02-01,2029-02-28
2029-02-13,2029,1,Q1,2,Feb,February ,2029-02,13,2,Tue,f,2029-02-01,2029-02-28
2029-02-14,2029,1,Q1,2,Feb,February ,2029-02,14,3,Wed,f,2029-02-01,2029-02-28
2029-02-15,2029,1,Q1,2,Feb,February ,2029-02,15,4,Thu,f,2029-02-01,2029-02-28
2029-02-16,2029,1,Q1,2,Feb,February ,2029-02,16,5,Fri,t,2029-02-01,2029-02-28
2029-02-17,2029,1,Q1,2,Feb,February ,2029-02,17,6,Sat,t,2029-02-01,2029-02-28
2029-02-18,2029,1,Q1,2,Feb,February ,2029-02,18,7,Sun,f,2029-02-01,2029-02-28
2029-02-19,2029,1,Q1,2,Feb,February ,2029-02,19,1,Mon,f,2029-02-01,2029-02-28
2029-02-20,2029,1,Q1,2,Feb,February ,2029-02,20,2,Tue,f,2029-02-01,2029-02-28
2029-02-21,2029,1,Q1,2,Feb,February ,2029-02,21,3,Wed,f,2029-02-01,2029-02-28
2029-02-22,2029,1,Q1,2,Feb,February ,2029-02,22,4,Thu,f,2029-02-01,2029-02-28
2029-02-23,2029,1,Q1,2,Feb,February ,2029-02,23,5,Fri,t,2029-02-01,2029-02-28
2029-02-24,2029,1,Q1,2,Feb,February ,2029-02,24,6,Sat,t,2029-02-01,2029-02-28
2029-02-25,2029,1,Q1,2,Feb,February ,2029-02,25,7,Sun,f,2029-02-01,2029-02-28
2029-02-26,2029,1,Q1,2,Feb,February ,2029-02,26,1,Mon,f,2029-02-01,2029-02-28
2029-02-27,2029,1,Q1,2,Feb,February ,2029-02,27,2,Tue,f,2029-02-01,2029-02-28
2029-02-28,2029,1,Q1,2,Feb,February ,2029-02,28,3,Wed,f,2029-02-01,2029-02-28
2029-03-01,2029,1,Q1,3,Mar,March    ,2029-03,1,4,Thu,f,2029-03-01,2029-03-31
2029-03-02,2029,1,Q1,3,Mar,March    ,2029-03,2,5,Fri,t,2029-03-01,2029-03-31
2029-03-03,2029,1,Q1,3,Mar,March    ,2029-03,3,6,Sat,t,2029-03-01,2029-03-31
2029-03-04,2029,1,Q1,3,Mar,March    ,2029-03,4,7,Sun,f,2029-03-01,2029-03-31
2029-03-05,2029,1,Q1,3,Mar,March    ,2029-03,5,1,Mon,f,2029-03-01,2029-03-31
2029-03-06,2029,1,Q1,3,Mar,March    ,2029-03,6,2,Tue,f,2029-03-01,2029-03-31
2029-03-07,2029,1,Q1,3,Mar,March    ,2029-03,7,3,Wed,f,2029-03-01,2029-03-31
2029-03-08,2029,1,Q1,3,Mar,March    ,2029-03,8,4,Thu,f,2029-03-01,2029-03-31
2029-03-09,2029,1,Q1,3,Mar,March    ,2029-03,9,5,Fri,t,2029-03-01,2029-03-31
2029-03-10,2029,1,Q1,3,Mar,March    ,2029-03,10,6,Sat,t,2029-03-01,2029-03-31
2029-03-11,2029,1,Q1,3,Mar,March    ,2029-03,11,7,Sun,f,2029-03-01,2029-03-31
2029-03-12,2029,1,Q1,3,Mar,March    ,2029-03,12,1,Mon,f,2029-03-01,2029-03-31
2029-03-13,2029,1,Q1,3,Mar,March    ,2029-03,13,2,Tue,f,2029-03-01,2029-03-31
2029-03-14,2029,1,Q1,3,Mar,March    ,2029-03,14,3,Wed,f,2029-03-01,2029-03-31
2029-03-15,2029,1,Q1,3,Mar,March    ,2029-03,15,4,Thu,f,2029-03-01,2029-03-31
2029-03-16,2029,1,Q1,3,Mar,March    ,2029-03,16,5,Fri,t,2029-03-01,2029-03-31
2029-03-17,2029,1,Q1,3,Mar,March    ,2029-03,17,6,Sat,t,2029-03-01,2029-03-31
2029-03-18,2029,1,Q1,3,Mar,March    ,2029-03,18,7,Sun,f,2029-03-01,2029-03-31
2029-03-19,2029,1,Q1,3,Mar,March    ,2029-03,19,1,Mon,f,2029-03-01,2029-03-31
2029-03-20,2029,1,Q1,3,Mar,March    ,2029-03,20,2,Tue,f,2029-03-01,2029-03-31
2029-03-21,2029,1,Q1,3,Mar,March    ,2029-03,21,3,Wed,f,2029-03-01,2029-03-31
2029-03-22,2029,1,Q1,3,Mar,March    ,2029-03,22,4,Thu,f,2029-03-01,2029-03-31
2029-03-23,2029,1,Q1,3,Mar,March    ,2029-03,23,5,Fri,t,2029-03-01,2029-03-31
2029-03-24,2029,1,Q1,3,Mar,March    ,2029-03,24,6,Sat,t,2029-03-01,2029-03-31
2029-03-25,2029,1,Q1,3,Mar,March    ,2029-03,25,7,Sun,f,2029-03-01,2029-03-31
2029-03-26,2029,1,Q1,3,Mar,March    ,2029-03,26,1,Mon,f,2029-03-01,2029-03-31
2029-03-27,2029,1,Q1,3,Mar,March    ,2029-03,27,2,Tue,f,2029-03-01,2029-03-31
2029-03-28,2029,1,Q1,3,Mar,March    ,2029-03,28,3,Wed,f,2029-03-01,2029-03-31
2029-03-29,2029,1,Q1,3,Mar,March    ,2029-03,29,4,Thu,f,2029-03-01,2029-03-31
2029-03-30,2029,1,Q1,3,Mar,March    ,2029-03,30,5,Fri,t,2029-03-01,2029-03-31
2029-03-31,2029,1,Q1,3,Mar,March    ,2029-03,31,6,Sat,t,2029-03-01,2029-03-31
2029-04-01,2029,2,Q2,4,Apr,April    ,2029-04,1,7,Sun,f,2029-04-01,2029-04-30
2029-04-02,2029,2,Q2,4,Apr,April    ,2029-04,2,1,Mon,f,2029-04-01,2029-04-30
2029-04-03,2029,2,Q2,4,Apr,April    ,2029-04,3,2,Tue,f,2029-04-01,2029-04-30
2029-04-04,2029,2,Q2,4,Apr,April    ,2029-04,4,3,Wed,f,2029-04-01,2029-04-30
2029-04-05,2029,2,Q2,4,Apr,April    ,2029-04,5,4,Thu,f,2029-04-01,2029-04-30
2029-04-06,2029,2,Q2,4,Apr,April    ,2029-04,6,5,Fri,t,2029-04-01,2029-04-30
2029-04-07,2029,2,Q2,4,Apr,April    ,2029-04,7,6,Sat,t,2029-04-01,2029-04-30
2029-04-08,2029,2,Q2,4,Apr,April    ,2029-04,8,7,Sun,f,2029-04-01,2029-04-30
2029-04-09,2029,2,Q2,4,Apr,April    ,2029-04,9,1,Mon,f,2029-04-01,2029-04-30
2029-04-10,2029,2,Q2,4,Apr,April    ,2029-04,10,2,Tue,f,2029-04-01,2029-04-30
2029-04-11,2029,2,Q2,4,Apr,April    ,2029-04,11,3,Wed,f,2029-04-01,2029-04-30
2029-04-12,2029,2,Q2,4,Apr,April    ,2029-04,12,4,Thu,f,2029-04-01,2029-04-30
2029-04-13,2029,2,Q2,4,Apr,April    ,2029-04,13,5,Fri,t,2029-04-01,2029-04-30
2029-04-14,2029,2,Q2,4,Apr,April    ,2029-04,14,6,Sat,t,2029-04-01,2029-04-30
2029-04-15,2029,2,Q2,4,Apr,April    ,2029-04,15,7,Sun,f,2029-04-01,2029-04-30
2029-04-16,2029,2,Q2,4,Apr,April    ,2029-04,16,1,Mon,f,2029-04-01,2029-04-30
2029-04-17,2029,2,Q2,4,Apr,April    ,2029-04,17,2,Tue,f,2029-04-01,2029-04-30
2029-04-18,2029,2,Q2,4,Apr,April    ,2029-04,18,3,Wed,f,2029-04-01,2029-04-30
2029-04-19,2029,2,Q2,4,Apr,April    ,2029-04,19,4,Thu,f,2029-04-01,2029-04-30
2029-04-20,2029,2,Q2,4,Apr,April    ,2029-04,20,5,Fri,t,2029-04-01,2029-04-30
2029-04-21,2029,2,Q2,4,Apr,April    ,2029-04,21,6,Sat,t,2029-04-01,2029-04-30
2029-04-22,2029,2,Q2,4,Apr,April    ,2029-04,22,7,Sun,f,2029-04-01,2029-04-30
2029-04-23,2029,2,Q2,4,Apr,April    ,2029-04,23,1,Mon,f,2029-04-01,2029-04-30
2029-04-24,2029,2,Q2,4,Apr,April    ,2029-04,24,2,Tue,f,2029-04-01,2029-04-30
2029-04-25,2029,2,Q2,4,Apr,April    ,2029-04,25,3,Wed,f,2029-04-01,2029-04-30
2029-04-26,2029,2,Q2,4,Apr,April    ,2029-04,26,4,Thu,f,2029-04-01,2029-04-30
2029-04-27,2029,2,Q2,4,Apr,April    ,2029-04,27,5,Fri,t,2029-04-01,2029-04-30
2029-04-28,2029,2,Q2,4,Apr,April    ,2029-04,28,6,Sat,t,2029-04-01,2029-04-30
2029-04-29,2029,2,Q2,4,Apr,April    ,2029-04,29,7,Sun,f,2029-04-01,2029-04-30
2029-04-30,2029,2,Q2,4,Apr,April    ,2029-04,30,1,Mon,f,2029-04-01,2029-04-30
2029-05-01,2029,2,Q2,5,May,May      ,2029-05,1,2,Tue,f,2029-05-01,2029-05-31
2029-05-02,2029,2,Q2,5,May,May      ,2029-05,2,3,Wed,f,2029-05-01,2029-05-31
2029-05-03,2029,2,Q2,5,May,May      ,2029-05,3,4,Thu,f,2029-05-01,2029-05-31
2029-05-04,2029,2,Q2,5,May,May      ,2029-05,4,5,Fri,t,2029-05-01,2029-05-31
2029-05-05,2029,2,Q2,5,May,May      ,2029-05,5,6,Sat,t,2029-05-01,2029-05-31
2029-05-06,2029,2,Q2,5,May,May      ,2029-05,6,7,Sun,f,2029-05-01,2029-05-31
2029-05-07,2029,2,Q2,5,May,May      ,2029-05,7,1,Mon,f,2029-05-01,2029-05-31
2029-05-08,2029,2,Q2,5,May,May      ,2029-05,8,2,Tue,f,2029-05-01,2029-05-31
2029-05-09,2029,2,Q2,5,May,May      ,2029-05,9,3,Wed,f,2029-05-01,2029-05-31
2029-05-10,2029,2,Q2,5,May,May      ,2029-05,10,4,Thu,f,2029-05-01,2029-05-31
2029-05-11,2029,2,Q2,5,May,May      ,2029-05,11,5,Fri,t,2029-05-01,2029-05-31
2029-05-12,2029,2,Q2,5,May,May      ,2029-05,12,6,Sat,t,2029-05-01,2029-05-31
2029-05-13,2029,2,Q2,5,May,May      ,2029-05,13,7,Sun,f,2029-05-01,2029-05-31
2029-05-14,2029,2,Q2,5,May,May      ,2029-05,14,1,Mon,f,2029-05-01,2029-05-31
2029-05-15,2029,2,Q2,5,May,May      ,2029-05,15,2,Tue,f,2029-05-01,2029-05-31
2029-05-16,2029,2,Q2,5,May,May      ,2029-05,16,3,Wed,f,2029-05-01,2029-05-31
2029-05-17,2029,2,Q2,5,May,May      ,2029-05,17,4,Thu,f,2029-05-01,2029-05-31
2029-05-18,2029,2,Q2,5,May,May      ,2029-05,18,5,Fri,t,2029-05-01,2029-05-31
2029-05-19,2029,2,Q2,5,May,May      ,2029-05,19,6,Sat,t,2029-05-01,2029-05-31
2029-05-20,2029,2,Q2,5,May,May      ,2029-05,20,7,Sun,f,2029-05-01,2029-05-31
2029-05-21,2029,2,Q2,5,May,May      ,2029-05,21,1,Mon,f,2029-05-01,2029-05-31
2029-05-22,2029,2,Q2,5,May,May      ,2029-05,22,2,Tue,f,2029-05-01,2029-05-31
2029-05-23,2029,2,Q2,5,May,May      ,2029-05,23,3,Wed,f,2029-05-01,2029-05-31
2029-05-24,2029,2,Q2,5,May,May      ,2029-05,24,4,Thu,f,2029-05-01,2029-05-31
2029-05-25,2029,2,Q2,5,May,May      ,2029-05,25,5,Fri,t,2029-05-01,2029-05-31
2029-05-26,2029,2,Q2,5,May,May      ,2029-05,26,6,Sat,t,2029-05-01,2029-05-31
2029-05-27,2029,2,Q2,5,May,May      ,2029-05,27,7,Sun,f,2029-05-01,2029-05-31
2029-05-28,2029,2,Q2,5,May,May      ,2029-05,28,1,Mon,f,2029-05-01,2029-05-31
2029-05-29,2029,2,Q2,5,May,May      ,2029-05,29,2,Tue,f,2029-05-01,2029-05-31
2029-05-30,2029,2,Q2,5,May,May      ,2029-05,30,3,Wed,f,2029-05-01,2029-05-31
2029-05-31,2029,2,Q2,5,May,May      ,2029-05,31,4,Thu,f,2029-05-01,2029-05-31
2029-06-01,2029,2,Q2,6,Jun,June     ,2029-06,1,5,Fri,t,2029-06-01,2029-06-30
2029-06-02,2029,2,Q2,6,Jun,June     ,2029-06,2,6,Sat,t,2029-06-01,2029-06-30
2029-06-03,2029,2,Q2,6,Jun,June     ,2029-06,3,7,Sun,f,2029-06-01,2029-06-30
2029-06-04,2029,2,Q2,6,Jun,June     ,2029-06,4,1,Mon,f,2029-06-01,2029-06-30
2029-06-05,2029,2,Q2,6,Jun,June     ,2029-06,5,2,Tue,f,2029-06-01,2029-06-30
2029-06-06,2029,2,Q2,6,Jun,June     ,2029-06,6,3,Wed,f,2029-06-01,2029-06-30
2029-06-07,2029,2,Q2,6,Jun,June     ,2029-06,7,4,Thu,f,2029-06-01,2029-06-30
2029-06-08,2029,2,Q2,6,Jun,June     ,2029-06,8,5,Fri,t,2029-06-01,2029-06-30
2029-06-09,2029,2,Q2,6,Jun,June     ,2029-06,9,6,Sat,t,2029-06-01,2029-06-30
2029-06-10,2029,2,Q2,6,Jun,June     ,2029-06,10,7,Sun,f,2029-06-01,2029-06-30
2029-06-11,2029,2,Q2,6,Jun,June     ,2029-06,11,1,Mon,f,2029-06-01,2029-06-30
2029-06-12,2029,2,Q2,6,Jun,June     ,2029-06,12,2,Tue,f,2029-06-01,2029-06-30
2029-06-13,2029,2,Q2,6,Jun,June     ,2029-06,13,3,Wed,f,2029-06-01,2029-06-30
2029-06-14,2029,2,Q2,6,Jun,June     ,2029-06,14,4,Thu,f,2029-06-01,2029-06-30
2029-06-15,2029,2,Q2,6,Jun,June     ,2029-06,15,5,Fri,t,2029-06-01,2029-06-30
2029-06-16,2029,2,Q2,6,Jun,June     ,2029-06,16,6,Sat,t,2029-06-01,2029-06-30
2029-06-17,2029,2,Q2,6,Jun,June     ,2029-06,17,7,Sun,f,2029-06-01,2029-06-30
2029-06-18,2029,2,Q2,6,Jun,June     ,2029-06,18,1,Mon,f,2029-06-01,2029-06-30
2029-06-19,2029,2,Q2,6,Jun,June     ,2029-06,19,2,Tue,f,2029-06-01,2029-06-30
2029-06-20,2029,2,Q2,6,Jun,June     ,2029-06,20,3,Wed,f,2029-06-01,2029-06-30
2029-06-21,2029,2,Q2,6,Jun,June     ,2029-06,21,4,Thu,f,2029-06-01,2029-06-30
2029-06-22,2029,2,Q2,6,Jun,June     ,2029-06,22,5,Fri,t,2029-06-01,2029-06-30
2029-06-23,2029,2,Q2,6,Jun,June     ,2029-06,23,6,Sat,t,2029-06-01,2029-06-30
2029-06-24,2029,2,Q2,6,Jun,June     ,2029-06,24,7,Sun,f,2029-06-01,2029-06-30
2029-06-25,2029,2,Q2,6,Jun,June     ,2029-06,25,1,Mon,f,2029-06-01,2029-06-30
2029-06-26,2029,2,Q2,6,Jun,June     ,2029-06,26,2,Tue,f,2029-06-01,2029-06-30
2029-06-27,2029,2,Q2,6,Jun,June     ,2029-06,27,3,Wed,f,2029-06-01,2029-06-30
2029-06-28,2029,2,Q2,6,Jun,June     ,2029-06,28,4,Thu,f,2029-06-01,2029-06-30
2029-06-29,2029,2,Q2,6,Jun,June     ,2029-06,29,5,Fri,t,2029-06-01,2029-06-30
2029-06-30,2029,2,Q2,6,Jun,June     ,2029-06,30,6,Sat,t,2029-06-01,2029-06-30
2029-07-01,2029,3,Q3,7,Jul,July     ,2029-07,1,7,Sun,f,2029-07-01,2029-07-31
2029-07-02,2029,3,Q3,7,Jul,July     ,2029-07,2,1,Mon,f,2029-07-01,2029-07-31
2029-07-03,2029,3,Q3,7,Jul,July     ,2029-07,3,2,Tue,f,2029-07-01,2029-07-31
2029-07-04,2029,3,Q3,7,Jul,July     ,2029-07,4,3,Wed,f,2029-07-01,2029-07-31
2029-07-05,2029,3,Q3,7,Jul,July     ,2029-07,5,4,Thu,f,2029-07-01,2029-07-31
2029-07-06,2029,3,Q3,7,Jul,July     ,2029-07,6,5,Fri,t,2029-07-01,2029-07-31
2029-07-07,2029,3,Q3,7,Jul,July     ,2029-07,7,6,Sat,t,2029-07-01,2029-07-31
2029-07-08,2029,3,Q3,7,Jul,July     ,2029-07,8,7,Sun,f,2029-07-01,2029-07-31
2029-07-09,2029,3,Q3,7,Jul,July     ,2029-07,9,1,Mon,f,2029-07-01,2029-07-31
2029-07-10,2029,3,Q3,7,Jul,July     ,2029-07,10,2,Tue,f,2029-07-01,2029-07-31
2029-07-11,2029,3,Q3,7,Jul,July     ,2029-07,11,3,Wed,f,2029-07-01,2029-07-31
2029-07-12,2029,3,Q3,7,Jul,July     ,2029-07,12,4,Thu,f,2029-07-01,2029-07-31
2029-07-13,2029,3,Q3,7,Jul,July     ,2029-07,13,5,Fri,t,2029-07-01,2029-07-31
2029-07-14,2029,3,Q3,7,Jul,July     ,2029-07,14,6,Sat,t,2029-07-01,2029-07-31
2029-07-15,2029,3,Q3,7,Jul,July     ,2029-07,15,7,Sun,f,2029-07-01,2029-07-31
2029-07-16,2029,3,Q3,7,Jul,July     ,2029-07,16,1,Mon,f,2029-07-01,2029-07-31
2029-07-17,2029,3,Q3,7,Jul,July     ,2029-07,17,2,Tue,f,2029-07-01,2029-07-31
2029-07-18,2029,3,Q3,7,Jul,July     ,2029-07,18,3,Wed,f,2029-07-01,2029-07-31
2029-07-19,2029,3,Q3,7,Jul,July     ,2029-07,19,4,Thu,f,2029-07-01,2029-07-31
2029-07-20,2029,3,Q3,7,Jul,July     ,2029-07,20,5,Fri,t,2029-07-01,2029-07-31
2029-07-21,2029,3,Q3,7,Jul,July     ,2029-07,21,6,Sat,t,2029-07-01,2029-07-31
2029-07-22,2029,3,Q3,7,Jul,July     ,2029-07,22,7,Sun,f,2029-07-01,2029-07-31
2029-07-23,2029,3,Q3,7,Jul,July     ,2029-07,23,1,Mon,f,2029-07-01,2029-07-31
2029-07-24,2029,3,Q3,7,Jul,July     ,2029-07,24,2,Tue,f,2029-07-01,2029-07-31
2029-07-25,2029,3,Q3,7,Jul,July     ,2029-07,25,3,Wed,f,2029-07-01,2029-07-31
2029-07-26,2029,3,Q3,7,Jul,July     ,2029-07,26,4,Thu,f,2029-07-01,2029-07-31
2029-07-27,2029,3,Q3,7,Jul,July     ,2029-07,27,5,Fri,t,2029-07-01,2029-07-31
2029-07-28,2029,3,Q3,7,Jul,July     ,2029-07,28,6,Sat,t,2029-07-01,2029-07-31
2029-07-29,2029,3,Q3,7,Jul,July     ,2029-07,29,7,Sun,f,2029-07-01,2029-07-31
2029-07-30,2029,3,Q3,7,Jul,July     ,2029-07,30,1,Mon,f,2029-07-01,2029-07-31
2029-07-31,2029,3,Q3,7,Jul,July     ,2029-07,31,2,Tue,f,2029-07-01,2029-07-31
2029-08-01,2029,3,Q3,8,Aug,August   ,2029-08,1,3,Wed,f,2029-08-01,2029-08-31
2029-08-02,2029,3,Q3,8,Aug,August   ,2029-08,2,4,Thu,f,2029-08-01,2029-08-31
2029-08-03,2029,3,Q3,8,Aug,August   ,2029-08,3,5,Fri,t,2029-08-01,2029-08-31
2029-08-04,2029,3,Q3,8,Aug,August   ,2029-08,4,6,Sat,t,2029-08-01,2029-08-31
2029-08-05,2029,3,Q3,8,Aug,August   ,2029-08,5,7,Sun,f,2029-08-01,2029-08-31
2029-08-06,2029,3,Q3,8,Aug,August   ,2029-08,6,1,Mon,f,2029-08-01,2029-08-31
2029-08-07,2029,3,Q3,8,Aug,August   ,2029-08,7,2,Tue,f,2029-08-01,2029-08-31
2029-08-08,2029,3,Q3,8,Aug,August   ,2029-08,8,3,Wed,f,2029-08-01,2029-08-31
2029-08-09,2029,3,Q3,8,Aug,August   ,2029-08,9,4,Thu,f,2029-08-01,2029-08-31
2029-08-10,2029,3,Q3,8,Aug,August   ,2029-08,10,5,Fri,t,2029-08-01,2029-08-31
2029-08-11,2029,3,Q3,8,Aug,August   ,2029-08,11,6,Sat,t,2029-08-01,2029-08-31
2029-08-12,2029,3,Q3,8,Aug,August   ,2029-08,12,7,Sun,f,2029-08-01,2029-08-31
2029-08-13,2029,3,Q3,8,Aug,August   ,2029-08,13,1,Mon,f,2029-08-01,2029-08-31
2029-08-14,2029,3,Q3,8,Aug,August   ,2029-08,14,2,Tue,f,2029-08-01,2029-08-31
2029-08-15,2029,3,Q3,8,Aug,August   ,2029-08,15,3,Wed,f,2029-08-01,2029-08-31
2029-08-16,2029,3,Q3,8,Aug,August   ,2029-08,16,4,Thu,f,2029-08-01,2029-08-31
2029-08-17,2029,3,Q3,8,Aug,August   ,2029-08,17,5,Fri,t,2029-08-01,2029-08-31
2029-08-18,2029,3,Q3,8,Aug,August   ,2029-08,18,6,Sat,t,2029-08-01,2029-08-31
2029-08-19,2029,3,Q3,8,Aug,August   ,2029-08,19,7,Sun,f,2029-08-01,2029-08-31
2029-08-20,2029,3,Q3,8,Aug,August   ,2029-08,20,1,Mon,f,2029-08-01,2029-08-31
2029-08-21,2029,3,Q3,8,Aug,August   ,2029-08,21,2,Tue,f,2029-08-01,2029-08-31
2029-08-22,2029,3,Q3,8,Aug,August   ,2029-08,22,3,Wed,f,2029-08-01,2029-08-31
2029-08-23,2029,3,Q3,8,Aug,August   ,2029-08,23,4,Thu,f,2029-08-01,2029-08-31
2029-08-24,2029,3,Q3,8,Aug,August   ,2029-08,24,5,Fri,t,2029-08-01,2029-08-31
2029-08-25,2029,3,Q3,8,Aug,August   ,2029-08,25,6,Sat,t,2029-08-01,2029-08-31
2029-08-26,2029,3,Q3,8,Aug,August   ,2029-08,26,7,Sun,f,2029-08-01,2029-08-31
2029-08-27,2029,3,Q3,8,Aug,August   ,2029-08,27,1,Mon,f,2029-08-01,2029-08-31
2029-08-28,2029,3,Q3,8,Aug,August   ,2029-08,28,2,Tue,f,2029-08-01,2029-08-31
2029-08-29,2029,3,Q3,8,Aug,August   ,2029-08,29,3,Wed,f,2029-08-01,2029-08-31
2029-08-30,2029,3,Q3,8,Aug,August   ,2029-08,30,4,Thu,f,2029-08-01,2029-08-31
2029-08-31,2029,3,Q3,8,Aug,August   ,2029-08,31,5,Fri,t,2029-08-01,2029-08-31
2029-09-01,2029,3,Q3,9,Sep,September,2029-09,1,6,Sat,t,2029-09-01,2029-09-30
2029-09-02,2029,3,Q3,9,Sep,September,2029-09,2,7,Sun,f,2029-09-01,2029-09-30
2029-09-03,2029,3,Q3,9,Sep,September,2029-09,3,1,Mon,f,2029-09-01,2029-09-30
2029-09-04,2029,3,Q3,9,Sep,September,2029-09,4,2,Tue,f,2029-09-01,2029-09-30
2029-09-05,2029,3,Q3,9,Sep,September,2029-09,5,3,Wed,f,2029-09-01,2029-09-30
2029-09-06,2029,3,Q3,9,Sep,September,2029-09,6,4,Thu,f,2029-09-01,2029-09-30
2029-09-07,2029,3,Q3,9,Sep,September,2029-09,7,5,Fri,t,2029-09-01,2029-09-30
2029-09-08,2029,3,Q3,9,Sep,September,2029-09,8,6,Sat,t,2029-09-01,2029-09-30
2029-09-09,2029,3,Q3,9,Sep,September,2029-09,9,7,Sun,f,2029-09-01,2029-09-30
2029-09-10,2029,3,Q3,9,Sep,September,2029-09,10,1,Mon,f,2029-09-01,2029-09-30
2029-09-11,2029,3,Q3,9,Sep,September,2029-09,11,2,Tue,f,2029-09-01,2029-09-30
2029-09-12,2029,3,Q3,9,Sep,September,2029-09,12,3,Wed,f,2029-09-01,2029-09-30
2029-09-13,2029,3,Q3,9,Sep,September,2029-09,13,4,Thu,f,2029-09-01,2029-09-30
2029-09-14,2029,3,Q3,9,Sep,September,2029-09,14,5,Fri,t,2029-09-01,2029-09-30
2029-09-15,2029,3,Q3,9,Sep,September,2029-09,15,6,Sat,t,2029-09-01,2029-09-30
2029-09-16,2029,3,Q3,9,Sep,September,2029-09,16,7,Sun,f,2029-09-01,2029-09-30
2029-09-17,2029,3,Q3,9,Sep,September,2029-09,17,1,Mon,f,2029-09-01,2029-09-30
2029-09-18,2029,3,Q3,9,Sep,September,2029-09,18,2,Tue,f,2029-09-01,2029-09-30
2029-09-19,2029,3,Q3,9,Sep,September,2029-09,19,3,Wed,f,2029-09-01,2029-09-30
2029-09-20,2029,3,Q3,9,Sep,September,2029-09,20,4,Thu,f,2029-09-01,2029-09-30
2029-09-21,2029,3,Q3,9,Sep,September,2029-09,21,5,Fri,t,2029-09-01,2029-09-30
2029-09-22,2029,3,Q3,9,Sep,September,2029-09,22,6,Sat,t,2029-09-01,2029-09-30
2029-09-23,2029,3,Q3,9,Sep,September,2029-09,23,7,Sun,f,2029-09-01,2029-09-30
2029-09-24,2029,3,Q3,9,Sep,September,2029-09,24,1,Mon,f,2029-09-01,2029-09-30
2029-09-25,2029,3,Q3,9,Sep,September,2029-09,25,2,Tue,f,2029-09-01,2029-09-30
2029-09-26,2029,3,Q3,9,Sep,September,2029-09,26,3,Wed,f,2029-09-01,2029-09-30
2029-09-27,2029,3,Q3,9,Sep,September,2029-09,27,4,Thu,f,2029-09-01,2029-09-30
2029-09-28,2029,3,Q3,9,Sep,September,2029-09,28,5,Fri,t,2029-09-01,2029-09-30
2029-09-29,2029,3,Q3,9,Sep,September,2029-09,29,6,Sat,t,2029-09-01,2029-09-30
2029-09-30,2029,3,Q3,9,Sep,September,2029-09,30,7,Sun,f,2029-09-01,2029-09-30
2029-10-01,2029,4,Q4,10,Oct,October  ,2029-10,1,1,Mon,f,2029-10-01,2029-10-31
2029-10-02,2029,4,Q4,10,Oct,October  ,2029-10,2,2,Tue,f,2029-10-01,2029-10-31
2029-10-03,2029,4,Q4,10,Oct,October  ,2029-10,3,3,Wed,f,2029-10-01,2029-10-31
2029-10-04,2029,4,Q4,10,Oct,October  ,2029-10,4,4,Thu,f,2029-10-01,2029-10-31
2029-10-05,2029,4,Q4,10,Oct,October  ,2029-10,5,5,Fri,t,2029-10-01,2029-10-31
2029-10-06,2029,4,Q4,10,Oct,October  ,2029-10,6,6,Sat,t,2029-10-01,2029-10-31
2029-10-07,2029,4,Q4,10,Oct,October  ,2029-10,7,7,Sun,f,2029-10-01,2029-10-31
2029-10-08,2029,4,Q4,10,Oct,October  ,2029-10,8,1,Mon,f,2029-10-01,2029-10-31
2029-10-09,2029,4,Q4,10,Oct,October  ,2029-10,9,2,Tue,f,2029-10-01,2029-10-31
2029-10-10,2029,4,Q4,10,Oct,October  ,2029-10,10,3,Wed,f,2029-10-01,2029-10-31
2029-10-11,2029,4,Q4,10,Oct,October  ,2029-10,11,4,Thu,f,2029-10-01,2029-10-31
2029-10-12,2029,4,Q4,10,Oct,October  ,2029-10,12,5,Fri,t,2029-10-01,2029-10-31
2029-10-13,2029,4,Q4,10,Oct,October  ,2029-10,13,6,Sat,t,2029-10-01,2029-10-31
2029-10-14,2029,4,Q4,10,Oct,October  ,2029-10,14,7,Sun,f,2029-10-01,2029-10-31
2029-10-15,2029,4,Q4,10,Oct,October  ,2029-10,15,1,Mon,f,2029-10-01,2029-10-31
2029-10-16,2029,4,Q4,10,Oct,October  ,2029-10,16,2,Tue,f,2029-10-01,2029-10-31
2029-10-17,2029,4,Q4,10,Oct,October  ,2029-10,17,3,Wed,f,2029-10-01,2029-10-31
2029-10-18,2029,4,Q4,10,Oct,October  ,2029-10,18,4,Thu,f,2029-10-01,2029-10-31
2029-10-19,2029,4,Q4,10,Oct,October  ,2029-10,19,5,Fri,t,2029-10-01,2029-10-31
2029-10-20,2029,4,Q4,10,Oct,October  ,2029-10,20,6,Sat,t,2029-10-01,2029-10-31
2029-10-21,2029,4,Q4,10,Oct,October  ,2029-10,21,7,Sun,f,2029-10-01,2029-10-31
2029-10-22,2029,4,Q4,10,Oct,October  ,2029-10,22,1,Mon,f,2029-10-01,2029-10-31
2029-10-23,2029,4,Q4,10,Oct,October  ,2029-10,23,2,Tue,f,2029-10-01,2029-10-31
2029-10-24,2029,4,Q4,10,Oct,October  ,2029-10,24,3,Wed,f,2029-10-01,2029-10-31
2029-10-25,2029,4,Q4,10,Oct,October  ,2029-10,25,4,Thu,f,2029-10-01,2029-10-31
2029-10-26,2029,4,Q4,10,Oct,October  ,2029-10,26,5,Fri,t,2029-10-01,2029-10-31
2029-10-27,2029,4,Q4,10,Oct,October  ,2029-10,27,6,Sat,t,2029-10-01,2029-10-31
2029-10-28,2029,4,Q4,10,Oct,October  ,2029-10,28,7,Sun,f,2029-10-01,2029-10-31
2029-10-29,2029,4,Q4,10,Oct,October  ,2029-10,29,1,Mon,f,2029-10-01,2029-10-31
2029-10-30,2029,4,Q4,10,Oct,October  ,2029-10,30,2,Tue,f,2029-10-01,2029-10-31
2029-10-31,2029,4,Q4,10,Oct,October  ,2029-10,31,3,Wed,f,2029-10-01,2029-10-31
2029-11-01,2029,4,Q4,11,Nov,November ,2029-11,1,4,Thu,f,2029-11-01,2029-11-30
2029-11-02,2029,4,Q4,11,Nov,November ,2029-11,2,5,Fri,t,2029-11-01,2029-11-30
2029-11-03,2029,4,Q4,11,Nov,November ,2029-11,3,6,Sat,t,2029-11-01,2029-11-30
2029-11-04,2029,4,Q4,11,Nov,November ,2029-11,4,7,Sun,f,2029-11-01,2029-11-30
2029-11-05,2029,4,Q4,11,Nov,November ,2029-11,5,1,Mon,f,2029-11-01,2029-11-30
2029-11-06,2029,4,Q4,11,Nov,November ,2029-11,6,2,Tue,f,2029-11-01,2029-11-30
2029-11-07,2029,4,Q4,11,Nov,November ,2029-11,7,3,Wed,f,2029-11-01,2029-11-30
2029-11-08,2029,4,Q4,11,Nov,November ,2029-11,8,4,Thu,f,2029-11-01,2029-11-30
2029-11-09,2029,4,Q4,11,Nov,November ,2029-11,9,5,Fri,t,2029-11-01,2029-11-30
2029-11-10,2029,4,Q4,11,Nov,November ,2029-11,10,6,Sat,t,2029-11-01,2029-11-30
2029-11-11,2029,4,Q4,11,Nov,November ,2029-11,11,7,Sun,f,2029-11-01,2029-11-30
2029-11-12,2029,4,Q4,11,Nov,November ,2029-11,12,1,Mon,f,2029-11-01,2029-11-30
2029-11-13,2029,4,Q4,11,Nov,November ,2029-11,13,2,Tue,f,2029-11-01,2029-11-30
2029-11-14,2029,4,Q4,11,Nov,November ,2029-11,14,3,Wed,f,2029-11-01,2029-11-30
2029-11-15,2029,4,Q4,11,Nov,November ,2029-11,15,4,Thu,f,2029-11-01,2029-11-30
2029-11-16,2029,4,Q4,11,Nov,November ,2029-11,16,5,Fri,t,2029-11-01,2029-11-30
2029-11-17,2029,4,Q4,11,Nov,November ,2029-11,17,6,Sat,t,2029-11-01,2029-11-30
2029-11-18,2029,4,Q4,11,Nov,November ,2029-11,18,7,Sun,f,2029-11-01,2029-11-30
2029-11-19,2029,4,Q4,11,Nov,November ,2029-11,19,1,Mon,f,2029-11-01,2029-11-30
2029-11-20,2029,4,Q4,11,Nov,November ,2029-11,20,2,Tue,f,2029-11-01,2029-11-30
2029-11-21,2029,4,Q4,11,Nov,November ,2029-11,21,3,Wed,f,2029-11-01,2029-11-30
2029-11-22,2029,4,Q4,11,Nov,November ,2029-11,22,4,Thu,f,2029-11-01,2029-11-30
2029-11-23,2029,4,Q4,11,Nov,November ,2029-11,23,5,Fri,t,2029-11-01,2029-11-30
2029-11-24,2029,4,Q4,11,Nov,November ,2029-11,24,6,Sat,t,2029-11-01,2029-11-30
2029-11-25,2029,4,Q4,11,Nov,November ,2029-11,25,7,Sun,f,2029-11-01,2029-11-30
2029-11-26,2029,4,Q4,11,Nov,November ,2029-11,26,1,Mon,f,2029-11-01,2029-11-30
2029-11-27,2029,4,Q4,11,Nov,November ,2029-11,27,2,Tue,f,2029-11-01,2029-11-30
2029-11-28,2029,4,Q4,11,Nov,November ,2029-11,28,3,Wed,f,2029-11-01,2029-11-30
2029-11-29,2029,4,Q4,11,Nov,November ,2029-11,29,4,Thu,f,2029-11-01,2029-11-30
2029-11-30,2029,4,Q4,11,Nov,November ,2029-11,30,5,Fri,t,2029-11-01,2029-11-30
2029-12-01,2029,4,Q4,12,Dec,December ,2029-12,1,6,Sat,t,2029-12-01,2029-12-31
2029-12-02,2029,4,Q4,12,Dec,December ,2029-12,2,7,Sun,f,2029-12-01,2029-12-31
2029-12-03,2029,4,Q4,12,Dec,December ,2029-12,3,1,Mon,f,2029-12-01,2029-12-31
2029-12-04,2029,4,Q4,12,Dec,December ,2029-12,4,2,Tue,f,2029-12-01,2029-12-31
2029-12-05,2029,4,Q4,12,Dec,December ,2029-12,5,3,Wed,f,2029-12-01,2029-12-31
2029-12-06,2029,4,Q4,12,Dec,December ,2029-12,6,4,Thu,f,2029-12-01,2029-12-31
2029-12-07,2029,4,Q4,12,Dec,December ,2029-12,7,5,Fri,t,2029-12-01,2029-12-31
2029-12-08,2029,4,Q4,12,Dec,December ,2029-12,8,6,Sat,t,2029-12-01,2029-12-31
2029-12-09,2029,4,Q4,12,Dec,December ,2029-12,9,7,Sun,f,2029-12-01,2029-12-31
2029-12-10,2029,4,Q4,12,Dec,December ,2029-12,10,1,Mon,f,2029-12-01,2029-12-31
2029-12-11,2029,4,Q4,12,Dec,December ,2029-12,11,2,Tue,f,2029-12-01,2029-12-31
2029-12-12,2029,4,Q4,12,Dec,December ,2029-12,12,3,Wed,f,2029-12-01,2029-12-31
2029-12-13,2029,4,Q4,12,Dec,December ,2029-12,13,4,Thu,f,2029-12-01,2029-12-31
2029-12-14,2029,4,Q4,12,Dec,December ,2029-12,14,5,Fri,t,2029-12-01,2029-12-31
2029-12-15,2029,4,Q4,12,Dec,December ,2029-12,15,6,Sat,t,2029-12-01,2029-12-31
2029-12-16,2029,4,Q4,12,Dec,December ,2029-12,16,7,Sun,f,2029-12-01,2029-12-31
2029-12-17,2029,4,Q4,12,Dec,December ,2029-12,17,1,Mon,f,2029-12-01,2029-12-31
2029-12-18,2029,4,Q4,12,Dec,December ,2029-12,18,2,Tue,f,2029-12-01,2029-12-31
2029-12-19,2029,4,Q4,12,Dec,December ,2029-12,19,3,Wed,f,2029-12-01,2029-12-31
2029-12-20,2029,4,Q4,12,Dec,December ,2029-12,20,4,Thu,f,2029-12-01,2029-12-31
2029-12-21,2029,4,Q4,12,Dec,December ,2029-12,21,5,Fri,t,2029-12-01,2029-12-31
2029-12-22,2029,4,Q4,12,Dec,December ,2029-12,22,6,Sat,t,2029-12-01,2029-12-31
2029-12-23,2029,4,Q4,12,Dec,December ,2029-12,23,7,Sun,f,2029-12-01,2029-12-31
2029-12-24,2029,4,Q4,12,Dec,December ,2029-12,24,1,Mon,f,2029-12-01,2029-12-31
2029-12-25,2029,4,Q4,12,Dec,December ,2029-12,25,2,Tue,f,2029-12-01,2029-12-31
2029-12-26,2029,4,Q4,12,Dec,December ,2029-12,26,3,Wed,f,2029-12-01,2029-12-31
2029-12-27,2029,4,Q4,12,Dec,December ,2029-12,27,4,Thu,f,2029-12-01,2029-12-31
2029-12-28,2029,4,Q4,12,Dec,December ,2029-12,28,5,Fri,t,2029-12-01,2029-12-31
2029-12-29,2029,4,Q4,12,Dec,December ,2029-12,29,6,Sat,t,2029-12-01,2029-12-31
2029-12-30,2029,4,Q4,12,Dec,December ,2029-12,30,7,Sun,f,2029-12-01,2029-12-31
2029-12-31,2029,4,Q4,12,Dec,December ,2029-12,31,1,Mon,f,2029-12-01,2029-12-31
