document_id,asset_id,asset_tag,org_unit_id,org_unit_name,building,document_type,supplier_name,purchase_order_number,invoice_number,invoice_amount,warranty_provider,warranty_expires_at,warranty_days_left,warranty_bucket,mime_type,byte_size,size_mb,scan_status,is_downloadable,uploaded_by,uploaded_by_name,created_at,uploaded_date
af4e0179-079c-4ec1-8844-0b54b1a9bcd1,bf853716-95ce-4780-b6f6-d421c3eb7e98,AST-FURN-CAB-00280,053cf8f8-7366-46a9-b0bb-3f4c8b856fa5,Computer Science Department,Engineering Building,retirement_evidence,,,,,,,,not a warranty,application/pdf,340000,0.32,clean,t,63cfd2c4-2600-45b5-8925-b1c9ff6c04ee,Hossam El-Deen,2026-09-21 12:36:10.142818+00,2026-09-21
4377dfc2-b6ba-4bc0-81dc-f32a18c4be0f,027bcbe3-1df7-4e1b-8002-9f246d505d52,AST-IT-PROJ-00261,053cf8f8-7366-46a9-b0bb-3f4c8b856fa5,Computer Science Department,Engineering Building,warranty,PowerGuard Energy,,,,Manufacturer warranty,2028-09-23,733,covered,application/pdf,98086,0.09,clean,t,a88277d6-7193-4856-b318-4d7fb0af2f58,Mostafa Adel,2025-10-08 00:00:00+00,2025-10-08
d06a2008-23c6-4926-8e38-e843d7082a5a,c8b0db7a-6259-4630-8235-dec7c52f6f0a,AST-IT-MONITOR-00056,053cf8f8-7366-46a9-b0bb-3f4c8b856fa5,Computer Science Department,Engineering Building,warranty,PowerGuard Energy,,,,Manufacturer warranty,2026-09-23,2,expiring in 30 days,application/pdf,130965,0.12,clean,t,a88277d6-7193-4856-b318-4d7fb0af2f58,Mostafa Adel,2024-10-07 00:00:00+00,2024-10-07
832d5e3f-f88b-4607-af56-dc2f4801157d,19376259-e7c6-474d-a274-b4a7dd0aa995,AST-IT-MONITOR-00318,053cf8f8-7366-46a9-b0bb-3f4c8b856fa5,Computer Science Department,Engineering Building,warranty,Nile Tech Systems,,,,Service contract,2023-11-03,-1053,expired,application/pdf,85172,0.08,clean,t,a88277d6-7193-4856-b318-4d7fb0af2f58,Mostafa Adel,2021-11-17 00:00:00+00,2021-11-17
e3d1c1ab-54d5-4490-ae20-db413aa58b21,664b8874-680a-4a42-bcca-60369d3b4d1d,AST-IT-PC-00168,053cf8f8-7366-46a9-b0bb-3f4c8b856fa5,Computer Science Department,Engineering Building,warranty,Nile Tech Systems,,,,Service contract,2028-02-14,511,covered,application/pdf,84005,0.08,clean,t,a88277d6-7193-4856-b318-4d7fb0af2f58,Mostafa Adel,2026-02-28 00:00:00+00,2026-02-28
32919db6-73ea-47d5-805a-83130713008b,e5f03288-56b5-4e41-aeae-32ac9ca686ed,AST-IT-PC-00336,053cf8f8-7366-46a9-b0bb-3f4c8b856fa5,Computer Science Department,Engineering Building,warranty,PowerGuard Energy,,,,Supplier extended cover,2025-09-11,-375,expired,application/pdf,125023,0.12,clean,t,a88277d6-7193-4856-b318-4d7fb0af2f58,Mostafa Adel,2023-09-26 00:00:00+00,2023-09-26
9aca0255-e474-48f7-b7e2-80119027dedf,027bcbe3-1df7-4e1b-8002-9f246d505d52,AST-IT-PROJ-00261,053cf8f8-7366-46a9-b0bb-3f4c8b856fa5,Computer Science Department,Engineering Building,invoice,PowerGuard Energy,PO-2025-0019,INV-2025-0097,18924.00,,,,not a warranty,application/pdf,481679,0.46,clean,t,a88277d6-7193-4856-b318-4d7fb0af2f58,Mostafa Adel,2025-10-08 00:00:00+00,2025-10-08
16de0a09-180f-48b9-9523-9a7e471bda6e,5b5c4ba3-0d50-43b1-8add-272e9671253d,AST-FURN-CAB-00112,053cf8f8-7366-46a9-b0bb-3f4c8b856fa5,Computer Science Department,Engineering Building,invoice,LabLine Scientific,PO-2020-0055,INV-2020-0282,3192.00,,,,not a warranty,application/pdf,438122,0.42,clean,t,a88277d6-7193-4856-b318-4d7fb0af2f58,Mostafa Adel,2020-05-12 00:00:00+00,2020-05-12
d9cd72a2-0484-4106-9931-350e7c48bb34,bf853716-95ce-4780-b6f6-d421c3eb7e98,AST-FURN-CAB-00280,053cf8f8-7366-46a9-b0bb-3f4c8b856fa5,Computer Science Department,Engineering Building,invoice,Delta Computer Supplies,PO-2021-0010,INV-2021-0072,3192.00,,,,not a warranty,application/pdf,422482,0.40,clean,t,a88277d6-7193-4856-b318-4d7fb0af2f58,Mostafa Adel,2021-09-20 00:00:00+00,2021-09-20
8212073c-8d95-4b81-baaf-e04cfdd6eb92,c8b0db7a-6259-4630-8235-dec7c52f6f0a,AST-IT-MONITOR-00056,053cf8f8-7366-46a9-b0bb-3f4c8b856fa5,Computer Science Department,Engineering Building,invoice,PowerGuard Energy,PO-2024-0028,INV-2024-0115,4446.00,,,,not a warranty,application/pdf,478867,0.46,clean,t,a88277d6-7193-4856-b318-4d7fb0af2f58,Mostafa Adel,2024-10-07 00:00:00+00,2024-10-07
18ef7e89-a394-4141-a88f-a93da4a67cc9,b31162f4-123e-45c1-ae96-363e37c60e3d,AST-IT-MONITOR-00224,053cf8f8-7366-46a9-b0bb-3f4c8b856fa5,Computer Science Department,Engineering Building,invoice,PowerGuard Energy,PO-2023-0037,INV-2023-0741,5175.60,,,,not a warranty,application/pdf,339304,0.32,clean,t,a88277d6-7193-4856-b318-4d7fb0af2f58,Mostafa Adel,2023-08-15 00:00:00+00,2023-08-15
2fbd2a95-e3a5-4c98-bb2b-b25eaa5919e9,19376259-e7c6-474d-a274-b4a7dd0aa995,AST-IT-MONITOR-00318,053cf8f8-7366-46a9-b0bb-3f4c8b856fa5,Computer Science Department,Engineering Building,invoice,Nile Tech Systems,PO-2021-0042,INV-2021-0104,4446.00,,,,not a warranty,application/pdf,138834,0.13,clean,t,a88277d6-7193-4856-b318-4d7fb0af2f58,Mostafa Adel,2021-11-17 00:00:00+00,2021-11-17
b147d8af-0a5c-407f-831f-a9f85c633651,664b8874-680a-4a42-bcca-60369d3b4d1d,AST-IT-PC-00168,053cf8f8-7366-46a9-b0bb-3f4c8b856fa5,Computer Science Department,Engineering Building,invoice,Nile Tech Systems,PO-2026-0035,INV-2026-0763,23940.00,,,,not a warranty,application/pdf,283864,0.27,clean,t,a88277d6-7193-4856-b318-4d7fb0af2f58,Mostafa Adel,2026-02-28 00:00:00+00,2026-02-28
1784e3cf-876c-4ace-9658-33b6c930e11e,a5aceaf8-bc0a-44c4-ac3f-d64e1d271a80,AST-FURN-DESK-00180,8ef0ecc9-58c0-4c55-91e0-178f17ee7c58,Artificial Intelligence Department,AI and Data Science Building,manual,,,,,,,,not a warranty,application/pdf,3277007,3.13,clean,t,60694a33-64df-4703-bb1f-20bc3948e683,Hala Rashad,2026-09-21 12:36:10.142818+00,2026-09-21
1da2e092-65f2-4f5b-91e1-f9f94967ed9d,714404dd-0ea9-4606-8617-a537135a8c97,AST-IT-SWITCH-00068,8ef0ecc9-58c0-4c55-91e0-178f17ee7c58,Artificial Intelligence Department,AI and Data Science Building,warranty,Delta Computer Supplies,,,,Manufacturer warranty,2025-01-28,-601,expired,application/pdf,161716,0.15,clean,t,a88277d6-7193-4856-b318-4d7fb0af2f58,Mostafa Adel,2022-02-12 00:00:00+00,2022-02-12
866ca57a-e185-4839-92ba-8079ce72dc33,9f10b9a6-6866-4168-868e-891c259876a7,AST-IT-PRINTER-00235,8ef0ecc9-58c0-4c55-91e0-178f17ee7c58,Artificial Intelligence Department,AI and Data Science Building,warranty,CoolAir Engineering,,,,Service contract,2026-03-17,-188,expired,application/pdf,156257,0.15,clean,t,a88277d6-7193-4856-b318-4d7fb0af2f58,Mostafa Adel,2024-03-31 00:00:00+00,2024-03-31
22f0ae93-594f-4c19-9317-cfbbcef2eb2f,b9069e48-d8db-4a30-856f-59c0b9ec67c5,AST-FURN-DESK-00012,8ef0ecc9-58c0-4c55-91e0-178f17ee7c58,Artificial Intelligence Department,AI and Data Science Building,warranty,Delta Computer Supplies,,,,Manufacturer warranty,2027-03-05,165,covered,application/pdf,86868,0.08,clean,t,a88277d6-7193-4856-b318-4d7fb0af2f58,Mostafa Adel,2025-03-19 00:00:00+00,2025-03-19
c4e62467-eefd-47ab-b7ba-1a96ee537dc0,0fa4e66e-4e83-4f2f-9a3f-118ba0e74086,AST-FURN-DESK-00348,8ef0ecc9-58c0-4c55-91e0-178f17ee7c58,Artificial Intelligence Department,AI and Data Science Building,warranty,Delta Computer Supplies,,,,Supplier extended cover,2027-09-17,361,covered,application/pdf,153386,0.15,clean,t,a88277d6-7193-4856-b318-4d7fb0af2f58,Mostafa Adel,2025-10-01 00:00:00+00,2025-10-01
2082ed1d-8eaa-4b67-aeb7-bc470c27210e,714404dd-0ea9-4606-8617-a537135a8c97,AST-IT-SWITCH-00068,8ef0ecc9-58c0-4c55-91e0-178f17ee7c58,Artificial Intelligence Department,AI and Data Science Building,invoice,Delta Computer Supplies,PO-2022-0022,INV-2022-0484,13794.00,,,,not a warranty,application/pdf,425403,0.41,clean,t,a88277d6-7193-4856-b318-4d7fb0af2f58,Mostafa Adel,2022-02-12 00:00:00+00,2022-02-12
45f183bf-a0ae-4a51-9cbf-1ac1d2997588,c436bbce-52e1-4e34-9045-cf81fa01bd57,AST-IT-SWITCH-00236,8ef0ecc9-58c0-4c55-91e0-178f17ee7c58,Artificial Intelligence Department,AI and Data Science Building,invoice,Nile Tech Systems,PO-2026-0008,INV-2026-0631,11970.00,,,,not a warranty,application/pdf,218211,0.21,clean,t,a88277d6-7193-4856-b318-4d7fb0af2f58,Mostafa Adel,2026-02-11 00:00:00+00,2026-02-11
ab54abbc-b4ec-4438-8a1c-0484545ecda8,832c7574-047b-40be-beda-2beb93318b0b,AST-IT-SWITCH-00404,8ef0ecc9-58c0-4c55-91e0-178f17ee7c58,Artificial Intelligence Department,AI and Data Science Building,invoice,LabLine Scientific,PO-2025-0010,INV-2025-0873,15618.00,,,,not a warranty,application/pdf,195576,0.19,clean,t,a88277d6-7193-4856-b318-4d7fb0af2f58,Mostafa Adel,2025-11-01 00:00:00+00,2025-11-01
48fda483-5b24-45e3-851d-ae74601d872a,b9069e48-d8db-4a30-856f-59c0b9ec67c5,AST-FURN-DESK-00012,8ef0ecc9-58c0-4c55-91e0-178f17ee7c58,Artificial Intelligence Department,AI and Data Science Building,invoice,Delta Computer Supplies,PO-2025-0002,INV-2025-0469,4104.00,,,,not a warranty,application/pdf,459989,0.44,clean,t,a88277d6-7193-4856-b318-4d7fb0af2f58,Mostafa Adel,2025-03-19 00:00:00+00,2025-03-19
25c0bcd3-aeed-4339-ba6c-3480b951b69f,a5aceaf8-bc0a-44c4-ac3f-d64e1d271a80,AST-FURN-DESK-00180,8ef0ecc9-58c0-4c55-91e0-178f17ee7c58,Artificial Intelligence Department,AI and Data Science Building,invoice,CoolAir Engineering,PO-2025-0031,INV-2025-0879,4400.40,,,,not a warranty,application/pdf,152613,0.15,clean,t,a88277d6-7193-4856-b318-4d7fb0af2f58,Mostafa Adel,2025-11-04 00:00:00+00,2025-11-04
43aa94d4-fac6-4053-a58b-f579092989c0,7731c589-5c32-4851-92e4-e210de77438b,AST-IT-PC-00124,8ef0ecc9-58c0-4c55-91e0-178f17ee7c58,Artificial Intelligence Department,AI and Data Science Building,invoice,PowerGuard Energy,PO-2021-0029,INV-2021-0707,19380.00,,,,not a warranty,application/pdf,482489,0.46,clean,t,a88277d6-7193-4856-b318-4d7fb0af2f58,Mostafa Adel,2021-03-09 00:00:00+00,2021-03-09
6e1d3344-a37c-43a7-8c8b-a6988f9849b0,c53a84af-7d6a-4f56-afe7-b028c32f28ea,AST-IT-PC-00292,8ef0ecc9-58c0-4c55-91e0-178f17ee7c58,Artificial Intelligence Department,AI and Data Science Building,invoice,LabLine Scientific,PO-2021-0054,INV-2021-0613,21204.00,,,,not a warranty,application/pdf,507434,0.48,clean,t,a88277d6-7193-4856-b318-4d7fb0af2f58,Mostafa Adel,2021-02-17 00:00:00+00,2021-02-17
3af79e0e-6e5e-4266-a6ac-49403caa695c,ae86aa6d-3e87-4a2a-81ed-6e34d4e56636,AST-FURN-CAB-00304,d82f0fd6-d71d-41ff-b68c-5f4f7a3f4ea0,Finance and Procurement,Administration Building,retirement_evidence,,,,,,,,not a warranty,application/pdf,340000,0.32,clean,t,63cfd2c4-2600-45b5-8925-b1c9ff6c04ee,Hossam El-Deen,2026-09-21 12:36:10.142818+00,2026-09-21
74a87fb9-958f-40e8-b442-203fca43785c,ae86aa6d-3e87-4a2a-81ed-6e34d4e56636,AST-FURN-CAB-00304,d82f0fd6-d71d-41ff-b68c-5f4f7a3f4ea0,Finance and Procurement,Administration Building,manual,,,,,,,,not a warranty,application/pdf,3364920,3.21,clean,t,60694a33-64df-4703-bb1f-20bc3948e683,Hala Rashad,2026-09-21 12:36:10.142818+00,2026-09-21
2bd9e88c-8c49-47a3-8ac2-84dad96073ab,ae86aa6d-3e87-4a2a-81ed-6e34d4e56636,AST-FURN-CAB-00304,d82f0fd6-d71d-41ff-b68c-5f4f7a3f4ea0,Finance and Procurement,Administration Building,warranty,LabLine Scientific,,,,Manufacturer warranty,2024-12-25,-635,expired,application/pdf,169881,0.16,clean,t,a88277d6-7193-4856-b318-4d7fb0af2f58,Mostafa Adel,2022-01-09 00:00:00+00,2022-01-09
cd6a2915-ce24-428e-a112-6b3f5a9223ca,046e7a1f-65e3-4413-a967-02db1733f3c9,AST-IT-PC-00024,d82f0fd6-d71d-41ff-b68c-5f4f7a3f4ea0,Finance and Procurement,Administration Building,warranty,LabLine Scientific,,,,Manufacturer warranty,2023-06-01,-1208,expired,application/pdf,158928,0.15,clean,t,a88277d6-7193-4856-b318-4d7fb0af2f58,Mostafa Adel,2020-06-15 00:00:00+00,2020-06-15
efa45621-3c69-41d1-a85b-bd3401354e39,be876a33-d7c0-4e02-8380-c51b35ca0220,AST-IT-PC-00192,d82f0fd6-d71d-41ff-b68c-5f4f7a3f4ea0,Finance and Procurement,Administration Building,warranty,Delta Computer Supplies,,,,Service contract,2025-02-18,-580,expired,application/pdf,138716,0.13,clean,t,a88277d6-7193-4856-b318-4d7fb0af2f58,Mostafa Adel,2022-03-05 00:00:00+00,2022-03-05
41ff5d91-16b6-4115-aed5-b0e69b292dcb,f21f1a4e-f67b-4afc-831b-02970ae18b92,AST-IT-PC-00360,d82f0fd6-d71d-41ff-b68c-5f4f7a3f4ea0,Finance and Procurement,Administration Building,warranty,PowerGuard Energy,,,,Manufacturer warranty,2028-03-02,528,covered,application/pdf,207024,0.20,clean,t,a88277d6-7193-4856-b318-4d7fb0af2f58,Mostafa Adel,2026-03-17 00:00:00+00,2026-03-17
86c949e7-c803-46a2-8301-6b62abbdf24d,01475fef-d0d0-4491-9afd-308a228d3be5,AST-FURN-CAB-00136,d82f0fd6-d71d-41ff-b68c-5f4f7a3f4ea0,Finance and Procurement,Administration Building,invoice,CoolAir Engineering,PO-2023-0045,INV-2023-0762,3693.60,,,,not a warranty,application/pdf,139042,0.13,clean,t,a88277d6-7193-4856-b318-4d7fb0af2f58,Mostafa Adel,2023-07-26 00:00:00+00,2023-07-26
4f8b7e10-efe2-4c66-adc8-6dbb5fb53c65,ae86aa6d-3e87-4a2a-81ed-6e34d4e56636,AST-FURN-CAB-00304,d82f0fd6-d71d-41ff-b68c-5f4f7a3f4ea0,Finance and Procurement,Administration Building,invoice,LabLine Scientific,PO-2021-0001,INV-2021-0838,3944.40,,,,not a warranty,application/pdf,348883,0.33,clean,t,a88277d6-7193-4856-b318-4d7fb0af2f58,Mostafa Adel,2022-01-09 00:00:00+00,2022-01-09
75061bec-f486-4780-bab6-fcfe58de5c17,be876a33-d7c0-4e02-8380-c51b35ca0220,AST-IT-PC-00192,d82f0fd6-d71d-41ff-b68c-5f4f7a3f4ea0,Finance and Procurement,Administration Building,invoice,Delta Computer Supplies,PO-2022-0002,INV-2022-0694,19380.00,,,,not a warranty,application/pdf,157490,0.15,clean,t,a88277d6-7193-4856-b318-4d7fb0af2f58,Mostafa Adel,2022-03-05 00:00:00+00,2022-03-05
039bb4a8-456d-42e3-9023-6502fa01021e,bb567931-c2a0-435a-9c53-b9a5fd409f8a,AST-IT-MONITOR-00030,053cf8f8-7366-46a9-b0bb-3f4c8b856fa5,Computer Science Department,Engineering Building,retirement_evidence,,,,,,,,not a warranty,application/pdf,340000,0.32,clean,t,63cfd2c4-2600-45b5-8925-b1c9ff6c04ee,Hossam El-Deen,2026-09-21 12:36:10.142818+00,2026-09-21
338dc952-a08f-49f3-b4fb-5bc8a173006b,ec5aa83a-7dce-4464-9335-92d8a60b93f4,AST-FURN-CHAIR-00230,053cf8f8-7366-46a9-b0bb-3f4c8b856fa5,Computer Science Department,Engineering Building,retirement_evidence,,,,,,,,not a warranty,application/pdf,340000,0.32,clean,t,63cfd2c4-2600-45b5-8925-b1c9ff6c04ee,Hossam El-Deen,2026-09-21 12:36:10.142818+00,2026-09-21
f7f781c9-4fae-4db4-95ff-6b704f22ff14,84680d23-d8b1-45bd-ba2d-92acc232d29f,AST-LAB-OSC-00286,053cf8f8-7366-46a9-b0bb-3f4c8b856fa5,Computer Science Department,Engineering Building,manual,,,,,,,,not a warranty,application/pdf,3388784,3.23,clean,t,60694a33-64df-4703-bb1f-20bc3948e683,Hala Rashad,2026-09-21 12:36:10.142818+00,2026-09-21
9642f0ca-9ef5-4373-96f9-9049a879cc8e,a91c1213-d486-49c1-a3de-e25a79c1d1ef,AST-LAB-OSC-00118,053cf8f8-7366-46a9-b0bb-3f4c8b856fa5,Computer Science Department,Engineering Building,warranty,Upper Egypt Office Works,,,,Service contract,2022-10-14,-1438,expired,application/pdf,107413,0.10,clean,t,a88277d6-7193-4856-b318-4d7fb0af2f58,Mostafa Adel,2019-10-29 00:00:00+00,2019-10-29
183e609e-6d9a-4167-8b24-7994f189a64a,84680d23-d8b1-45bd-ba2d-92acc232d29f,AST-LAB-OSC-00286,053cf8f8-7366-46a9-b0bb-3f4c8b856fa5,Computer Science Department,Engineering Building,warranty,Nile Tech Systems,,,,Supplier extended cover,2025-03-19,-551,expired,application/pdf,122510,0.12,clean,t,a88277d6-7193-4856-b318-4d7fb0af2f58,Mostafa Adel,2023-04-03 00:00:00+00,2023-04-03
31ae6770-2574-4b09-b604-f2b9bcdec689,ec5aa83a-7dce-4464-9335-92d8a60b93f4,AST-FURN-CHAIR-00230,053cf8f8-7366-46a9-b0bb-3f4c8b856fa5,Computer Science Department,Engineering Building,warranty,PowerGuard Energy,,,,Supplier extended cover,2022-04-12,-1623,expired,application/pdf,233672,0.22,clean,t,a88277d6-7193-4856-b318-4d7fb0af2f58,Mostafa Adel,2020-04-26 00:00:00+00,2020-04-26
de15758b-41c4-42b6-81fe-13b3a0b3d587,b58f9d6d-c8c9-4699-bd97-a3c94ff9c340,AST-FURN-CHAIR-00398,053cf8f8-7366-46a9-b0bb-3f4c8b856fa5,Computer Science Department,Engineering Building,warranty,Upper Egypt Office Works,,,,Supplier extended cover,2023-01-16,-1344,expired,application/pdf,118817,0.11,clean,t,a88277d6-7193-4856-b318-4d7fb0af2f58,Mostafa Adel,2021-01-30 00:00:00+00,2021-01-30
22650076-9fcf-44a0-b71d-e55a6978f13b,bb567931-c2a0-435a-9c53-b9a5fd409f8a,AST-IT-MONITOR-00030,053cf8f8-7366-46a9-b0bb-3f4c8b856fa5,Computer Science Department,Engineering Building,warranty,Delta Computer Supplies,,,,Manufacturer warranty,2022-11-19,-1402,expired,application/pdf,183493,0.17,clean,t,a88277d6-7193-4856-b318-4d7fb0af2f58,Mostafa Adel,2020-12-03 00:00:00+00,2020-12-03
c83d7b87-0f99-4b64-9c14-f799638995f9,ade45384-6902-4859-b141-c33368d487e4,AST-IT-MONITOR-00174,053cf8f8-7366-46a9-b0bb-3f4c8b856fa5,Computer Science Department,Engineering Building,warranty,PowerGuard Energy,,,,Manufacturer warranty,2027-05-03,224,covered,application/pdf,156960,0.15,clean,t,a88277d6-7193-4856-b318-4d7fb0af2f58,Mostafa Adel,2025-05-17 00:00:00+00,2025-05-17
53da4501-eda2-478a-8ac5-c9e82e583d63,add37b45-f343-40dc-b32d-301bb1f11b6a,AST-IT-MONITOR-00342,053cf8f8-7366-46a9-b0bb-3f4c8b856fa5,Computer Science Department,Engineering Building,warranty,PowerGuard Energy,,,,Manufacturer warranty,2025-08-30,-387,expired,application/pdf,224163,0.21,clean,t,a88277d6-7193-4856-b318-4d7fb0af2f58,Mostafa Adel,2023-09-14 00:00:00+00,2023-09-14
7fd8e562-57a8-48e8-a958-2eac2224eac5,a91c1213-d486-49c1-a3de-e25a79c1d1ef,AST-LAB-OSC-00118,053cf8f8-7366-46a9-b0bb-3f4c8b856fa5,Computer Science Department,Engineering Building,invoice,Upper Egypt Office Works,PO-2019-0042,INV-2019-0553,92340.00,,,,not a warranty,application/pdf,330658,0.32,clean,t,a88277d6-7193-4856-b318-4d7fb0af2f58,Mostafa Adel,2019-10-29 00:00:00+00,2019-10-29
50ca398f-be37-4a50-b2a5-88d628e4efb8,84680d23-d8b1-45bd-ba2d-92acc232d29f,AST-LAB-OSC-00286,053cf8f8-7366-46a9-b0bb-3f4c8b856fa5,Computer Science Department,Engineering Building,invoice,Nile Tech Systems,PO-2023-0028,INV-2023-0785,92340.00,,,,not a warranty,application/pdf,262241,0.25,clean,t,a88277d6-7193-4856-b318-4d7fb0af2f58,Mostafa Adel,2023-04-03 00:00:00+00,2023-04-03
a3934dbe-84f0-4513-a595-5c4348ca2f85,ec5aa83a-7dce-4464-9335-92d8a60b93f4,AST-FURN-CHAIR-00230,053cf8f8-7366-46a9-b0bb-3f4c8b856fa5,Computer Science Department,Engineering Building,invoice,PowerGuard Energy,PO-2020-0009,INV-2020-0579,3032.40,,,,not a warranty,application/pdf,243402,0.23,clean,t,a88277d6-7193-4856-b318-4d7fb0af2f58,Mostafa Adel,2020-04-26 00:00:00+00,2020-04-26
b3f68a45-9cc7-448c-9a5b-51b3bccff8b8,b58f9d6d-c8c9-4699-bd97-a3c94ff9c340,AST-FURN-CHAIR-00398,053cf8f8-7366-46a9-b0bb-3f4c8b856fa5,Computer Science Department,Engineering Building,invoice,Upper Egypt Office Works,PO-2021-0008,INV-2021-0581,3032.40,,,,not a warranty,application/pdf,415229,0.40,clean,t,a88277d6-7193-4856-b318-4d7fb0af2f58,Mostafa Adel,2021-01-30 00:00:00+00,2021-01-30
599bbd5a-2d49-4925-9444-2d663c4418fe,3ed7d4f8-3cf0-473e-b99c-41174bfcb033,AST-IT-MONITOR-00006,053cf8f8-7366-46a9-b0bb-3f4c8b856fa5,Computer Science Department,Engineering Building,invoice,Delta Computer Supplies,PO-2022-0025,INV-2022-0018,4446.00,,,,not a warranty,application/pdf,358753,0.34,clean,t,a88277d6-7193-4856-b318-4d7fb0af2f58,Mostafa Adel,2022-01-28 00:00:00+00,2022-01-28
304fd116-e56c-4866-a1ea-399e3424318e,bb567931-c2a0-435a-9c53-b9a5fd409f8a,AST-IT-MONITOR-00030,053cf8f8-7366-46a9-b0bb-3f4c8b856fa5,Computer Science Department,Engineering Building,invoice,Delta Computer Supplies,PO-2020-0015,INV-2020-0683,5540.40,,,,not a warranty,application/pdf,245292,0.23,clean,t,a88277d6-7193-4856-b318-4d7fb0af2f58,Mostafa Adel,2020-12-03 00:00:00+00,2020-12-03
80c93453-8a8a-4dd1-968f-35d1ad6954d9,ade45384-6902-4859-b141-c33368d487e4,AST-IT-MONITOR-00174,053cf8f8-7366-46a9-b0bb-3f4c8b856fa5,Computer Science Department,Engineering Building,invoice,PowerGuard Energy,PO-2025-0008,INV-2025-0717,5540.40,,,,not a warranty,application/pdf,151996,0.14,clean,t,a88277d6-7193-4856-b318-4d7fb0af2f58,Mostafa Adel,2025-05-17 00:00:00+00,2025-05-17
bd82bb8a-be87-4ad4-bdd4-1ea6bbaac6b1,add37b45-f343-40dc-b32d-301bb1f11b6a,AST-IT-MONITOR-00342,053cf8f8-7366-46a9-b0bb-3f4c8b856fa5,Computer Science Department,Engineering Building,invoice,PowerGuard Energy,PO-2023-0044,INV-2023-0073,4810.80,,,,not a warranty,application/pdf,125070,0.12,clean,t,a88277d6-7193-4856-b318-4d7fb0af2f58,Mostafa Adel,2023-09-14 00:00:00+00,2023-09-14
f2b8793f-926d-41a8-b718-33590de5a2ba,5c69d63a-79af-4855-9496-8dbeddd207ad,AST-FAC-UPS-00018,8ef0ecc9-58c0-4c55-91e0-178f17ee7c58,Artificial Intelligence Department,AI and Data Science Building,manual,,,,,,,,not a warranty,application/pdf,1815827,1.73,clean,t,60694a33-64df-4703-bb1f-20bc3948e683,Hala Rashad,2026-09-21 12:36:10.142818+00,2026-09-21
58c519c7-f066-49a5-9abd-608042bcb0ef,e7d405e4-db4a-468d-8264-5e58464095a6,AST-IT-PC-00242,8ef0ecc9-58c0-4c55-91e0-178f17ee7c58,Artificial Intelligence Department,AI and Data Science Building,manual,,,,,,,,not a warranty,application/pdf,1840523,1.76,clean,t,60694a33-64df-4703-bb1f-20bc3948e683,Hala Rashad,2026-09-21 12:36:10.142818+00,2026-09-21
2927ba51-447c-4741-ab55-f4617454abd2,5c69d63a-79af-4855-9496-8dbeddd207ad,AST-FAC-UPS-00018,8ef0ecc9-58c0-4c55-91e0-178f17ee7c58,Artificial Intelligence Department,AI and Data Science Building,warranty,Delta Computer Supplies,,,,Service contract,2027-02-27,159,covered,application/pdf,164949,0.16,clean,t,a88277d6-7193-4856-b318-4d7fb0af2f58,Mostafa Adel,2025-03-13 00:00:00+00,2025-03-13
c2a8532a-5f45-4785-abca-915b59b87c3b,89e43624-0d65-4ead-9c78-15a7b1de7d1c,AST-FAC-UPS-00186,8ef0ecc9-58c0-4c55-91e0-178f17ee7c58,Artificial Intelligence Department,AI and Data Science Building,warranty,Nile Tech Systems,,,,Service contract,2025-06-25,-453,expired,application/pdf,72326,0.07,clean,t,a88277d6-7193-4856-b318-4d7fb0af2f58,Mostafa Adel,2023-07-10 00:00:00+00,2023-07-10
8002ab64-9a60-4923-85d7-3ca17089b7e2,8d82556a-4880-422b-925a-842e8f303d08,AST-FAC-UPS-00354,8ef0ecc9-58c0-4c55-91e0-178f17ee7c58,Artificial Intelligence Department,AI and Data Science Building,warranty,LabLine Scientific,,,,Service contract,2027-05-28,249,covered,application/pdf,88310,0.08,clean,t,a88277d6-7193-4856-b318-4d7fb0af2f58,Mostafa Adel,2025-06-11 00:00:00+00,2025-06-11
88dc168b-bb6c-4560-9946-b3f166827313,6ab4df89-1b50-4b6a-962d-92d3ef5ddc4c,AST-IT-LAPTOP-00130,8ef0ecc9-58c0-4c55-91e0-178f17ee7c58,Artificial Intelligence Department,AI and Data Science Building,warranty,CoolAir Engineering,,,,Supplier extended cover,2023-02-02,-1327,expired,application/pdf,72976,0.07,clean,t,a88277d6-7193-4856-b318-4d7fb0af2f58,Mostafa Adel,2020-02-17 00:00:00+00,2020-02-17
b3c79547-0b28-42b8-8dfd-6725812955f0,c6d03084-f5a9-424a-b550-03cded5331ad,AST-IT-LAPTOP-00298,8ef0ecc9-58c0-4c55-91e0-178f17ee7c58,Artificial Intelligence Department,AI and Data Science Building,warranty,Delta Computer Supplies,,,,Service contract,2022-06-30,-1544,expired,application/pdf,227098,0.22,clean,t,a88277d6-7193-4856-b318-4d7fb0af2f58,Mostafa Adel,2020-07-14 00:00:00+00,2020-07-14
8d71a7ad-bff9-4dd6-a382-1550485ccdf3,3e06ea64-6076-4b71-ad89-42bc0b61986d,AST-IT-MONITOR-00392,8ef0ecc9-58c0-4c55-91e0-178f17ee7c58,Artificial Intelligence Department,AI and Data Science Building,warranty,PowerGuard Energy,,,,Supplier extended cover,2022-02-19,-1675,expired,application/pdf,87285,0.08,clean,t,a88277d6-7193-4856-b318-4d7fb0af2f58,Mostafa Adel,2020-03-05 00:00:00+00,2020-03-05
26f3e665-40b2-4afd-b21b-198f247f975e,5b4809a7-4f15-46fb-b133-afd4a28a73f9,AST-IT-PC-00293,8ef0ecc9-58c0-4c55-91e0-178f17ee7c58,Artificial Intelligence Department,AI and Data Science Building,warranty,PowerGuard Energy,,,,Service contract,2025-11-04,-321,expired,application/pdf,118711,0.11,clean,t,a88277d6-7193-4856-b318-4d7fb0af2f58,Mostafa Adel,2023-11-19 00:00:00+00,2023-11-19
9f8b13fd-d515-4af5-ba34-eb3422ce0c18,8d82556a-4880-422b-925a-842e8f303d08,AST-FAC-UPS-00354,8ef0ecc9-58c0-4c55-91e0-178f17ee7c58,Artificial Intelligence Department,AI and Data Science Building,invoice,LabLine Scientific,PO-2025-0028,INV-2025-0620,9519.00,,,,not a warranty,application/pdf,434801,0.41,clean,t,a88277d6-7193-4856-b318-4d7fb0af2f58,Mostafa Adel,2025-06-11 00:00:00+00,2025-06-11
77ab5caa-c176-42e7-b127-6cd290d96ff2,c6d03084-f5a9-424a-b550-03cded5331ad,AST-IT-LAPTOP-00298,8ef0ecc9-58c0-4c55-91e0-178f17ee7c58,Artificial Intelligence Department,AI and Data Science Building,invoice,Delta Computer Supplies,PO-2020-0041,INV-2020-0139,38874.00,,,,not a warranty,application/pdf,217625,0.21,clean,t,a88277d6-7193-4856-b318-4d7fb0af2f58,Mostafa Adel,2020-07-14 00:00:00+00,2020-07-14
74ebf8ec-8259-4e56-a4b9-0c7be7cfa836,5b4809a7-4f15-46fb-b133-afd4a28a73f9,AST-IT-PC-00293,8ef0ecc9-58c0-4c55-91e0-178f17ee7c58,Artificial Intelligence Department,AI and Data Science Building,invoice,PowerGuard Energy,PO-2023-0021,INV-2023-0472,24852.00,,,,not a warranty,application/pdf,448057,0.43,clean,t,a88277d6-7193-4856-b318-4d7fb0af2f58,Mostafa Adel,2023-11-19 00:00:00+00,2023-11-19
3cc207f4-74dc-4bfc-a6b3-69c18f7e7c4e,e202e999-36c0-49e9-b8c4-b6bc1f7e4ec0,AST-IT-PC-00096,d82f0fd6-d71d-41ff-b68c-5f4f7a3f4ea0,Finance and Procurement,Administration Building,retirement_evidence,,,,,,,,not a warranty,application/pdf,340000,0.32,clean,t,63cfd2c4-2600-45b5-8925-b1c9ff6c04ee,Hossam El-Deen,2026-09-21 12:36:10.142818+00,2026-09-21
250118f3-e95a-4efe-8210-2091976072ac,3085cb48-55e4-4415-bdca-bc7f9d0b4535,AST-FURN-CAB-00208,d82f0fd6-d71d-41ff-b68c-5f4f7a3f4ea0,Finance and Procurement,Administration Building,warranty,Nile Tech Systems,,,,Service contract,2025-07-02,-446,expired,application/pdf,232328,0.22,clean,t,a88277d6-7193-4856-b318-4d7fb0af2f58,Mostafa Adel,2023-07-17 00:00:00+00,2023-07-17
09f09d1a-08b0-4cf6-915b-8d0e762a311b,0218c3e2-2634-4525-b048-1eaf770b2fcc,AST-IT-MONITOR-00320,d82f0fd6-d71d-41ff-b68c-5f4f7a3f4ea0,Finance and Procurement,Administration Building,warranty,PowerGuard Energy,,,,Supplier extended cover,2027-11-17,422,covered,application/pdf,102716,0.10,clean,t,a88277d6-7193-4856-b318-4d7fb0af2f58,Mostafa Adel,2024-12-01 00:00:00+00,2024-12-01
a6cf4f8d-afc8-4c9b-9fa8-0d3ff8073ec8,767d8649-57ab-4a11-82c7-39d328b1e970,AST-IT-PC-00264,d82f0fd6-d71d-41ff-b68c-5f4f7a3f4ea0,Finance and Procurement,Administration Building,warranty,PowerGuard Energy,,,,Manufacturer warranty,2027-08-15,328,covered,application/pdf,199188,0.19,clean,t,a88277d6-7193-4856-b318-4d7fb0af2f58,Mostafa Adel,2025-08-29 00:00:00+00,2025-08-29
ffc43377-325b-46e8-9169-60657a815bdc,1dae4ff8-39e9-4c3b-97c7-1f6686b1b644,AST-FURN-CAB-00040,d82f0fd6-d71d-41ff-b68c-5f4f7a3f4ea0,Finance and Procurement,Administration Building,invoice,LabLine Scientific,PO-2022-0016,INV-2022-0129,3944.40,,,,not a warranty,application/pdf,311853,0.30,clean,t,a88277d6-7193-4856-b318-4d7fb0af2f58,Mostafa Adel,2022-03-28 00:00:00+00,2022-03-28
7f026777-faa1-4bf3-9bfa-deef64b79058,3085cb48-55e4-4415-bdca-bc7f9d0b4535,AST-FURN-CAB-00208,d82f0fd6-d71d-41ff-b68c-5f4f7a3f4ea0,Finance and Procurement,Administration Building,invoice,Nile Tech Systems,PO-2023-0018,INV-2023-0633,3693.60,,,,not a warranty,application/pdf,296682,0.28,clean,t,a88277d6-7193-4856-b318-4d7fb0af2f58,Mostafa Adel,2023-07-17 00:00:00+00,2023-07-17
64e5f4f9-eb96-4e71-9bdd-a314cb53bdcf,ef971187-e6e5-4001-9043-fa9e89232dc7,AST-FURN-CAB-00376,d82f0fd6-d71d-41ff-b68c-5f4f7a3f4ea0,Finance and Procurement,Administration Building,invoice,PowerGuard Energy,PO-2023-0060,INV-2023-0778,3442.80,,,,not a warranty,application/pdf,197231,0.19,clean,t,a88277d6-7193-4856-b318-4d7fb0af2f58,Mostafa Adel,2023-10-19 00:00:00+00,2023-10-19
52bf5c62-fc7d-48a7-96be-dbf048bf2741,d14c21c8-70a3-4904-92b1-ad45b911977e,AST-IT-MONITOR-00152,d82f0fd6-d71d-41ff-b68c-5f4f7a3f4ea0,Finance and Procurement,Administration Building,invoice,CoolAir Engineering,PO-2020-0038,INV-2020-0335,6270.00,,,,not a warranty,application/pdf,470506,0.45,clean,t,a88277d6-7193-4856-b318-4d7fb0af2f58,Mostafa Adel,2020-03-18 00:00:00+00,2020-03-18
b89cc58d-3816-4d1b-9f60-5f9fa74e4470,e202e999-36c0-49e9-b8c4-b6bc1f7e4ec0,AST-IT-PC-00096,d82f0fd6-d71d-41ff-b68c-5f4f7a3f4ea0,Finance and Procurement,Administration Building,invoice,PowerGuard Energy,PO-2020-0002,INV-2020-0472,24852.00,,,,not a warranty,application/pdf,368156,0.35,clean,t,a88277d6-7193-4856-b318-4d7fb0af2f58,Mostafa Adel,2020-09-06 00:00:00+00,2020-09-06
0e754377-5153-4059-82b0-89ba37d717ab,767d8649-57ab-4a11-82c7-39d328b1e970,AST-IT-PC-00264,d82f0fd6-d71d-41ff-b68c-5f4f7a3f4ea0,Finance and Procurement,Administration Building,invoice,PowerGuard Energy,PO-2025-0033,INV-2025-0553,21204.00,,,,not a warranty,application/pdf,136331,0.13,clean,t,a88277d6-7193-4856-b318-4d7fb0af2f58,Mostafa Adel,2025-08-29 00:00:00+00,2025-08-29
234493ae-dfb4-4444-9f67-5e2682bcb94d,05ed6964-c513-46be-acb0-31ad366bf96f,AST-IT-PC-00387,dc26f153-404e-47f8-8034-eb07783f1c9d,Electrical Engineering Department,Engineering Building,manual,,,,,,,,not a warranty,application/pdf,2650534,2.53,clean,t,60694a33-64df-4703-bb1f-20bc3948e683,Hala Rashad,2026-09-21 12:36:10.142818+00,2026-09-21
28474822-2af3-463c-a7e2-8d855ba0c96b,f03b2ffe-314e-43ee-ab40-699977bc2253,AST-IT-PROJ-00309,dc26f153-404e-47f8-8034-eb07783f1c9d,Electrical Engineering Department,Engineering Building,warranty,PowerGuard Energy,,,,Manufacturer warranty,2022-03-24,-1642,expired,application/pdf,210741,0.20,clean,t,a88277d6-7193-4856-b318-4d7fb0af2f58,Mostafa Adel,2020-04-07 00:00:00+00,2020-04-07
3e678449-d3c2-4f99-8056-9a5afc6ab60e,5810bbf3-f562-4d77-bf97-38ff07955a20,AST-IT-PRINTER-00163,dc26f153-404e-47f8-8034-eb07783f1c9d,Electrical Engineering Department,Engineering Building,warranty,Nile Tech Systems,,,,Manufacturer warranty,2024-11-25,-665,expired,application/pdf,103772,0.10,clean,t,a88277d6-7193-4856-b318-4d7fb0af2f58,Mostafa Adel,2021-12-10 00:00:00+00,2021-12-10
f33795ce-9711-4bb2-9eb4-fb8167be9504,e29c31f7-8d8e-4576-94c8-e5cdcf34f043,AST-IT-PRINTER-00331,dc26f153-404e-47f8-8034-eb07783f1c9d,Electrical Engineering Department,Engineering Building,warranty,Upper Egypt Office Works,,,,Service contract,2022-10-31,-1421,expired,application/pdf,113617,0.11,clean,t,a88277d6-7193-4856-b318-4d7fb0af2f58,Mostafa Adel,2020-11-14 00:00:00+00,2020-11-14
c8173355-4998-490f-8c43-2509c2751074,a695b6b5-5239-46ee-a55e-2da1a73b49f9,AST-IT-LAPTOP-00107,dc26f153-404e-47f8-8034-eb07783f1c9d,Electrical Engineering Department,Engineering Building,warranty,PowerGuard Energy,,,,Manufacturer warranty,2025-04-20,-519,expired,application/pdf,197313,0.19,clean,t,a88277d6-7193-4856-b318-4d7fb0af2f58,Mostafa Adel,2022-05-05 00:00:00+00,2022-05-05
d9a195bd-8b21-4107-aab9-f1ed4f6ccb5d,d71c37c1-f089-4ce6-924f-1bfd30fd360c,AST-IT-LAPTOP-00275,dc26f153-404e-47f8-8034-eb07783f1c9d,Electrical Engineering Department,Engineering Building,warranty,Delta Computer Supplies,,,,Service contract,2023-06-19,-1190,expired,application/pdf,200958,0.19,clean,t,a88277d6-7193-4856-b318-4d7fb0af2f58,Mostafa Adel,2021-07-03 00:00:00+00,2021-07-03
5b94d123-8d38-4a89-b2ca-c8ca647e16ec,bb27f753-f37b-4322-b082-d044c2fa2831,AST-IT-PC-00051,dc26f153-404e-47f8-8034-eb07783f1c9d,Electrical Engineering Department,Engineering Building,warranty,CoolAir Engineering,,,,Service contract,2025-02-19,-579,expired,application/pdf,204890,0.20,clean,t,a88277d6-7193-4856-b318-4d7fb0af2f58,Mostafa Adel,2023-03-06 00:00:00+00,2023-03-06
0c1fc241-d45b-42b1-8957-6e1a4c15920a,05ed6964-c513-46be-acb0-31ad366bf96f,AST-IT-PC-00387,dc26f153-404e-47f8-8034-eb07783f1c9d,Electrical Engineering Department,Engineering Building,warranty,LabLine Scientific,,,,Manufacturer warranty,2025-02-28,-570,expired,application/pdf,151296,0.14,clean,t,a88277d6-7193-4856-b318-4d7fb0af2f58,Mostafa Adel,2022-03-15 00:00:00+00,2022-03-15
0d2f823c-8f64-4dd2-bd94-c3a561264138,f03b2ffe-314e-43ee-ab40-699977bc2253,AST-IT-PROJ-00309,dc26f153-404e-47f8-8034-eb07783f1c9d,Electrical Engineering Department,Engineering Building,invoice,PowerGuard Energy,PO-2020-0037,INV-2020-0207,18924.00,,,,not a warranty,application/pdf,262915,0.25,clean,t,a88277d6-7193-4856-b318-4d7fb0af2f58,Mostafa Adel,2020-04-07 00:00:00+00,2020-04-07
317e6675-5a32-49b9-b49e-0781a6306272,5810bbf3-f562-4d77-bf97-38ff07955a20,AST-IT-PRINTER-00163,dc26f153-404e-47f8-8034-eb07783f1c9d,Electrical Engineering Department,Engineering Building,invoice,Nile Tech Systems,PO-2021-0033,INV-2021-0697,14364.00,,,,not a warranty,application/pdf,219397,0.21,clean,t,a88277d6-7193-4856-b318-4d7fb0af2f58,Mostafa Adel,2021-12-10 00:00:00+00,2021-12-10
055b370d-abe8-4270-83d4-0aecaccc55d5,e29c31f7-8d8e-4576-94c8-e5cdcf34f043,AST-IT-PRINTER-00331,dc26f153-404e-47f8-8034-eb07783f1c9d,Electrical Engineering Department,Engineering Building,invoice,Upper Egypt Office Works,PO-2020-0003,INV-2020-0829,10488.00,,,,not a warranty,application/pdf,202788,0.19,clean,t,a88277d6-7193-4856-b318-4d7fb0af2f58,Mostafa Adel,2020-11-14 00:00:00+00,2020-11-14
cb2c48d1-8e8e-47f7-b99c-c745fc3e9867,d71c37c1-f089-4ce6-924f-1bfd30fd360c,AST-IT-LAPTOP-00275,dc26f153-404e-47f8-8034-eb07783f1c9d,Electrical Engineering Department,Engineering Building,invoice,Delta Computer Supplies,PO-2021-0011,INV-2021-0573,37392.00,,,,not a warranty,application/pdf,180565,0.17,clean,t,a88277d6-7193-4856-b318-4d7fb0af2f58,Mostafa Adel,2021-07-03 00:00:00+00,2021-07-03
fb5c4cfc-3f10-4652-b8f4-e36066ac1778,05ed6964-c513-46be-acb0-31ad366bf96f,AST-IT-PC-00387,dc26f153-404e-47f8-8034-eb07783f1c9d,Electrical Engineering Department,Engineering Building,invoice,LabLine Scientific,PO-2022-0009,INV-2022-0423,22116.00,,,,not a warranty,application/pdf,390253,0.37,clean,t,a88277d6-7193-4856-b318-4d7fb0af2f58,Mostafa Adel,2022-03-15 00:00:00+00,2022-03-15
e9b21785-1ab0-40e1-99ff-6d6d57ba10d1,1caced03-12da-40c9-af11-fa22f8a4b953,AST-LAB-3DP-00287,6f3efb5d-afd8-49c9-8c40-31084252833a,Data Science Department,AI and Data Science Building,manual,,,,,,,,not a warranty,application/pdf,3181521,3.03,clean,t,60694a33-64df-4703-bb1f-20bc3948e683,Hala Rashad,2026-09-21 12:36:10.142818+00,2026-09-21
f8d35743-c5a1-4c2d-9944-2daa81137fee,7ba84913-dcd6-4c6f-a407-7cb6559ce9dc,AST-FURN-CHAIR-00399,6f3efb5d-afd8-49c9-8c40-31084252833a,Data Science Department,AI and Data Science Building,manual,,,,,,,,not a warranty,application/pdf,2871439,2.74,clean,t,60694a33-64df-4703-bb1f-20bc3948e683,Hala Rashad,2026-09-21 12:36:10.142818+00,2026-09-21
8b5af8d4-db44-4482-aa56-af758438ecca,17a2734c-6aa6-48c0-84f5-1b0e160aec8e,AST-IT-MONITOR-00343,6f3efb5d-afd8-49c9-8c40-31084252833a,Data Science Department,AI and Data Science Building,manual,,,,,,,,not a warranty,application/pdf,2156517,2.06,clean,t,60694a33-64df-4703-bb1f-20bc3948e683,Hala Rashad,2026-09-21 12:36:10.142818+00,2026-09-21
e033fcf4-b1d3-468c-9db9-07a012fb5d2a,dc3e872b-7036-48ff-8730-0d7db909be22,AST-LAB-3DP-00119,6f3efb5d-afd8-49c9-8c40-31084252833a,Data Science Department,AI and Data Science Building,warranty,Upper Egypt Office Works,,,,Supplier extended cover,2022-06-19,-1555,expired,application/pdf,168159,0.16,clean,t,a88277d6-7193-4856-b318-4d7fb0af2f58,Mostafa Adel,2020-07-03 00:00:00+00,2020-07-03
46bb8089-10c4-41fa-a23b-cef3b12d5269,1caced03-12da-40c9-af11-fa22f8a4b953,AST-LAB-3DP-00287,6f3efb5d-afd8-49c9-8c40-31084252833a,Data Science Department,AI and Data Science Building,warranty,Nile Tech Systems,,,,Supplier extended cover,2024-03-31,-904,expired,application/pdf,223052,0.21,clean,t,a88277d6-7193-4856-b318-4d7fb0af2f58,Mostafa Adel,2022-04-15 00:00:00+00,2022-04-15
f72d083c-4d9b-4e09-b1d8-432841391f8c,ee322d04-238c-4708-aa1b-29cbc0e95468,AST-FURN-CHAIR-00063,6f3efb5d-afd8-49c9-8c40-31084252833a,Data Science Department,AI and Data Science Building,warranty,LabLine Scientific,,,,Supplier extended cover,2023-02-09,-1320,expired,application/pdf,109276,0.10,clean,t,a88277d6-7193-4856-b318-4d7fb0af2f58,Mostafa Adel,2021-02-23 00:00:00+00,2021-02-23
3d847c21-ff97-46af-b2cc-6bbaac0ca303,33fc2fe4-da87-4c37-9ecc-f794202e588c,AST-FURN-CHAIR-00231,6f3efb5d-afd8-49c9-8c40-31084252833a,Data Science Department,AI and Data Science Building,warranty,PowerGuard Energy,,,,Supplier extended cover,2026-02-06,-227,expired,application/pdf,198541,0.19,clean,t,a88277d6-7193-4856-b318-4d7fb0af2f58,Mostafa Adel,2023-02-21 00:00:00+00,2023-02-21
4022a410-1ba6-4e05-8d13-26e559b27f0e,7ba84913-dcd6-4c6f-a407-7cb6559ce9dc,AST-FURN-CHAIR-00399,6f3efb5d-afd8-49c9-8c40-31084252833a,Data Science Department,AI and Data Science Building,warranty,LabLine Scientific,,,,Service contract,2029-02-26,889,covered,application/pdf,168960,0.16,clean,t,a88277d6-7193-4856-b318-4d7fb0af2f58,Mostafa Adel,2026-03-13 00:00:00+00,2026-03-13
56d216b8-1053-4f77-8f4e-63184acea959,8c7db0db-6f83-4007-95db-8ac6eca67355,AST-FAC-AC-00209,6f3efb5d-afd8-49c9-8c40-31084252833a,Data Science Department,AI and Data Science Building,warranty,PowerGuard Energy,,,,Service contract,2022-04-14,-1621,expired,application/pdf,203991,0.19,clean,t,a88277d6-7193-4856-b318-4d7fb0af2f58,Mostafa Adel,2020-04-28 00:00:00+00,2020-04-28
f32c180e-7e48-4389-a86c-ccb7323ca2dd,cf054a8c-c5c7-4de9-95e1-26fdb049691f,AST-IT-MONITOR-00007,6f3efb5d-afd8-49c9-8c40-31084252833a,Data Science Department,AI and Data Science Building,warranty,CoolAir Engineering,,,,Service contract,2021-09-03,-1844,expired,application/pdf,203975,0.19,clean,t,a88277d6-7193-4856-b318-4d7fb0af2f58,Mostafa Adel,2019-09-18 00:00:00+00,2019-09-18
134a0667-10ca-45d2-a0c9-27a05cd07bc1,a78b7c1c-1bf8-4fe7-abe4-0990dc205c25,AST-IT-MONITOR-00175,6f3efb5d-afd8-49c9-8c40-31084252833a,Data Science Department,AI and Data Science Building,warranty,CoolAir Engineering,,,,Manufacturer warranty,2026-08-13,-39,expired,application/pdf,176055,0.17,clean,t,a88277d6-7193-4856-b318-4d7fb0af2f58,Mostafa Adel,2024-08-27 00:00:00+00,2024-08-27
30991788-0d90-4dbd-9e59-0f1b649d39dd,17a2734c-6aa6-48c0-84f5-1b0e160aec8e,AST-IT-MONITOR-00343,6f3efb5d-afd8-49c9-8c40-31084252833a,Data Science Department,AI and Data Science Building,warranty,LabLine Scientific,,,,Manufacturer warranty,2024-03-31,-904,expired,application/pdf,202531,0.19,clean,t,a88277d6-7193-4856-b318-4d7fb0af2f58,Mostafa Adel,2022-04-15 00:00:00+00,2022-04-15
3660a039-900a-41e6-86c8-fe28ea0891ea,dc3e872b-7036-48ff-8730-0d7db909be22,AST-LAB-3DP-00119,6f3efb5d-afd8-49c9-8c40-31084252833a,Data Science Department,AI and Data Science Building,invoice,Upper Egypt Office Works,PO-2020-0031,INV-2020-0113,40356.00,,,,not a warranty,application/pdf,207062,0.20,clean,t,a88277d6-7193-4856-b318-4d7fb0af2f58,Mostafa Adel,2020-07-03 00:00:00+00,2020-07-03
02c15cfe-a5c5-4176-b236-ac0a7a29af01,8c7db0db-6f83-4007-95db-8ac6eca67355,AST-FAC-AC-00209,6f3efb5d-afd8-49c9-8c40-31084252833a,Data Science Department,AI and Data Science Building,invoice,PowerGuard Energy,PO-2020-0043,INV-2020-0483,33516.00,,,,not a warranty,application/pdf,500398,0.48,clean,t,a88277d6-7193-4856-b318-4d7fb0af2f58,Mostafa Adel,2020-04-28 00:00:00+00,2020-04-28
dd259007-b07a-4470-bb0a-0a8f9a764831,ee322d04-238c-4708-aa1b-29cbc0e95468,AST-FURN-CHAIR-00063,6f3efb5d-afd8-49c9-8c40-31084252833a,Data Science Department,AI and Data Science Building,invoice,LabLine Scientific,PO-2021-0035,INV-2021-0622,2599.20,,,,not a warranty,application/pdf,437639,0.42,clean,t,a88277d6-7193-4856-b318-4d7fb0af2f58,Mostafa Adel,2021-02-23 00:00:00+00,2021-02-23
3425cd1c-bd75-4d1f-b291-b42c274532e2,7ba84913-dcd6-4c6f-a407-7cb6559ce9dc,AST-FURN-CHAIR-00399,6f3efb5d-afd8-49c9-8c40-31084252833a,Data Science Department,AI and Data Science Building,invoice,LabLine Scientific,PO-2026-0030,INV-2026-0087,2382.60,,,,not a warranty,application/pdf,367288,0.35,clean,t,a88277d6-7193-4856-b318-4d7fb0af2f58,Mostafa Adel,2026-03-13 00:00:00+00,2026-03-13
bee2321a-6f2b-4c56-afed-d128047f0d1a,cf054a8c-c5c7-4de9-95e1-26fdb049691f,AST-IT-MONITOR-00007,6f3efb5d-afd8-49c9-8c40-31084252833a,Data Science Department,AI and Data Science Building,invoice,CoolAir Engineering,PO-2019-0047,INV-2019-0359,6270.00,,,,not a warranty,application/pdf,317580,0.30,clean,t,a88277d6-7193-4856-b318-4d7fb0af2f58,Mostafa Adel,2019-09-18 00:00:00+00,2019-09-18
c1a3a846-9bf8-4656-b7b4-d536b786f0d7,17a2734c-6aa6-48c0-84f5-1b0e160aec8e,AST-IT-MONITOR-00343,6f3efb5d-afd8-49c9-8c40-31084252833a,Data Science Department,AI and Data Science Building,invoice,LabLine Scientific,PO-2022-0010,INV-2022-0739,6270.00,,,,not a warranty,application/pdf,229090,0.22,clean,t,a88277d6-7193-4856-b318-4d7fb0af2f58,Mostafa Adel,2022-04-15 00:00:00+00,2022-04-15
4bde636e-079b-48de-a796-3247a48442aa,e35e601c-6f78-4408-ba55-dcbc531ccba7,AST-IT-PRINTER-00187,ff591628-5c79-4358-9a5b-d60833359337,Facilities Management,Administration Building,manual,,,,,,,,not a warranty,application/pdf,2194559,2.09,clean,t,60694a33-64df-4703-bb1f-20bc3948e683,Hala Rashad,2026-09-21 12:36:10.142818+00,2026-09-21
44be3fcd-1d1c-4153-9cf6-09ff3e166a7b,3041d632-b087-486d-a685-e3fdfd992ebd,AST-IT-PRINTER-00019,ff591628-5c79-4358-9a5b-d60833359337,Facilities Management,Administration Building,warranty,Upper Egypt Office Works,,,,Service contract,2028-03-08,534,covered,application/pdf,196382,0.19,clean,t,a88277d6-7193-4856-b318-4d7fb0af2f58,Mostafa Adel,2026-03-23 00:00:00+00,2026-03-23
ae8de78a-ced8-45e3-9f34-aa08c2b08bab,e35e601c-6f78-4408-ba55-dcbc531ccba7,AST-IT-PRINTER-00187,ff591628-5c79-4358-9a5b-d60833359337,Facilities Management,Administration Building,warranty,PowerGuard Energy,,,,Supplier extended cover,2026-06-15,-98,expired,application/pdf,171936,0.16,clean,t,a88277d6-7193-4856-b318-4d7fb0af2f58,Mostafa Adel,2023-06-30 00:00:00+00,2023-06-30
b33fb804-1d45-4255-87aa-c603cb44c5f9,6b5815e3-1f9c-4f33-aa53-1136a98be71d,AST-IT-PRINTER-00355,ff591628-5c79-4358-9a5b-d60833359337,Facilities Management,Administration Building,warranty,Nile Tech Systems,,,,Service contract,2022-11-02,-1419,expired,application/pdf,61650,0.06,clean,t,a88277d6-7193-4856-b318-4d7fb0af2f58,Mostafa Adel,2019-11-17 00:00:00+00,2019-11-17
a09db875-551d-4939-8909-08b019272938,76b9ca71-81f5-4dbe-bdb1-24e3de0f1c26,AST-IT-LAPTOP-00299,ff591628-5c79-4358-9a5b-d60833359337,Facilities Management,Administration Building,manual,,,,,,,,not a warranty,application/pdf,3387994,3.23,clean,t,60694a33-64df-4703-bb1f-20bc3948e683,Hala Rashad,2026-09-21 12:36:10.142818+00,2026-09-21
b18653a3-56a8-40bc-b7b0-c80448e3bd7f,577d2037-fa1a-4502-ad03-655b700478ab,AST-IT-LAPTOP-00131,ff591628-5c79-4358-9a5b-d60833359337,Facilities Management,Administration Building,warranty,PowerGuard Energy,,,,Supplier extended cover,2026-12-14,84,expiring in 90 days,application/pdf,166263,0.16,clean,t,a88277d6-7193-4856-b318-4d7fb0af2f58,Mostafa Adel,2024-12-28 00:00:00+00,2024-12-28
166558ff-60c7-48a5-a9fc-4b373b69332d,92ce3f8a-bd0e-4821-b8bc-c63926a5c245,AST-IT-PC-00075,ff591628-5c79-4358-9a5b-d60833359337,Facilities Management,Administration Building,warranty,LabLine Scientific,,,,Manufacturer warranty,2026-12-11,81,expiring in 90 days,application/pdf,99155,0.09,clean,t,a88277d6-7193-4856-b318-4d7fb0af2f58,Mostafa Adel,2024-12-25 00:00:00+00,2024-12-25
9e70e64f-a196-4d9b-aa04-510993457f40,e35e601c-6f78-4408-ba55-dcbc531ccba7,AST-IT-PRINTER-00187,ff591628-5c79-4358-9a5b-d60833359337,Facilities Management,Administration Building,invoice,PowerGuard Energy,PO-2023-0028,INV-2023-0362,12426.00,,,,not a warranty,application/pdf,147549,0.14,clean,t,a88277d6-7193-4856-b318-4d7fb0af2f58,Mostafa Adel,2023-06-30 00:00:00+00,2023-06-30
26b0e65c-7823-4d17-8822-f94448e9651e,6b5815e3-1f9c-4f33-aa53-1136a98be71d,AST-IT-PRINTER-00355,ff591628-5c79-4358-9a5b-d60833359337,Facilities Management,Administration Building,invoice,Nile Tech Systems,PO-2019-0024,INV-2019-0066,13395.00,,,,not a warranty,application/pdf,397008,0.38,clean,t,a88277d6-7193-4856-b318-4d7fb0af2f58,Mostafa Adel,2019-11-17 00:00:00+00,2019-11-17
18b79ca0-0fab-40f2-916d-afd9713f9fd7,92ce3f8a-bd0e-4821-b8bc-c63926a5c245,AST-IT-PC-00075,ff591628-5c79-4358-9a5b-d60833359337,Facilities Management,Administration Building,invoice,LabLine Scientific,PO-2024-0053,INV-2024-0082,26676.00,,,,not a warranty,application/pdf,336420,0.32,clean,t,a88277d6-7193-4856-b318-4d7fb0af2f58,Mostafa Adel,2024-12-25 00:00:00+00,2024-12-25
ba24e323-8318-4721-8adc-1dfa8fe3dd80,30b21e6c-c1ff-4fa4-896a-27f455d33743,AST-IT-PC-00001,dc26f153-404e-47f8-8034-eb07783f1c9d,Electrical Engineering Department,Engineering Building,retirement_evidence,,,,,,,,not a warranty,application/pdf,340000,0.32,clean,t,63cfd2c4-2600-45b5-8925-b1c9ff6c04ee,Hossam El-Deen,2026-09-21 12:36:10.142818+00,2026-09-21
bd7fd8be-3afc-4bec-a3a9-454a810feac8,55411313-a3ad-41c9-a9ef-96390c3a9c17,AST-IT-MONITOR-00225,dc26f153-404e-47f8-8034-eb07783f1c9d,Electrical Engineering Department,Engineering Building,manual,,,,,,,,not a warranty,application/pdf,2210680,2.11,clean,t,60694a33-64df-4703-bb1f-20bc3948e683,Hala Rashad,2026-09-21 12:36:10.142818+00,2026-09-21
34ac030c-c905-487f-92f6-55074c70bcaa,152bd1ea-1a45-4b8f-8395-fb34927e301b,AST-FAC-AC-00113,dc26f153-404e-47f8-8034-eb07783f1c9d,Electrical Engineering Department,Engineering Building,warranty,CoolAir Engineering,,,,Supplier extended cover,2022-07-30,-1514,expired,application/pdf,97740,0.09,clean,t,a88277d6-7193-4856-b318-4d7fb0af2f58,Mostafa Adel,2020-08-13 00:00:00+00,2020-08-13
2aaca145-0319-4f0b-9d36-f5449b6c403e,3e9a4522-5167-4379-91f6-60f4d5ad68a9,AST-FAC-AC-00281,dc26f153-404e-47f8-8034-eb07783f1c9d,Electrical Engineering Department,Engineering Building,warranty,Delta Computer Supplies,,,,Supplier extended cover,2024-07-09,-804,expired,application/pdf,211570,0.20,clean,t,a88277d6-7193-4856-b318-4d7fb0af2f58,Mostafa Adel,2022-07-24 00:00:00+00,2022-07-24
979a5cec-0bc4-4ce6-813a-18f900c3509a,6ee79af7-d7b1-4915-af81-f1bd110dfdd0,AST-IT-MONITOR-00393,dc26f153-404e-47f8-8034-eb07783f1c9d,Electrical Engineering Department,Engineering Building,warranty,PowerGuard Energy,,,,Service contract,2023-02-23,-1306,expired,application/pdf,202081,0.19,clean,t,a88277d6-7193-4856-b318-4d7fb0af2f58,Mostafa Adel,2021-03-09 00:00:00+00,2021-03-09
41984a9f-8480-44ba-b38d-38c86dfa2ba5,44d5410e-1a30-4e0c-b328-29cc18a1a9b4,AST-IT-PC-00337,dc26f153-404e-47f8-8034-eb07783f1c9d,Electrical Engineering Department,Engineering Building,warranty,Upper Egypt Office Works,,,,Manufacturer warranty,2024-10-03,-718,expired,application/pdf,139029,0.13,clean,t,a88277d6-7193-4856-b318-4d7fb0af2f58,Mostafa Adel,2021-10-18 00:00:00+00,2021-10-18
3cb6b62d-d5b9-404c-b4e6-1e21c96bdd93,152bd1ea-1a45-4b8f-8395-fb34927e301b,AST-FAC-AC-00113,dc26f153-404e-47f8-8034-eb07783f1c9d,Electrical Engineering Department,Engineering Building,invoice,CoolAir Engineering,PO-2020-0046,INV-2020-0792,38304.00,,,,not a warranty,application/pdf,209518,0.20,clean,t,a88277d6-7193-4856-b318-4d7fb0af2f58,Mostafa Adel,2020-08-13 00:00:00+00,2020-08-13
b9875f0a-45fc-475d-801c-0b64e5fe2c57,3e9a4522-5167-4379-91f6-60f4d5ad68a9,AST-FAC-AC-00281,dc26f153-404e-47f8-8034-eb07783f1c9d,Electrical Engineering Department,Engineering Building,invoice,Delta Computer Supplies,PO-2022-0006,INV-2022-0484,38304.00,,,,not a warranty,application/pdf,258602,0.25,clean,t,a88277d6-7193-4856-b318-4d7fb0af2f58,Mostafa Adel,2022-07-24 00:00:00+00,2022-07-24
665254d0-910f-47a1-8849-38c1e33aaea3,55411313-a3ad-41c9-a9ef-96390c3a9c17,AST-IT-MONITOR-00225,dc26f153-404e-47f8-8034-eb07783f1c9d,Electrical Engineering Department,Engineering Building,invoice,Upper Egypt Office Works,PO-2024-0056,INV-2024-0636,5175.60,,,,not a warranty,application/pdf,359316,0.34,clean,t,a88277d6-7193-4856-b318-4d7fb0af2f58,Mostafa Adel,2024-04-28 00:00:00+00,2024-04-28
e6eebdcd-e862-4b92-bda4-582492e516b1,7e1a72c9-0412-4452-8066-422c8804ca1e,AST-IT-PC-00169,dc26f153-404e-47f8-8034-eb07783f1c9d,Electrical Engineering Department,Engineering Building,invoice,CoolAir Engineering,PO-2022-0046,INV-2022-0615,22116.00,,,,not a warranty,application/pdf,458107,0.44,clean,t,a88277d6-7193-4856-b318-4d7fb0af2f58,Mostafa Adel,2022-07-20 00:00:00+00,2022-07-20
b15f742a-6d2f-43c3-92a6-9649a601f2d2,9cd6b15d-724e-43d3-9850-a44b811353ba,AST-IT-PROJ-00069,6f3efb5d-afd8-49c9-8c40-31084252833a,Data Science Department,AI and Data Science Building,manual,,,,,,,,not a warranty,application/pdf,2628676,2.51,clean,t,60694a33-64df-4703-bb1f-20bc3948e683,Hala Rashad,2026-09-21 12:36:10.142818+00,2026-09-21
0b9fb226-4ea0-4a79-b97b-ac0314f72d2a,9cd6b15d-724e-43d3-9850-a44b811353ba,AST-IT-PROJ-00069,6f3efb5d-afd8-49c9-8c40-31084252833a,Data Science Department,AI and Data Science Building,warranty,CoolAir Engineering,,,,Supplier extended cover,2028-02-05,502,covered,application/pdf,82950,0.08,clean,t,a88277d6-7193-4856-b318-4d7fb0af2f58,Mostafa Adel,2026-02-19 00:00:00+00,2026-02-19
30e8f484-6ea4-4fa1-9415-55d0c633eaa0,11dd7026-107f-4ab0-94ef-c7dd46e8b02d,AST-IT-PROJ-00237,6f3efb5d-afd8-49c9-8c40-31084252833a,Data Science Department,AI and Data Science Building,warranty,Upper Egypt Office Works,,,,Service contract,2026-03-28,-177,expired,application/pdf,225244,0.21,clean,t,a88277d6-7193-4856-b318-4d7fb0af2f58,Mostafa Adel,2023-04-12 00:00:00+00,2023-04-12
9ef96bc4-45b5-44f1-ab78-9db79361c788,5eed4c5e-144f-412a-89ad-04edeca9f995,AST-FURN-DESK-00181,6f3efb5d-afd8-49c9-8c40-31084252833a,Data Science Department,AI and Data Science Building,warranty,Nile Tech Systems,,,,Supplier extended cover,2024-07-01,-812,expired,application/pdf,203632,0.19,clean,t,a88277d6-7193-4856-b318-4d7fb0af2f58,Mostafa Adel,2022-07-16 00:00:00+00,2022-07-16
2a6cf12f-84ce-44c7-a68f-2eb97dd4008e,33dfb0fb-19ec-4b7f-b464-f3f9812b39b7,AST-FURN-DESK-00349,6f3efb5d-afd8-49c9-8c40-31084252833a,Data Science Department,AI and Data Science Building,warranty,CoolAir Engineering,,,,Manufacturer warranty,2024-05-09,-865,expired,application/pdf,183417,0.17,clean,t,a88277d6-7193-4856-b318-4d7fb0af2f58,Mostafa Adel,2021-05-24 00:00:00+00,2021-05-24
4bf47095-4a3e-4318-9dbc-6f4030cdc3a5,4e61fe04-52d1-4ec4-81a2-d84e9095e51a,AST-IT-PC-00125,6f3efb5d-afd8-49c9-8c40-31084252833a,Data Science Department,AI and Data Science Building,warranty,LabLine Scientific,,,,Service contract,2023-09-13,-1104,expired,application/pdf,77177,0.07,clean,t,a88277d6-7193-4856-b318-4d7fb0af2f58,Mostafa Adel,2020-09-27 00:00:00+00,2020-09-27
dc7d5146-3a69-495a-9b24-2dd0f99a12ad,9cd6b15d-724e-43d3-9850-a44b811353ba,AST-IT-PROJ-00069,6f3efb5d-afd8-49c9-8c40-31084252833a,Data Science Department,AI and Data Science Building,invoice,CoolAir Engineering,PO-2026-0032,INV-2026-0485,16530.00,,,,not a warranty,application/pdf,496075,0.47,clean,t,a88277d6-7193-4856-b318-4d7fb0af2f58,Mostafa Adel,2026-02-19 00:00:00+00,2026-02-19
5ca72087-4286-4694-8dbd-e1ea4fd7db1e,11dd7026-107f-4ab0-94ef-c7dd46e8b02d,AST-IT-PROJ-00237,6f3efb5d-afd8-49c9-8c40-31084252833a,Data Science Department,AI and Data Science Building,invoice,Upper Egypt Office Works,PO-2023-0029,INV-2023-0748,16530.00,,,,not a warranty,application/pdf,183936,0.18,clean,t,a88277d6-7193-4856-b318-4d7fb0af2f58,Mostafa Adel,2023-04-12 00:00:00+00,2023-04-12
d4eeecf9-0481-4be5-9710-d69274831547,5eed4c5e-144f-412a-89ad-04edeca9f995,AST-FURN-DESK-00181,6f3efb5d-afd8-49c9-8c40-31084252833a,Data Science Department,AI and Data Science Building,invoice,Nile Tech Systems,PO-2022-0019,INV-2022-0022,4696.80,,,,not a warranty,application/pdf,159457,0.15,clean,t,a88277d6-7193-4856-b318-4d7fb0af2f58,Mostafa Adel,2022-07-16 00:00:00+00,2022-07-16
4bc38a9e-36ab-4639-96e0-0d8f34fb09cd,33dfb0fb-19ec-4b7f-b464-f3f9812b39b7,AST-FURN-DESK-00349,6f3efb5d-afd8-49c9-8c40-31084252833a,Data Science Department,AI and Data Science Building,invoice,CoolAir Engineering,PO-2021-0016,INV-2021-0103,4993.20,,,,not a warranty,application/pdf,509774,0.49,clean,t,a88277d6-7193-4856-b318-4d7fb0af2f58,Mostafa Adel,2021-05-24 00:00:00+00,2021-05-24
f994fabf-bb36-4502-9859-8cb2add068a3,b4e30e96-1933-41e2-9ffd-614c7b67316a,AST-IT-MONITOR-00391,6f3efb5d-afd8-49c9-8c40-31084252833a,Data Science Department,AI and Data Science Building,invoice,Delta Computer Supplies,PO-2020-0060,INV-2020-0322,5905.20,,,,not a warranty,application/pdf,509933,0.49,clean,t,a88277d6-7193-4856-b318-4d7fb0af2f58,Mostafa Adel,2020-03-08 00:00:00+00,2020-03-08
0cc9666e-8bad-4ae9-b748-5b24eb243344,f5eb43b5-b632-457f-adf3-d3493046df2c,AST-IT-PRINTER-00091,ff591628-5c79-4358-9a5b-d60833359337,Facilities Management,Administration Building,warranty,Nile Tech Systems,,,,Supplier extended cover,2026-12-22,92,covered,application/pdf,225680,0.22,clean,t,a88277d6-7193-4856-b318-4d7fb0af2f58,Mostafa Adel,2025-01-05 00:00:00+00,2025-01-05
ccacda7a-e492-43ab-af15-076731a9253f,1e2d69e1-a40a-4f04-b631-df9223aade50,AST-IT-PRINTER-00259,ff591628-5c79-4358-9a5b-d60833359337,Facilities Management,Administration Building,warranty,CoolAir Engineering,,,,Manufacturer warranty,2022-04-07,-1628,expired,application/pdf,74049,0.07,clean,t,a88277d6-7193-4856-b318-4d7fb0af2f58,Mostafa Adel,2020-04-21 00:00:00+00,2020-04-21
e6ea85fc-d19c-4b91-8c52-a0c42affb06f,531d06f2-dc97-4727-8bae-d4929105d722,AST-IT-LAPTOP-00035,ff591628-5c79-4358-9a5b-d60833359337,Facilities Management,Administration Building,warranty,Upper Egypt Office Works,,,,Manufacturer warranty,2028-08-05,684,covered,application/pdf,142948,0.14,clean,t,a88277d6-7193-4856-b318-4d7fb0af2f58,Mostafa Adel,2025-08-20 00:00:00+00,2025-08-20
0363fed4-d721-4052-b908-51ff00d8b83f,791324a4-7f04-4c2d-a81f-df66cf7bb9d9,AST-IT-LAPTOP-00203,ff591628-5c79-4358-9a5b-d60833359337,Facilities Management,Administration Building,warranty,PowerGuard Energy,,,,Manufacturer warranty,2024-08-25,-757,expired,application/pdf,67031,0.06,clean,t,a88277d6-7193-4856-b318-4d7fb0af2f58,Mostafa Adel,2021-09-09 00:00:00+00,2021-09-09
2e86b1e5-dddc-4ec7-beb0-acd7993e50ed,63f8c423-fb57-4736-8283-17d293b8db97,AST-IT-LAPTOP-00371,ff591628-5c79-4358-9a5b-d60833359337,Facilities Management,Administration Building,warranty,Upper Egypt Office Works,,,,Supplier extended cover,2024-01-21,-974,expired,application/pdf,201006,0.19,clean,t,a88277d6-7193-4856-b318-4d7fb0af2f58,Mostafa Adel,2022-02-04 00:00:00+00,2022-02-04
edad1511-9247-4b2c-8bdc-463dc52de936,ebe2d980-d775-4914-ae93-41bdbc59b29f,AST-IT-PC-00147,ff591628-5c79-4358-9a5b-d60833359337,Facilities Management,Administration Building,warranty,LabLine Scientific,,,,Manufacturer warranty,2025-04-28,-511,expired,application/pdf,145826,0.14,clean,t,a88277d6-7193-4856-b318-4d7fb0af2f58,Mostafa Adel,2022-05-13 00:00:00+00,2022-05-13
b7828a03-b0c9-48dd-a838-08fb5aca689f,c5abff57-b36f-45b9-87a2-4217ccab877b,AST-IT-PC-00195,ff591628-5c79-4358-9a5b-d60833359337,Facilities Management,Administration Building,warranty,CoolAir Engineering,,,,Service contract,2021-09-24,-1823,expired,application/pdf,129039,0.12,clean,t,a88277d6-7193-4856-b318-4d7fb0af2f58,Mostafa Adel,2019-10-09 00:00:00+00,2019-10-09
14a1d135-f4a2-4978-acb5-0254bf428e9c,f119e457-5bd6-454a-8571-954ae1dabebe,AST-IT-PC-00410,ff591628-5c79-4358-9a5b-d60833359337,Facilities Management,Administration Building,warranty,PowerGuard Energy,,,,Service contract,2025-02-24,-574,expired,application/pdf,170698,0.16,clean,t,a88277d6-7193-4856-b318-4d7fb0af2f58,Mostafa Adel,2023-03-11 00:00:00+00,2023-03-11
63b4d271-8035-41d1-ad85-010cbe162ac4,531d06f2-dc97-4727-8bae-d4929105d722,AST-IT-LAPTOP-00035,ff591628-5c79-4358-9a5b-d60833359337,Facilities Management,Administration Building,invoice,Upper Egypt Office Works,PO-2025-0026,INV-2025-0807,28500.00,,,,not a warranty,application/pdf,385706,0.37,clean,t,a88277d6-7193-4856-b318-4d7fb0af2f58,Mostafa Adel,2025-08-20 00:00:00+00,2025-08-20
b15aab4c-a3d7-4397-bc56-b03b082bf44c,ebe2d980-d775-4914-ae93-41bdbc59b29f,AST-IT-PC-00147,ff591628-5c79-4358-9a5b-d60833359337,Facilities Management,Administration Building,invoice,LabLine Scientific,PO-2022-0021,INV-2022-0259,24852.00,,,,not a warranty,application/pdf,504604,0.48,clean,t,a88277d6-7193-4856-b318-4d7fb0af2f58,Mostafa Adel,2022-05-13 00:00:00+00,2022-05-13
8bebb098-6b11-43fb-9a65-5c415ce4680f,c5abff57-b36f-45b9-87a2-4217ccab877b,AST-IT-PC-00195,ff591628-5c79-4358-9a5b-d60833359337,Facilities Management,Administration Building,invoice,CoolAir Engineering,PO-2019-0011,INV-2019-0095,20292.00,,,,not a warranty,application/pdf,415920,0.40,clean,t,a88277d6-7193-4856-b318-4d7fb0af2f58,Mostafa Adel,2019-10-09 00:00:00+00,2019-10-09
d3215598-31bf-44d6-a1e8-3ccdea9aff7a,f119e457-5bd6-454a-8571-954ae1dabebe,AST-IT-PC-00410,ff591628-5c79-4358-9a5b-d60833359337,Facilities Management,Administration Building,invoice,PowerGuard Energy,PO-2023-0045,INV-2023-0236,19380.00,,,,not a warranty,application/pdf,446768,0.43,clean,t,a88277d6-7193-4856-b318-4d7fb0af2f58,Mostafa Adel,2023-03-11 00:00:00+00,2023-03-11
556d81d8-ace9-46d6-9da1-85eaba814cc7,9442d853-d0d5-46d0-8059-54ef6893b55f,AST-LAB-OSC-00046,053cf8f8-7366-46a9-b0bb-3f4c8b856fa5,Computer Science Department,Engineering Building,retirement_evidence,,,,,,,,not a warranty,application/pdf,340000,0.32,clean,t,63cfd2c4-2600-45b5-8925-b1c9ff6c04ee,Hossam El-Deen,2026-09-21 12:36:10.142818+00,2026-09-21
d7201699-9452-4155-8633-fbc66dcf70c4,ab65e716-a553-4163-8e14-81d2954dd14a,AST-IT-MONITOR-00270,053cf8f8-7366-46a9-b0bb-3f4c8b856fa5,Computer Science Department,Engineering Building,retirement_evidence,,,,,,,,not a warranty,application/pdf,340000,0.32,clean,t,63cfd2c4-2600-45b5-8925-b1c9ff6c04ee,Hossam El-Deen,2026-09-21 12:36:10.142818+00,2026-09-21
ea0be798-8f7a-402d-b95a-14a426ebbb5f,1e33351a-317b-41ce-8c95-23d0ba4fb3bb,AST-LAB-OSC-00382,053cf8f8-7366-46a9-b0bb-3f4c8b856fa5,Computer Science Department,Engineering Building,other,,,,,,,,not a warranty,application/pdf,512000,0.49,infected,f,a88277d6-7193-4856-b318-4d7fb0af2f58,Mostafa Adel,2026-09-21 12:36:10.142818+00,2026-09-21
4ffd7883-656a-4d27-8ea4-dd59f76f7967,005c93a5-5ee4-4b23-80d6-8f3ff2953ac3,AST-FURN-CHAIR-00158,053cf8f8-7366-46a9-b0bb-3f4c8b856fa5,Computer Science Department,Engineering Building,manual,,,,,,,,not a warranty,application/pdf,3249197,3.10,clean,t,60694a33-64df-4703-bb1f-20bc3948e683,Hala Rashad,2026-09-21 12:36:10.142818+00,2026-09-21
a83621f1-2011-418f-88e9-281aef43d553,e264899e-2ce6-4724-b7f9-4e422aa2af92,AST-FURN-CHAIR-00326,053cf8f8-7366-46a9-b0bb-3f4c8b856fa5,Computer Science Department,Engineering Building,manual,,,,,,,,not a warranty,application/pdf,3117686,2.97,clean,t,60694a33-64df-4703-bb1f-20bc3948e683,Hala Rashad,2026-09-21 12:36:10.142818+00,2026-09-21
9976969c-337e-456b-bc26-65079b6ba303,03d0f3b4-1d04-4940-994b-2a431fd5dd7b,AST-LAB-OSC-00214,053cf8f8-7366-46a9-b0bb-3f4c8b856fa5,Computer Science Department,Engineering Building,warranty,Delta Computer Supplies,,,,Supplier extended cover,2026-01-03,-261,expired,application/pdf,116253,0.11,clean,t,a88277d6-7193-4856-b318-4d7fb0af2f58,Mostafa Adel,2024-01-18 00:00:00+00,2024-01-18
81e0956b-afda-4398-b0fb-fd830dca3a56,1e33351a-317b-41ce-8c95-23d0ba4fb3bb,AST-LAB-OSC-00382,053cf8f8-7366-46a9-b0bb-3f4c8b856fa5,Computer Science Department,Engineering Building,warranty,CoolAir Engineering,,,,Manufacturer warranty,2028-03-09,535,covered,application/pdf,109002,0.10,clean,t,a88277d6-7193-4856-b318-4d7fb0af2f58,Mostafa Adel,2025-03-24 00:00:00+00,2025-03-24
824c52c1-73f7-4d46-bef7-8ddfc79d227c,005c93a5-5ee4-4b23-80d6-8f3ff2953ac3,AST-FURN-CHAIR-00158,053cf8f8-7366-46a9-b0bb-3f4c8b856fa5,Computer Science Department,Engineering Building,warranty,Delta Computer Supplies,,,,Supplier extended cover,2026-04-13,-161,expired,application/pdf,173399,0.17,clean,t,a88277d6-7193-4856-b318-4d7fb0af2f58,Mostafa Adel,2024-04-27 00:00:00+00,2024-04-27
0d0c5fd7-c8bc-48f2-acbb-d782a12c065a,e264899e-2ce6-4724-b7f9-4e422aa2af92,AST-FURN-CHAIR-00326,053cf8f8-7366-46a9-b0bb-3f4c8b856fa5,Computer Science Department,Engineering Building,warranty,Upper Egypt Office Works,,,,Service contract,2022-05-09,-1596,expired,application/pdf,209834,0.20,clean,t,a88277d6-7193-4856-b318-4d7fb0af2f58,Mostafa Adel,2020-05-23 00:00:00+00,2020-05-23
835c6130-5ec7-433c-9549-84aa2ece672f,6069757f-cd21-439d-8ac9-f9e3e7692ac4,AST-IT-MONITOR-00102,053cf8f8-7366-46a9-b0bb-3f4c8b856fa5,Computer Science Department,Engineering Building,warranty,Nile Tech Systems,,,,Supplier extended cover,2028-03-29,555,covered,application/pdf,206989,0.20,clean,t,a88277d6-7193-4856-b318-4d7fb0af2f58,Mostafa Adel,2025-04-13 00:00:00+00,2025-04-13
d8cd9001-7873-470d-8239-4de832721475,ab65e716-a553-4163-8e14-81d2954dd14a,AST-IT-MONITOR-00270,053cf8f8-7366-46a9-b0bb-3f4c8b856fa5,Computer Science Department,Engineering Building,warranty,Upper Egypt Office Works,,,,Supplier extended cover,2023-08-30,-1118,expired,application/pdf,101238,0.10,clean,t,a88277d6-7193-4856-b318-4d7fb0af2f58,Mostafa Adel,2021-09-13 00:00:00+00,2021-09-13
18376517-cd2a-481f-80ac-0ab36e434f5a,9442d853-d0d5-46d0-8059-54ef6893b55f,AST-LAB-OSC-00046,053cf8f8-7366-46a9-b0bb-3f4c8b856fa5,Computer Science Department,Engineering Building,invoice,Nile Tech Systems,PO-2021-0001,INV-2021-0302,70680.00,,,,not a warranty,application/pdf,153011,0.15,clean,t,a88277d6-7193-4856-b318-4d7fb0af2f58,Mostafa Adel,2021-11-04 00:00:00+00,2021-11-04
0187b272-b3a8-4051-bbad-01ae1fabcc28,03d0f3b4-1d04-4940-994b-2a431fd5dd7b,AST-LAB-OSC-00214,053cf8f8-7366-46a9-b0bb-3f4c8b856fa5,Computer Science Department,Engineering Building,invoice,Delta Computer Supplies,PO-2024-0033,INV-2024-0247,92340.00,,,,not a warranty,application/pdf,432769,0.41,clean,t,a88277d6-7193-4856-b318-4d7fb0af2f58,Mostafa Adel,2024-01-18 00:00:00+00,2024-01-18
f90474a6-4dd4-44c8-a618-b0974ef5f6f3,1e33351a-317b-41ce-8c95-23d0ba4fb3bb,AST-LAB-OSC-00382,053cf8f8-7366-46a9-b0bb-3f4c8b856fa5,Computer Science Department,Engineering Building,invoice,CoolAir Engineering,PO-2025-0021,INV-2025-0195,81510.00,,,,not a warranty,application/pdf,475413,0.45,clean,t,a88277d6-7193-4856-b318-4d7fb0af2f58,Mostafa Adel,2025-03-24 00:00:00+00,2025-03-24
9855bea2-66f1-4ad7-b531-caae523c0790,005c93a5-5ee4-4b23-80d6-8f3ff2953ac3,AST-FURN-CHAIR-00158,053cf8f8-7366-46a9-b0bb-3f4c8b856fa5,Computer Science Department,Engineering Building,invoice,Delta Computer Supplies,PO-2024-0042,INV-2024-0025,2599.20,,,,not a warranty,application/pdf,242971,0.23,clean,t,a88277d6-7193-4856-b318-4d7fb0af2f58,Mostafa Adel,2024-04-27 00:00:00+00,2024-04-27
d1b012a0-5aef-402a-8858-ed03cc7ef9ca,6069757f-cd21-439d-8ac9-f9e3e7692ac4,AST-IT-MONITOR-00102,053cf8f8-7366-46a9-b0bb-3f4c8b856fa5,Computer Science Department,Engineering Building,invoice,Nile Tech Systems,PO-2025-0039,INV-2025-0722,4446.00,,,,not a warranty,application/pdf,368438,0.35,clean,t,a88277d6-7193-4856-b318-4d7fb0af2f58,Mostafa Adel,2025-04-13 00:00:00+00,2025-04-13
0e8c2c19-3ab0-4233-9f5b-33f5fc769d34,35d6700e-4f92-4e38-81dd-2df78f813e43,AST-FAC-UPS-00114,8ef0ecc9-58c0-4c55-91e0-178f17ee7c58,Artificial Intelligence Department,AI and Data Science Building,warranty,LabLine Scientific,,,,Supplier extended cover,2025-01-19,-610,expired,application/pdf,96035,0.09,clean,t,a88277d6-7193-4856-b318-4d7fb0af2f58,Mostafa Adel,2023-02-03 00:00:00+00,2023-02-03
c2a8d121-ec23-4752-be43-1aff8e728e5a,18754f43-6a77-4e65-a133-23841c655bcb,AST-IT-LAPTOP-00058,8ef0ecc9-58c0-4c55-91e0-178f17ee7c58,Artificial Intelligence Department,AI and Data Science Building,warranty,Delta Computer Supplies,,,,Manufacturer warranty,2022-04-12,-1623,expired,application/pdf,126871,0.12,clean,t,a88277d6-7193-4856-b318-4d7fb0af2f58,Mostafa Adel,2020-04-26 00:00:00+00,2020-04-26
a4250cbb-56ff-4267-9f0c-c7fd1d37c02f,094e9be1-4250-4720-8fd0-0413662d1900,AST-IT-LAPTOP-00394,8ef0ecc9-58c0-4c55-91e0-178f17ee7c58,Artificial Intelligence Department,AI and Data Science Building,warranty,Delta Computer Supplies,,,,Supplier extended cover,2025-11-18,-307,expired,application/pdf,80498,0.08,clean,t,a88277d6-7193-4856-b318-4d7fb0af2f58,Mostafa Adel,2023-12-03 00:00:00+00,2023-12-03
fb28cd06-d80f-4a39-a493-6003562501a8,28779917-20e7-4f6a-95be-2d2ba4e8ca04,AST-IT-PC-00002,8ef0ecc9-58c0-4c55-91e0-178f17ee7c58,Artificial Intelligence Department,AI and Data Science Building,warranty,LabLine Scientific,,,,Manufacturer warranty,2023-01-07,-1353,expired,application/pdf,238001,0.23,clean,t,a88277d6-7193-4856-b318-4d7fb0af2f58,Mostafa Adel,2021-01-21 00:00:00+00,2021-01-21
2e7c86b4-ebf4-4513-a304-fb4e97a65d85,2a95c80e-f99c-46f6-aefc-13b07447e4f2,AST-IT-PC-00170,8ef0ecc9-58c0-4c55-91e0-178f17ee7c58,Artificial Intelligence Department,AI and Data Science Building,warranty,Nile Tech Systems,,,,Service contract,2025-07-14,-434,expired,application/pdf,140488,0.13,clean,t,a88277d6-7193-4856-b318-4d7fb0af2f58,Mostafa Adel,2023-07-29 00:00:00+00,2023-07-29
6ca6acff-963a-4bed-ae13-078b6ed19933,9bacb1c9-e19c-438c-8fd6-ee6cbc6ff974,AST-IT-PC-00338,8ef0ecc9-58c0-4c55-91e0-178f17ee7c58,Artificial Intelligence Department,AI and Data Science Building,warranty,Delta Computer Supplies,,,,Service contract,2025-01-30,-599,expired,application/pdf,211034,0.20,clean,t,a88277d6-7193-4856-b318-4d7fb0af2f58,Mostafa Adel,2023-02-14 00:00:00+00,2023-02-14
87b3df17-d1f2-4a8f-8393-4909a956c729,35d6700e-4f92-4e38-81dd-2df78f813e43,AST-FAC-UPS-00114,8ef0ecc9-58c0-4c55-91e0-178f17ee7c58,Artificial Intelligence Department,AI and Data Science Building,invoice,LabLine Scientific,PO-2023-0052,INV-2023-0636,8436.00,,,,not a warranty,application/pdf,226054,0.22,clean,t,a88277d6-7193-4856-b318-4d7fb0af2f58,Mostafa Adel,2023-02-03 00:00:00+00,2023-02-03
d58cf529-5446-4dee-856d-2d2fd97187f6,35adb947-a42f-48dc-8aa1-88bb765de796,AST-IT-LAPTOP-00226,8ef0ecc9-58c0-4c55-91e0-178f17ee7c58,Artificial Intelligence Department,AI and Data Science Building,invoice,Upper Egypt Office Works,PO-2022-0032,INV-2022-0274,28500.00,,,,not a warranty,application/pdf,395521,0.38,clean,t,a88277d6-7193-4856-b318-4d7fb0af2f58,Mostafa Adel,2022-04-28 00:00:00+00,2022-04-28
82dccda8-44c1-4d84-b014-ba3f7204465f,094e9be1-4250-4720-8fd0-0413662d1900,AST-IT-LAPTOP-00394,8ef0ecc9-58c0-4c55-91e0-178f17ee7c58,Artificial Intelligence Department,AI and Data Science Building,invoice,Delta Computer Supplies,PO-2023-0009,INV-2023-0006,34428.00,,,,not a warranty,application/pdf,222677,0.21,clean,t,a88277d6-7193-4856-b318-4d7fb0af2f58,Mostafa Adel,2023-12-03 00:00:00+00,2023-12-03
75354b42-fba4-47be-a41f-be44f0fd03a4,28779917-20e7-4f6a-95be-2d2ba4e8ca04,AST-IT-PC-00002,8ef0ecc9-58c0-4c55-91e0-178f17ee7c58,Artificial Intelligence Department,AI and Data Science Building,invoice,LabLine Scientific,PO-2021-0021,INV-2021-0274,19380.00,,,,not a warranty,application/pdf,156616,0.15,clean,t,a88277d6-7193-4856-b318-4d7fb0af2f58,Mostafa Adel,2021-01-21 00:00:00+00,2021-01-21
c44df62d-3772-44ad-b758-6851cae3cc96,9bacb1c9-e19c-438c-8fd6-ee6cbc6ff974,AST-IT-PC-00338,8ef0ecc9-58c0-4c55-91e0-178f17ee7c58,Artificial Intelligence Department,AI and Data Science Building,invoice,Delta Computer Supplies,PO-2023-0016,INV-2023-0541,19380.00,,,,not a warranty,application/pdf,199776,0.19,clean,t,a88277d6-7193-4856-b318-4d7fb0af2f58,Mostafa Adel,2023-02-14 00:00:00+00,2023-02-14
9972c1ca-b680-4879-9ac0-5a550f204c80,00222747-db35-4e0a-86df-e34d11f449b3,AST-LAB-OSC-00406,d82f0fd6-d71d-41ff-b68c-5f4f7a3f4ea0,Finance and Procurement,Administration Building,other,,,,,,,,not a warranty,application/pdf,512000,0.49,infected,f,a88277d6-7193-4856-b318-4d7fb0af2f58,Mostafa Adel,2026-09-21 12:36:10.142818+00,2026-09-21
4220f21d-0042-41fe-a95b-39c4c5007e19,bfcd160b-2fa1-4ad5-b810-c6f9f87aa97b,AST-LAB-OSC-00070,d82f0fd6-d71d-41ff-b68c-5f4f7a3f4ea0,Finance and Procurement,Administration Building,manual,,,,,,,,not a warranty,application/pdf,3315053,3.16,clean,t,60694a33-64df-4703-bb1f-20bc3948e683,Hala Rashad,2026-09-21 12:36:10.142818+00,2026-09-21
22930ea3-91e8-44e6-8f3c-64a747682834,0bd6559f-9592-40f3-8c97-fde0cb50e6b4,AST-LAB-OSC-00238,d82f0fd6-d71d-41ff-b68c-5f4f7a3f4ea0,Finance and Procurement,Administration Building,warranty,CoolAir Engineering,,,,Manufacturer warranty,2023-03-01,-1300,expired,application/pdf,237673,0.23,clean,t,a88277d6-7193-4856-b318-4d7fb0af2f58,Mostafa Adel,2021-03-15 00:00:00+00,2021-03-15
d9bfe77f-1285-4e85-83c1-d848cd8a99b2,00222747-db35-4e0a-86df-e34d11f449b3,AST-LAB-OSC-00406,d82f0fd6-d71d-41ff-b68c-5f4f7a3f4ea0,Finance and Procurement,Administration Building,warranty,Delta Computer Supplies,,,,Supplier extended cover,2024-05-22,-852,expired,application/pdf,129739,0.12,clean,t,a88277d6-7193-4856-b318-4d7fb0af2f58,Mostafa Adel,2022-06-06 00:00:00+00,2022-06-06
a8095cb6-4629-4019-a1d5-c3313b8e6385,b90086d0-96ee-46ff-ad7c-1ede87627019,AST-FURN-CHAIR-00350,d82f0fd6-d71d-41ff-b68c-5f4f7a3f4ea0,Finance and Procurement,Administration Building,warranty,Delta Computer Supplies,,,,Manufacturer warranty,2024-04-29,-875,expired,application/pdf,197530,0.19,clean,t,a88277d6-7193-4856-b318-4d7fb0af2f58,Mostafa Adel,2022-05-14 00:00:00+00,2022-05-14
bb4920e5-8a1b-4763-b557-7121832564ac,866bf58d-cff4-4719-b726-3357fb436e70,AST-IT-LAPTOP-00179,d82f0fd6-d71d-41ff-b68c-5f4f7a3f4ea0,Finance and Procurement,Administration Building,warranty,PowerGuard Energy,,,,Supplier extended cover,2025-01-19,-610,expired,application/pdf,143824,0.14,clean,t,a88277d6-7193-4856-b318-4d7fb0af2f58,Mostafa Adel,2023-02-03 00:00:00+00,2023-02-03
feafac3f-3da0-4ee6-a0ac-7a926799ab34,a5b79db8-1d3b-4a94-9623-2d3fb1999e87,AST-IT-MONITOR-00248,d82f0fd6-d71d-41ff-b68c-5f4f7a3f4ea0,Finance and Procurement,Administration Building,warranty,Delta Computer Supplies,,,,Supplier extended cover,2022-05-10,-1595,expired,application/pdf,115567,0.11,clean,t,a88277d6-7193-4856-b318-4d7fb0af2f58,Mostafa Adel,2020-05-24 00:00:00+00,2020-05-24
33f689b4-3d3b-4b9f-8bf0-9d2ca2df9fd1,4098a313-3526-4a48-b037-63d4b65f1bd8,AST-IT-MONITOR-00294,d82f0fd6-d71d-41ff-b68c-5f4f7a3f4ea0,Finance and Procurement,Administration Building,warranty,Nile Tech Systems,,,,Manufacturer warranty,2027-06-23,275,covered,application/pdf,103085,0.10,clean,t,a88277d6-7193-4856-b318-4d7fb0af2f58,Mostafa Adel,2024-07-07 00:00:00+00,2024-07-07
ce1eff8c-d8c5-42a3-b016-99dd5ab8605f,bfcd160b-2fa1-4ad5-b810-c6f9f87aa97b,AST-LAB-OSC-00070,d82f0fd6-d71d-41ff-b68c-5f4f7a3f4ea0,Finance and Procurement,Administration Building,invoice,Nile Tech Systems,PO-2020-0004,INV-2020-0675,81510.00,,,,not a warranty,application/pdf,127147,0.12,clean,t,a88277d6-7193-4856-b318-4d7fb0af2f58,Mostafa Adel,2020-10-23 00:00:00+00,2020-10-23
1f3ce82e-156d-4b18-b3a5-0dadf4cdf472,0bd6559f-9592-40f3-8c97-fde0cb50e6b4,AST-LAB-OSC-00238,d82f0fd6-d71d-41ff-b68c-5f4f7a3f4ea0,Finance and Procurement,Administration Building,invoice,CoolAir Engineering,PO-2021-0059,INV-2021-0741,103170.00,,,,not a warranty,application/pdf,439263,0.42,clean,t,a88277d6-7193-4856-b318-4d7fb0af2f58,Mostafa Adel,2021-03-15 00:00:00+00,2021-03-15
fb6db60d-f162-44b1-af22-f2aa9bc382ab,00222747-db35-4e0a-86df-e34d11f449b3,AST-LAB-OSC-00406,d82f0fd6-d71d-41ff-b68c-5f4f7a3f4ea0,Finance and Procurement,Administration Building,invoice,Delta Computer Supplies,PO-2022-0028,INV-2022-0295,70680.00,,,,not a warranty,application/pdf,250033,0.24,clean,t,a88277d6-7193-4856-b318-4d7fb0af2f58,Mostafa Adel,2022-06-06 00:00:00+00,2022-06-06
6e1c5a15-7c2f-465a-833c-82d1862a0f77,dddd16cc-3436-4cfd-9091-27bdf56b6ea7,AST-FURN-CHAIR-00014,d82f0fd6-d71d-41ff-b68c-5f4f7a3f4ea0,Finance and Procurement,Administration Building,invoice,Delta Computer Supplies,PO-2023-0056,INV-2023-0165,3032.40,,,,not a warranty,application/pdf,226076,0.22,clean,t,a88277d6-7193-4856-b318-4d7fb0af2f58,Mostafa Adel,2023-12-16 00:00:00+00,2023-12-16
55c70021-4326-4640-88f4-d44e52d5923f,043037c7-6faf-451a-ab41-2e2a417de211,AST-FURN-CHAIR-00182,d82f0fd6-d71d-41ff-b68c-5f4f7a3f4ea0,Finance and Procurement,Administration Building,invoice,Delta Computer Supplies,PO-2024-0022,INV-2024-0636,2815.80,,,,not a warranty,application/pdf,368181,0.35,clean,t,a88277d6-7193-4856-b318-4d7fb0af2f58,Mostafa Adel,2024-08-19 00:00:00+00,2024-08-19
55a6d6e6-847d-4ef8-99cc-84e9c964c334,866bf58d-cff4-4719-b726-3357fb436e70,AST-IT-LAPTOP-00179,d82f0fd6-d71d-41ff-b68c-5f4f7a3f4ea0,Finance and Procurement,Administration Building,invoice,PowerGuard Energy,PO-2023-0031,INV-2023-0602,38874.00,,,,not a warranty,application/pdf,382483,0.36,clean,t,a88277d6-7193-4856-b318-4d7fb0af2f58,Mostafa Adel,2023-02-03 00:00:00+00,2023-02-03
4eaf8df7-fcbd-4d07-9353-18aa8a3039c4,a5b79db8-1d3b-4a94-9623-2d3fb1999e87,AST-IT-MONITOR-00248,d82f0fd6-d71d-41ff-b68c-5f4f7a3f4ea0,Finance and Procurement,Administration Building,invoice,Delta Computer Supplies,PO-2020-0040,INV-2020-0234,4446.00,,,,not a warranty,application/pdf,251853,0.24,clean,t,a88277d6-7193-4856-b318-4d7fb0af2f58,Mostafa Adel,2020-05-24 00:00:00+00,2020-05-24
c8d84185-156c-43ff-b5bc-39ffac235e1d,4098a313-3526-4a48-b037-63d4b65f1bd8,AST-IT-MONITOR-00294,d82f0fd6-d71d-41ff-b68c-5f4f7a3f4ea0,Finance and Procurement,Administration Building,invoice,Nile Tech Systems,PO-2024-0040,INV-2024-0782,5540.40,,,,not a warranty,application/pdf,202597,0.19,clean,t,a88277d6-7193-4856-b318-4d7fb0af2f58,Mostafa Adel,2024-07-07 00:00:00+00,2024-07-07
5b46bbbd-147f-416f-9c86-308295cfed2e,922c2b56-f70b-43d9-962d-02990e718976,AST-FURN-DESK-00108,053cf8f8-7366-46a9-b0bb-3f4c8b856fa5,Computer Science Department,Engineering Building,manual,,,,,,,,not a warranty,application/pdf,1532275,1.46,clean,t,60694a33-64df-4703-bb1f-20bc3948e683,Hala Rashad,2026-09-21 12:36:10.142818+00,2026-09-21
2094213c-afbf-41b0-ac7c-f14a3b60b3f3,d75e02fd-d967-4233-a08e-d0aa4ac7d55c,AST-IT-PC-00388,053cf8f8-7366-46a9-b0bb-3f4c8b856fa5,Computer Science Department,Engineering Building,manual,,,,,,,,not a warranty,application/pdf,2574099,2.45,clean,t,60694a33-64df-4703-bb1f-20bc3948e683,Hala Rashad,2026-09-21 12:36:10.142818+00,2026-09-21
45dd537f-bb10-4a30-a080-70d3eea7be50,f673a17d-c8b6-428b-8939-69282c6e5d8c,AST-IT-PC-00243,053cf8f8-7366-46a9-b0bb-3f4c8b856fa5,Computer Science Department,Engineering Building,manual,,,,,,,,not a warranty,application/pdf,1650888,1.57,clean,t,60694a33-64df-4703-bb1f-20bc3948e683,Hala Rashad,2026-09-21 12:36:10.142818+00,2026-09-21
83788f91-5280-46fc-a84b-2ee843fc185d,c280c1ba-cd7b-4693-84e1-812891f1a559,AST-IT-SWITCH-00332,053cf8f8-7366-46a9-b0bb-3f4c8b856fa5,Computer Science Department,Engineering Building,warranty,CoolAir Engineering,,,,Manufacturer warranty,2026-08-15,-37,expired,application/pdf,185336,0.18,clean,t,a88277d6-7193-4856-b318-4d7fb0af2f58,Mostafa Adel,2023-08-30 00:00:00+00,2023-08-30
98bd6184-22f1-4478-98f6-8dfa972dbfc3,2e348b1b-ebc3-45cc-9e4c-b6e68da6846f,AST-FAC-UPS-00378,053cf8f8-7366-46a9-b0bb-3f4c8b856fa5,Computer Science Department,Engineering Building,warranty,LabLine Scientific,,,,Service contract,2022-02-02,-1692,expired,application/pdf,80081,0.08,clean,t,a88277d6-7193-4856-b318-4d7fb0af2f58,Mostafa Adel,2020-02-17 00:00:00+00,2020-02-17
544ed93f-96c7-42ee-81ac-7a3662560bc0,788bb250-6b48-4e09-88ff-9b97b0e0941c,AST-FURN-DESK-00036,053cf8f8-7366-46a9-b0bb-3f4c8b856fa5,Computer Science Department,Engineering Building,warranty,Nile Tech Systems,,,,Supplier extended cover,2024-02-20,-944,expired,application/pdf,92969,0.09,clean,t,a88277d6-7193-4856-b318-4d7fb0af2f58,Mostafa Adel,2022-03-06 00:00:00+00,2022-03-06
386886cb-ebc4-4b57-87f8-29c895cef7a3,922c2b56-f70b-43d9-962d-02990e718976,AST-FURN-DESK-00108,053cf8f8-7366-46a9-b0bb-3f4c8b856fa5,Computer Science Department,Engineering Building,warranty,Delta Computer Supplies,,,,Supplier extended cover,2027-02-16,148,covered,application/pdf,228897,0.22,clean,t,a88277d6-7193-4856-b318-4d7fb0af2f58,Mostafa Adel,2025-03-02 00:00:00+00,2025-03-02
308d2f45-649f-4643-9ce1-c5268854901a,4ab023fe-56e3-4b29-8558-badc2ded9fa5,AST-FURN-DESK-00276,053cf8f8-7366-46a9-b0bb-3f4c8b856fa5,Computer Science Department,Engineering Building,warranty,LabLine Scientific,,,,Manufacturer warranty,2027-02-28,160,covered,application/pdf,116238,0.11,clean,t,a88277d6-7193-4856-b318-4d7fb0af2f58,Mostafa Adel,2024-03-14 00:00:00+00,2024-03-14
51d3b715-5cdb-49b5-b8d3-e70bc1c08e81,0fc29b73-82f0-491f-b0b8-7e2eaa9010e4,AST-IT-MONITOR-00127,053cf8f8-7366-46a9-b0bb-3f4c8b856fa5,Computer Science Department,Engineering Building,warranty,Delta Computer Supplies,,,,Supplier extended cover,2024-09-29,-722,expired,application/pdf,128783,0.12,clean,t,a88277d6-7193-4856-b318-4d7fb0af2f58,Mostafa Adel,2021-10-14 00:00:00+00,2021-10-14
352e3001-eb3e-4f7a-8ce1-38cdb594ec24,dc0fc700-5aa9-4efc-9307-56f149b156a7,AST-IT-MONITOR-00222,053cf8f8-7366-46a9-b0bb-3f4c8b856fa5,Computer Science Department,Engineering Building,warranty,Nile Tech Systems,,,,Manufacturer warranty,2022-10-31,-1421,expired,application/pdf,226148,0.22,clean,t,a88277d6-7193-4856-b318-4d7fb0af2f58,Mostafa Adel,2020-11-14 00:00:00+00,2020-11-14
53329feb-9f4e-4359-9dac-f5fe6cab0a27,feae09a8-0423-4693-87bd-eef373cf5e66,AST-IT-PC-00052,053cf8f8-7366-46a9-b0bb-3f4c8b856fa5,Computer Science Department,Engineering Building,warranty,PowerGuard Energy,,,,Supplier extended cover,2023-04-03,-1267,expired,application/pdf,93661,0.09,clean,t,a88277d6-7193-4856-b318-4d7fb0af2f58,Mostafa Adel,2021-04-17 00:00:00+00,2021-04-17
ac1fb0fd-20a9-4c80-af2e-dfcc293091dd,d75e02fd-d967-4233-a08e-d0aa4ac7d55c,AST-IT-PC-00388,053cf8f8-7366-46a9-b0bb-3f4c8b856fa5,Computer Science Department,Engineering Building,warranty,LabLine Scientific,,,,Manufacturer warranty,2026-01-25,-239,expired,application/pdf,175132,0.17,clean,t,a88277d6-7193-4856-b318-4d7fb0af2f58,Mostafa Adel,2024-02-09 00:00:00+00,2024-02-09
547eebd0-ca00-4010-86de-380218c40b39,7250124f-2dc4-4492-b322-56162422c764,AST-IT-SWITCH-00164,053cf8f8-7366-46a9-b0bb-3f4c8b856fa5,Computer Science Department,Engineering Building,invoice,Nile Tech Systems,PO-2025-0010,INV-2025-0720,17442.00,,,,not a warranty,application/pdf,296190,0.28,clean,t,a88277d6-7193-4856-b318-4d7fb0af2f58,Mostafa Adel,2025-04-10 00:00:00+00,2025-04-10
d8e50565-822a-4f60-a631-0a0c6ae97605,c280c1ba-cd7b-4693-84e1-812891f1a559,AST-IT-SWITCH-00332,053cf8f8-7366-46a9-b0bb-3f4c8b856fa5,Computer Science Department,Engineering Building,invoice,CoolAir Engineering,PO-2023-0060,INV-2023-0735,11970.00,,,,not a warranty,application/pdf,232986,0.22,clean,t,a88277d6-7193-4856-b318-4d7fb0af2f58,Mostafa Adel,2023-08-30 00:00:00+00,2023-08-30
ae5b15ff-74cc-43ec-8edf-12b26e706bf8,2e348b1b-ebc3-45cc-9e4c-b6e68da6846f,AST-FAC-UPS-00378,053cf8f8-7366-46a9-b0bb-3f4c8b856fa5,Computer Science Department,Engineering Building,invoice,LabLine Scientific,PO-2020-0031,INV-2020-0308,8436.00,,,,not a warranty,application/pdf,515651,0.49,clean,t,a88277d6-7193-4856-b318-4d7fb0af2f58,Mostafa Adel,2020-02-17 00:00:00+00,2020-02-17
c4eb3724-1e94-4abb-b85d-a639847cf312,922c2b56-f70b-43d9-962d-02990e718976,AST-FURN-DESK-00108,053cf8f8-7366-46a9-b0bb-3f4c8b856fa5,Computer Science Department,Engineering Building,invoice,Delta Computer Supplies,PO-2025-0021,INV-2025-0865,4400.40,,,,not a warranty,application/pdf,150198,0.14,clean,t,a88277d6-7193-4856-b318-4d7fb0af2f58,Mostafa Adel,2025-03-02 00:00:00+00,2025-03-02
173023a0-7436-49e7-85ca-2be18e80f9e0,4ab023fe-56e3-4b29-8558-badc2ded9fa5,AST-FURN-DESK-00276,053cf8f8-7366-46a9-b0bb-3f4c8b856fa5,Computer Science Department,Engineering Building,invoice,LabLine Scientific,PO-2024-0050,INV-2024-0641,5289.60,,,,not a warranty,application/pdf,214931,0.20,clean,t,a88277d6-7193-4856-b318-4d7fb0af2f58,Mostafa Adel,2024-03-14 00:00:00+00,2024-03-14
2fc7c327-0c9e-4664-8d37-9ab53bb582ce,0fc29b73-82f0-491f-b0b8-7e2eaa9010e4,AST-IT-MONITOR-00127,053cf8f8-7366-46a9-b0bb-3f4c8b856fa5,Computer Science Department,Engineering Building,invoice,Delta Computer Supplies,PO-2021-0033,INV-2021-0739,4810.80,,,,not a warranty,application/pdf,286982,0.27,clean,t,a88277d6-7193-4856-b318-4d7fb0af2f58,Mostafa Adel,2021-10-14 00:00:00+00,2021-10-14
0921e5fd-7b0a-4cd3-abac-a23219168623,dc0fc700-5aa9-4efc-9307-56f149b156a7,AST-IT-MONITOR-00222,053cf8f8-7366-46a9-b0bb-3f4c8b856fa5,Computer Science Department,Engineering Building,invoice,Nile Tech Systems,PO-2020-0053,INV-2020-0068,4810.80,,,,not a warranty,application/pdf,329974,0.31,clean,t,a88277d6-7193-4856-b318-4d7fb0af2f58,Mostafa Adel,2020-11-14 00:00:00+00,2020-11-14
d71d9e68-4b77-4ba9-9fc8-fdc965b024fe,feae09a8-0423-4693-87bd-eef373cf5e66,AST-IT-PC-00052,053cf8f8-7366-46a9-b0bb-3f4c8b856fa5,Computer Science Department,Engineering Building,invoice,PowerGuard Energy,PO-2021-0006,INV-2021-0829,23940.00,,,,not a warranty,application/pdf,429541,0.41,clean,t,a88277d6-7193-4856-b318-4d7fb0af2f58,Mostafa Adel,2021-04-17 00:00:00+00,2021-04-17
de406cf8-d6c0-4a4d-9950-d5db08b99b9d,f673a17d-c8b6-428b-8939-69282c6e5d8c,AST-IT-PC-00243,053cf8f8-7366-46a9-b0bb-3f4c8b856fa5,Computer Science Department,Engineering Building,invoice,Nile Tech Systems,PO-2023-0042,INV-2023-0386,23028.00,,,,not a warranty,application/pdf,250006,0.24,clean,t,a88277d6-7193-4856-b318-4d7fb0af2f58,Mostafa Adel,2023-01-27 00:00:00+00,2023-01-27
6b321bd3-292e-4c25-8ffc-b0d853d26526,64f4347e-6b2e-4d45-9a0e-c53187592a66,AST-FURN-CAB-00400,8ef0ecc9-58c0-4c55-91e0-178f17ee7c58,Artificial Intelligence Department,AI and Data Science Building,manual,,,,,,,,not a warranty,application/pdf,3274772,3.12,clean,t,60694a33-64df-4703-bb1f-20bc3948e683,Hala Rashad,2026-09-21 12:36:10.142818+00,2026-09-21
643e57c5-0446-4aee-a3d9-fd9ce422141c,633bf4fc-958e-469f-be48-c49a8c2cd116,AST-FAC-UPS-00066,8ef0ecc9-58c0-4c55-91e0-178f17ee7c58,Artificial Intelligence Department,AI and Data Science Building,warranty,PowerGuard Energy,,,,Supplier extended cover,2023-09-11,-1106,expired,application/pdf,127994,0.12,clean,t,a88277d6-7193-4856-b318-4d7fb0af2f58,Mostafa Adel,2021-09-25 00:00:00+00,2021-09-25
66b9b2c9-2f4d-4b99-b6b0-d5f99d3f6ab5,504b4141-93a8-40d7-babe-9448078a5566,AST-FURN-CAB-00232,8ef0ecc9-58c0-4c55-91e0-178f17ee7c58,Artificial Intelligence Department,AI and Data Science Building,warranty,CoolAir Engineering,,,,Manufacturer warranty,2025-02-22,-576,expired,application/pdf,228945,0.22,clean,t,a88277d6-7193-4856-b318-4d7fb0af2f58,Mostafa Adel,2022-03-09 00:00:00+00,2022-03-09
6453cbdc-a5b3-4bd0-b693-82ca85285a91,64f4347e-6b2e-4d45-9a0e-c53187592a66,AST-FURN-CAB-00400,8ef0ecc9-58c0-4c55-91e0-178f17ee7c58,Artificial Intelligence Department,AI and Data Science Building,warranty,Nile Tech Systems,,,,Manufacturer warranty,2027-11-09,414,covered,application/pdf,90104,0.09,clean,t,a88277d6-7193-4856-b318-4d7fb0af2f58,Mostafa Adel,2024-11-23 00:00:00+00,2024-11-23
001e931a-da1c-4b6a-a918-e7c0c17c95be,557ddf37-cad5-4934-9ab5-4a03168676b0,AST-IT-MONITOR-00176,8ef0ecc9-58c0-4c55-91e0-178f17ee7c58,Artificial Intelligence Department,AI and Data Science Building,warranty,LabLine Scientific,,,,Supplier extended cover,2026-05-31,-113,expired,application/pdf,121922,0.12,clean,t,a88277d6-7193-4856-b318-4d7fb0af2f58,Mostafa Adel,2023-06-15 00:00:00+00,2023-06-15
e343ca33-a22a-4ae0-a977-39660bb8ab89,ee55ba20-d337-48fe-8bc9-b159b86e830e,AST-IT-MONITOR-00344,8ef0ecc9-58c0-4c55-91e0-178f17ee7c58,Artificial Intelligence Department,AI and Data Science Building,warranty,Nile Tech Systems,,,,Service contract,2026-06-25,-88,expired,application/pdf,152696,0.15,clean,t,a88277d6-7193-4856-b318-4d7fb0af2f58,Mostafa Adel,2023-07-10 00:00:00+00,2023-07-10
d4b9691b-e86c-44ec-bab4-c14782a6925d,a3ebae3a-8830-4d9f-bb39-31f1ff5256b6,AST-IT-PC-00288,8ef0ecc9-58c0-4c55-91e0-178f17ee7c58,Artificial Intelligence Department,AI and Data Science Building,warranty,CoolAir Engineering,,,,Supplier extended cover,2023-02-11,-1318,expired,application/pdf,82922,0.08,clean,t,a88277d6-7193-4856-b318-4d7fb0af2f58,Mostafa Adel,2021-02-25 00:00:00+00,2021-02-25
dad5984f-59d1-4fb9-92de-21b01eb51245,633bf4fc-958e-469f-be48-c49a8c2cd116,AST-FAC-UPS-00066,8ef0ecc9-58c0-4c55-91e0-178f17ee7c58,Artificial Intelligence Department,AI and Data Science Building,invoice,PowerGuard Energy,PO-2021-0037,INV-2021-0607,12768.00,,,,not a warranty,application/pdf,490406,0.47,clean,t,a88277d6-7193-4856-b318-4d7fb0af2f58,Mostafa Adel,2021-09-25 00:00:00+00,2021-09-25
1063a1a9-c376-407d-a5ee-16edcc68cb95,bc43fd12-e262-4b39-9dd8-e95fd913f691,AST-FURN-CAB-00064,8ef0ecc9-58c0-4c55-91e0-178f17ee7c58,Artificial Intelligence Department,AI and Data Science Building,invoice,Delta Computer Supplies,PO-2023-0014,INV-2023-0676,3693.60,,,,not a warranty,application/pdf,273943,0.26,clean,t,a88277d6-7193-4856-b318-4d7fb0af2f58,Mostafa Adel,2023-05-28 00:00:00+00,2023-05-28
4d34a158-f824-4ad9-ac6a-cdeec7eb326b,64f4347e-6b2e-4d45-9a0e-c53187592a66,AST-FURN-CAB-00400,8ef0ecc9-58c0-4c55-91e0-178f17ee7c58,Artificial Intelligence Department,AI and Data Science Building,invoice,Nile Tech Systems,PO-2024-0060,INV-2024-0028,3442.80,,,,not a warranty,application/pdf,406176,0.39,clean,t,a88277d6-7193-4856-b318-4d7fb0af2f58,Mostafa Adel,2024-11-23 00:00:00+00,2024-11-23
dd195142-e642-42e3-a9f3-cdd8602ac988,557ddf37-cad5-4934-9ab5-4a03168676b0,AST-IT-MONITOR-00176,8ef0ecc9-58c0-4c55-91e0-178f17ee7c58,Artificial Intelligence Department,AI and Data Science Building,invoice,LabLine Scientific,PO-2023-0024,INV-2023-0863,5175.60,,,,not a warranty,application/pdf,436212,0.42,clean,t,a88277d6-7193-4856-b318-4d7fb0af2f58,Mostafa Adel,2023-06-15 00:00:00+00,2023-06-15
72315de8-b7bc-48f9-8b9e-b3a7c625dd4d,ee55ba20-d337-48fe-8bc9-b159b86e830e,AST-IT-MONITOR-00344,8ef0ecc9-58c0-4c55-91e0-178f17ee7c58,Artificial Intelligence Department,AI and Data Science Building,invoice,Nile Tech Systems,PO-2023-0026,INV-2023-0237,4810.80,,,,not a warranty,application/pdf,264638,0.25,clean,t,a88277d6-7193-4856-b318-4d7fb0af2f58,Mostafa Adel,2023-07-10 00:00:00+00,2023-07-10
e31fa0eb-b1ca-49e6-a3ec-1a130504a4aa,67797a5f-d034-4d25-bfcd-aa7b31367225,AST-LAB-OSC-00310,d82f0fd6-d71d-41ff-b68c-5f4f7a3f4ea0,Finance and Procurement,Administration Building,manual,,,,,,,,not a warranty,application/pdf,1845844,1.76,clean,t,60694a33-64df-4703-bb1f-20bc3948e683,Hala Rashad,2026-09-21 12:36:10.142818+00,2026-09-21
42bd51be-80f3-40d1-81cf-673b19f64d3c,5c97057c-9c92-49e2-906b-2354afdd7506,AST-FURN-CHAIR-00086,d82f0fd6-d71d-41ff-b68c-5f4f7a3f4ea0,Finance and Procurement,Administration Building,manual,,,,,,,,not a warranty,application/pdf,2052275,1.96,clean,t,60694a33-64df-4703-bb1f-20bc3948e683,Hala Rashad,2026-09-21 12:36:10.142818+00,2026-09-21
442cb627-f8c3-4044-b732-6b39b7c1640a,a3985487-ac7c-4e99-944f-0072c21a653a,AST-LAB-OSC-00142,d82f0fd6-d71d-41ff-b68c-5f4f7a3f4ea0,Finance and Procurement,Administration Building,warranty,PowerGuard Energy,,,,Supplier extended cover,2025-10-17,-339,expired,application/pdf,161404,0.15,clean,t,a88277d6-7193-4856-b318-4d7fb0af2f58,Mostafa Adel,2023-11-01 00:00:00+00,2023-11-01
4e78f275-fd12-4609-bdf0-e70344674467,dc33516b-7ef5-4ab7-ba42-8a67085316cf,AST-IT-MONITOR-00198,d82f0fd6-d71d-41ff-b68c-5f4f7a3f4ea0,Finance and Procurement,Administration Building,warranty,LabLine Scientific,,,,Service contract,2025-10-31,-325,expired,application/pdf,148390,0.14,clean,t,a88277d6-7193-4856-b318-4d7fb0af2f58,Mostafa Adel,2023-11-15 00:00:00+00,2023-11-15
e7d14a48-4726-4812-bd5a-e8d31d4d60d1,258bc94f-7a74-43f1-ba2c-839d856b65a4,AST-IT-MONITOR-00366,d82f0fd6-d71d-41ff-b68c-5f4f7a3f4ea0,Finance and Procurement,Administration Building,warranty,PowerGuard Energy,,,,Manufacturer warranty,2027-10-06,380,covered,application/pdf,191027,0.18,clean,t,a88277d6-7193-4856-b318-4d7fb0af2f58,Mostafa Adel,2025-10-20 00:00:00+00,2025-10-20
b613cee4-7435-4b4a-b2cd-33c82af73fbb,a3985487-ac7c-4e99-944f-0072c21a653a,AST-LAB-OSC-00142,d82f0fd6-d71d-41ff-b68c-5f4f7a3f4ea0,Finance and Procurement,Administration Building,invoice,PowerGuard Energy,PO-2023-0035,INV-2023-0127,103170.00,,,,not a warranty,application/pdf,392582,0.37,clean,t,a88277d6-7193-4856-b318-4d7fb0af2f58,Mostafa Adel,2023-11-01 00:00:00+00,2023-11-01
0f14c6d7-1871-41d0-8a19-e02d0723e686,67797a5f-d034-4d25-bfcd-aa7b31367225,AST-LAB-OSC-00310,d82f0fd6-d71d-41ff-b68c-5f4f7a3f4ea0,Finance and Procurement,Administration Building,invoice,PowerGuard Energy,PO-2020-0003,INV-2020-0816,92340.00,,,,not a warranty,application/pdf,470443,0.45,clean,t,a88277d6-7193-4856-b318-4d7fb0af2f58,Mostafa Adel,2020-07-10 00:00:00+00,2020-07-10
307a6d09-c815-4ebc-82a1-2e94fc724b26,5c97057c-9c92-49e2-906b-2354afdd7506,AST-FURN-CHAIR-00086,d82f0fd6-d71d-41ff-b68c-5f4f7a3f4ea0,Finance and Procurement,Administration Building,invoice,Upper Egypt Office Works,PO-2023-0021,INV-2023-0102,3032.40,,,,not a warranty,application/pdf,461724,0.44,clean,t,a88277d6-7193-4856-b318-4d7fb0af2f58,Mostafa Adel,2023-03-16 00:00:00+00,2023-03-16
4b6744ad-07e4-4437-956c-323b48a19e45,258bc94f-7a74-43f1-ba2c-839d856b65a4,AST-IT-MONITOR-00366,d82f0fd6-d71d-41ff-b68c-5f4f7a3f4ea0,Finance and Procurement,Administration Building,invoice,PowerGuard Energy,PO-2025-0003,INV-2025-0896,5905.20,,,,not a warranty,application/pdf,458794,0.44,clean,t,a88277d6-7193-4856-b318-4d7fb0af2f58,Mostafa Adel,2025-10-20 00:00:00+00,2025-10-20
8df37146-688d-4fc2-9a56-afd48ba2124a,3673afb5-08c2-4510-aca4-37914bedfc03,AST-FAC-AC-00041,dc26f153-404e-47f8-8034-eb07783f1c9d,Electrical Engineering Department,Engineering Building,other,,,,,,,,not a warranty,application/pdf,240000,0.23,pending,f,60694a33-64df-4703-bb1f-20bc3948e683,Hala Rashad,2026-09-21 12:36:10.142818+00,2026-09-21
24a56441-167a-412a-b419-f38586b7918a,e1b94a6d-4fbc-4df4-a56c-0c00a7c98a2f,AST-IT-MONITOR-00321,dc26f153-404e-47f8-8034-eb07783f1c9d,Electrical Engineering Department,Engineering Building,manual,,,,,,,,not a warranty,application/pdf,2090113,1.99,clean,t,60694a33-64df-4703-bb1f-20bc3948e683,Hala Rashad,2026-09-21 12:36:10.142818+00,2026-09-21
2f985720-6e3b-4737-a279-3be1b7d22800,3673afb5-08c2-4510-aca4-37914bedfc03,AST-FAC-AC-00041,dc26f153-404e-47f8-8034-eb07783f1c9d,Electrical Engineering Department,Engineering Building,warranty,PowerGuard Energy,,,,Service contract,2023-06-17,-1192,expired,application/pdf,71891,0.07,clean,t,a88277d6-7193-4856-b318-4d7fb0af2f58,Mostafa Adel,2020-07-01 00:00:00+00,2020-07-01
4a6de4cc-9661-4264-bed9-f5381fee8c0b,f7afe2cc-0cda-4958-889a-434d67d83d7c,AST-FAC-AC-00377,dc26f153-404e-47f8-8034-eb07783f1c9d,Electrical Engineering Department,Engineering Building,warranty,LabLine Scientific,,,,Service contract,2024-08-10,-772,expired,application/pdf,165073,0.16,clean,t,a88277d6-7193-4856-b318-4d7fb0af2f58,Mostafa Adel,2022-08-25 00:00:00+00,2022-08-25
7e9535d7-4d0f-4efb-b954-38b2b993af76,e1b94a6d-4fbc-4df4-a56c-0c00a7c98a2f,AST-IT-MONITOR-00321,dc26f153-404e-47f8-8034-eb07783f1c9d,Electrical Engineering Department,Engineering Building,warranty,LabLine Scientific,,,,Service contract,2027-07-15,297,covered,application/pdf,133022,0.13,clean,t,a88277d6-7193-4856-b318-4d7fb0af2f58,Mostafa Adel,2024-07-29 00:00:00+00,2024-07-29
45793686-9c87-4a8a-a3d5-342e9f624379,b101094c-418f-4377-a230-d1b6020a074b,AST-IT-PC-00097,dc26f153-404e-47f8-8034-eb07783f1c9d,Electrical Engineering Department,Engineering Building,warranty,Upper Egypt Office Works,,,,Supplier extended cover,2024-10-10,-711,expired,application/pdf,78007,0.07,clean,t,a88277d6-7193-4856-b318-4d7fb0af2f58,Mostafa Adel,2022-10-25 00:00:00+00,2022-10-25
01ffa2ff-c524-4648-83a7-c7230e0b2f2e,f7afe2cc-0cda-4958-889a-434d67d83d7c,AST-FAC-AC-00377,dc26f153-404e-47f8-8034-eb07783f1c9d,Electrical Engineering Department,Engineering Building,invoice,LabLine Scientific,PO-2022-0017,INV-2022-0733,38304.00,,,,not a warranty,application/pdf,153253,0.15,clean,t,a88277d6-7193-4856-b318-4d7fb0af2f58,Mostafa Adel,2022-08-25 00:00:00+00,2022-08-25
ee13933d-070f-4ed7-bb90-db79b53e35a2,960e8af4-d574-4bf8-964b-3043938a0877,AST-IT-MONITOR-00153,dc26f153-404e-47f8-8034-eb07783f1c9d,Electrical Engineering Department,Engineering Building,invoice,CoolAir Engineering,PO-2022-0004,INV-2022-0306,6270.00,,,,not a warranty,application/pdf,413600,0.39,clean,t,a88277d6-7193-4856-b318-4d7fb0af2f58,Mostafa Adel,2022-01-15 00:00:00+00,2022-01-15
25265628-9771-4305-ab5c-57fbcb408155,e1b94a6d-4fbc-4df4-a56c-0c00a7c98a2f,AST-IT-MONITOR-00321,dc26f153-404e-47f8-8034-eb07783f1c9d,Electrical Engineering Department,Engineering Building,invoice,LabLine Scientific,PO-2024-0039,INV-2024-0495,4446.00,,,,not a warranty,application/pdf,459277,0.44,clean,t,a88277d6-7193-4856-b318-4d7fb0af2f58,Mostafa Adel,2024-07-29 00:00:00+00,2024-07-29
f0712790-d020-4825-a6b3-80c75775f356,b101094c-418f-4377-a230-d1b6020a074b,AST-IT-PC-00097,dc26f153-404e-47f8-8034-eb07783f1c9d,Electrical Engineering Department,Engineering Building,invoice,Upper Egypt Office Works,PO-2022-0031,INV-2022-0229,23940.00,,,,not a warranty,application/pdf,414353,0.40,clean,t,a88277d6-7193-4856-b318-4d7fb0af2f58,Mostafa Adel,2022-10-25 00:00:00+00,2022-10-25
28acef5d-789c-4939-b721-5007c33a96bc,8f165b3a-d1cc-4a8e-817d-8e846fdaad52,AST-IT-PC-00265,dc26f153-404e-47f8-8034-eb07783f1c9d,Electrical Engineering Department,Engineering Building,invoice,Upper Egypt Office Works,PO-2025-0004,INV-2025-0473,24852.00,,,,not a warranty,application/pdf,288334,0.27,clean,t,a88277d6-7193-4856-b318-4d7fb0af2f58,Mostafa Adel,2025-02-07 00:00:00+00,2025-02-07
d10c817b-d7c7-4d56-b4da-7b08a1e554c2,b56623e1-e600-49ad-8df4-452662607678,AST-IT-PC-00053,6f3efb5d-afd8-49c9-8c40-31084252833a,Data Science Department,AI and Data Science Building,manual,,,,,,,,not a warranty,application/pdf,2150226,2.05,clean,t,60694a33-64df-4703-bb1f-20bc3948e683,Hala Rashad,2026-09-21 12:36:10.142818+00,2026-09-21
02f6609b-51f1-48f9-83a8-ca2754316c17,9f4d7c57-ada0-4305-8d3f-125034f1ab1f,AST-FURN-DESK-00109,6f3efb5d-afd8-49c9-8c40-31084252833a,Data Science Department,AI and Data Science Building,warranty,Delta Computer Supplies,,,,Supplier extended cover,2028-08-23,702,covered,application/pdf,81412,0.08,clean,t,a88277d6-7193-4856-b318-4d7fb0af2f58,Mostafa Adel,2025-09-07 00:00:00+00,2025-09-07
254058f2-19af-4d68-8d24-a7fa9be203f7,c637be88-832d-4bc8-8f0f-74fc8315daaf,AST-FURN-DESK-00277,6f3efb5d-afd8-49c9-8c40-31084252833a,Data Science Department,AI and Data Science Building,warranty,Delta Computer Supplies,,,,Service contract,2021-11-12,-1774,expired,application/pdf,103783,0.10,clean,t,a88277d6-7193-4856-b318-4d7fb0af2f58,Mostafa Adel,2019-11-27 00:00:00+00,2019-11-27
4c922b8a-17f0-4180-888d-78df1901c953,b56623e1-e600-49ad-8df4-452662607678,AST-IT-PC-00053,6f3efb5d-afd8-49c9-8c40-31084252833a,Data Science Department,AI and Data Science Building,warranty,Delta Computer Supplies,,,,Manufacturer warranty,2027-12-15,450,covered,application/pdf,135328,0.13,clean,t,a88277d6-7193-4856-b318-4d7fb0af2f58,Mostafa Adel,2025-12-29 00:00:00+00,2025-12-29
a6d15dc3-6379-4ae8-b9dc-815fea694de7,228c0a54-08b1-4b59-8dc8-c7747ec40b3e,AST-IT-PROJ-00165,6f3efb5d-afd8-49c9-8c40-31084252833a,Data Science Department,AI and Data Science Building,invoice,CoolAir Engineering,PO-2023-0007,INV-2023-0367,18924.00,,,,not a warranty,application/pdf,391243,0.37,clean,t,a88277d6-7193-4856-b318-4d7fb0af2f58,Mostafa Adel,2023-07-28 00:00:00+00,2023-07-28
0c82cc9b-a478-4e43-8db4-36d65e9aae14,9f4d7c57-ada0-4305-8d3f-125034f1ab1f,AST-FURN-DESK-00109,6f3efb5d-afd8-49c9-8c40-31084252833a,Data Science Department,AI and Data Science Building,invoice,Delta Computer Supplies,PO-2025-0042,INV-2025-0119,4993.20,,,,not a warranty,application/pdf,143927,0.14,clean,t,a88277d6-7193-4856-b318-4d7fb0af2f58,Mostafa Adel,2025-09-07 00:00:00+00,2025-09-07
70e839a1-dc36-40b2-9a15-5faa0f31ef3d,c637be88-832d-4bc8-8f0f-74fc8315daaf,AST-FURN-DESK-00277,6f3efb5d-afd8-49c9-8c40-31084252833a,Data Science Department,AI and Data Science Building,invoice,Delta Computer Supplies,PO-2019-0010,INV-2019-0766,4696.80,,,,not a warranty,application/pdf,420047,0.40,clean,t,a88277d6-7193-4856-b318-4d7fb0af2f58,Mostafa Adel,2019-11-27 00:00:00+00,2019-11-27
bfb6877e-c8ec-4278-ac77-cf16c3ed9f33,b56623e1-e600-49ad-8df4-452662607678,AST-IT-PC-00053,6f3efb5d-afd8-49c9-8c40-31084252833a,Data Science Department,AI and Data Science Building,invoice,Delta Computer Supplies,PO-2025-0032,INV-2025-0669,25764.00,,,,not a warranty,application/pdf,411951,0.39,clean,t,a88277d6-7193-4856-b318-4d7fb0af2f58,Mostafa Adel,2025-12-29 00:00:00+00,2025-12-29
b9e78680-645a-4381-ae68-6b09ee460c09,5b180a2d-fd86-434f-b41f-04e1069b019f,AST-IT-PC-00389,6f3efb5d-afd8-49c9-8c40-31084252833a,Data Science Department,AI and Data Science Building,invoice,Delta Computer Supplies,PO-2022-0031,INV-2022-0257,22116.00,,,,not a warranty,application/pdf,465481,0.44,clean,t,a88277d6-7193-4856-b318-4d7fb0af2f58,Mostafa Adel,2022-05-31 00:00:00+00,2022-05-31
dee51204-b0a6-4f1f-bdfe-d0903369c53a,9039c585-128a-496e-91c2-7567e83b7b1b,AST-FAC-AC-00065,ff591628-5c79-4358-9a5b-d60833359337,Facilities Management,Administration Building,other,,,,,,,,not a warranty,application/pdf,240000,0.23,pending,f,60694a33-64df-4703-bb1f-20bc3948e683,Hala Rashad,2026-09-21 12:36:10.142818+00,2026-09-21
16b541a3-0aac-4345-815c-02ca98931390,ef825d0e-252d-4533-a0f6-6e2c16149ea2,AST-FAC-AC-00401,ff591628-5c79-4358-9a5b-d60833359337,Facilities Management,Administration Building,manual,,,,,,,,not a warranty,application/pdf,2457358,2.34,clean,t,60694a33-64df-4703-bb1f-20bc3948e683,Hala Rashad,2026-09-21 12:36:10.142818+00,2026-09-21
c64d4fe7-eb49-41ba-8ab3-3dc3d66fc2f7,4320081c-3fba-4448-ba6f-8203202b5727,AST-IT-PC-00121,ff591628-5c79-4358-9a5b-d60833359337,Facilities Management,Administration Building,manual,,,,,,,,not a warranty,application/pdf,2600681,2.48,clean,t,60694a33-64df-4703-bb1f-20bc3948e683,Hala Rashad,2026-09-21 12:36:10.142818+00,2026-09-21
a43f273c-6b2c-4765-9459-1176c0f868e5,df9ccf62-d5a2-492f-96e6-2e39bbf5a148,AST-LAB-3DP-00335,ff591628-5c79-4358-9a5b-d60833359337,Facilities Management,Administration Building,warranty,CoolAir Engineering,,,,Service contract,2025-10-26,-330,expired,application/pdf,122545,0.12,clean,t,a88277d6-7193-4856-b318-4d7fb0af2f58,Mostafa Adel,2022-11-10 00:00:00+00,2022-11-10
00eb4c78-5c42-4f8f-8f0e-f06cf293ee18,9039c585-128a-496e-91c2-7567e83b7b1b,AST-FAC-AC-00065,ff591628-5c79-4358-9a5b-d60833359337,Facilities Management,Administration Building,warranty,PowerGuard Energy,,,,Supplier extended cover,2028-01-06,472,covered,application/pdf,92257,0.09,clean,t,a88277d6-7193-4856-b318-4d7fb0af2f58,Mostafa Adel,2026-01-20 00:00:00+00,2026-01-20
74e9bfa9-210f-48bc-96b8-923e95ead935,8345b397-c894-4634-ad3e-981860ed4ff8,AST-FAC-AC-00233,ff591628-5c79-4358-9a5b-d60833359337,Facilities Management,Administration Building,warranty,Delta Computer Supplies,,,,Supplier extended cover,2022-12-14,-1377,expired,application/pdf,171910,0.16,clean,t,a88277d6-7193-4856-b318-4d7fb0af2f58,Mostafa Adel,2019-12-29 00:00:00+00,2019-12-29
249866f7-2109-4130-8a92-b7cc31c74a72,ef825d0e-252d-4533-a0f6-6e2c16149ea2,AST-FAC-AC-00401,ff591628-5c79-4358-9a5b-d60833359337,Facilities Management,Administration Building,warranty,Upper Egypt Office Works,,,,Service contract,2026-07-03,-80,expired,application/pdf,177200,0.17,clean,t,a88277d6-7193-4856-b318-4d7fb0af2f58,Mostafa Adel,2023-07-18 00:00:00+00,2023-07-18
cffa155e-6003-4be8-8ff4-d198ae5c0426,77d94d70-fb5a-495e-85b4-96ae4e89e840,AST-IT-MONITOR-00345,ff591628-5c79-4358-9a5b-d60833359337,Facilities Management,Administration Building,warranty,LabLine Scientific,,,,Service contract,2025-06-09,-469,expired,application/pdf,235392,0.22,clean,t,a88277d6-7193-4856-b318-4d7fb0af2f58,Mostafa Adel,2023-06-24 00:00:00+00,2023-06-24
44d33ae7-1977-4f17-8507-b8a12b519d03,6abcea14-9916-49c8-8c5f-9d530057e78e,AST-IT-PC-00289,ff591628-5c79-4358-9a5b-d60833359337,Facilities Management,Administration Building,warranty,Upper Egypt Office Works,,,,Manufacturer warranty,2026-11-01,41,expiring in 90 days,application/pdf,142253,0.14,clean,t,a88277d6-7193-4856-b318-4d7fb0af2f58,Mostafa Adel,2023-11-16 00:00:00+00,2023-11-16
30dc3eae-e6f2-4877-8c32-be381b25a3c9,df9ccf62-d5a2-492f-96e6-2e39bbf5a148,AST-LAB-3DP-00335,ff591628-5c79-4358-9a5b-d60833359337,Facilities Management,Administration Building,invoice,CoolAir Engineering,PO-2022-0045,INV-2022-0287,40356.00,,,,not a warranty,application/pdf,189485,0.18,clean,t,a88277d6-7193-4856-b318-4d7fb0af2f58,Mostafa Adel,2022-11-10 00:00:00+00,2022-11-10
13c2ca63-284c-4dc9-8fc8-e1984f102998,8345b397-c894-4634-ad3e-981860ed4ff8,AST-FAC-AC-00233,ff591628-5c79-4358-9a5b-d60833359337,Facilities Management,Administration Building,invoice,Delta Computer Supplies,PO-2019-0047,INV-2019-0121,33516.00,,,,not a warranty,application/pdf,406820,0.39,clean,t,a88277d6-7193-4856-b318-4d7fb0af2f58,Mostafa Adel,2019-12-29 00:00:00+00,2019-12-29
0ef5d53a-fec4-4266-884c-7e3344d559e5,ef825d0e-252d-4533-a0f6-6e2c16149ea2,AST-FAC-AC-00401,ff591628-5c79-4358-9a5b-d60833359337,Facilities Management,Administration Building,invoice,Upper Egypt Office Works,PO-2023-0029,INV-2023-0830,28728.00,,,,not a warranty,application/pdf,368957,0.35,clean,t,a88277d6-7193-4856-b318-4d7fb0af2f58,Mostafa Adel,2023-07-18 00:00:00+00,2023-07-18
45e31e07-bca7-45e8-84c3-08e3376af41b,975c440e-0dd5-4765-8d8b-60c806ec6768,AST-IT-MONITOR-00177,ff591628-5c79-4358-9a5b-d60833359337,Facilities Management,Administration Building,invoice,LabLine Scientific,PO-2022-0045,INV-2022-0234,4446.00,,,,not a warranty,application/pdf,247222,0.24,clean,t,a88277d6-7193-4856-b318-4d7fb0af2f58,Mostafa Adel,2022-10-05 00:00:00+00,2022-10-05
acb26e39-ff8e-4a4b-b736-b921f5aa9c36,77d94d70-fb5a-495e-85b4-96ae4e89e840,AST-IT-MONITOR-00345,ff591628-5c79-4358-9a5b-d60833359337,Facilities Management,Administration Building,invoice,LabLine Scientific,PO-2023-0058,INV-2023-0158,5175.60,,,,not a warranty,application/pdf,324647,0.31,clean,t,a88277d6-7193-4856-b318-4d7fb0af2f58,Mostafa Adel,2023-06-24 00:00:00+00,2023-06-24
298cbeca-3610-41f8-b4ca-a9f6e0978211,4320081c-3fba-4448-ba6f-8203202b5727,AST-IT-PC-00121,ff591628-5c79-4358-9a5b-d60833359337,Facilities Management,Administration Building,invoice,LabLine Scientific,PO-2024-0023,INV-2024-0879,25764.00,,,,not a warranty,application/pdf,406587,0.39,clean,t,a88277d6-7193-4856-b318-4d7fb0af2f58,Mostafa Adel,2024-05-01 00:00:00+00,2024-05-01
8ab4ac61-1fc7-4407-9d04-63e8e5b1e24a,6abcea14-9916-49c8-8c5f-9d530057e78e,AST-IT-PC-00289,ff591628-5c79-4358-9a5b-d60833359337,Facilities Management,Administration Building,invoice,Upper Egypt Office Works,PO-2023-0058,INV-2023-0161,20292.00,,,,not a warranty,application/pdf,427787,0.41,clean,t,a88277d6-7193-4856-b318-4d7fb0af2f58,Mostafa Adel,2023-11-16 00:00:00+00,2023-11-16
cb75840c-693d-4074-8556-3bd30ee08988,ac6d9a84-04e2-4e0e-b855-6bcb57623c9c,AST-LAB-3DP-00215,dc26f153-404e-47f8-8034-eb07783f1c9d,Electrical Engineering Department,Engineering Building,retirement_evidence,,,,,,,,not a warranty,application/pdf,340000,0.32,clean,t,63cfd2c4-2600-45b5-8925-b1c9ff6c04ee,Hossam El-Deen,2026-09-21 12:36:10.142818+00,2026-09-21
2eb6f2e2-677f-4013-bdd7-cdc2b53cb2be,4f9b45aa-3644-4ee1-a6c7-0e26f274d3cb,AST-LAB-3DP-00047,dc26f153-404e-47f8-8034-eb07783f1c9d,Electrical Engineering Department,Engineering Building,warranty,Upper Egypt Office Works,,,,Manufacturer warranty,2022-10-04,-1448,expired,application/pdf,158315,0.15,clean,t,a88277d6-7193-4856-b318-4d7fb0af2f58,Mostafa Adel,2019-10-19 00:00:00+00,2019-10-19
fed2e820-9c3b-434c-a410-35ae1e48a745,ac6d9a84-04e2-4e0e-b855-6bcb57623c9c,AST-LAB-3DP-00215,dc26f153-404e-47f8-8034-eb07783f1c9d,Electrical Engineering Department,Engineering Building,warranty,Nile Tech Systems,,,,Supplier extended cover,2023-08-19,-1129,expired,application/pdf,116126,0.11,clean,t,a88277d6-7193-4856-b318-4d7fb0af2f58,Mostafa Adel,2021-09-02 00:00:00+00,2021-09-02
59d3c895-b9a4-4000-9e9a-12767502cb91,6dc09c81-a2db-4c48-abdc-c8584b0da089,AST-LAB-3DP-00383,dc26f153-404e-47f8-8034-eb07783f1c9d,Electrical Engineering Department,Engineering Building,warranty,Upper Egypt Office Works,,,,Manufacturer warranty,2027-01-31,132,covered,application/pdf,147592,0.14,clean,t,a88277d6-7193-4856-b318-4d7fb0af2f58,Mostafa Adel,2024-02-15 00:00:00+00,2024-02-15
07fda4cd-cb01-4c79-878c-b1ebb56f43eb,69f502b1-eece-47ec-9ee0-518fe3c0eebc,AST-FURN-CHAIR-00159,dc26f153-404e-47f8-8034-eb07783f1c9d,Electrical Engineering Department,Engineering Building,warranty,Nile Tech Systems,,,,Service contract,2025-06-24,-454,expired,application/pdf,237569,0.23,clean,t,a88277d6-7193-4856-b318-4d7fb0af2f58,Mostafa Adel,2023-07-09 00:00:00+00,2023-07-09
01ae26c3-70ab-45c8-acde-6aaa0c970145,3ab59424-9410-4b42-b9e5-d78807291d63,AST-IT-MONITOR-00103,dc26f153-404e-47f8-8034-eb07783f1c9d,Electrical Engineering Department,Engineering Building,warranty,CoolAir Engineering,,,,Service contract,2027-07-11,293,covered,application/pdf,154306,0.15,clean,t,a88277d6-7193-4856-b318-4d7fb0af2f58,Mostafa Adel,2025-07-25 00:00:00+00,2025-07-25
fd36ff9c-5e88-4c5e-983a-c08e7c3d76cc,fa0fde54-e0ec-48fd-b277-26f430e908a9,AST-IT-MONITOR-00271,dc26f153-404e-47f8-8034-eb07783f1c9d,Electrical Engineering Department,Engineering Building,warranty,Nile Tech Systems,,,,Supplier extended cover,2022-02-26,-1668,expired,application/pdf,143501,0.14,clean,t,a88277d6-7193-4856-b318-4d7fb0af2f58,Mostafa Adel,2020-03-12 00:00:00+00,2020-03-12
fbda4e0b-c163-4f99-91d2-551baf3ca044,4f9b45aa-3644-4ee1-a6c7-0e26f274d3cb,AST-LAB-3DP-00047,dc26f153-404e-47f8-8034-eb07783f1c9d,Electrical Engineering Department,Engineering Building,invoice,Upper Egypt Office Works,PO-2019-0047,INV-2019-0422,40356.00,,,,not a warranty,application/pdf,353869,0.34,clean,t,a88277d6-7193-4856-b318-4d7fb0af2f58,Mostafa Adel,2019-10-19 00:00:00+00,2019-10-19
c195ca25-0ed7-4abd-9907-1712b25f5137,ac6d9a84-04e2-4e0e-b855-6bcb57623c9c,AST-LAB-3DP-00215,dc26f153-404e-47f8-8034-eb07783f1c9d,Electrical Engineering Department,Engineering Building,invoice,Nile Tech Systems,PO-2021-0036,INV-2021-0560,40356.00,,,,not a warranty,application/pdf,164458,0.16,clean,t,a88277d6-7193-4856-b318-4d7fb0af2f58,Mostafa Adel,2021-09-02 00:00:00+00,2021-09-02
4132a3fd-4689-4f3a-9d31-aa67391ea8d5,6dc09c81-a2db-4c48-abdc-c8584b0da089,AST-LAB-3DP-00383,dc26f153-404e-47f8-8034-eb07783f1c9d,Electrical Engineering Department,Engineering Building,invoice,Upper Egypt Office Works,PO-2024-0012,INV-2024-0857,40356.00,,,,not a warranty,application/pdf,370626,0.35,clean,t,a88277d6-7193-4856-b318-4d7fb0af2f58,Mostafa Adel,2024-02-15 00:00:00+00,2024-02-15
f7df3c49-fc39-40ea-8cff-33f67c3a2227,7a9ad579-f1a4-4724-b29d-55a2939ae3ee,AST-FURN-CHAIR-00327,dc26f153-404e-47f8-8034-eb07783f1c9d,Electrical Engineering Department,Engineering Building,invoice,Upper Egypt Office Works,PO-2020-0010,INV-2020-0514,2382.60,,,,not a warranty,application/pdf,324660,0.31,clean,t,a88277d6-7193-4856-b318-4d7fb0af2f58,Mostafa Adel,2020-11-21 00:00:00+00,2020-11-21
ee62025b-ef35-4eab-98cd-7014dcd1d096,3ab59424-9410-4b42-b9e5-d78807291d63,AST-IT-MONITOR-00103,dc26f153-404e-47f8-8034-eb07783f1c9d,Electrical Engineering Department,Engineering Building,invoice,CoolAir Engineering,PO-2025-0045,INV-2025-0037,4446.00,,,,not a warranty,application/pdf,464476,0.44,clean,t,a88277d6-7193-4856-b318-4d7fb0af2f58,Mostafa Adel,2025-07-25 00:00:00+00,2025-07-25
c9480e43-d5c9-49cf-ac25-b758d9799476,fa0fde54-e0ec-48fd-b277-26f430e908a9,AST-IT-MONITOR-00271,dc26f153-404e-47f8-8034-eb07783f1c9d,Electrical Engineering Department,Engineering Building,invoice,Nile Tech Systems,PO-2020-0001,INV-2020-0639,4446.00,,,,not a warranty,application/pdf,504677,0.48,clean,t,a88277d6-7193-4856-b318-4d7fb0af2f58,Mostafa Adel,2020-03-12 00:00:00+00,2020-03-12
7c5fa138-5d56-4e2b-b808-f4f604a79e36,0d30e518-585c-4756-a7f3-19caeba33493,AST-IT-LAPTOP-00059,6f3efb5d-afd8-49c9-8c40-31084252833a,Data Science Department,AI and Data Science Building,warranty,LabLine Scientific,,,,Manufacturer warranty,2025-08-22,-395,expired,application/pdf,206333,0.20,clean,t,a88277d6-7193-4856-b318-4d7fb0af2f58,Mostafa Adel,2023-09-06 00:00:00+00,2023-09-06
344959b6-97cd-4199-af7c-84305e5b0858,661926d4-ef61-4388-b957-a43f3ac66a78,AST-IT-LAPTOP-00227,6f3efb5d-afd8-49c9-8c40-31084252833a,Data Science Department,AI and Data Science Building,warranty,Upper Egypt Office Works,,,,Supplier extended cover,2025-04-22,-517,expired,application/pdf,136321,0.13,clean,t,a88277d6-7193-4856-b318-4d7fb0af2f58,Mostafa Adel,2022-05-07 00:00:00+00,2022-05-07
147b26f2-7a13-40b2-858e-5eabf6741891,c9447499-81c6-4239-9254-400f41a45ed8,AST-IT-LAPTOP-00395,6f3efb5d-afd8-49c9-8c40-31084252833a,Data Science Department,AI and Data Science Building,warranty,PowerGuard Energy,,,,Manufacturer warranty,2024-10-29,-692,expired,application/pdf,166737,0.16,clean,t,a88277d6-7193-4856-b318-4d7fb0af2f58,Mostafa Adel,2022-11-13 00:00:00+00,2022-11-13
ea81e09e-1cfc-4661-b164-28fbd6bde9b8,cf43734a-c8c9-4f6d-8fc1-a40c8df9440c,AST-IT-PC-00003,6f3efb5d-afd8-49c9-8c40-31084252833a,Data Science Department,AI and Data Science Building,warranty,CoolAir Engineering,,,,Supplier extended cover,2027-12-17,452,covered,application/pdf,109826,0.10,clean,t,a88277d6-7193-4856-b318-4d7fb0af2f58,Mostafa Adel,2024-12-31 00:00:00+00,2024-12-31
323fe845-3f35-41fb-b356-871f7d9c1dce,6eb806c5-b66e-4d9e-9af2-dbae5444253e,AST-IT-PC-00171,6f3efb5d-afd8-49c9-8c40-31084252833a,Data Science Department,AI and Data Science Building,warranty,PowerGuard Energy,,,,Manufacturer warranty,2024-09-18,-733,expired,application/pdf,206077,0.20,clean,t,a88277d6-7193-4856-b318-4d7fb0af2f58,Mostafa Adel,2021-10-03 00:00:00+00,2021-10-03
342561dc-0c13-423a-be4e-2c4ef6fa9fda,0d30e518-585c-4756-a7f3-19caeba33493,AST-IT-LAPTOP-00059,6f3efb5d-afd8-49c9-8c40-31084252833a,Data Science Department,AI and Data Science Building,invoice,LabLine Scientific,PO-2023-0059,INV-2023-0845,28500.00,,,,not a warranty,application/pdf,392263,0.37,clean,t,a88277d6-7193-4856-b318-4d7fb0af2f58,Mostafa Adel,2023-09-06 00:00:00+00,2023-09-06
28dc1514-a768-4d63-8277-ea36e3decdfc,c9447499-81c6-4239-9254-400f41a45ed8,AST-IT-LAPTOP-00395,6f3efb5d-afd8-49c9-8c40-31084252833a,Data Science Department,AI and Data Science Building,invoice,PowerGuard Energy,PO-2022-0057,INV-2022-0850,38874.00,,,,not a warranty,application/pdf,410663,0.39,clean,t,a88277d6-7193-4856-b318-4d7fb0af2f58,Mostafa Adel,2022-11-13 00:00:00+00,2022-11-13
01a6b32d-cc7a-416d-b48b-ef606849c45f,cf43734a-c8c9-4f6d-8fc1-a40c8df9440c,AST-IT-PC-00003,6f3efb5d-afd8-49c9-8c40-31084252833a,Data Science Department,AI and Data Science Building,invoice,CoolAir Engineering,PO-2024-0004,INV-2024-0832,20292.00,,,,not a warranty,application/pdf,368285,0.35,clean,t,a88277d6-7193-4856-b318-4d7fb0af2f58,Mostafa Adel,2024-12-31 00:00:00+00,2024-12-31
7c260428-647a-44ca-af30-324342a1a13a,16b21293-b6a2-480f-a726-5a1c87cec645,AST-FAC-AC-00305,ff591628-5c79-4358-9a5b-d60833359337,Facilities Management,Administration Building,manual,,,,,,,,not a warranty,application/pdf,3336988,3.18,clean,t,60694a33-64df-4703-bb1f-20bc3948e683,Hala Rashad,2026-09-21 12:36:10.142818+00,2026-09-21
ec93e981-b102-4ed0-a4c9-3864fa403767,ae1871af-27f8-46b0-92ab-c6008a2a30fc,AST-FAC-AC-00137,ff591628-5c79-4358-9a5b-d60833359337,Facilities Management,Administration Building,warranty,Upper Egypt Office Works,,,,Service contract,2027-04-21,212,covered,application/pdf,227489,0.22,clean,t,a88277d6-7193-4856-b318-4d7fb0af2f58,Mostafa Adel,2025-05-05 00:00:00+00,2025-05-05
9e3f32d1-ac26-443d-96ee-4565039e8920,a084f3fb-5e03-4411-8766-3b435a234963,AST-IT-PC-00025,ff591628-5c79-4358-9a5b-d60833359337,Facilities Management,Administration Building,warranty,Upper Egypt Office Works,,,,Service contract,2027-08-19,332,covered,application/pdf,82318,0.08,clean,t,a88277d6-7193-4856-b318-4d7fb0af2f58,Mostafa Adel,2024-09-02 00:00:00+00,2024-09-02
38850aca-27f7-4c0e-aa62-dd6b0e05dea0,ae1871af-27f8-46b0-92ab-c6008a2a30fc,AST-FAC-AC-00137,ff591628-5c79-4358-9a5b-d60833359337,Facilities Management,Administration Building,invoice,Upper Egypt Office Works,PO-2025-0015,INV-2025-0038,38304.00,,,,not a warranty,application/pdf,339246,0.32,clean,t,a88277d6-7193-4856-b318-4d7fb0af2f58,Mostafa Adel,2025-05-05 00:00:00+00,2025-05-05
78134f9a-d9f8-4c94-af90-abea026899a3,16b21293-b6a2-480f-a726-5a1c87cec645,AST-FAC-AC-00305,ff591628-5c79-4358-9a5b-d60833359337,Facilities Management,Administration Building,invoice,Delta Computer Supplies,PO-2023-0002,INV-2023-0008,23940.00,,,,not a warranty,application/pdf,164022,0.16,clean,t,a88277d6-7193-4856-b318-4d7fb0af2f58,Mostafa Adel,2023-06-12 00:00:00+00,2023-06-12
74a0e243-12f8-4dc1-af5f-191211d7cddb,92afb581-bd72-4fb9-94e1-bb09563e01f2,AST-IT-MONITOR-00081,ff591628-5c79-4358-9a5b-d60833359337,Facilities Management,Administration Building,invoice,LabLine Scientific,PO-2021-0027,INV-2021-0598,5905.20,,,,not a warranty,application/pdf,427640,0.41,clean,t,a88277d6-7193-4856-b318-4d7fb0af2f58,Mostafa Adel,2021-10-07 00:00:00+00,2021-10-07
8f949437-9902-4a79-9384-2d68d4ffc126,a084f3fb-5e03-4411-8766-3b435a234963,AST-IT-PC-00025,ff591628-5c79-4358-9a5b-d60833359337,Facilities Management,Administration Building,invoice,Upper Egypt Office Works,PO-2024-0037,INV-2024-0523,24852.00,,,,not a warranty,application/pdf,515305,0.49,clean,t,a88277d6-7193-4856-b318-4d7fb0af2f58,Mostafa Adel,2024-09-02 00:00:00+00,2024-09-02
c799bcbf-e97b-41ad-bafe-2dd58b191987,5f802b6a-a3a0-49b6-8f19-9937419476ca,AST-IT-PC-00316,053cf8f8-7366-46a9-b0bb-3f4c8b856fa5,Computer Science Department,Engineering Building,retirement_evidence,,,,,,,,not a warranty,application/pdf,340000,0.32,clean,t,63cfd2c4-2600-45b5-8925-b1c9ff6c04ee,Hossam El-Deen,2026-09-21 12:36:10.142818+00,2026-09-21
52fdeef8-2d63-4955-94d4-53883088ef66,62ef7d8e-1a3c-41d8-a044-9fefde078224,AST-FURN-DESK-00372,053cf8f8-7366-46a9-b0bb-3f4c8b856fa5,Computer Science Department,Engineering Building,manual,,,,,,,,not a warranty,application/pdf,2494778,2.38,clean,t,60694a33-64df-4703-bb1f-20bc3948e683,Hala Rashad,2026-09-21 12:36:10.142818+00,2026-09-21
9eaa7fef-0174-4c3b-8cc3-4a7ed602fafb,a6f7dee7-6d93-4ca9-b28b-dfbbbfd3e24b,AST-IT-PC-00148,053cf8f8-7366-46a9-b0bb-3f4c8b856fa5,Computer Science Department,Engineering Building,manual,,,,,,,,not a warranty,application/pdf,3344247,3.19,clean,t,60694a33-64df-4703-bb1f-20bc3948e683,Hala Rashad,2026-09-21 12:36:10.142818+00,2026-09-21
ff1c199e-d34a-4eb2-a2b4-dc71d39e723b,559c20fe-2de3-400c-a520-08dc16f99239,AST-IT-SWITCH-00092,053cf8f8-7366-46a9-b0bb-3f4c8b856fa5,Computer Science Department,Engineering Building,warranty,CoolAir Engineering,,,,Manufacturer warranty,2023-11-23,-1033,expired,application/pdf,130656,0.12,clean,t,a88277d6-7193-4856-b318-4d7fb0af2f58,Mostafa Adel,2021-12-07 00:00:00+00,2021-12-07
402aaa4b-020d-4ba0-af06-af37ab2619c3,5d5065e5-7989-4060-be8b-e06b5adafc3f,AST-IT-SWITCH-00260,053cf8f8-7366-46a9-b0bb-3f4c8b856fa5,Computer Science Department,Engineering Building,warranty,CoolAir Engineering,,,,Supplier extended cover,2024-11-04,-686,expired,application/pdf,129391,0.12,clean,t,a88277d6-7193-4856-b318-4d7fb0af2f58,Mostafa Adel,2022-11-19 00:00:00+00,2022-11-19
ddafcaa1-8f41-4ebe-ace9-7b15406760ef,0ae665b9-f018-405a-870f-327a23153262,AST-FURN-DESK-00204,053cf8f8-7366-46a9-b0bb-3f4c8b856fa5,Computer Science Department,Engineering Building,warranty,CoolAir Engineering,,,,Supplier extended cover,2025-05-29,-480,expired,application/pdf,170014,0.16,clean,t,a88277d6-7193-4856-b318-4d7fb0af2f58,Mostafa Adel,2022-06-13 00:00:00+00,2022-06-13
61e1ec4f-f3ab-44dc-9894-f850a76c266b,62ef7d8e-1a3c-41d8-a044-9fefde078224,AST-FURN-DESK-00372,053cf8f8-7366-46a9-b0bb-3f4c8b856fa5,Computer Science Department,Engineering Building,warranty,Upper Egypt Office Works,,,,Service contract,2024-07-15,-798,expired,application/pdf,105062,0.10,clean,t,a88277d6-7193-4856-b318-4d7fb0af2f58,Mostafa Adel,2022-07-30 00:00:00+00,2022-07-30
5fc1dbaa-1b92-4f32-bf13-6f66d85a4561,98626642-760f-4c56-be38-4909419ce830,AST-IT-PC-00173,053cf8f8-7366-46a9-b0bb-3f4c8b856fa5,Computer Science Department,Engineering Building,warranty,Nile Tech Systems,,,,Manufacturer warranty,2027-03-30,190,covered,application/pdf,207298,0.20,clean,t,a88277d6-7193-4856-b318-4d7fb0af2f58,Mostafa Adel,2025-04-13 00:00:00+00,2025-04-13
5eccecc2-8113-49e9-b31d-dfc35668e18a,5f802b6a-a3a0-49b6-8f19-9937419476ca,AST-IT-PC-00316,053cf8f8-7366-46a9-b0bb-3f4c8b856fa5,Computer Science Department,Engineering Building,warranty,Delta Computer Supplies,,,,Manufacturer warranty,2023-02-17,-1312,expired,application/pdf,115115,0.11,clean,t,a88277d6-7193-4856-b318-4d7fb0af2f58,Mostafa Adel,2020-03-03 00:00:00+00,2020-03-03
a920a145-b8f1-44aa-979d-0ee7a1ed6fd7,559c20fe-2de3-400c-a520-08dc16f99239,AST-IT-SWITCH-00092,053cf8f8-7366-46a9-b0bb-3f4c8b856fa5,Computer Science Department,Engineering Building,invoice,CoolAir Engineering,PO-2021-0053,INV-2021-0292,17442.00,,,,not a warranty,application/pdf,129064,0.12,clean,t,a88277d6-7193-4856-b318-4d7fb0af2f58,Mostafa Adel,2021-12-07 00:00:00+00,2021-12-07
800c31cf-303d-40ee-99f6-23d96e91f722,5d5065e5-7989-4060-be8b-e06b5adafc3f,AST-IT-SWITCH-00260,053cf8f8-7366-46a9-b0bb-3f4c8b856fa5,Computer Science Department,Engineering Building,invoice,CoolAir Engineering,PO-2022-0003,INV-2022-0090,15618.00,,,,not a warranty,application/pdf,426004,0.41,clean,t,a88277d6-7193-4856-b318-4d7fb0af2f58,Mostafa Adel,2022-11-19 00:00:00+00,2022-11-19
7b947056-24cb-4d19-878c-89b1a41b3c87,0ae665b9-f018-405a-870f-327a23153262,AST-FURN-DESK-00204,053cf8f8-7366-46a9-b0bb-3f4c8b856fa5,Computer Science Department,Engineering Building,invoice,CoolAir Engineering,PO-2022-0044,INV-2022-0846,4993.20,,,,not a warranty,application/pdf,234949,0.22,clean,t,a88277d6-7193-4856-b318-4d7fb0af2f58,Mostafa Adel,2022-06-13 00:00:00+00,2022-06-13
c46ddd45-0707-4d5c-91ee-e95867c4b4b3,62ef7d8e-1a3c-41d8-a044-9fefde078224,AST-FURN-DESK-00372,053cf8f8-7366-46a9-b0bb-3f4c8b856fa5,Computer Science Department,Engineering Building,invoice,Upper Egypt Office Works,PO-2022-0018,INV-2022-0075,4696.80,,,,not a warranty,application/pdf,431348,0.41,clean,t,a88277d6-7193-4856-b318-4d7fb0af2f58,Mostafa Adel,2022-07-30 00:00:00+00,2022-07-30
767bd809-7429-427b-8297-06f0e6ca8d44,a6f7dee7-6d93-4ca9-b28b-dfbbbfd3e24b,AST-IT-PC-00148,053cf8f8-7366-46a9-b0bb-3f4c8b856fa5,Computer Science Department,Engineering Building,invoice,LabLine Scientific,PO-2024-0010,INV-2024-0879,19380.00,,,,not a warranty,application/pdf,289870,0.28,clean,t,a88277d6-7193-4856-b318-4d7fb0af2f58,Mostafa Adel,2024-02-10 00:00:00+00,2024-02-10
35e87110-ab2e-4920-9077-9941d42a71af,5f802b6a-a3a0-49b6-8f19-9937419476ca,AST-IT-PC-00316,053cf8f8-7366-46a9-b0bb-3f4c8b856fa5,Computer Science Department,Engineering Building,invoice,Delta Computer Supplies,PO-2020-0011,INV-2020-0635,24852.00,,,,not a warranty,application/pdf,345341,0.33,clean,t,a88277d6-7193-4856-b318-4d7fb0af2f58,Mostafa Adel,2020-03-03 00:00:00+00,2020-03-03
02963447-bd8a-4aaf-8c9c-b50f3b50fd7b,f14a2705-e72f-4f75-9267-c718ab043d5c,AST-IT-MONITOR-00104,8ef0ecc9-58c0-4c55-91e0-178f17ee7c58,Artificial Intelligence Department,AI and Data Science Building,manual,,,,,,,,not a warranty,application/pdf,3065159,2.92,clean,t,60694a33-64df-4703-bb1f-20bc3948e683,Hala Rashad,2026-09-21 12:36:10.142818+00,2026-09-21
5835a961-2abb-47cf-bafc-01e1740a1123,e39eb721-001d-47b0-88db-d7bf863f4a60,AST-FURN-CAB-00328,8ef0ecc9-58c0-4c55-91e0-178f17ee7c58,Artificial Intelligence Department,AI and Data Science Building,warranty,LabLine Scientific,,,,Service contract,2026-06-30,-83,expired,application/pdf,91965,0.09,clean,t,a88277d6-7193-4856-b318-4d7fb0af2f58,Mostafa Adel,2023-07-15 00:00:00+00,2023-07-15
b6bba4ff-8cc0-4cc1-a686-4b3cdde6ab89,f14a2705-e72f-4f75-9267-c718ab043d5c,AST-IT-MONITOR-00104,8ef0ecc9-58c0-4c55-91e0-178f17ee7c58,Artificial Intelligence Department,AI and Data Science Building,warranty,LabLine Scientific,,,,Supplier extended cover,2026-06-05,-108,expired,application/pdf,226489,0.22,clean,t,a88277d6-7193-4856-b318-4d7fb0af2f58,Mostafa Adel,2023-06-20 00:00:00+00,2023-06-20
ee08a094-9ba8-4859-a2bb-41073937caf3,2fe14b92-c446-4660-a72a-61b6719cad31,AST-IT-MONITOR-00272,8ef0ecc9-58c0-4c55-91e0-178f17ee7c58,Artificial Intelligence Department,AI and Data Science Building,warranty,PowerGuard Energy,,,,Manufacturer warranty,2023-08-14,-1134,expired,application/pdf,204737,0.20,clean,t,a88277d6-7193-4856-b318-4d7fb0af2f58,Mostafa Adel,2020-08-28 00:00:00+00,2020-08-28
ccc1656c-957c-47d0-8bc2-c5d2520e2812,561b6196-43a5-4372-8f1d-d4a03781a5a2,AST-IT-PC-00048,8ef0ecc9-58c0-4c55-91e0-178f17ee7c58,Artificial Intelligence Department,AI and Data Science Building,warranty,LabLine Scientific,,,,Supplier extended cover,2022-06-22,-1552,expired,application/pdf,194703,0.19,clean,t,a88277d6-7193-4856-b318-4d7fb0af2f58,Mostafa Adel,2020-07-06 00:00:00+00,2020-07-06
941eedd3-04f1-4996-9bd1-189b7dfff224,902ff40c-5768-4b41-9986-00b4bd120b9e,AST-IT-PC-00216,8ef0ecc9-58c0-4c55-91e0-178f17ee7c58,Artificial Intelligence Department,AI and Data Science Building,warranty,LabLine Scientific,,,,Manufacturer warranty,2021-10-11,-1806,expired,application/pdf,145220,0.14,clean,t,a88277d6-7193-4856-b318-4d7fb0af2f58,Mostafa Adel,2019-10-26 00:00:00+00,2019-10-26
6a9d5f6d-3ec1-4726-8016-e38cb2446aa5,7db9993a-c311-4055-9ee8-5ed5c9175837,AST-IT-PC-00384,8ef0ecc9-58c0-4c55-91e0-178f17ee7c58,Artificial Intelligence Department,AI and Data Science Building,warranty,Upper Egypt Office Works,,,,Service contract,2026-11-24,64,expiring in 90 days,application/pdf,182945,0.17,clean,t,a88277d6-7193-4856-b318-4d7fb0af2f58,Mostafa Adel,2024-12-08 00:00:00+00,2024-12-08
4bdd8750-1704-470a-bbcc-d27186bdb61c,b24049e6-3200-4839-911c-962ef0c015c8,AST-FURN-CAB-00160,8ef0ecc9-58c0-4c55-91e0-178f17ee7c58,Artificial Intelligence Department,AI and Data Science Building,invoice,Delta Computer Supplies,PO-2022-0028,INV-2022-0245,3693.60,,,,not a warranty,application/pdf,344930,0.33,clean,t,a88277d6-7193-4856-b318-4d7fb0af2f58,Mostafa Adel,2022-05-14 00:00:00+00,2022-05-14
acfd320b-7bce-49e0-bf18-7a54249a7915,e39eb721-001d-47b0-88db-d7bf863f4a60,AST-FURN-CAB-00328,8ef0ecc9-58c0-4c55-91e0-178f17ee7c58,Artificial Intelligence Department,AI and Data Science Building,invoice,LabLine Scientific,PO-2023-0007,INV-2023-0561,3944.40,,,,not a warranty,application/pdf,511917,0.49,clean,t,a88277d6-7193-4856-b318-4d7fb0af2f58,Mostafa Adel,2023-07-15 00:00:00+00,2023-07-15
cfd239bd-a9b6-4dcd-adf1-5a97075e4d66,f14a2705-e72f-4f75-9267-c718ab043d5c,AST-IT-MONITOR-00104,8ef0ecc9-58c0-4c55-91e0-178f17ee7c58,Artificial Intelligence Department,AI and Data Science Building,invoice,LabLine Scientific,PO-2023-0019,INV-2023-0719,4446.00,,,,not a warranty,application/pdf,405963,0.39,clean,t,a88277d6-7193-4856-b318-4d7fb0af2f58,Mostafa Adel,2023-06-20 00:00:00+00,2023-06-20
6d02e4d6-69e0-42c7-8c58-e60c8c800a5e,2fe14b92-c446-4660-a72a-61b6719cad31,AST-IT-MONITOR-00272,8ef0ecc9-58c0-4c55-91e0-178f17ee7c58,Artificial Intelligence Department,AI and Data Science Building,invoice,PowerGuard Energy,PO-2020-0044,INV-2020-0851,5540.40,,,,not a warranty,application/pdf,362054,0.35,clean,t,a88277d6-7193-4856-b318-4d7fb0af2f58,Mostafa Adel,2020-08-28 00:00:00+00,2020-08-28
af537d2d-e01c-4656-bcf1-16f4c6e3ae34,561b6196-43a5-4372-8f1d-d4a03781a5a2,AST-IT-PC-00048,8ef0ecc9-58c0-4c55-91e0-178f17ee7c58,Artificial Intelligence Department,AI and Data Science Building,invoice,LabLine Scientific,PO-2020-0001,INV-2020-0628,22116.00,,,,not a warranty,application/pdf,241228,0.23,clean,t,a88277d6-7193-4856-b318-4d7fb0af2f58,Mostafa Adel,2020-07-06 00:00:00+00,2020-07-06
ca5717bb-23da-4a42-ab76-ed911c3665de,902ff40c-5768-4b41-9986-00b4bd120b9e,AST-IT-PC-00216,8ef0ecc9-58c0-4c55-91e0-178f17ee7c58,Artificial Intelligence Department,AI and Data Science Building,invoice,LabLine Scientific,PO-2019-0014,INV-2019-0683,21204.00,,,,not a warranty,application/pdf,256073,0.24,clean,t,a88277d6-7193-4856-b318-4d7fb0af2f58,Mostafa Adel,2019-10-26 00:00:00+00,2019-10-26
20d6b5ea-c525-407c-ac1e-3936dfb003a1,7db9993a-c311-4055-9ee8-5ed5c9175837,AST-IT-PC-00384,8ef0ecc9-58c0-4c55-91e0-178f17ee7c58,Artificial Intelligence Department,AI and Data Science Building,invoice,Upper Egypt Office Works,PO-2024-0010,INV-2024-0499,23940.00,,,,not a warranty,application/pdf,311599,0.30,clean,t,a88277d6-7193-4856-b318-4d7fb0af2f58,Mostafa Adel,2024-12-08 00:00:00+00,2024-12-08
37627a44-1b5c-4e12-b182-0c37663675ae,8a02e139-2263-48a9-95f4-7b9103da437a,AST-FURN-DESK-00396,d82f0fd6-d71d-41ff-b68c-5f4f7a3f4ea0,Finance and Procurement,Administration Building,manual,,,,,,,,not a warranty,application/pdf,1660160,1.58,clean,t,60694a33-64df-4703-bb1f-20bc3948e683,Hala Rashad,2026-09-21 12:36:10.142818+00,2026-09-21
c60d44b8-312a-4663-8781-7fe7bab0421a,62cfaba8-7d2a-48b9-ae1f-ba04b998cd16,AST-IT-SWITCH-00116,d82f0fd6-d71d-41ff-b68c-5f4f7a3f4ea0,Finance and Procurement,Administration Building,warranty,Delta Computer Supplies,,,,Manufacturer warranty,2021-11-06,-1780,expired,application/pdf,69164,0.07,clean,t,a88277d6-7193-4856-b318-4d7fb0af2f58,Mostafa Adel,2019-11-21 00:00:00+00,2019-11-21
c546693f-ce73-4e84-8ac1-0471396877b9,9eeb8a16-0b51-4d19-8a04-42908b4ca3a4,AST-FURN-CAB-00016,d82f0fd6-d71d-41ff-b68c-5f4f7a3f4ea0,Finance and Procurement,Administration Building,warranty,LabLine Scientific,,,,Manufacturer warranty,2022-12-28,-1363,expired,application/pdf,209888,0.20,clean,t,a88277d6-7193-4856-b318-4d7fb0af2f58,Mostafa Adel,2020-01-12 00:00:00+00,2020-01-12
3efc4ad7-06cf-4c11-af65-64189df20198,a97d79b8-bf69-45bf-86ff-a5a488ddf88c,AST-FURN-DESK-00060,d82f0fd6-d71d-41ff-b68c-5f4f7a3f4ea0,Finance and Procurement,Administration Building,warranty,Delta Computer Supplies,,,,Manufacturer warranty,2022-01-05,-1720,expired,application/pdf,181229,0.17,clean,t,a88277d6-7193-4856-b318-4d7fb0af2f58,Mostafa Adel,2020-01-20 00:00:00+00,2020-01-20
ceba9c13-f575-439a-8e7d-797867a99052,a5d788c6-fc55-45f7-932d-e22ecba6057b,AST-FURN-DESK-00228,d82f0fd6-d71d-41ff-b68c-5f4f7a3f4ea0,Finance and Procurement,Administration Building,warranty,LabLine Scientific,,,,Manufacturer warranty,2025-12-30,-265,expired,application/pdf,213098,0.20,clean,t,a88277d6-7193-4856-b318-4d7fb0af2f58,Mostafa Adel,2024-01-14 00:00:00+00,2024-01-14
41d8b71e-850a-40c5-b7f6-8b78bde675cc,7e17f67a-33f4-4f80-b984-1a3286ff1ea6,AST-IT-PC-00221,d82f0fd6-d71d-41ff-b68c-5f4f7a3f4ea0,Finance and Procurement,Administration Building,warranty,Upper Egypt Office Works,,,,Manufacturer warranty,2028-06-01,619,covered,application/pdf,103202,0.10,clean,t,a88277d6-7193-4856-b318-4d7fb0af2f58,Mostafa Adel,2025-06-16 00:00:00+00,2025-06-16
36dd0792-27a9-4b40-b52d-54c7157a9b59,492b34f7-fece-449d-8260-c5a62b7cccc1,AST-IT-PC-00004,d82f0fd6-d71d-41ff-b68c-5f4f7a3f4ea0,Finance and Procurement,Administration Building,warranty,PowerGuard Energy,,,,Manufacturer warranty,2027-07-17,299,covered,application/pdf,147890,0.14,clean,t,a88277d6-7193-4856-b318-4d7fb0af2f58,Mostafa Adel,2025-07-31 00:00:00+00,2025-07-31
3502ed0e-e591-418d-93bd-f668b8bbbaa9,3ae86300-9fe1-4552-a316-34c040785fbb,AST-IT-PC-00172,d82f0fd6-d71d-41ff-b68c-5f4f7a3f4ea0,Finance and Procurement,Administration Building,warranty,PowerGuard Energy,,,,Manufacturer warranty,2027-07-28,310,covered,application/pdf,189176,0.18,clean,t,a88277d6-7193-4856-b318-4d7fb0af2f58,Mostafa Adel,2024-08-11 00:00:00+00,2024-08-11
83fab4e1-6530-4dca-83fc-3877d644ae02,00defa2d-8dd8-4c89-a8be-d8d1dcbadf62,AST-IT-PC-00340,d82f0fd6-d71d-41ff-b68c-5f4f7a3f4ea0,Finance and Procurement,Administration Building,warranty,Upper Egypt Office Works,,,,Manufacturer warranty,2022-12-15,-1376,expired,application/pdf,76291,0.07,clean,t,a88277d6-7193-4856-b318-4d7fb0af2f58,Mostafa Adel,2020-12-29 00:00:00+00,2020-12-29
c9403285-b932-4cea-a379-42243a43f949,62cfaba8-7d2a-48b9-ae1f-ba04b998cd16,AST-IT-SWITCH-00116,d82f0fd6-d71d-41ff-b68c-5f4f7a3f4ea0,Finance and Procurement,Administration Building,invoice,Delta Computer Supplies,PO-2019-0034,INV-2019-0801,15618.00,,,,not a warranty,application/pdf,396719,0.38,clean,t,a88277d6-7193-4856-b318-4d7fb0af2f58,Mostafa Adel,2019-11-21 00:00:00+00,2019-11-21
b7689326-8991-472f-8c94-86788acb4386,4f9d1a2d-6a7b-4392-a598-894acb28d19b,AST-IT-SWITCH-00284,d82f0fd6-d71d-41ff-b68c-5f4f7a3f4ea0,Finance and Procurement,Administration Building,invoice,Delta Computer Supplies,PO-2022-0002,INV-2022-0196,13794.00,,,,not a warranty,application/pdf,494497,0.47,clean,t,a88277d6-7193-4856-b318-4d7fb0af2f58,Mostafa Adel,2022-10-07 00:00:00+00,2022-10-07
e34170f7-53a2-48f1-b4ac-439e4c15f9b6,a97d79b8-bf69-45bf-86ff-a5a488ddf88c,AST-FURN-DESK-00060,d82f0fd6-d71d-41ff-b68c-5f4f7a3f4ea0,Finance and Procurement,Administration Building,invoice,Delta Computer Supplies,PO-2020-0008,INV-2020-0077,4696.80,,,,not a warranty,application/pdf,440231,0.42,clean,t,a88277d6-7193-4856-b318-4d7fb0af2f58,Mostafa Adel,2020-01-20 00:00:00+00,2020-01-20
beebcb5f-9288-47b6-8678-988bbe8bdcba,a5d788c6-fc55-45f7-932d-e22ecba6057b,AST-FURN-DESK-00228,d82f0fd6-d71d-41ff-b68c-5f4f7a3f4ea0,Finance and Procurement,Administration Building,invoice,LabLine Scientific,PO-2023-0054,INV-2023-0191,4696.80,,,,not a warranty,application/pdf,501973,0.48,clean,t,a88277d6-7193-4856-b318-4d7fb0af2f58,Mostafa Adel,2024-01-14 00:00:00+00,2024-01-14
1a7552b5-d60f-4ff5-8953-c2627feb38bb,7e17f67a-33f4-4f80-b984-1a3286ff1ea6,AST-IT-PC-00221,d82f0fd6-d71d-41ff-b68c-5f4f7a3f4ea0,Finance and Procurement,Administration Building,invoice,Upper Egypt Office Works,PO-2025-0015,INV-2025-0708,23028.00,,,,not a warranty,application/pdf,339002,0.32,clean,t,a88277d6-7193-4856-b318-4d7fb0af2f58,Mostafa Adel,2025-06-16 00:00:00+00,2025-06-16
63bce53b-1862-4b02-bee4-fb1aaaea0216,3ae86300-9fe1-4552-a316-34c040785fbb,AST-IT-PC-00172,d82f0fd6-d71d-41ff-b68c-5f4f7a3f4ea0,Finance and Procurement,Administration Building,invoice,PowerGuard Energy,PO-2024-0046,INV-2024-0891,20292.00,,,,not a warranty,application/pdf,352555,0.34,clean,t,a88277d6-7193-4856-b318-4d7fb0af2f58,Mostafa Adel,2024-08-11 00:00:00+00,2024-08-11
efebc2fd-a91b-4ea8-96dd-f6653345d233,00defa2d-8dd8-4c89-a8be-d8d1dcbadf62,AST-IT-PC-00340,d82f0fd6-d71d-41ff-b68c-5f4f7a3f4ea0,Finance and Procurement,Administration Building,invoice,Upper Egypt Office Works,PO-2020-0049,INV-2020-0556,25764.00,,,,not a warranty,application/pdf,492269,0.47,clean,t,a88277d6-7193-4856-b318-4d7fb0af2f58,Mostafa Adel,2020-12-29 00:00:00+00,2020-12-29
2c5e0799-f091-4f7a-b916-ae38be383268,1f161153-09ea-4bea-9501-621fd6755072,AST-FAC-UPS-00042,053cf8f8-7366-46a9-b0bb-3f4c8b856fa5,Computer Science Department,Engineering Building,warranty,PowerGuard Energy,,,,Supplier extended cover,2025-10-20,-336,expired,application/pdf,237441,0.23,clean,t,a88277d6-7193-4856-b318-4d7fb0af2f58,Mostafa Adel,2022-11-04 00:00:00+00,2022-11-04
a50d7c7a-791a-4305-9e93-ca65f213d3e9,1366efcf-9b11-4708-8821-07867e9c25c6,AST-FAC-UPS-00210,053cf8f8-7366-46a9-b0bb-3f4c8b856fa5,Computer Science Department,Engineering Building,warranty,Delta Computer Supplies,,,,Service contract,2025-07-01,-447,expired,application/pdf,70262,0.07,clean,t,a88277d6-7193-4856-b318-4d7fb0af2f58,Mostafa Adel,2023-07-16 00:00:00+00,2023-07-16
141aecc2-9e91-499a-8373-4c41da4fc0cc,034a8b7f-433c-4cab-b207-1fc181783f0d,AST-IT-LAPTOP-00322,053cf8f8-7366-46a9-b0bb-3f4c8b856fa5,Computer Science Department,Engineering Building,warranty,CoolAir Engineering,,,,Supplier extended cover,2028-09-21,731,covered,application/pdf,134694,0.13,clean,t,a88277d6-7193-4856-b318-4d7fb0af2f58,Mostafa Adel,2025-10-06 00:00:00+00,2025-10-06
81a0e96c-eec7-460c-b81c-69ffeb46c79c,5a891d65-f24d-4ecd-8ec3-bacb20cebf3c,AST-IT-PC-00098,053cf8f8-7366-46a9-b0bb-3f4c8b856fa5,Computer Science Department,Engineering Building,warranty,Upper Egypt Office Works,,,,Supplier extended cover,2024-07-29,-784,expired,application/pdf,234273,0.22,clean,t,a88277d6-7193-4856-b318-4d7fb0af2f58,Mostafa Adel,2021-08-13 00:00:00+00,2021-08-13
6dd7941a-fb62-49a3-a3e1-fc50731f01ee,a98f5bd9-7dda-4b45-9c3b-6e19a7e9727f,AST-IT-PC-00266,053cf8f8-7366-46a9-b0bb-3f4c8b856fa5,Computer Science Department,Engineering Building,warranty,Delta Computer Supplies,,,,Service contract,2028-03-07,533,covered,application/pdf,116075,0.11,clean,t,a88277d6-7193-4856-b318-4d7fb0af2f58,Mostafa Adel,2026-03-22 00:00:00+00,2026-03-22
8647f3e1-e1f6-448d-a4fb-0e8ef6c7f30a,1f161153-09ea-4bea-9501-621fd6755072,AST-FAC-UPS-00042,053cf8f8-7366-46a9-b0bb-3f4c8b856fa5,Computer Science Department,Engineering Building,invoice,PowerGuard Energy,PO-2022-0034,INV-2022-0576,8436.00,,,,not a warranty,application/pdf,398972,0.38,clean,t,a88277d6-7193-4856-b318-4d7fb0af2f58,Mostafa Adel,2022-11-04 00:00:00+00,2022-11-04
78e778a0-429e-4826-bb44-14f0e18e7cd6,1366efcf-9b11-4708-8821-07867e9c25c6,AST-FAC-UPS-00210,053cf8f8-7366-46a9-b0bb-3f4c8b856fa5,Computer Science Department,Engineering Building,invoice,Delta Computer Supplies,PO-2023-0023,INV-2023-0829,12768.00,,,,not a warranty,application/pdf,243131,0.23,clean,t,a88277d6-7193-4856-b318-4d7fb0af2f58,Mostafa Adel,2023-07-16 00:00:00+00,2023-07-16
962ba38f-8145-42ad-848c-44d82c5a22f5,ff96bdb1-62cb-46af-af07-46dc3cf98d7f,AST-IT-LAPTOP-00154,053cf8f8-7366-46a9-b0bb-3f4c8b856fa5,Computer Science Department,Engineering Building,invoice,Delta Computer Supplies,PO-2021-0040,INV-2021-0673,34428.00,,,,not a warranty,application/pdf,308917,0.29,clean,t,a88277d6-7193-4856-b318-4d7fb0af2f58,Mostafa Adel,2021-06-07 00:00:00+00,2021-06-07
0badb66c-dfb2-4a9a-93e0-01b3513f0b69,034a8b7f-433c-4cab-b207-1fc181783f0d,AST-IT-LAPTOP-00322,053cf8f8-7366-46a9-b0bb-3f4c8b856fa5,Computer Science Department,Engineering Building,invoice,CoolAir Engineering,PO-2025-0003,INV-2025-0658,32946.00,,,,not a warranty,application/pdf,429955,0.41,clean,t,a88277d6-7193-4856-b318-4d7fb0af2f58,Mostafa Adel,2025-10-06 00:00:00+00,2025-10-06
257fc731-d2b9-400b-968b-43936ad5cc9f,5a891d65-f24d-4ecd-8ec3-bacb20cebf3c,AST-IT-PC-00098,053cf8f8-7366-46a9-b0bb-3f4c8b856fa5,Computer Science Department,Engineering Building,invoice,Upper Egypt Office Works,PO-2021-0046,INV-2021-0778,21204.00,,,,not a warranty,application/pdf,475031,0.45,clean,t,a88277d6-7193-4856-b318-4d7fb0af2f58,Mostafa Adel,2021-08-13 00:00:00+00,2021-08-13
90fd86a5-a3c0-4000-9d45-5fff56102cfd,a98f5bd9-7dda-4b45-9c3b-6e19a7e9727f,AST-IT-PC-00266,053cf8f8-7366-46a9-b0bb-3f4c8b856fa5,Computer Science Department,Engineering Building,invoice,Delta Computer Supplies,PO-2026-0023,INV-2026-0697,25764.00,,,,not a warranty,application/pdf,444324,0.42,clean,t,a88277d6-7193-4856-b318-4d7fb0af2f58,Mostafa Adel,2026-03-22 00:00:00+00,2026-03-22
b4be8c0f-0466-4530-962b-a399e17f298e,34875e76-b807-41d4-8133-023d994186f5,AST-LAB-OSC-00334,8ef0ecc9-58c0-4c55-91e0-178f17ee7c58,Artificial Intelligence Department,AI and Data Science Building,warranty,PowerGuard Energy,,,,Manufacturer warranty,2025-07-13,-435,expired,application/pdf,135720,0.13,clean,t,a88277d6-7193-4856-b318-4d7fb0af2f58,Mostafa Adel,2023-07-28 00:00:00+00,2023-07-28
c91874dd-a7fc-47c2-af30-10566a4d801c,88a998f2-c22f-4362-9c85-3a5f273982d1,AST-FURN-CHAIR-00278,8ef0ecc9-58c0-4c55-91e0-178f17ee7c58,Artificial Intelligence Department,AI and Data Science Building,warranty,Nile Tech Systems,,,,Manufacturer warranty,2025-03-09,-561,expired,application/pdf,153301,0.15,clean,t,a88277d6-7193-4856-b318-4d7fb0af2f58,Mostafa Adel,2023-03-24 00:00:00+00,2023-03-24
0f71d4a2-0985-4d47-bc54-ba7dc41d9730,4b614724-1bd6-4d20-9a0d-9353a9280b10,AST-IT-MONITOR-00390,8ef0ecc9-58c0-4c55-91e0-178f17ee7c58,Artificial Intelligence Department,AI and Data Science Building,warranty,Delta Computer Supplies,,,,Service contract,2026-04-01,-173,expired,application/pdf,144291,0.14,clean,t,a88277d6-7193-4856-b318-4d7fb0af2f58,Mostafa Adel,2024-04-15 00:00:00+00,2024-04-15
13871de0-9692-4dbf-9184-a83d15650f61,34875e76-b807-41d4-8133-023d994186f5,AST-LAB-OSC-00334,8ef0ecc9-58c0-4c55-91e0-178f17ee7c58,Artificial Intelligence Department,AI and Data Science Building,invoice,PowerGuard Energy,PO-2023-0047,INV-2023-0194,70680.00,,,,not a warranty,application/pdf,137344,0.13,clean,t,a88277d6-7193-4856-b318-4d7fb0af2f58,Mostafa Adel,2023-07-28 00:00:00+00,2023-07-28
381169bb-be07-4b2f-8b67-e03c05894391,ab5bc906-ecb3-4539-baae-74b24206906a,AST-IT-LAPTOP-00347,8ef0ecc9-58c0-4c55-91e0-178f17ee7c58,Artificial Intelligence Department,AI and Data Science Building,invoice,CoolAir Engineering,PO-2024-0032,INV-2024-0390,35910.00,,,,not a warranty,application/pdf,396041,0.38,clean,t,a88277d6-7193-4856-b318-4d7fb0af2f58,Mostafa Adel,2024-08-22 00:00:00+00,2024-08-22
6ea856c9-2c32-49fa-8eb4-1af587359a0e,eb79ed9c-6c26-44a9-87c9-3fd848f081af,AST-IT-MONITOR-00054,8ef0ecc9-58c0-4c55-91e0-178f17ee7c58,Artificial Intelligence Department,AI and Data Science Building,invoice,Delta Computer Supplies,PO-2022-0052,INV-2022-0591,5905.20,,,,not a warranty,application/pdf,157351,0.15,clean,t,a88277d6-7193-4856-b318-4d7fb0af2f58,Mostafa Adel,2022-01-16 00:00:00+00,2022-01-16
fe7025fe-b819-4812-b19d-cce6145ab6fa,4b614724-1bd6-4d20-9a0d-9353a9280b10,AST-IT-MONITOR-00390,8ef0ecc9-58c0-4c55-91e0-178f17ee7c58,Artificial Intelligence Department,AI and Data Science Building,invoice,Delta Computer Supplies,PO-2024-0047,INV-2024-0076,4810.80,,,,not a warranty,application/pdf,128783,0.12,clean,t,a88277d6-7193-4856-b318-4d7fb0af2f58,Mostafa Adel,2024-04-15 00:00:00+00,2024-04-15
09abcbc2-0c0f-4434-8240-6e8a4eca9a43,72f2dc4f-7955-452b-a802-069fbd246bca,AST-IT-SWITCH-00020,d82f0fd6-d71d-41ff-b68c-5f4f7a3f4ea0,Finance and Procurement,Administration Building,warranty,CoolAir Engineering,,,,Service contract,2024-09-03,-748,expired,application/pdf,215121,0.21,clean,t,a88277d6-7193-4856-b318-4d7fb0af2f58,Mostafa Adel,2021-09-18 00:00:00+00,2021-09-18
eb2d8537-020a-448d-8cdd-0c7ef0c3ff70,88aa52f8-d735-4d98-9d6d-abf71c2080af,AST-IT-SWITCH-00188,d82f0fd6-d71d-41ff-b68c-5f4f7a3f4ea0,Finance and Procurement,Administration Building,warranty,Nile Tech Systems,,,,Supplier extended cover,2021-11-25,-1761,expired,application/pdf,214371,0.20,clean,t,a88277d6-7193-4856-b318-4d7fb0af2f58,Mostafa Adel,2019-12-10 00:00:00+00,2019-12-10
1131c5ed-4a43-41b3-81f4-2fd1c38227f2,86c0433f-8e2c-4945-88f5-eb61ecf775ce,AST-FURN-DESK-00132,d82f0fd6-d71d-41ff-b68c-5f4f7a3f4ea0,Finance and Procurement,Administration Building,warranty,PowerGuard Energy,,,,Manufacturer warranty,2025-09-27,-359,expired,application/pdf,106860,0.10,clean,t,a88277d6-7193-4856-b318-4d7fb0af2f58,Mostafa Adel,2023-10-12 00:00:00+00,2023-10-12
84f347fe-c749-4d8e-8d1d-ed5d94605a80,e1bf7f4c-ce10-43d5-9f59-55740d26d991,AST-FURN-DESK-00300,d82f0fd6-d71d-41ff-b68c-5f4f7a3f4ea0,Finance and Procurement,Administration Building,warranty,Delta Computer Supplies,,,,Service contract,2025-04-27,-512,expired,application/pdf,199097,0.19,clean,t,a88277d6-7193-4856-b318-4d7fb0af2f58,Mostafa Adel,2023-05-12 00:00:00+00,2023-05-12
6900cacd-570e-4dcc-b833-efd386c55c8c,a7c85299-962a-4747-881b-c1a5317dac4f,AST-IT-PC-00076,d82f0fd6-d71d-41ff-b68c-5f4f7a3f4ea0,Finance and Procurement,Administration Building,warranty,Delta Computer Supplies,,,,Service contract,2025-04-24,-515,expired,application/pdf,109213,0.10,clean,t,a88277d6-7193-4856-b318-4d7fb0af2f58,Mostafa Adel,2023-05-09 00:00:00+00,2023-05-09
a5423340-e00f-42c0-ace1-45e49fc20b6b,88aa52f8-d735-4d98-9d6d-abf71c2080af,AST-IT-SWITCH-00188,d82f0fd6-d71d-41ff-b68c-5f4f7a3f4ea0,Finance and Procurement,Administration Building,invoice,Nile Tech Systems,PO-2019-0042,INV-2019-0314,15618.00,,,,not a warranty,application/pdf,504378,0.48,clean,t,a88277d6-7193-4856-b318-4d7fb0af2f58,Mostafa Adel,2019-12-10 00:00:00+00,2019-12-10
d9da50d3-7ccc-4ad1-a46e-64e23b2d8b84,1cc709ca-b880-4b67-80ce-50f03f595673,AST-IT-SWITCH-00356,d82f0fd6-d71d-41ff-b68c-5f4f7a3f4ea0,Finance and Procurement,Administration Building,invoice,Upper Egypt Office Works,PO-2023-0003,INV-2023-0409,11970.00,,,,not a warranty,application/pdf,155049,0.15,clean,t,a88277d6-7193-4856-b318-4d7fb0af2f58,Mostafa Adel,2023-07-30 00:00:00+00,2023-07-30
af7e55da-3a86-41c9-b9a9-4ef1bde8e8fa,86c0433f-8e2c-4945-88f5-eb61ecf775ce,AST-FURN-DESK-00132,d82f0fd6-d71d-41ff-b68c-5f4f7a3f4ea0,Finance and Procurement,Administration Building,invoice,PowerGuard Energy,PO-2023-0005,INV-2023-0854,5289.60,,,,not a warranty,application/pdf,430951,0.41,clean,t,a88277d6-7193-4856-b318-4d7fb0af2f58,Mostafa Adel,2023-10-12 00:00:00+00,2023-10-12
aae2668f-f7dd-4d50-a3e3-74bc84bf9e84,e1bf7f4c-ce10-43d5-9f59-55740d26d991,AST-FURN-DESK-00300,d82f0fd6-d71d-41ff-b68c-5f4f7a3f4ea0,Finance and Procurement,Administration Building,invoice,Delta Computer Supplies,PO-2023-0023,INV-2023-0606,4400.40,,,,not a warranty,application/pdf,500162,0.48,clean,t,a88277d6-7193-4856-b318-4d7fb0af2f58,Mostafa Adel,2023-05-12 00:00:00+00,2023-05-12
45771828-ac3e-4f6a-81cb-e9c0e3dfae58,a7c85299-962a-4747-881b-c1a5317dac4f,AST-IT-PC-00076,d82f0fd6-d71d-41ff-b68c-5f4f7a3f4ea0,Finance and Procurement,Administration Building,invoice,Delta Computer Supplies,PO-2023-0021,INV-2023-0149,23028.00,,,,not a warranty,application/pdf,241814,0.23,clean,t,a88277d6-7193-4856-b318-4d7fb0af2f58,Mostafa Adel,2023-05-09 00:00:00+00,2023-05-09
9b6ae76e-57a4-432e-9cd6-5c0c7aedfee5,354fdcb6-3bbd-41f9-8a81-9e4267b24248,AST-IT-MONITOR-00199,dc26f153-404e-47f8-8034-eb07783f1c9d,Electrical Engineering Department,Engineering Building,manual,,,,,,,,not a warranty,application/pdf,1891924,1.80,clean,t,60694a33-64df-4703-bb1f-20bc3948e683,Hala Rashad,2026-09-21 12:36:10.142818+00,2026-09-21
85862b62-0ac3-49b4-9ac3-169ebae2c482,208e425b-b6b6-4230-ae64-59cb64d5691e,AST-IT-PC-00339,dc26f153-404e-47f8-8034-eb07783f1c9d,Electrical Engineering Department,Engineering Building,manual,,,,,,,,not a warranty,application/pdf,2333872,2.23,clean,t,60694a33-64df-4703-bb1f-20bc3948e683,Hala Rashad,2026-09-21 12:36:10.142818+00,2026-09-21
7cb5ce1b-dfe4-4d0b-861c-065cdef2b8e7,7107d2e4-b73a-499f-9301-7fb24da91994,AST-LAB-3DP-00143,dc26f153-404e-47f8-8034-eb07783f1c9d,Electrical Engineering Department,Engineering Building,warranty,Upper Egypt Office Works,,,,Supplier extended cover,2025-09-21,-365,expired,application/pdf,195050,0.19,clean,t,a88277d6-7193-4856-b318-4d7fb0af2f58,Mostafa Adel,2023-10-06 00:00:00+00,2023-10-06
a4173b36-e819-406e-b435-ae82e5e3f9a0,0cd380da-7e0d-4741-9dca-9231f00f845e,AST-IT-MONITOR-00008,dc26f153-404e-47f8-8034-eb07783f1c9d,Electrical Engineering Department,Engineering Building,warranty,Nile Tech Systems,,,,Service contract,2027-07-23,305,covered,application/pdf,150271,0.14,clean,t,a88277d6-7193-4856-b318-4d7fb0af2f58,Mostafa Adel,2024-08-06 00:00:00+00,2024-08-06
3a2dd486-a084-4982-ae39-5db37fdba893,70bbe4d2-7c10-4be7-bf34-781164f9f6e8,AST-IT-MONITOR-00080,dc26f153-404e-47f8-8034-eb07783f1c9d,Electrical Engineering Department,Engineering Building,warranty,PowerGuard Energy,,,,Manufacturer warranty,2023-08-02,-1146,expired,application/pdf,225659,0.22,clean,t,a88277d6-7193-4856-b318-4d7fb0af2f58,Mostafa Adel,2021-08-16 00:00:00+00,2021-08-16
cbc072c0-fb9e-4311-81b4-98f47ef6ed9a,354fdcb6-3bbd-41f9-8a81-9e4267b24248,AST-IT-MONITOR-00199,dc26f153-404e-47f8-8034-eb07783f1c9d,Electrical Engineering Department,Engineering Building,warranty,LabLine Scientific,,,,Service contract,2024-10-23,-698,expired,application/pdf,168585,0.16,clean,t,a88277d6-7193-4856-b318-4d7fb0af2f58,Mostafa Adel,2021-11-07 00:00:00+00,2021-11-07
0438b3bc-11fa-498c-9c5d-cde9d15d7abd,d255a2f3-289b-49ea-8952-48145ddd3b66,AST-IT-MONITOR-00367,dc26f153-404e-47f8-8034-eb07783f1c9d,Electrical Engineering Department,Engineering Building,warranty,Upper Egypt Office Works,,,,Supplier extended cover,2023-10-26,-1061,expired,application/pdf,203112,0.19,clean,t,a88277d6-7193-4856-b318-4d7fb0af2f58,Mostafa Adel,2021-11-09 00:00:00+00,2021-11-09
c5340d57-99b2-4a8a-955e-ef56d6d377bd,208e425b-b6b6-4230-ae64-59cb64d5691e,AST-IT-PC-00339,dc26f153-404e-47f8-8034-eb07783f1c9d,Electrical Engineering Department,Engineering Building,warranty,Nile Tech Systems,,,,Manufacturer warranty,2026-02-14,-219,expired,application/pdf,159104,0.15,clean,t,a88277d6-7193-4856-b318-4d7fb0af2f58,Mostafa Adel,2024-02-29 00:00:00+00,2024-02-29
790b594b-cab5-4fd7-bc9a-e917cbadc2d8,7107d2e4-b73a-499f-9301-7fb24da91994,AST-LAB-3DP-00143,dc26f153-404e-47f8-8034-eb07783f1c9d,Electrical Engineering Department,Engineering Building,invoice,Upper Egypt Office Works,PO-2023-0052,INV-2023-0038,36708.00,,,,not a warranty,application/pdf,372141,0.35,clean,t,a88277d6-7193-4856-b318-4d7fb0af2f58,Mostafa Adel,2023-10-06 00:00:00+00,2023-10-06
e3659065-5796-42bd-ac88-9936da3c6993,3d0a6046-1b99-4bfd-a909-61a0bce67f46,AST-LAB-3DP-00311,dc26f153-404e-47f8-8034-eb07783f1c9d,Electrical Engineering Department,Engineering Building,invoice,Delta Computer Supplies,PO-2021-0019,INV-2021-0842,44004.00,,,,not a warranty,application/pdf,215085,0.21,clean,t,a88277d6-7193-4856-b318-4d7fb0af2f58,Mostafa Adel,2021-11-15 00:00:00+00,2021-11-15
54f44559-8dc1-4fd9-97a9-3c63be4ffb49,48ad148e-78a6-4700-a3f7-ef329523d118,AST-FURN-CHAIR-00087,dc26f153-404e-47f8-8034-eb07783f1c9d,Electrical Engineering Department,Engineering Building,invoice,LabLine Scientific,PO-2023-0036,INV-2023-0840,3032.40,,,,not a warranty,application/pdf,328840,0.31,clean,t,a88277d6-7193-4856-b318-4d7fb0af2f58,Mostafa Adel,2023-11-09 00:00:00+00,2023-11-09
285e6a12-7596-4bbc-ba9b-ef30d6d192ad,faf94263-3003-43b6-8daf-84fdd8c41d87,AST-IT-MONITOR-00057,dc26f153-404e-47f8-8034-eb07783f1c9d,Electrical Engineering Department,Engineering Building,invoice,LabLine Scientific,PO-2025-0020,INV-2025-0587,4810.80,,,,not a warranty,application/pdf,424399,0.40,clean,t,a88277d6-7193-4856-b318-4d7fb0af2f58,Mostafa Adel,2025-11-25 00:00:00+00,2025-11-25
738431cc-973e-43d4-90c8-29423426a19a,0cd380da-7e0d-4741-9dca-9231f00f845e,AST-IT-MONITOR-00008,dc26f153-404e-47f8-8034-eb07783f1c9d,Electrical Engineering Department,Engineering Building,invoice,Nile Tech Systems,PO-2024-0059,INV-2024-0104,5540.40,,,,not a warranty,application/pdf,160196,0.15,clean,t,a88277d6-7193-4856-b318-4d7fb0af2f58,Mostafa Adel,2024-08-06 00:00:00+00,2024-08-06
950c23f7-dd8f-4df6-ba16-96f2168dc208,70bbe4d2-7c10-4be7-bf34-781164f9f6e8,AST-IT-MONITOR-00080,dc26f153-404e-47f8-8034-eb07783f1c9d,Electrical Engineering Department,Engineering Building,invoice,PowerGuard Energy,PO-2021-0046,INV-2021-0147,4810.80,,,,not a warranty,application/pdf,194727,0.19,clean,t,a88277d6-7193-4856-b318-4d7fb0af2f58,Mostafa Adel,2021-08-16 00:00:00+00,2021-08-16
382086e8-d910-4569-a617-6858c5625818,354fdcb6-3bbd-41f9-8a81-9e4267b24248,AST-IT-MONITOR-00199,dc26f153-404e-47f8-8034-eb07783f1c9d,Electrical Engineering Department,Engineering Building,invoice,LabLine Scientific,PO-2021-0013,INV-2021-0251,4810.80,,,,not a warranty,application/pdf,268860,0.26,clean,t,a88277d6-7193-4856-b318-4d7fb0af2f58,Mostafa Adel,2021-11-07 00:00:00+00,2021-11-07
2f7e2d3b-2740-433d-88c4-4a970aadb18a,d255a2f3-289b-49ea-8952-48145ddd3b66,AST-IT-MONITOR-00367,dc26f153-404e-47f8-8034-eb07783f1c9d,Electrical Engineering Department,Engineering Building,invoice,Upper Egypt Office Works,PO-2021-0047,INV-2021-0740,5540.40,,,,not a warranty,application/pdf,457264,0.44,clean,t,a88277d6-7193-4856-b318-4d7fb0af2f58,Mostafa Adel,2021-11-09 00:00:00+00,2021-11-09
ac351d8b-44e6-49ac-816d-233df70d501b,8ab8ac6d-3c1c-4f30-bf7e-ae7188b0849f,AST-IT-PC-00099,6f3efb5d-afd8-49c9-8c40-31084252833a,Data Science Department,AI and Data Science Building,retirement_evidence,,,,,,,,not a warranty,application/pdf,340000,0.32,clean,t,63cfd2c4-2600-45b5-8925-b1c9ff6c04ee,Hossam El-Deen,2026-09-21 12:36:10.142818+00,2026-09-21
d8e63fbe-4a67-40e6-b967-15a0b852f4e7,cf5ba2e7-6b94-4dbc-a003-1566cc9ec1d6,AST-IT-PRINTER-00043,6f3efb5d-afd8-49c9-8c40-31084252833a,Data Science Department,AI and Data Science Building,warranty,Nile Tech Systems,,,,Service contract,2027-07-10,292,covered,application/pdf,108684,0.10,clean,t,a88277d6-7193-4856-b318-4d7fb0af2f58,Mostafa Adel,2025-07-24 00:00:00+00,2025-07-24
6e110f6c-6fe7-4ba0-838f-382100336d97,bde8dd16-74c6-404d-89e8-7d957b0e0e67,AST-IT-LAPTOP-00155,6f3efb5d-afd8-49c9-8c40-31084252833a,Data Science Department,AI and Data Science Building,warranty,CoolAir Engineering,,,,Supplier extended cover,2024-08-04,-778,expired,application/pdf,133110,0.13,clean,t,a88277d6-7193-4856-b318-4d7fb0af2f58,Mostafa Adel,2022-08-19 00:00:00+00,2022-08-19
c0a238e6-24cb-4ff2-a9a7-1cba1fd3548c,15707320-cbb1-4984-a776-895049448c18,AST-IT-LAPTOP-00323,6f3efb5d-afd8-49c9-8c40-31084252833a,Data Science Department,AI and Data Science Building,warranty,Delta Computer Supplies,,,,Manufacturer warranty,2025-04-07,-532,expired,application/pdf,145459,0.14,clean,t,a88277d6-7193-4856-b318-4d7fb0af2f58,Mostafa Adel,2023-04-22 00:00:00+00,2023-04-22
2991cf2a-9205-4bfa-b70f-675900509fbc,8ab8ac6d-3c1c-4f30-bf7e-ae7188b0849f,AST-IT-PC-00099,6f3efb5d-afd8-49c9-8c40-31084252833a,Data Science Department,AI and Data Science Building,warranty,Upper Egypt Office Works,,,,Supplier extended cover,2022-11-27,-1394,expired,application/pdf,158536,0.15,clean,t,a88277d6-7193-4856-b318-4d7fb0af2f58,Mostafa Adel,2020-12-11 00:00:00+00,2020-12-11
7b994268-f172-433a-86b9-9b3e3e4549f2,2789c348-fa0b-4242-8789-eb9d461f7c3b,AST-IT-PC-00267,6f3efb5d-afd8-49c9-8c40-31084252833a,Data Science Department,AI and Data Science Building,warranty,PowerGuard Energy,,,,Supplier extended cover,2027-04-28,219,covered,application/pdf,165153,0.16,clean,t,a88277d6-7193-4856-b318-4d7fb0af2f58,Mostafa Adel,2024-05-12 00:00:00+00,2024-05-12
bcdc7c3e-7b74-4a64-9013-8e11f08fe3d1,b5bb0998-6f28-4de8-9c16-f7b0f89a8fab,AST-IT-PC-00122,6f3efb5d-afd8-49c9-8c40-31084252833a,Data Science Department,AI and Data Science Building,warranty,Delta Computer Supplies,,,,Manufacturer warranty,2027-01-22,123,covered,application/pdf,87345,0.08,clean,t,a88277d6-7193-4856-b318-4d7fb0af2f58,Mostafa Adel,2024-02-06 00:00:00+00,2024-02-06
d66fb407-849f-4a54-99e1-57e109aea877,cf5ba2e7-6b94-4dbc-a003-1566cc9ec1d6,AST-IT-PRINTER-00043,6f3efb5d-afd8-49c9-8c40-31084252833a,Data Science Department,AI and Data Science Building,invoice,Nile Tech Systems,PO-2025-0045,INV-2025-0577,12426.00,,,,not a warranty,application/pdf,346549,0.33,clean,t,a88277d6-7193-4856-b318-4d7fb0af2f58,Mostafa Adel,2025-07-24 00:00:00+00,2025-07-24
da26a825-5110-4e05-8b68-362c9dafe97a,e5c2b61b-a977-4e3c-9312-2053fe84ac7e,AST-IT-PRINTER-00379,6f3efb5d-afd8-49c9-8c40-31084252833a,Data Science Department,AI and Data Science Building,invoice,CoolAir Engineering,PO-2022-0011,INV-2022-0844,12426.00,,,,not a warranty,application/pdf,303910,0.29,clean,t,a88277d6-7193-4856-b318-4d7fb0af2f58,Mostafa Adel,2023-01-06 00:00:00+00,2023-01-06
e68b38b6-cd08-4817-80eb-d3cd9e74d71b,15707320-cbb1-4984-a776-895049448c18,AST-IT-LAPTOP-00323,6f3efb5d-afd8-49c9-8c40-31084252833a,Data Science Department,AI and Data Science Building,invoice,Delta Computer Supplies,PO-2023-0032,INV-2023-0798,28500.00,,,,not a warranty,application/pdf,425295,0.41,clean,t,a88277d6-7193-4856-b318-4d7fb0af2f58,Mostafa Adel,2023-04-22 00:00:00+00,2023-04-22
02b2ee91-ebd8-4379-93cb-06eed7cfe086,8ab8ac6d-3c1c-4f30-bf7e-ae7188b0849f,AST-IT-PC-00099,6f3efb5d-afd8-49c9-8c40-31084252833a,Data Science Department,AI and Data Science Building,invoice,Upper Egypt Office Works,PO-2020-0032,INV-2020-0265,23940.00,,,,not a warranty,application/pdf,183488,0.17,clean,t,a88277d6-7193-4856-b318-4d7fb0af2f58,Mostafa Adel,2020-12-11 00:00:00+00,2020-12-11
fe61f705-17b9-4fe8-ba60-6d87b9051102,2789c348-fa0b-4242-8789-eb9d461f7c3b,AST-IT-PC-00267,6f3efb5d-afd8-49c9-8c40-31084252833a,Data Science Department,AI and Data Science Building,invoice,PowerGuard Energy,PO-2024-0018,INV-2024-0540,24852.00,,,,not a warranty,application/pdf,492165,0.47,clean,t,a88277d6-7193-4856-b318-4d7fb0af2f58,Mostafa Adel,2024-05-12 00:00:00+00,2024-05-12
be9935a5-aebd-41cd-b28e-3aed55ebc632,4c863df2-82ce-480f-817f-dc8d6a07af09,AST-IT-MONITOR-00055,ff591628-5c79-4358-9a5b-d60833359337,Facilities Management,Administration Building,retirement_evidence,,,,,,,,not a warranty,application/pdf,340000,0.32,clean,t,63cfd2c4-2600-45b5-8925-b1c9ff6c04ee,Hossam El-Deen,2026-09-21 12:36:10.142818+00,2026-09-21
00e1fe1b-4941-4584-aa9d-03ede793956b,9abf21f5-f9b9-48a4-8041-586b3be5a122,AST-LAB-3DP-00167,ff591628-5c79-4358-9a5b-d60833359337,Facilities Management,Administration Building,warranty,Nile Tech Systems,,,,Supplier extended cover,2025-09-03,-383,expired,application/pdf,117032,0.11,clean,t,a88277d6-7193-4856-b318-4d7fb0af2f58,Mostafa Adel,2022-09-18 00:00:00+00,2022-09-18
e80fb132-a1fd-4c6d-9d79-d65dd4f4dc90,b2c3d66b-cd4d-4d43-a9c5-dc6d5d8ffcb0,AST-IT-PRINTER-00283,ff591628-5c79-4358-9a5b-d60833359337,Facilities Management,Administration Building,warranty,Upper Egypt Office Works,,,,Supplier extended cover,2027-12-13,448,covered,application/pdf,118565,0.11,clean,t,a88277d6-7193-4856-b318-4d7fb0af2f58,Mostafa Adel,2024-12-27 00:00:00+00,2024-12-27
cbff1e14-08cc-4ce4-b4a3-4267e4e62784,3960555e-67e5-4205-b407-297b45207d44,AST-FURN-CHAIR-00255,ff591628-5c79-4358-9a5b-d60833359337,Facilities Management,Administration Building,warranty,Nile Tech Systems,,,,Supplier extended cover,2021-10-13,-1804,expired,application/pdf,133145,0.13,clean,t,a88277d6-7193-4856-b318-4d7fb0af2f58,Mostafa Adel,2019-10-28 00:00:00+00,2019-10-28
7320e6dd-0357-446d-8607-8269870ae150,b98c8732-94a6-4e53-a0c3-7c4cdf9d7ee9,AST-FURN-CHAIR-00279,ff591628-5c79-4358-9a5b-d60833359337,Facilities Management,Administration Building,warranty,Nile Tech Systems,,,,Supplier extended cover,2024-04-25,-879,expired,application/pdf,204388,0.19,clean,t,a88277d6-7193-4856-b318-4d7fb0af2f58,Mostafa Adel,2022-05-10 00:00:00+00,2022-05-10
5570df0e-dd6d-4a25-afa7-7aa538c04ece,7271a00c-aaf2-46f7-8db2-61a619752ba0,AST-FURN-CHAIR-00110,ff591628-5c79-4358-9a5b-d60833359337,Facilities Management,Administration Building,warranty,Nile Tech Systems,,,,Supplier extended cover,2023-09-21,-1096,expired,application/pdf,219424,0.21,clean,t,a88277d6-7193-4856-b318-4d7fb0af2f58,Mostafa Adel,2021-10-05 00:00:00+00,2021-10-05
2fa678cc-3bd7-4d15-afb2-20de69806cfc,9abf21f5-f9b9-48a4-8041-586b3be5a122,AST-LAB-3DP-00167,ff591628-5c79-4358-9a5b-d60833359337,Facilities Management,Administration Building,invoice,Nile Tech Systems,PO-2022-0044,INV-2022-0510,36708.00,,,,not a warranty,application/pdf,252834,0.24,clean,t,a88277d6-7193-4856-b318-4d7fb0af2f58,Mostafa Adel,2022-09-18 00:00:00+00,2022-09-18
b4624fd3-98d6-4f74-a027-857731481bb6,b2c3d66b-cd4d-4d43-a9c5-dc6d5d8ffcb0,AST-IT-PRINTER-00283,ff591628-5c79-4358-9a5b-d60833359337,Facilities Management,Administration Building,invoice,Upper Egypt Office Works,PO-2024-0055,INV-2024-0831,10488.00,,,,not a warranty,application/pdf,272149,0.26,clean,t,a88277d6-7193-4856-b318-4d7fb0af2f58,Mostafa Adel,2024-12-27 00:00:00+00,2024-12-27
f135a81d-edfe-4d03-825f-944fe8c81f95,70d5fcf0-e289-4971-be31-b8f2b2de3615,AST-FURN-CHAIR-00111,ff591628-5c79-4358-9a5b-d60833359337,Facilities Management,Administration Building,invoice,Upper Egypt Office Works,PO-2024-0059,INV-2024-0174,2815.80,,,,not a warranty,application/pdf,144570,0.14,clean,t,a88277d6-7193-4856-b318-4d7fb0af2f58,Mostafa Adel,2024-10-12 00:00:00+00,2024-10-12
f39a8184-abd9-4bc5-acc9-31aad381de7f,3960555e-67e5-4205-b407-297b45207d44,AST-FURN-CHAIR-00255,ff591628-5c79-4358-9a5b-d60833359337,Facilities Management,Administration Building,invoice,Nile Tech Systems,PO-2019-0020,INV-2019-0628,2382.60,,,,not a warranty,application/pdf,178957,0.17,clean,t,a88277d6-7193-4856-b318-4d7fb0af2f58,Mostafa Adel,2019-10-28 00:00:00+00,2019-10-28
384de450-d143-4200-ad71-c5664a6da917,b98c8732-94a6-4e53-a0c3-7c4cdf9d7ee9,AST-FURN-CHAIR-00279,ff591628-5c79-4358-9a5b-d60833359337,Facilities Management,Administration Building,invoice,Nile Tech Systems,PO-2022-0009,INV-2022-0257,2166.00,,,,not a warranty,application/pdf,156742,0.15,clean,t,a88277d6-7193-4856-b318-4d7fb0af2f58,Mostafa Adel,2022-05-10 00:00:00+00,2022-05-10
95cc09c4-046b-4385-9e7b-871160a4d8f5,7271a00c-aaf2-46f7-8db2-61a619752ba0,AST-FURN-CHAIR-00110,ff591628-5c79-4358-9a5b-d60833359337,Facilities Management,Administration Building,invoice,Nile Tech Systems,PO-2021-0013,INV-2021-0412,2815.80,,,,not a warranty,application/pdf,433676,0.41,clean,t,a88277d6-7193-4856-b318-4d7fb0af2f58,Mostafa Adel,2021-10-05 00:00:00+00,2021-10-05
574ac5b5-6490-4d4d-84fd-35e15df23bda,f1d526bd-6c8e-4843-991a-a72d9b467218,AST-IT-MONITOR-00273,ff591628-5c79-4358-9a5b-d60833359337,Facilities Management,Administration Building,invoice,CoolAir Engineering,PO-2025-0015,INV-2025-0046,4810.80,,,,not a warranty,application/pdf,132748,0.13,clean,t,a88277d6-7193-4856-b318-4d7fb0af2f58,Mostafa Adel,2025-08-08 00:00:00+00,2025-08-08
60ec46bf-7615-4133-97c4-e81f6adf17dc,4c863df2-82ce-480f-817f-dc8d6a07af09,AST-IT-MONITOR-00055,ff591628-5c79-4358-9a5b-d60833359337,Facilities Management,Administration Building,invoice,Nile Tech Systems,PO-2022-0057,INV-2022-0271,5905.20,,,,not a warranty,application/pdf,249968,0.24,clean,t,a88277d6-7193-4856-b318-4d7fb0af2f58,Mostafa Adel,2022-06-19 00:00:00+00,2022-06-19
28da3a0f-0943-4fb3-9767-304932e873ab,04c8e7dc-dd09-4c2c-8722-818f6d0e1661,AST-IT-MONITOR-00223,ff591628-5c79-4358-9a5b-d60833359337,Facilities Management,Administration Building,invoice,PowerGuard Energy,PO-2025-0016,INV-2025-0129,5905.20,,,,not a warranty,application/pdf,366479,0.35,clean,t,a88277d6-7193-4856-b318-4d7fb0af2f58,Mostafa Adel,2025-10-08 00:00:00+00,2025-10-08
bee8305d-819c-4de0-a32a-d63e400226db,3d90a462-fed8-47bf-a23e-2cdeb2156e0d,AST-IT-PC-00412,ff591628-5c79-4358-9a5b-d60833359337,Facilities Management,Administration Building,invoice,CoolAir Engineering,PO-2019-0037,INV-2019-0177,24852.00,,,,not a warranty,application/pdf,255869,0.24,clean,t,a88277d6-7193-4856-b318-4d7fb0af2f58,Mostafa Adel,2020-01-02 00:00:00+00,2020-01-02
afc8d903-ef4d-422d-ae20-bcb92cfd772e,010c5824-b67f-49fd-b8d6-631b9108bc27,AST-IT-PC-00149,dc26f153-404e-47f8-8034-eb07783f1c9d,Electrical Engineering Department,Engineering Building,retirement_evidence,,,,,,,,not a warranty,application/pdf,340000,0.32,clean,t,63cfd2c4-2600-45b5-8925-b1c9ff6c04ee,Hossam El-Deen,2026-09-21 12:36:10.142818+00,2026-09-21
dea3b5b6-dcf6-4ecf-8528-fc6b26cff212,80a9c3df-bb15-4fd7-8c87-326df788dfb5,AST-FURN-DESK-00013,dc26f153-404e-47f8-8034-eb07783f1c9d,Electrical Engineering Department,Engineering Building,manual,,,,,,,,not a warranty,application/pdf,2171433,2.07,clean,t,60694a33-64df-4703-bb1f-20bc3948e683,Hala Rashad,2026-09-21 12:36:10.142818+00,2026-09-21
5ec04b12-2f5f-4b20-82ad-2866a349362b,ad70c26e-da27-4579-9127-074cce3c7399,AST-IT-PROJ-00093,dc26f153-404e-47f8-8034-eb07783f1c9d,Electrical Engineering Department,Engineering Building,warranty,PowerGuard Energy,,,,Service contract,2025-04-29,-510,expired,application/pdf,137806,0.13,clean,t,a88277d6-7193-4856-b318-4d7fb0af2f58,Mostafa Adel,2023-05-14 00:00:00+00,2023-05-14
5eebfe23-65c0-45e5-953b-bd94cce853f6,b999618a-3839-43e4-b43e-9ed94a450cda,AST-FURN-DESK-00205,dc26f153-404e-47f8-8034-eb07783f1c9d,Electrical Engineering Department,Engineering Building,warranty,LabLine Scientific,,,,Service contract,2027-05-16,237,covered,application/pdf,192755,0.18,clean,t,a88277d6-7193-4856-b318-4d7fb0af2f58,Mostafa Adel,2024-05-30 00:00:00+00,2024-05-30
fb84727f-c122-4709-b61f-4fc1971b2f46,abb6c3a1-f251-46da-ba51-4b52d59fd74c,AST-FURN-DESK-00373,dc26f153-404e-47f8-8034-eb07783f1c9d,Electrical Engineering Department,Engineering Building,warranty,LabLine Scientific,,,,Supplier extended cover,2026-05-23,-121,expired,application/pdf,198342,0.19,clean,t,a88277d6-7193-4856-b318-4d7fb0af2f58,Mostafa Adel,2023-06-07 00:00:00+00,2023-06-07
d5c4c0f4-644c-44b2-b1a6-4ba09eefec08,ac75cc82-7428-4641-bea9-532ecb63c32c,AST-IT-PC-00317,dc26f153-404e-47f8-8034-eb07783f1c9d,Electrical Engineering Department,Engineering Building,warranty,PowerGuard Energy,,,,Supplier extended cover,2021-08-29,-1849,expired,application/pdf,226291,0.22,clean,t,a88277d6-7193-4856-b318-4d7fb0af2f58,Mostafa Adel,2019-09-13 00:00:00+00,2019-09-13
c8bc6b32-9649-4633-beee-d18af1c66d9f,ad70c26e-da27-4579-9127-074cce3c7399,AST-IT-PROJ-00093,dc26f153-404e-47f8-8034-eb07783f1c9d,Electrical Engineering Department,Engineering Building,invoice,PowerGuard Energy,PO-2023-0039,INV-2023-0862,16530.00,,,,not a warranty,application/pdf,344926,0.33,clean,t,a88277d6-7193-4856-b318-4d7fb0af2f58,Mostafa Adel,2023-05-14 00:00:00+00,2023-05-14
bb729e4b-ea1d-4f0b-9eb5-f6db42159de8,80a9c3df-bb15-4fd7-8c87-326df788dfb5,AST-FURN-DESK-00013,dc26f153-404e-47f8-8034-eb07783f1c9d,Electrical Engineering Department,Engineering Building,invoice,Upper Egypt Office Works,PO-2024-0035,INV-2024-0021,4993.20,,,,not a warranty,application/pdf,407740,0.39,clean,t,a88277d6-7193-4856-b318-4d7fb0af2f58,Mostafa Adel,2024-02-13 00:00:00+00,2024-02-13
ee6ad64d-9ed5-4c45-bfc4-8ecd76abb5b4,c43aa763-01ff-49c7-ae22-3fb3366e2668,AST-FURN-DESK-00037,dc26f153-404e-47f8-8034-eb07783f1c9d,Electrical Engineering Department,Engineering Building,invoice,Upper Egypt Office Works,PO-2021-0013,INV-2021-0513,4400.40,,,,not a warranty,application/pdf,123782,0.12,clean,t,a88277d6-7193-4856-b318-4d7fb0af2f58,Mostafa Adel,2021-10-11 00:00:00+00,2021-10-11
ee3bb72c-1cda-4a58-969d-e20aca369c5e,b999618a-3839-43e4-b43e-9ed94a450cda,AST-FURN-DESK-00205,dc26f153-404e-47f8-8034-eb07783f1c9d,Electrical Engineering Department,Engineering Building,invoice,LabLine Scientific,PO-2024-0049,INV-2024-0443,4696.80,,,,not a warranty,application/pdf,189457,0.18,clean,t,a88277d6-7193-4856-b318-4d7fb0af2f58,Mostafa Adel,2024-05-30 00:00:00+00,2024-05-30
8d86d65f-026b-49c6-9d2f-d0318136d415,abb6c3a1-f251-46da-ba51-4b52d59fd74c,AST-FURN-DESK-00373,dc26f153-404e-47f8-8034-eb07783f1c9d,Electrical Engineering Department,Engineering Building,invoice,LabLine Scientific,PO-2023-0022,INV-2023-0477,4993.20,,,,not a warranty,application/pdf,178129,0.17,clean,t,a88277d6-7193-4856-b318-4d7fb0af2f58,Mostafa Adel,2023-06-07 00:00:00+00,2023-06-07
59a385a7-0d16-4bf7-9476-a98286c8b2b3,010c5824-b67f-49fd-b8d6-631b9108bc27,AST-IT-PC-00149,dc26f153-404e-47f8-8034-eb07783f1c9d,Electrical Engineering Department,Engineering Building,invoice,LabLine Scientific,PO-2021-0013,INV-2021-0714,20292.00,,,,not a warranty,application/pdf,258258,0.25,clean,t,a88277d6-7193-4856-b318-4d7fb0af2f58,Mostafa Adel,2021-12-10 00:00:00+00,2021-12-10
514965b8-106f-4fd3-9168-62cbbefcd4ba,ac75cc82-7428-4641-bea9-532ecb63c32c,AST-IT-PC-00317,dc26f153-404e-47f8-8034-eb07783f1c9d,Electrical Engineering Department,Engineering Building,invoice,PowerGuard Energy,PO-2019-0013,INV-2019-0148,20292.00,,,,not a warranty,application/pdf,487708,0.47,clean,t,a88277d6-7193-4856-b318-4d7fb0af2f58,Mostafa Adel,2019-09-13 00:00:00+00,2019-09-13
496b629d-1b26-47b7-a37c-175f08456813,eeb669d0-65f9-44b2-adbb-070e72c28d31,AST-IT-PC-00049,6f3efb5d-afd8-49c9-8c40-31084252833a,Data Science Department,AI and Data Science Building,retirement_evidence,,,,,,,,not a warranty,application/pdf,340000,0.32,clean,t,63cfd2c4-2600-45b5-8925-b1c9ff6c04ee,Hossam El-Deen,2026-09-21 12:36:10.142818+00,2026-09-21
8e6852e0-012a-4ed1-b0c7-970905a5a26f,3bccdcad-d3c7-4a4e-bf83-b90afbc63449,AST-IT-PC-00217,6f3efb5d-afd8-49c9-8c40-31084252833a,Data Science Department,AI and Data Science Building,manual,,,,,,,,not a warranty,application/pdf,3279025,3.13,clean,t,60694a33-64df-4703-bb1f-20bc3948e683,Hala Rashad,2026-09-21 12:36:10.142818+00,2026-09-21
452a4497-0bf5-4c6e-8760-e97d396f0160,c6c338df-b90f-4081-a380-6802bc2f3c0a,AST-FAC-AC-00329,6f3efb5d-afd8-49c9-8c40-31084252833a,Data Science Department,AI and Data Science Building,warranty,Upper Egypt Office Works,,,,Supplier extended cover,2025-06-22,-456,expired,application/pdf,214286,0.20,clean,t,a88277d6-7193-4856-b318-4d7fb0af2f58,Mostafa Adel,2023-07-07 00:00:00+00,2023-07-07
03c0c223-c92f-4d26-82cb-fddeaf43fcb8,c0b8349c-e0a9-4f3f-837a-b9d2777f893d,AST-IT-MONITOR-00105,6f3efb5d-afd8-49c9-8c40-31084252833a,Data Science Department,AI and Data Science Building,warranty,LabLine Scientific,,,,Supplier extended cover,2024-03-18,-917,expired,application/pdf,146565,0.14,clean,t,a88277d6-7193-4856-b318-4d7fb0af2f58,Mostafa Adel,2022-04-02 00:00:00+00,2022-04-02
3ae698e7-2cd2-4868-b152-59322340b7df,eeb669d0-65f9-44b2-adbb-070e72c28d31,AST-IT-PC-00049,6f3efb5d-afd8-49c9-8c40-31084252833a,Data Science Department,AI and Data Science Building,warranty,CoolAir Engineering,,,,Manufacturer warranty,2023-03-14,-1287,expired,application/pdf,103918,0.10,clean,t,a88277d6-7193-4856-b318-4d7fb0af2f58,Mostafa Adel,2021-03-28 00:00:00+00,2021-03-28
ae37f8d7-cff9-4014-8818-b37ed29218d2,3bccdcad-d3c7-4a4e-bf83-b90afbc63449,AST-IT-PC-00217,6f3efb5d-afd8-49c9-8c40-31084252833a,Data Science Department,AI and Data Science Building,warranty,Nile Tech Systems,,,,Service contract,2023-12-09,-1017,expired,application/pdf,124936,0.12,clean,t,a88277d6-7193-4856-b318-4d7fb0af2f58,Mostafa Adel,2020-12-23 00:00:00+00,2020-12-23
95f18db9-d0c2-4ccb-b4cf-50dd4570f4cf,eb7f1eea-5650-44c2-8ffa-c20c9becfef2,AST-IT-PC-00385,6f3efb5d-afd8-49c9-8c40-31084252833a,Data Science Department,AI and Data Science Building,warranty,Delta Computer Supplies,,,,Manufacturer warranty,2028-04-16,573,covered,application/pdf,128909,0.12,clean,t,a88277d6-7193-4856-b318-4d7fb0af2f58,Mostafa Adel,2025-05-01 00:00:00+00,2025-05-01
bf7949bc-8f2a-4358-b3d6-27b6c075a2e9,c0b8349c-e0a9-4f3f-837a-b9d2777f893d,AST-IT-MONITOR-00105,6f3efb5d-afd8-49c9-8c40-31084252833a,Data Science Department,AI and Data Science Building,invoice,LabLine Scientific,PO-2022-0046,INV-2022-0122,5175.60,,,,not a warranty,application/pdf,475574,0.45,clean,t,a88277d6-7193-4856-b318-4d7fb0af2f58,Mostafa Adel,2022-04-02 00:00:00+00,2022-04-02
d8a5fab3-b22e-4c36-9e47-5af5fcfd17ad,eeb669d0-65f9-44b2-adbb-070e72c28d31,AST-IT-PC-00049,6f3efb5d-afd8-49c9-8c40-31084252833a,Data Science Department,AI and Data Science Building,invoice,CoolAir Engineering,PO-2021-0016,INV-2021-0778,23940.00,,,,not a warranty,application/pdf,134230,0.13,clean,t,a88277d6-7193-4856-b318-4d7fb0af2f58,Mostafa Adel,2021-03-28 00:00:00+00,2021-03-28
520fd527-491d-43b5-aad0-40337cff268c,3bccdcad-d3c7-4a4e-bf83-b90afbc63449,AST-IT-PC-00217,6f3efb5d-afd8-49c9-8c40-31084252833a,Data Science Department,AI and Data Science Building,invoice,Nile Tech Systems,PO-2020-0012,INV-2020-0393,20292.00,,,,not a warranty,application/pdf,173844,0.17,clean,t,a88277d6-7193-4856-b318-4d7fb0af2f58,Mostafa Adel,2020-12-23 00:00:00+00,2020-12-23
573a8165-bb19-4620-9ead-69cc1d98a741,eb7f1eea-5650-44c2-8ffa-c20c9becfef2,AST-IT-PC-00385,6f3efb5d-afd8-49c9-8c40-31084252833a,Data Science Department,AI and Data Science Building,invoice,Delta Computer Supplies,PO-2025-0010,INV-2025-0389,21204.00,,,,not a warranty,application/pdf,388166,0.37,clean,t,a88277d6-7193-4856-b318-4d7fb0af2f58,Mostafa Adel,2025-05-01 00:00:00+00,2025-05-01
def630d8-1a91-4b42-83e4-42d93dfbe0e1,d7238598-208f-4d36-a514-45c86dd38e2c,AST-LAB-3DP-00071,ff591628-5c79-4358-9a5b-d60833359337,Facilities Management,Administration Building,retirement_evidence,,,,,,,,not a warranty,application/pdf,340000,0.32,clean,t,63cfd2c4-2600-45b5-8925-b1c9ff6c04ee,Hossam El-Deen,2026-09-21 12:36:10.142818+00,2026-09-21
c689aaea-b941-4bf7-86cd-21d4d43c56bb,6439ccdc-2d33-4bae-b07b-f6e7c4676f4d,AST-LAB-3DP-00407,ff591628-5c79-4358-9a5b-d60833359337,Facilities Management,Administration Building,manual,,,,,,,,not a warranty,application/pdf,2790882,2.66,clean,t,60694a33-64df-4703-bb1f-20bc3948e683,Hala Rashad,2026-09-21 12:36:10.142818+00,2026-09-21
7bca8582-e8c3-4a07-81a8-9e24a0a09a95,05eb72ca-3e8d-4948-9a47-910a57414fd4,AST-FURN-CHAIR-00015,ff591628-5c79-4358-9a5b-d60833359337,Facilities Management,Administration Building,manual,,,,,,,,not a warranty,application/pdf,3369277,3.21,clean,t,60694a33-64df-4703-bb1f-20bc3948e683,Hala Rashad,2026-09-21 12:36:10.142818+00,2026-09-21
8822e21a-176f-4892-9f98-050836f00034,d7238598-208f-4d36-a514-45c86dd38e2c,AST-LAB-3DP-00071,ff591628-5c79-4358-9a5b-d60833359337,Facilities Management,Administration Building,warranty,LabLine Scientific,,,,Service contract,2023-02-25,-1304,expired,application/pdf,124172,0.12,clean,t,a88277d6-7193-4856-b318-4d7fb0af2f58,Mostafa Adel,2020-03-11 00:00:00+00,2020-03-11
cf803ce6-43ae-4c8e-b72c-af86d87c9021,43c79abc-7faa-4989-96d6-f9fc1b86b0af,AST-LAB-3DP-00239,ff591628-5c79-4358-9a5b-d60833359337,Facilities Management,Administration Building,warranty,Delta Computer Supplies,,,,Manufacturer warranty,2024-05-11,-863,expired,application/pdf,107095,0.10,clean,t,a88277d6-7193-4856-b318-4d7fb0af2f58,Mostafa Adel,2022-05-26 00:00:00+00,2022-05-26
e28dff45-83e8-4d2d-b7b3-0d2133a3fa3c,6439ccdc-2d33-4bae-b07b-f6e7c4676f4d,AST-LAB-3DP-00407,ff591628-5c79-4358-9a5b-d60833359337,Facilities Management,Administration Building,warranty,LabLine Scientific,,,,Supplier extended cover,2026-08-09,-43,expired,application/pdf,158793,0.15,clean,t,a88277d6-7193-4856-b318-4d7fb0af2f58,Mostafa Adel,2024-08-23 00:00:00+00,2024-08-23
2c8fa060-d364-4bb8-9fd5-b73fa5129d7c,2a528e66-b617-4e91-a3d2-ec0f6796529d,AST-IT-PROJ-00405,ff591628-5c79-4358-9a5b-d60833359337,Facilities Management,Administration Building,warranty,Delta Computer Supplies,,,,Manufacturer warranty,2022-08-30,-1483,expired,application/pdf,182509,0.17,clean,t,a88277d6-7193-4856-b318-4d7fb0af2f58,Mostafa Adel,2019-09-14 00:00:00+00,2019-09-14
7ada3127-4e51-4f25-bd75-ac90ec45b650,05eb72ca-3e8d-4948-9a47-910a57414fd4,AST-FURN-CHAIR-00015,ff591628-5c79-4358-9a5b-d60833359337,Facilities Management,Administration Building,warranty,Delta Computer Supplies,,,,Manufacturer warranty,2026-10-11,20,expiring in 30 days,application/pdf,199538,0.19,clean,t,a88277d6-7193-4856-b318-4d7fb0af2f58,Mostafa Adel,2024-10-25 00:00:00+00,2024-10-25
70c69507-4f93-4a33-bd35-ed2022311d89,80d44a66-fecf-48d7-ae90-6be07f028ca1,AST-FURN-CHAIR-00183,ff591628-5c79-4358-9a5b-d60833359337,Facilities Management,Administration Building,warranty,CoolAir Engineering,,,,Manufacturer warranty,2026-12-19,89,expiring in 90 days,application/pdf,184602,0.18,clean,t,a88277d6-7193-4856-b318-4d7fb0af2f58,Mostafa Adel,2024-01-03 00:00:00+00,2024-01-03
258d201c-c73d-42bc-9da4-fe60cec01269,c9963b25-763f-4f60-aaf5-f07f16561a8d,AST-FURN-CHAIR-00351,ff591628-5c79-4358-9a5b-d60833359337,Facilities Management,Administration Building,warranty,CoolAir Engineering,,,,Service contract,2026-01-04,-260,expired,application/pdf,198642,0.19,clean,t,a88277d6-7193-4856-b318-4d7fb0af2f58,Mostafa Adel,2024-01-19 00:00:00+00,2024-01-19
0f8f8169-daf9-44d4-848d-8d232326f581,cfefaee4-e424-4c7a-957e-e76ccabe8504,AST-FURN-DESK-00133,ff591628-5c79-4358-9a5b-d60833359337,Facilities Management,Administration Building,warranty,CoolAir Engineering,,,,Supplier extended cover,2024-02-16,-948,expired,application/pdf,79674,0.08,clean,t,a88277d6-7193-4856-b318-4d7fb0af2f58,Mostafa Adel,2022-03-02 00:00:00+00,2022-03-02
954e5bef-e42c-4e92-b956-038ea91fc73e,4583c822-fe79-46d2-a2e8-d81a024ecca1,AST-IT-MONITOR-00295,ff591628-5c79-4358-9a5b-d60833359337,Facilities Management,Administration Building,warranty,Upper Egypt Office Works,,,,Service contract,2026-02-19,-214,expired,application/pdf,182851,0.17,clean,t,a88277d6-7193-4856-b318-4d7fb0af2f58,Mostafa Adel,2023-03-06 00:00:00+00,2023-03-06
d3f90db1-1df4-44c8-b05e-36c23a9138c9,6ee3f64c-dbc6-43bd-9038-4e46f80f61e7,AST-IT-PC-00411,ff591628-5c79-4358-9a5b-d60833359337,Facilities Management,Administration Building,warranty,PowerGuard Energy,,,,Supplier extended cover,2025-08-01,-416,expired,application/pdf,156673,0.15,clean,t,a88277d6-7193-4856-b318-4d7fb0af2f58,Mostafa Adel,2023-08-16 00:00:00+00,2023-08-16
eb75c971-75a9-4367-8622-5f3232c24ce6,d7238598-208f-4d36-a514-45c86dd38e2c,AST-LAB-3DP-00071,ff591628-5c79-4358-9a5b-d60833359337,Facilities Management,Administration Building,invoice,LabLine Scientific,PO-2020-0046,INV-2020-0316,40356.00,,,,not a warranty,application/pdf,486836,0.46,clean,t,a88277d6-7193-4856-b318-4d7fb0af2f58,Mostafa Adel,2020-03-11 00:00:00+00,2020-03-11
4062e844-a7ab-42eb-ab7f-66b8caf98db4,43c79abc-7faa-4989-96d6-f9fc1b86b0af,AST-LAB-3DP-00239,ff591628-5c79-4358-9a5b-d60833359337,Facilities Management,Administration Building,invoice,Delta Computer Supplies,PO-2022-0014,INV-2022-0851,36708.00,,,,not a warranty,application/pdf,290958,0.28,clean,t,a88277d6-7193-4856-b318-4d7fb0af2f58,Mostafa Adel,2022-05-26 00:00:00+00,2022-05-26
b2af51c1-ac08-405c-8ede-e9bf1465f10e,6439ccdc-2d33-4bae-b07b-f6e7c4676f4d,AST-LAB-3DP-00407,ff591628-5c79-4358-9a5b-d60833359337,Facilities Management,Administration Building,invoice,LabLine Scientific,PO-2024-0053,INV-2024-0383,40356.00,,,,not a warranty,application/pdf,225518,0.22,clean,t,a88277d6-7193-4856-b318-4d7fb0af2f58,Mostafa Adel,2024-08-23 00:00:00+00,2024-08-23
e123687d-4469-4a3b-96db-f42e519314c5,2a528e66-b617-4e91-a3d2-ec0f6796529d,AST-IT-PROJ-00405,ff591628-5c79-4358-9a5b-d60833359337,Facilities Management,Administration Building,invoice,Delta Computer Supplies,PO-2019-0009,INV-2019-0378,21318.00,,,,not a warranty,application/pdf,415459,0.40,clean,t,a88277d6-7193-4856-b318-4d7fb0af2f58,Mostafa Adel,2019-09-14 00:00:00+00,2019-09-14
9f11bbd2-1f29-4949-bcad-08862f3f7d3f,05eb72ca-3e8d-4948-9a47-910a57414fd4,AST-FURN-CHAIR-00015,ff591628-5c79-4358-9a5b-d60833359337,Facilities Management,Administration Building,invoice,Delta Computer Supplies,PO-2024-0008,INV-2024-0279,2599.20,,,,not a warranty,application/pdf,131973,0.13,clean,t,a88277d6-7193-4856-b318-4d7fb0af2f58,Mostafa Adel,2024-10-25 00:00:00+00,2024-10-25
1e47d0c6-d5d7-4333-98e2-50d02bbde6ef,80d44a66-fecf-48d7-ae90-6be07f028ca1,AST-FURN-CHAIR-00183,ff591628-5c79-4358-9a5b-d60833359337,Facilities Management,Administration Building,invoice,CoolAir Engineering,PO-2023-0009,INV-2023-0138,2599.20,,,,not a warranty,application/pdf,475975,0.45,clean,t,a88277d6-7193-4856-b318-4d7fb0af2f58,Mostafa Adel,2024-01-03 00:00:00+00,2024-01-03
e578d715-fffe-49e4-b3d4-b36fd0429639,cfefaee4-e424-4c7a-957e-e76ccabe8504,AST-FURN-DESK-00133,ff591628-5c79-4358-9a5b-d60833359337,Facilities Management,Administration Building,invoice,CoolAir Engineering,PO-2022-0005,INV-2022-0312,4696.80,,,,not a warranty,application/pdf,141356,0.13,clean,t,a88277d6-7193-4856-b318-4d7fb0af2f58,Mostafa Adel,2022-03-02 00:00:00+00,2022-03-02
0d35e0c2-7d73-4f79-9876-6a37838e09a5,4583c822-fe79-46d2-a2e8-d81a024ecca1,AST-IT-MONITOR-00295,ff591628-5c79-4358-9a5b-d60833359337,Facilities Management,Administration Building,invoice,Upper Egypt Office Works,PO-2023-0058,INV-2023-0544,4810.80,,,,not a warranty,application/pdf,430561,0.41,clean,t,a88277d6-7193-4856-b318-4d7fb0af2f58,Mostafa Adel,2023-03-06 00:00:00+00,2023-03-06
f8a614c1-3ca1-4ccb-a6ed-f8b630088c85,6ee3f64c-dbc6-43bd-9038-4e46f80f61e7,AST-IT-PC-00411,ff591628-5c79-4358-9a5b-d60833359337,Facilities Management,Administration Building,invoice,PowerGuard Energy,PO-2023-0019,INV-2023-0898,24852.00,,,,not a warranty,application/pdf,326875,0.31,clean,t,a88277d6-7193-4856-b318-4d7fb0af2f58,Mostafa Adel,2023-08-16 00:00:00+00,2023-08-16
5843143c-db87-4854-be22-e2874c01a6b4,3d82df37-eb31-4789-9182-1acf8c0a0d77,AST-FAC-UPS-00138,053cf8f8-7366-46a9-b0bb-3f4c8b856fa5,Computer Science Department,Engineering Building,warranty,Nile Tech Systems,,,,Supplier extended cover,2022-05-21,-1584,expired,application/pdf,226409,0.22,clean,t,a88277d6-7193-4856-b318-4d7fb0af2f58,Mostafa Adel,2020-06-04 00:00:00+00,2020-06-04
b43b260a-8aff-4a3c-9f9f-578e6b89db9d,846ab98f-982f-4fad-84db-55c6284b5870,AST-FURN-CHAIR-00135,053cf8f8-7366-46a9-b0bb-3f4c8b856fa5,Computer Science Department,Engineering Building,warranty,LabLine Scientific,,,,Supplier extended cover,2023-11-01,-1055,expired,application/pdf,135320,0.13,clean,t,a88277d6-7193-4856-b318-4d7fb0af2f58,Mostafa Adel,2020-11-15 00:00:00+00,2020-11-15
2cb57d36-87c0-4e6b-99bc-7b74d5bb03a8,41a54514-80ef-4746-a97f-53647586466a,AST-IT-LAPTOP-00250,053cf8f8-7366-46a9-b0bb-3f4c8b856fa5,Computer Science Department,Engineering Building,warranty,Nile Tech Systems,,,,Manufacturer warranty,2024-10-20,-701,expired,application/pdf,108388,0.10,clean,t,a88277d6-7193-4856-b318-4d7fb0af2f58,Mostafa Adel,2022-11-04 00:00:00+00,2022-11-04
4b0e5779-f6ad-4d8e-ba9c-a2aed79d4f24,8c923525-b653-4851-a2f4-3fb498911b7d,AST-IT-LAPTOP-00418,053cf8f8-7366-46a9-b0bb-3f4c8b856fa5,Computer Science Department,Engineering Building,warranty,PowerGuard Energy,,,,Service contract,2025-03-26,-544,expired,application/pdf,200814,0.19,clean,t,a88277d6-7193-4856-b318-4d7fb0af2f58,Mostafa Adel,2023-04-10 00:00:00+00,2023-04-10
d39f1737-3047-48fc-be44-69deec517e8d,4f23bdf5-5666-4522-8c7b-e7d426485139,AST-IT-PC-00026,053cf8f8-7366-46a9-b0bb-3f4c8b856fa5,Computer Science Department,Engineering Building,warranty,PowerGuard Energy,,,,Supplier extended cover,2025-09-24,-362,expired,application/pdf,87207,0.08,clean,t,a88277d6-7193-4856-b318-4d7fb0af2f58,Mostafa Adel,2023-10-09 00:00:00+00,2023-10-09
e781cf68-a96f-43b8-9973-bbafb3b1c238,3d82df37-eb31-4789-9182-1acf8c0a0d77,AST-FAC-UPS-00138,053cf8f8-7366-46a9-b0bb-3f4c8b856fa5,Computer Science Department,Engineering Building,invoice,Nile Tech Systems,PO-2020-0046,INV-2020-0082,11685.00,,,,not a warranty,application/pdf,485743,0.46,clean,t,a88277d6-7193-4856-b318-4d7fb0af2f58,Mostafa Adel,2020-06-04 00:00:00+00,2020-06-04
1fb2cd3d-c159-47cc-b7f9-f44ef0229efd,a4d012bc-5210-436e-b313-d524ce50eec4,AST-FAC-UPS-00306,053cf8f8-7366-46a9-b0bb-3f4c8b856fa5,Computer Science Department,Engineering Building,invoice,Delta Computer Supplies,PO-2020-0016,INV-2020-0091,8436.00,,,,not a warranty,application/pdf,310226,0.30,clean,t,a88277d6-7193-4856-b318-4d7fb0af2f58,Mostafa Adel,2020-03-16 00:00:00+00,2020-03-16
eb319728-33ce-45b1-8df4-322e920f8044,846ab98f-982f-4fad-84db-55c6284b5870,AST-FURN-CHAIR-00135,053cf8f8-7366-46a9-b0bb-3f4c8b856fa5,Computer Science Department,Engineering Building,invoice,LabLine Scientific,PO-2020-0046,INV-2020-0177,2166.00,,,,not a warranty,application/pdf,236487,0.23,clean,t,a88277d6-7193-4856-b318-4d7fb0af2f58,Mostafa Adel,2020-11-15 00:00:00+00,2020-11-15
388a0b2f-a578-47b3-8b87-1b49ebb78247,8c923525-b653-4851-a2f4-3fb498911b7d,AST-IT-LAPTOP-00418,053cf8f8-7366-46a9-b0bb-3f4c8b856fa5,Computer Science Department,Engineering Building,invoice,PowerGuard Energy,PO-2023-0028,INV-2023-0380,28500.00,,,,not a warranty,application/pdf,219277,0.21,clean,t,a88277d6-7193-4856-b318-4d7fb0af2f58,Mostafa Adel,2023-04-10 00:00:00+00,2023-04-10
52b4bc85-f4fe-42d7-83ae-4ae31746a88b,4f23bdf5-5666-4522-8c7b-e7d426485139,AST-IT-PC-00026,053cf8f8-7366-46a9-b0bb-3f4c8b856fa5,Computer Science Department,Engineering Building,invoice,PowerGuard Energy,PO-2023-0028,INV-2023-0255,23940.00,,,,not a warranty,application/pdf,474510,0.45,clean,t,a88277d6-7193-4856-b318-4d7fb0af2f58,Mostafa Adel,2023-10-09 00:00:00+00,2023-10-09
6619f6e3-8110-4671-8f86-ee0e36812ee8,20efad78-2835-4974-9408-2a257bb2d775,AST-IT-PC-00362,053cf8f8-7366-46a9-b0bb-3f4c8b856fa5,Computer Science Department,Engineering Building,invoice,Delta Computer Supplies,PO-2022-0048,INV-2022-0756,20292.00,,,,not a warranty,application/pdf,178131,0.17,clean,t,a88277d6-7193-4856-b318-4d7fb0af2f58,Mostafa Adel,2022-09-29 00:00:00+00,2022-09-29
19459f23-9a78-472e-b3c5-f2811c7eaf3e,049ab4bb-2152-4230-9491-51e3308b7789,AST-FURN-CHAIR-00374,8ef0ecc9-58c0-4c55-91e0-178f17ee7c58,Artificial Intelligence Department,AI and Data Science Building,manual,,,,,,,,not a warranty,application/pdf,2891311,2.76,clean,t,60694a33-64df-4703-bb1f-20bc3948e683,Hala Rashad,2026-09-21 12:36:10.142818+00,2026-09-21
cb038a58-948f-49e2-b66c-f8acb17e38dc,05e4cda7-5c0e-42e9-ad92-ce1ccf7dfdd7,AST-LAB-OSC-00094,8ef0ecc9-58c0-4c55-91e0-178f17ee7c58,Artificial Intelligence Department,AI and Data Science Building,warranty,CoolAir Engineering,,,,Supplier extended cover,2022-06-20,-1554,expired,application/pdf,207110,0.20,clean,t,a88277d6-7193-4856-b318-4d7fb0af2f58,Mostafa Adel,2020-07-04 00:00:00+00,2020-07-04
5e0a3d30-4664-4656-9d8f-600e364e90ac,990ecb0c-2eaa-4c55-9c68-1e42588d4bf3,AST-FURN-CHAIR-00206,8ef0ecc9-58c0-4c55-91e0-178f17ee7c58,Artificial Intelligence Department,AI and Data Science Building,warranty,CoolAir Engineering,,,,Manufacturer warranty,2026-05-27,-117,expired,application/pdf,183052,0.17,clean,t,a88277d6-7193-4856-b318-4d7fb0af2f58,Mostafa Adel,2024-06-10 00:00:00+00,2024-06-10
38003a57-f23c-4ed5-a199-68ab62566732,8b894a48-f7a5-48c0-b378-441c6254db45,AST-IT-MONITOR-00150,8ef0ecc9-58c0-4c55-91e0-178f17ee7c58,Artificial Intelligence Department,AI and Data Science Building,warranty,PowerGuard Energy,,,,Service contract,2027-09-15,359,covered,application/pdf,72499,0.07,clean,t,a88277d6-7193-4856-b318-4d7fb0af2f58,Mostafa Adel,2024-09-29 00:00:00+00,2024-09-29
b1450824-d856-4b0f-8fde-6a84515b552b,05e4cda7-5c0e-42e9-ad92-ce1ccf7dfdd7,AST-LAB-OSC-00094,8ef0ecc9-58c0-4c55-91e0-178f17ee7c58,Artificial Intelligence Department,AI and Data Science Building,invoice,CoolAir Engineering,PO-2020-0010,INV-2020-0319,92340.00,,,,not a warranty,application/pdf,451669,0.43,clean,t,a88277d6-7193-4856-b318-4d7fb0af2f58,Mostafa Adel,2020-07-04 00:00:00+00,2020-07-04
b6006f96-14d2-46eb-a76a-1750a2dc6578,cde48c12-3a09-4ca8-a061-50fc175bfb86,AST-LAB-OSC-00262,8ef0ecc9-58c0-4c55-91e0-178f17ee7c58,Artificial Intelligence Department,AI and Data Science Building,invoice,Delta Computer Supplies,PO-2022-0045,INV-2022-0408,70680.00,,,,not a warranty,application/pdf,257144,0.25,clean,t,a88277d6-7193-4856-b318-4d7fb0af2f58,Mostafa Adel,2022-01-17 00:00:00+00,2022-01-17
8d7aedee-b5f4-4109-a8f2-10bee556fec3,d63c515a-26b3-4b01-aa87-def4c27b824b,AST-FURN-CHAIR-00038,8ef0ecc9-58c0-4c55-91e0-178f17ee7c58,Artificial Intelligence Department,AI and Data Science Building,invoice,Delta Computer Supplies,PO-2022-0005,INV-2022-0626,2166.00,,,,not a warranty,application/pdf,287703,0.27,clean,t,a88277d6-7193-4856-b318-4d7fb0af2f58,Mostafa Adel,2022-08-18 00:00:00+00,2022-08-18
8f737038-4003-4b71-be8c-f856d3eb98af,990ecb0c-2eaa-4c55-9c68-1e42588d4bf3,AST-FURN-CHAIR-00206,8ef0ecc9-58c0-4c55-91e0-178f17ee7c58,Artificial Intelligence Department,AI and Data Science Building,invoice,CoolAir Engineering,PO-2024-0035,INV-2024-0725,2815.80,,,,not a warranty,application/pdf,443671,0.42,clean,t,a88277d6-7193-4856-b318-4d7fb0af2f58,Mostafa Adel,2024-06-10 00:00:00+00,2024-06-10
4b9d7117-6c25-4f62-8a1a-879b2ceaf1dd,049ab4bb-2152-4230-9491-51e3308b7789,AST-FURN-CHAIR-00374,8ef0ecc9-58c0-4c55-91e0-178f17ee7c58,Artificial Intelligence Department,AI and Data Science Building,invoice,LabLine Scientific,PO-2025-0007,INV-2025-0533,3032.40,,,,not a warranty,application/pdf,364438,0.35,clean,t,a88277d6-7193-4856-b318-4d7fb0af2f58,Mostafa Adel,2025-07-07 00:00:00+00,2025-07-07
f4405563-a4eb-4751-811b-d58a00bc662b,8b894a48-f7a5-48c0-b378-441c6254db45,AST-IT-MONITOR-00150,8ef0ecc9-58c0-4c55-91e0-178f17ee7c58,Artificial Intelligence Department,AI and Data Science Building,invoice,PowerGuard Energy,PO-2024-0022,INV-2024-0718,5540.40,,,,not a warranty,application/pdf,434951,0.41,clean,t,a88277d6-7193-4856-b318-4d7fb0af2f58,Mostafa Adel,2024-09-29 00:00:00+00,2024-09-29
ffe9c5ca-68fd-48d8-8eba-42a26e262902,5094c415-bfc6-4ad7-97eb-9ee6e1da6df2,AST-FAC-UPS-00162,d82f0fd6-d71d-41ff-b68c-5f4f7a3f4ea0,Finance and Procurement,Administration Building,manual,,,,,,,,not a warranty,application/pdf,3198665,3.05,clean,t,60694a33-64df-4703-bb1f-20bc3948e683,Hala Rashad,2026-09-21 12:36:10.142818+00,2026-09-21
746a9bfc-c04e-48f3-9888-360dcf439337,99cb7ad9-b2b7-451a-9134-e0d7c92449f6,AST-IT-LAPTOP-00274,d82f0fd6-d71d-41ff-b68c-5f4f7a3f4ea0,Finance and Procurement,Administration Building,warranty,Upper Egypt Office Works,,,,Service contract,2026-07-05,-78,expired,application/pdf,130500,0.12,clean,t,a88277d6-7193-4856-b318-4d7fb0af2f58,Mostafa Adel,2023-07-20 00:00:00+00,2023-07-20
0dd72ce1-37cb-47ba-9554-306a7a44a583,758966bb-b2e9-424e-ab0b-e43c40d38a27,AST-IT-PC-00050,d82f0fd6-d71d-41ff-b68c-5f4f7a3f4ea0,Finance and Procurement,Administration Building,warranty,LabLine Scientific,,,,Supplier extended cover,2027-09-06,350,covered,application/pdf,139660,0.13,clean,t,a88277d6-7193-4856-b318-4d7fb0af2f58,Mostafa Adel,2024-09-20 00:00:00+00,2024-09-20
3b52f116-f32e-4ec1-a147-2667609063f0,2d5bc2c7-dc50-40fc-913c-4556668916c1,AST-IT-PC-00218,d82f0fd6-d71d-41ff-b68c-5f4f7a3f4ea0,Finance and Procurement,Administration Building,warranty,Nile Tech Systems,,,,Supplier extended cover,2027-07-04,286,covered,application/pdf,181292,0.17,clean,t,a88277d6-7193-4856-b318-4d7fb0af2f58,Mostafa Adel,2024-07-18 00:00:00+00,2024-07-18
f8a801ff-53b6-4dbd-9eba-669601c1bd21,662ca9de-7142-4aa3-a70f-9dd08da5988e,AST-IT-PC-00386,d82f0fd6-d71d-41ff-b68c-5f4f7a3f4ea0,Finance and Procurement,Administration Building,warranty,Delta Computer Supplies,,,,Supplier extended cover,2028-11-22,793,covered,application/pdf,77223,0.07,clean,t,a88277d6-7193-4856-b318-4d7fb0af2f58,Mostafa Adel,2025-12-07 00:00:00+00,2025-12-07
ea59c59b-93af-4a0b-83c5-cf9830065756,88bab730-e065-4622-ae76-1cfd1f3662dd,AST-FAC-UPS-00330,d82f0fd6-d71d-41ff-b68c-5f4f7a3f4ea0,Finance and Procurement,Administration Building,invoice,Upper Egypt Office Works,PO-2020-0044,INV-2020-0542,8436.00,,,,not a warranty,application/pdf,435278,0.42,clean,t,a88277d6-7193-4856-b318-4d7fb0af2f58,Mostafa Adel,2020-08-01 00:00:00+00,2020-08-01
2f725765-485b-4525-a852-1783fce2d3c9,23d8e810-f123-417e-ac55-fb506dc961e4,AST-IT-LAPTOP-00106,d82f0fd6-d71d-41ff-b68c-5f4f7a3f4ea0,Finance and Procurement,Administration Building,invoice,LabLine Scientific,PO-2019-0036,INV-2019-0484,32946.00,,,,not a warranty,application/pdf,486642,0.46,clean,t,a88277d6-7193-4856-b318-4d7fb0af2f58,Mostafa Adel,2019-10-18 00:00:00+00,2019-10-18
68d5fd04-4985-40f6-a25b-4d3aa740706f,758966bb-b2e9-424e-ab0b-e43c40d38a27,AST-IT-PC-00050,d82f0fd6-d71d-41ff-b68c-5f4f7a3f4ea0,Finance and Procurement,Administration Building,invoice,LabLine Scientific,PO-2024-0007,INV-2024-0653,19380.00,,,,not a warranty,application/pdf,304164,0.29,clean,t,a88277d6-7193-4856-b318-4d7fb0af2f58,Mostafa Adel,2024-09-20 00:00:00+00,2024-09-20
aed83861-0ac2-420b-b211-f3c40ae04c6e,662ca9de-7142-4aa3-a70f-9dd08da5988e,AST-IT-PC-00386,d82f0fd6-d71d-41ff-b68c-5f4f7a3f4ea0,Finance and Procurement,Administration Building,invoice,Delta Computer Supplies,PO-2025-0042,INV-2025-0541,21204.00,,,,not a warranty,application/pdf,482441,0.46,clean,t,a88277d6-7193-4856-b318-4d7fb0af2f58,Mostafa Adel,2025-12-07 00:00:00+00,2025-12-07
48da8a15-4edf-41c0-bb78-c6f2a396bc91,236e3ef4-e754-43cc-870e-6a4f396f8ffb,AST-FURN-CAB-00256,053cf8f8-7366-46a9-b0bb-3f4c8b856fa5,Computer Science Department,Engineering Building,retirement_evidence,,,,,,,,not a warranty,application/pdf,340000,0.32,clean,t,63cfd2c4-2600-45b5-8925-b1c9ff6c04ee,Hossam El-Deen,2026-09-21 12:36:10.142818+00,2026-09-21
9c6ce807-e2c3-4a10-8eee-71b7a7bfb229,236e3ef4-e754-43cc-870e-6a4f396f8ffb,AST-FURN-CAB-00256,053cf8f8-7366-46a9-b0bb-3f4c8b856fa5,Computer Science Department,Engineering Building,warranty,PowerGuard Energy,,,,Supplier extended cover,2022-09-13,-1469,expired,application/pdf,239758,0.23,clean,t,a88277d6-7193-4856-b318-4d7fb0af2f58,Mostafa Adel,2019-09-28 00:00:00+00,2019-09-28
dbf683c3-4d8a-4b92-a677-bea632a10236,adf83cf1-86a1-4704-ae53-7954a12191ad,AST-IT-MONITOR-00032,053cf8f8-7366-46a9-b0bb-3f4c8b856fa5,Computer Science Department,Engineering Building,warranty,Delta Computer Supplies,,,,Supplier extended cover,2027-09-25,369,covered,application/pdf,217383,0.21,clean,t,a88277d6-7193-4856-b318-4d7fb0af2f58,Mostafa Adel,2025-10-09 00:00:00+00,2025-10-09
cb34dadb-d262-46e3-9638-a5e07d8d2b16,78fee29f-1ab3-481f-a56e-48e8d3c88c9b,AST-IT-MONITOR-00200,053cf8f8-7366-46a9-b0bb-3f4c8b856fa5,Computer Science Department,Engineering Building,warranty,Upper Egypt Office Works,,,,Service contract,2023-10-19,-1068,expired,application/pdf,92299,0.09,clean,t,a88277d6-7193-4856-b318-4d7fb0af2f58,Mostafa Adel,2020-11-02 00:00:00+00,2020-11-02
1c832ee8-0add-4a27-b54f-1a3cb070b8a7,780d5016-e349-4058-9e86-3624c70718da,AST-IT-MONITOR-00368,053cf8f8-7366-46a9-b0bb-3f4c8b856fa5,Computer Science Department,Engineering Building,warranty,CoolAir Engineering,,,,Service contract,2023-09-04,-1113,expired,application/pdf,157938,0.15,clean,t,a88277d6-7193-4856-b318-4d7fb0af2f58,Mostafa Adel,2021-09-18 00:00:00+00,2021-09-18
e7527543-d42a-4808-83d4-64d35f9ee543,705c5a2b-c805-4e10-a24e-21003aea575a,AST-IT-PC-00074,053cf8f8-7366-46a9-b0bb-3f4c8b856fa5,Computer Science Department,Engineering Building,warranty,Upper Egypt Office Works,,,,Supplier extended cover,2021-12-31,-1725,expired,application/pdf,83196,0.08,clean,t,a88277d6-7193-4856-b318-4d7fb0af2f58,Mostafa Adel,2020-01-15 00:00:00+00,2020-01-15
f0c7b187-58bb-42e3-b5fe-f6b327f11e3f,e831ff11-fd59-4d48-b375-c4e0f4c5617a,AST-IT-PC-00144,053cf8f8-7366-46a9-b0bb-3f4c8b856fa5,Computer Science Department,Engineering Building,warranty,Delta Computer Supplies,,,,Supplier extended cover,2028-10-01,741,covered,application/pdf,101314,0.10,clean,t,a88277d6-7193-4856-b318-4d7fb0af2f58,Mostafa Adel,2025-10-16 00:00:00+00,2025-10-16
69bc2d51-b5f1-40b8-b77a-3eb817e8d8cb,681b7608-e7f4-4112-b55c-bcfd12e19951,AST-FURN-CAB-00088,053cf8f8-7366-46a9-b0bb-3f4c8b856fa5,Computer Science Department,Engineering Building,invoice,PowerGuard Energy,PO-2022-0050,INV-2022-0890,3442.80,,,,not a warranty,application/pdf,186651,0.18,clean,t,a88277d6-7193-4856-b318-4d7fb0af2f58,Mostafa Adel,2022-06-27 00:00:00+00,2022-06-27
213f1ac1-87d7-4e1f-a415-58e3294e3976,5b8d0c64-483b-4314-99b9-b7b2bd631d03,AST-FURN-CHAIR-00254,053cf8f8-7366-46a9-b0bb-3f4c8b856fa5,Computer Science Department,Engineering Building,invoice,Nile Tech Systems,PO-2025-0012,INV-2025-0588,2815.80,,,,not a warranty,application/pdf,448620,0.43,clean,t,a88277d6-7193-4856-b318-4d7fb0af2f58,Mostafa Adel,2025-12-28 00:00:00+00,2025-12-28
6a9cd389-1459-426b-8768-961656b86868,adf83cf1-86a1-4704-ae53-7954a12191ad,AST-IT-MONITOR-00032,053cf8f8-7366-46a9-b0bb-3f4c8b856fa5,Computer Science Department,Engineering Building,invoice,Delta Computer Supplies,PO-2025-0057,INV-2025-0891,5540.40,,,,not a warranty,application/pdf,285948,0.27,clean,t,a88277d6-7193-4856-b318-4d7fb0af2f58,Mostafa Adel,2025-10-09 00:00:00+00,2025-10-09
91a53060-c8c5-4693-84dd-ae04f09c98ae,78fee29f-1ab3-481f-a56e-48e8d3c88c9b,AST-IT-MONITOR-00200,053cf8f8-7366-46a9-b0bb-3f4c8b856fa5,Computer Science Department,Engineering Building,invoice,Upper Egypt Office Works,PO-2020-0057,INV-2020-0830,4810.80,,,,not a warranty,application/pdf,399801,0.38,clean,t,a88277d6-7193-4856-b318-4d7fb0af2f58,Mostafa Adel,2020-11-02 00:00:00+00,2020-11-02
9f02690b-653c-451d-82f2-428b01c80936,705c5a2b-c805-4e10-a24e-21003aea575a,AST-IT-PC-00074,053cf8f8-7366-46a9-b0bb-3f4c8b856fa5,Computer Science Department,Engineering Building,invoice,Upper Egypt Office Works,PO-2020-0051,INV-2020-0502,23940.00,,,,not a warranty,application/pdf,441404,0.42,clean,t,a88277d6-7193-4856-b318-4d7fb0af2f58,Mostafa Adel,2020-01-15 00:00:00+00,2020-01-15
66c4afb0-c2cc-47f5-9155-08fd2df5d361,e831ff11-fd59-4d48-b375-c4e0f4c5617a,AST-IT-PC-00144,053cf8f8-7366-46a9-b0bb-3f4c8b856fa5,Computer Science Department,Engineering Building,invoice,Delta Computer Supplies,PO-2025-0014,INV-2025-0080,21204.00,,,,not a warranty,application/pdf,514774,0.49,clean,t,a88277d6-7193-4856-b318-4d7fb0af2f58,Mostafa Adel,2025-10-16 00:00:00+00,2025-10-16
cad3a797-f817-4350-a302-6f40c933a8db,93876c21-0c9e-49a9-a24a-11e0cd8433fa,AST-FURN-DESK-00156,8ef0ecc9-58c0-4c55-91e0-178f17ee7c58,Artificial Intelligence Department,AI and Data Science Building,manual,,,,,,,,not a warranty,application/pdf,3047211,2.91,clean,t,60694a33-64df-4703-bb1f-20bc3948e683,Hala Rashad,2026-09-21 12:36:10.142818+00,2026-09-21
cb635da4-93d2-48cc-9629-87f822cf2ab2,3dbc67c6-5c4d-429b-b3c0-77fe16988f3e,AST-IT-SWITCH-00044,8ef0ecc9-58c0-4c55-91e0-178f17ee7c58,Artificial Intelligence Department,AI and Data Science Building,warranty,Nile Tech Systems,,,,Service contract,2027-01-04,105,covered,application/pdf,71912,0.07,clean,t,a88277d6-7193-4856-b318-4d7fb0af2f58,Mostafa Adel,2024-01-19 00:00:00+00,2024-01-19
f9f546ef-1a02-4dd1-abb9-993d0dc92b93,00467cc1-0ce5-4719-920d-17bb7fc50ded,AST-IT-SWITCH-00212,8ef0ecc9-58c0-4c55-91e0-178f17ee7c58,Artificial Intelligence Department,AI and Data Science Building,warranty,LabLine Scientific,,,,Supplier extended cover,2022-04-19,-1616,expired,application/pdf,149044,0.14,clean,t,a88277d6-7193-4856-b318-4d7fb0af2f58,Mostafa Adel,2020-05-03 00:00:00+00,2020-05-03
aa4e879c-16ea-4ab4-89d5-f549ca15a6db,f1454554-d325-4d7d-991d-befe1b8f2ea7,AST-IT-PRINTER-00115,8ef0ecc9-58c0-4c55-91e0-178f17ee7c58,Artificial Intelligence Department,AI and Data Science Building,warranty,PowerGuard Energy,,,,Service contract,2027-08-06,319,covered,application/pdf,239512,0.23,clean,t,a88277d6-7193-4856-b318-4d7fb0af2f58,Mostafa Adel,2025-08-20 00:00:00+00,2025-08-20
08032f06-3ba1-4120-bf78-20f7c5c82d97,3f9432fa-7e81-4556-9d2c-124f5477fa22,AST-FAC-AC-00161,8ef0ecc9-58c0-4c55-91e0-178f17ee7c58,Artificial Intelligence Department,AI and Data Science Building,warranty,CoolAir Engineering,,,,Manufacturer warranty,2025-11-26,-299,expired,application/pdf,85511,0.08,clean,t,a88277d6-7193-4856-b318-4d7fb0af2f58,Mostafa Adel,2022-12-11 00:00:00+00,2022-12-11
9e66bc51-9c79-48e4-85f3-4ea63d7b6f52,93876c21-0c9e-49a9-a24a-11e0cd8433fa,AST-FURN-DESK-00156,8ef0ecc9-58c0-4c55-91e0-178f17ee7c58,Artificial Intelligence Department,AI and Data Science Building,warranty,Upper Egypt Office Works,,,,Supplier extended cover,2027-08-15,328,covered,application/pdf,72030,0.07,clean,t,a88277d6-7193-4856-b318-4d7fb0af2f58,Mostafa Adel,2024-08-29 00:00:00+00,2024-08-29
05fd5dcb-2890-4316-b485-82d9f2a54e99,47b98c8a-75a2-4a6b-bdee-42b3794b60f2,AST-FURN-DESK-00324,8ef0ecc9-58c0-4c55-91e0-178f17ee7c58,Artificial Intelligence Department,AI and Data Science Building,warranty,Delta Computer Supplies,,,,Manufacturer warranty,2027-06-21,273,covered,application/pdf,171581,0.16,clean,t,a88277d6-7193-4856-b318-4d7fb0af2f58,Mostafa Adel,2024-07-05 00:00:00+00,2024-07-05
953fb5be-1933-4fd6-a5ff-f096bec36f04,251bed42-7dd7-48e3-a3f9-dfb761afc8ed,AST-IT-PC-00100,8ef0ecc9-58c0-4c55-91e0-178f17ee7c58,Artificial Intelligence Department,AI and Data Science Building,warranty,CoolAir Engineering,,,,Supplier extended cover,2023-01-08,-1352,expired,application/pdf,205987,0.20,clean,t,a88277d6-7193-4856-b318-4d7fb0af2f58,Mostafa Adel,2021-01-22 00:00:00+00,2021-01-22
98daae2e-f768-4bbc-9292-06bd6f68bfea,aecdd574-5cba-40f2-9e7e-6d54fb7c510c,AST-IT-PC-00312,8ef0ecc9-58c0-4c55-91e0-178f17ee7c58,Artificial Intelligence Department,AI and Data Science Building,warranty,PowerGuard Energy,,,,Manufacturer warranty,2026-12-09,79,expiring in 90 days,application/pdf,152271,0.15,clean,t,a88277d6-7193-4856-b318-4d7fb0af2f58,Mostafa Adel,2023-12-24 00:00:00+00,2023-12-24
f8f6c75a-fccc-48f8-b35b-e7bb79d60312,3dbc67c6-5c4d-429b-b3c0-77fe16988f3e,AST-IT-SWITCH-00044,8ef0ecc9-58c0-4c55-91e0-178f17ee7c58,Artificial Intelligence Department,AI and Data Science Building,invoice,Nile Tech Systems,PO-2024-0013,INV-2024-0490,17442.00,,,,not a warranty,application/pdf,289397,0.28,clean,t,a88277d6-7193-4856-b318-4d7fb0af2f58,Mostafa Adel,2024-01-19 00:00:00+00,2024-01-19
5b4a8baa-3848-4342-b7c1-74eff33a7dd3,00467cc1-0ce5-4719-920d-17bb7fc50ded,AST-IT-SWITCH-00212,8ef0ecc9-58c0-4c55-91e0-178f17ee7c58,Artificial Intelligence Department,AI and Data Science Building,invoice,LabLine Scientific,PO-2020-0039,INV-2020-0160,11970.00,,,,not a warranty,application/pdf,464192,0.44,clean,t,a88277d6-7193-4856-b318-4d7fb0af2f58,Mostafa Adel,2020-05-03 00:00:00+00,2020-05-03
0f520726-9f56-452b-b8cb-6161bb53e8a0,f1454554-d325-4d7d-991d-befe1b8f2ea7,AST-IT-PRINTER-00115,8ef0ecc9-58c0-4c55-91e0-178f17ee7c58,Artificial Intelligence Department,AI and Data Science Building,invoice,PowerGuard Energy,PO-2025-0031,INV-2025-0232,10488.00,,,,not a warranty,application/pdf,415377,0.40,clean,t,a88277d6-7193-4856-b318-4d7fb0af2f58,Mostafa Adel,2025-08-20 00:00:00+00,2025-08-20
403617a8-2d98-4119-a311-d8b63e5cfd38,3f9432fa-7e81-4556-9d2c-124f5477fa22,AST-FAC-AC-00161,8ef0ecc9-58c0-4c55-91e0-178f17ee7c58,Artificial Intelligence Department,AI and Data Science Building,invoice,CoolAir Engineering,PO-2022-0020,INV-2022-0855,23940.00,,,,not a warranty,application/pdf,244021,0.23,clean,t,a88277d6-7193-4856-b318-4d7fb0af2f58,Mostafa Adel,2022-12-11 00:00:00+00,2022-12-11
1cd8152e-a67b-4ec1-940b-ed16ac64e498,93876c21-0c9e-49a9-a24a-11e0cd8433fa,AST-FURN-DESK-00156,8ef0ecc9-58c0-4c55-91e0-178f17ee7c58,Artificial Intelligence Department,AI and Data Science Building,invoice,Upper Egypt Office Works,PO-2024-0023,INV-2024-0224,5289.60,,,,not a warranty,application/pdf,495060,0.47,clean,t,a88277d6-7193-4856-b318-4d7fb0af2f58,Mostafa Adel,2024-08-29 00:00:00+00,2024-08-29
6b1e8876-9df0-479a-98ee-32216774be1f,47b98c8a-75a2-4a6b-bdee-42b3794b60f2,AST-FURN-DESK-00324,8ef0ecc9-58c0-4c55-91e0-178f17ee7c58,Artificial Intelligence Department,AI and Data Science Building,invoice,Delta Computer Supplies,PO-2024-0031,INV-2024-0321,4400.40,,,,not a warranty,application/pdf,242801,0.23,clean,t,a88277d6-7193-4856-b318-4d7fb0af2f58,Mostafa Adel,2024-07-05 00:00:00+00,2024-07-05
cba6ba72-4597-4b55-b20d-ae71e50d52cd,467e9c3f-f4d6-4e94-8754-103c91accc9f,AST-IT-PC-00268,8ef0ecc9-58c0-4c55-91e0-178f17ee7c58,Artificial Intelligence Department,AI and Data Science Building,invoice,LabLine Scientific,PO-2020-0033,INV-2020-0213,26676.00,,,,not a warranty,application/pdf,398424,0.38,clean,t,a88277d6-7193-4856-b318-4d7fb0af2f58,Mostafa Adel,2020-10-27 00:00:00+00,2020-10-27
822bae96-6e58-4bb3-9bff-d2ea5720b114,66c97b08-7569-4abe-a6cc-83804009f001,AST-IT-LAPTOP-00346,d82f0fd6-d71d-41ff-b68c-5f4f7a3f4ea0,Finance and Procurement,Administration Building,manual,,,,,,,,not a warranty,application/pdf,2641709,2.52,clean,t,60694a33-64df-4703-bb1f-20bc3948e683,Hala Rashad,2026-09-21 12:36:10.142818+00,2026-09-21
010306e2-9ac4-42f4-be3c-4d9fea164249,050126d8-8632-46cb-8a99-5e30d160224e,AST-FAC-UPS-00402,d82f0fd6-d71d-41ff-b68c-5f4f7a3f4ea0,Finance and Procurement,Administration Building,warranty,Upper Egypt Office Works,,,,Supplier extended cover,2024-08-19,-763,expired,application/pdf,115053,0.11,clean,t,a88277d6-7193-4856-b318-4d7fb0af2f58,Mostafa Adel,2022-09-03 00:00:00+00,2022-09-03
7f90b1e3-2fa3-4f0a-84a8-097914d9a086,f99f741b-31d6-465b-b4c9-1521fe24372c,AST-IT-LAPTOP-00178,d82f0fd6-d71d-41ff-b68c-5f4f7a3f4ea0,Finance and Procurement,Administration Building,warranty,LabLine Scientific,,,,Service contract,2028-06-21,639,covered,application/pdf,195922,0.19,clean,t,a88277d6-7193-4856-b318-4d7fb0af2f58,Mostafa Adel,2025-07-06 00:00:00+00,2025-07-06
b365586f-d42d-4f4e-b0ca-a5a140642755,1373f268-b4a1-4773-bd7d-0def0ca0662c,AST-IT-LAPTOP-00010,d82f0fd6-d71d-41ff-b68c-5f4f7a3f4ea0,Finance and Procurement,Administration Building,invoice,Upper Egypt Office Works,PO-2024-0005,INV-2024-0824,28500.00,,,,not a warranty,application/pdf,173112,0.17,clean,t,a88277d6-7193-4856-b318-4d7fb0af2f58,Mostafa Adel,2024-12-17 00:00:00+00,2024-12-17
bd865537-e433-4f22-91fa-d9ecaf3e7ade,f99f741b-31d6-465b-b4c9-1521fe24372c,AST-IT-LAPTOP-00178,d82f0fd6-d71d-41ff-b68c-5f4f7a3f4ea0,Finance and Procurement,Administration Building,invoice,LabLine Scientific,PO-2025-0053,INV-2025-0815,32946.00,,,,not a warranty,application/pdf,292003,0.28,clean,t,a88277d6-7193-4856-b318-4d7fb0af2f58,Mostafa Adel,2025-07-06 00:00:00+00,2025-07-06
9918398b-d6a6-4b52-8708-a6255a5b9910,d68a19fd-c928-40aa-ab25-abf7a730da4d,AST-IT-PC-00290,d82f0fd6-d71d-41ff-b68c-5f4f7a3f4ea0,Finance and Procurement,Administration Building,invoice,PowerGuard Energy,PO-2021-0026,INV-2021-0455,22116.00,,,,not a warranty,application/pdf,232406,0.22,clean,t,a88277d6-7193-4856-b318-4d7fb0af2f58,Mostafa Adel,2021-06-13 00:00:00+00,2021-06-13
a77fd834-cdb9-4f70-9aca-9ee884c861ed,532e2a01-97ae-42aa-969f-6eff4f5b9ab5,AST-IT-PROJ-00021,dc26f153-404e-47f8-8034-eb07783f1c9d,Electrical Engineering Department,Engineering Building,retirement_evidence,,,,,,,,not a warranty,application/pdf,340000,0.32,clean,t,63cfd2c4-2600-45b5-8925-b1c9ff6c04ee,Hossam El-Deen,2026-09-21 12:36:10.142818+00,2026-09-21
9d85ab2d-df50-4c6b-81f5-e0e54a91f797,d08e3369-1186-4b80-ad3e-83a134b80b87,AST-IT-PROJ-00189,dc26f153-404e-47f8-8034-eb07783f1c9d,Electrical Engineering Department,Engineering Building,manual,,,,,,,,not a warranty,application/pdf,2152640,2.05,clean,t,60694a33-64df-4703-bb1f-20bc3948e683,Hala Rashad,2026-09-21 12:36:10.142818+00,2026-09-21
b37f6658-1c4a-4b1a-8f1c-6f7d6ca6cf31,9892c8cd-4af3-4919-b0fd-35f0fc590402,AST-IT-PC-00245,dc26f153-404e-47f8-8034-eb07783f1c9d,Electrical Engineering Department,Engineering Building,manual,,,,,,,,not a warranty,application/pdf,1989928,1.90,clean,t,60694a33-64df-4703-bb1f-20bc3948e683,Hala Rashad,2026-09-21 12:36:10.142818+00,2026-09-21
5692cadd-a7b2-4a30-8d29-11b983ff8195,532e2a01-97ae-42aa-969f-6eff4f5b9ab5,AST-IT-PROJ-00021,dc26f153-404e-47f8-8034-eb07783f1c9d,Electrical Engineering Department,Engineering Building,warranty,CoolAir Engineering,,,,Service contract,2022-01-10,-1715,expired,application/pdf,227638,0.22,clean,t,a88277d6-7193-4856-b318-4d7fb0af2f58,Mostafa Adel,2020-01-25 00:00:00+00,2020-01-25
e8484f6f-443f-4bb5-8f86-935949023bfc,82c25a93-995b-40cd-ba33-04e2f4ae556e,AST-IT-PROJ-00357,dc26f153-404e-47f8-8034-eb07783f1c9d,Electrical Engineering Department,Engineering Building,warranty,Nile Tech Systems,,,,Supplier extended cover,2024-04-30,-874,expired,application/pdf,202031,0.19,clean,t,a88277d6-7193-4856-b318-4d7fb0af2f58,Mostafa Adel,2022-05-15 00:00:00+00,2022-05-15
269b6232-19a8-4e34-9328-0bac5d642ac7,4c171fa3-11db-4b74-8748-5918e0c0ed3e,AST-FURN-DESK-00301,dc26f153-404e-47f8-8034-eb07783f1c9d,Electrical Engineering Department,Engineering Building,warranty,Nile Tech Systems,,,,Manufacturer warranty,2022-11-11,-1410,expired,application/pdf,148660,0.14,clean,t,a88277d6-7193-4856-b318-4d7fb0af2f58,Mostafa Adel,2020-11-25 00:00:00+00,2020-11-25
9a0f0e8c-5fe5-4178-bfcd-ff961b8a9c6d,bfa86baa-0ad9-4f2a-aa92-8d30c1a896c0,AST-IT-PC-00077,dc26f153-404e-47f8-8034-eb07783f1c9d,Electrical Engineering Department,Engineering Building,warranty,PowerGuard Energy,,,,Supplier extended cover,2027-02-28,160,covered,application/pdf,75120,0.07,clean,t,a88277d6-7193-4856-b318-4d7fb0af2f58,Mostafa Adel,2025-03-14 00:00:00+00,2025-03-14
d6f5d189-945c-4b01-9995-d531d2af787e,9892c8cd-4af3-4919-b0fd-35f0fc590402,AST-IT-PC-00245,dc26f153-404e-47f8-8034-eb07783f1c9d,Electrical Engineering Department,Engineering Building,warranty,LabLine Scientific,,,,Manufacturer warranty,2023-09-03,-1114,expired,application/pdf,176706,0.17,clean,t,a88277d6-7193-4856-b318-4d7fb0af2f58,Mostafa Adel,2021-09-17 00:00:00+00,2021-09-17
5c107044-c8af-4cac-9701-bf2627f54586,bc8a22a4-ebab-4318-a51c-5bb3bfc8c14d,AST-IT-PC-00413,dc26f153-404e-47f8-8034-eb07783f1c9d,Electrical Engineering Department,Engineering Building,warranty,Delta Computer Supplies,,,,Supplier extended cover,2028-08-31,710,covered,application/pdf,194300,0.19,clean,t,a88277d6-7193-4856-b318-4d7fb0af2f58,Mostafa Adel,2025-09-15 00:00:00+00,2025-09-15
ec6a85d6-f4ba-4194-a075-7bc39adc7bfe,532e2a01-97ae-42aa-969f-6eff4f5b9ab5,AST-IT-PROJ-00021,dc26f153-404e-47f8-8034-eb07783f1c9d,Electrical Engineering Department,Engineering Building,invoice,CoolAir Engineering,PO-2020-0038,INV-2020-0307,16530.00,,,,not a warranty,application/pdf,193645,0.18,clean,t,a88277d6-7193-4856-b318-4d7fb0af2f58,Mostafa Adel,2020-01-25 00:00:00+00,2020-01-25
45a4ee51-6d8c-4ffd-a97e-54abb56b5d12,d08e3369-1186-4b80-ad3e-83a134b80b87,AST-IT-PROJ-00189,dc26f153-404e-47f8-8034-eb07783f1c9d,Electrical Engineering Department,Engineering Building,invoice,CoolAir Engineering,PO-2022-0041,INV-2022-0302,21318.00,,,,not a warranty,application/pdf,333685,0.32,clean,t,a88277d6-7193-4856-b318-4d7fb0af2f58,Mostafa Adel,2022-09-14 00:00:00+00,2022-09-14
7f50b066-27d6-4960-bc6a-8e7e9158099a,82c25a93-995b-40cd-ba33-04e2f4ae556e,AST-IT-PROJ-00357,dc26f153-404e-47f8-8034-eb07783f1c9d,Electrical Engineering Department,Engineering Building,invoice,Nile Tech Systems,PO-2022-0055,INV-2022-0219,18924.00,,,,not a warranty,application/pdf,148950,0.14,clean,t,a88277d6-7193-4856-b318-4d7fb0af2f58,Mostafa Adel,2022-05-15 00:00:00+00,2022-05-15
be3e19cc-2694-4543-b052-64aebd851ff8,4c171fa3-11db-4b74-8748-5918e0c0ed3e,AST-FURN-DESK-00301,dc26f153-404e-47f8-8034-eb07783f1c9d,Electrical Engineering Department,Engineering Building,invoice,Nile Tech Systems,PO-2020-0055,INV-2020-0819,4400.40,,,,not a warranty,application/pdf,151908,0.14,clean,t,a88277d6-7193-4856-b318-4d7fb0af2f58,Mostafa Adel,2020-11-25 00:00:00+00,2020-11-25
39d978f7-e3ed-4cb5-8d1e-0dfb9eaec0e6,bfa86baa-0ad9-4f2a-aa92-8d30c1a896c0,AST-IT-PC-00077,dc26f153-404e-47f8-8034-eb07783f1c9d,Electrical Engineering Department,Engineering Building,invoice,PowerGuard Energy,PO-2025-0057,INV-2025-0793,23028.00,,,,not a warranty,application/pdf,502627,0.48,clean,t,a88277d6-7193-4856-b318-4d7fb0af2f58,Mostafa Adel,2025-03-14 00:00:00+00,2025-03-14
d5ace61d-3d92-4321-9124-55fa96f02b88,9892c8cd-4af3-4919-b0fd-35f0fc590402,AST-IT-PC-00245,dc26f153-404e-47f8-8034-eb07783f1c9d,Electrical Engineering Department,Engineering Building,invoice,LabLine Scientific,PO-2021-0018,INV-2021-0757,26676.00,,,,not a warranty,application/pdf,208994,0.20,clean,t,a88277d6-7193-4856-b318-4d7fb0af2f58,Mostafa Adel,2021-09-17 00:00:00+00,2021-09-17
ea5d7ce9-383c-4f80-9494-bae40bff7134,bc8a22a4-ebab-4318-a51c-5bb3bfc8c14d,AST-IT-PC-00413,dc26f153-404e-47f8-8034-eb07783f1c9d,Electrical Engineering Department,Engineering Building,invoice,Delta Computer Supplies,PO-2025-0020,INV-2025-0372,24852.00,,,,not a warranty,application/pdf,192867,0.18,clean,t,a88277d6-7193-4856-b318-4d7fb0af2f58,Mostafa Adel,2025-09-15 00:00:00+00,2025-09-15
6cc9e0f5-4fd9-4486-a4d7-8c325d51c3ae,b31ceb27-7da5-4be2-9663-6e55fafd0ec1,AST-FAC-AC-00089,6f3efb5d-afd8-49c9-8c40-31084252833a,Data Science Department,AI and Data Science Building,manual,,,,,,,,not a warranty,application/pdf,1750044,1.67,clean,t,60694a33-64df-4703-bb1f-20bc3948e683,Hala Rashad,2026-09-21 12:36:10.142818+00,2026-09-21
c5116f5b-498e-43ff-b06b-8b6fead077b4,50683c77-6921-4848-8436-c79df5d37707,AST-IT-MONITOR-00201,6f3efb5d-afd8-49c9-8c40-31084252833a,Data Science Department,AI and Data Science Building,manual,,,,,,,,not a warranty,application/pdf,2773111,2.64,clean,t,60694a33-64df-4703-bb1f-20bc3948e683,Hala Rashad,2026-09-21 12:36:10.142818+00,2026-09-21
dc1c531a-8a2e-4293-9f87-c9187fa59d20,0f4c7a75-2d96-4616-b8bc-9f44e09bbaed,AST-IT-PC-00145,6f3efb5d-afd8-49c9-8c40-31084252833a,Data Science Department,AI and Data Science Building,manual,,,,,,,,not a warranty,application/pdf,1738635,1.66,clean,t,60694a33-64df-4703-bb1f-20bc3948e683,Hala Rashad,2026-09-21 12:36:10.142818+00,2026-09-21
ae9fa65a-0402-4a92-8e0e-e36f0b7e31b0,71f54917-6557-42c9-9b86-23fbed57dd77,AST-IT-PC-00193,6f3efb5d-afd8-49c9-8c40-31084252833a,Data Science Department,AI and Data Science Building,manual,,,,,,,,not a warranty,application/pdf,3395898,3.24,clean,t,60694a33-64df-4703-bb1f-20bc3948e683,Hala Rashad,2026-09-21 12:36:10.142818+00,2026-09-21
333d456e-7624-4234-8c16-0c9431d54f59,5f8c097d-479b-4729-8172-b86640868e2e,AST-FAC-UPS-00282,6f3efb5d-afd8-49c9-8c40-31084252833a,Data Science Department,AI and Data Science Building,warranty,Nile Tech Systems,,,,Service contract,2028-04-28,585,covered,application/pdf,174295,0.17,clean,t,a88277d6-7193-4856-b318-4d7fb0af2f58,Mostafa Adel,2025-05-13 00:00:00+00,2025-05-13
404e146a-5ec6-4aeb-900b-c1ca4d2ea005,b31ceb27-7da5-4be2-9663-6e55fafd0ec1,AST-FAC-AC-00089,6f3efb5d-afd8-49c9-8c40-31084252833a,Data Science Department,AI and Data Science Building,warranty,Delta Computer Supplies,,,,Service contract,2023-01-12,-1348,expired,application/pdf,107202,0.10,clean,t,a88277d6-7193-4856-b318-4d7fb0af2f58,Mostafa Adel,2021-01-26 00:00:00+00,2021-01-26
e7dd0de8-9e2e-4d67-a8e9-56f5d6c8522a,c0c4170c-358b-4feb-8bd4-65e3caea002f,AST-FAC-AC-00257,6f3efb5d-afd8-49c9-8c40-31084252833a,Data Science Department,AI and Data Science Building,warranty,Delta Computer Supplies,,,,Supplier extended cover,2023-06-10,-1199,expired,application/pdf,237233,0.23,clean,t,a88277d6-7193-4856-b318-4d7fb0af2f58,Mostafa Adel,2020-06-24 00:00:00+00,2020-06-24
57077f8c-1934-4c17-b3ec-85a353353343,227534e4-4950-4fbb-8288-54788dd08861,AST-IT-MONITOR-00033,6f3efb5d-afd8-49c9-8c40-31084252833a,Data Science Department,AI and Data Science Building,warranty,Nile Tech Systems,,,,Manufacturer warranty,2027-02-03,135,covered,application/pdf,210352,0.20,clean,t,a88277d6-7193-4856-b318-4d7fb0af2f58,Mostafa Adel,2025-02-17 00:00:00+00,2025-02-17
2799f708-a74b-4a33-9e62-4c0d477f971b,50683c77-6921-4848-8436-c79df5d37707,AST-IT-MONITOR-00201,6f3efb5d-afd8-49c9-8c40-31084252833a,Data Science Department,AI and Data Science Building,warranty,PowerGuard Energy,,,,Service contract,2023-04-17,-1253,expired,application/pdf,164969,0.16,clean,t,a88277d6-7193-4856-b318-4d7fb0af2f58,Mostafa Adel,2021-05-01 00:00:00+00,2021-05-01
e92fbb37-9ab5-4d82-9be5-9b040203c0d2,0f4c7a75-2d96-4616-b8bc-9f44e09bbaed,AST-IT-PC-00145,6f3efb5d-afd8-49c9-8c40-31084252833a,Data Science Department,AI and Data Science Building,warranty,Nile Tech Systems,,,,Supplier extended cover,2022-10-25,-1427,expired,application/pdf,170099,0.16,clean,t,a88277d6-7193-4856-b318-4d7fb0af2f58,Mostafa Adel,2019-11-09 00:00:00+00,2019-11-09
c9ac3388-dcaf-4cce-87ec-7af9fd6928c3,71f54917-6557-42c9-9b86-23fbed57dd77,AST-IT-PC-00193,6f3efb5d-afd8-49c9-8c40-31084252833a,Data Science Department,AI and Data Science Building,warranty,Nile Tech Systems,,,,Manufacturer warranty,2026-09-01,-20,expired,application/pdf,195090,0.19,clean,t,a88277d6-7193-4856-b318-4d7fb0af2f58,Mostafa Adel,2023-09-16 00:00:00+00,2023-09-16
d063f5fc-28d7-4a28-8342-141a7204fa49,5f8c097d-479b-4729-8172-b86640868e2e,AST-FAC-UPS-00282,6f3efb5d-afd8-49c9-8c40-31084252833a,Data Science Department,AI and Data Science Building,invoice,Nile Tech Systems,PO-2025-0023,INV-2025-0402,8436.00,,,,not a warranty,application/pdf,439088,0.42,clean,t,a88277d6-7193-4856-b318-4d7fb0af2f58,Mostafa Adel,2025-05-13 00:00:00+00,2025-05-13
73c88c37-1c9e-4d40-a1a4-618ce3f71231,b31ceb27-7da5-4be2-9663-6e55fafd0ec1,AST-FAC-AC-00089,6f3efb5d-afd8-49c9-8c40-31084252833a,Data Science Department,AI and Data Science Building,invoice,Delta Computer Supplies,PO-2021-0013,INV-2021-0229,28728.00,,,,not a warranty,application/pdf,443815,0.42,clean,t,a88277d6-7193-4856-b318-4d7fb0af2f58,Mostafa Adel,2021-01-26 00:00:00+00,2021-01-26
dac23c82-ac65-4891-b737-0e4eea67581f,c0c4170c-358b-4feb-8bd4-65e3caea002f,AST-FAC-AC-00257,6f3efb5d-afd8-49c9-8c40-31084252833a,Data Science Department,AI and Data Science Building,invoice,Delta Computer Supplies,PO-2020-0005,INV-2020-0073,28728.00,,,,not a warranty,application/pdf,333576,0.32,clean,t,a88277d6-7193-4856-b318-4d7fb0af2f58,Mostafa Adel,2020-06-24 00:00:00+00,2020-06-24
e7f37f88-e41e-4721-b74b-e87ea4f0f4e6,227534e4-4950-4fbb-8288-54788dd08861,AST-IT-MONITOR-00033,6f3efb5d-afd8-49c9-8c40-31084252833a,Data Science Department,AI and Data Science Building,invoice,Nile Tech Systems,PO-2025-0021,INV-2025-0252,4446.00,,,,not a warranty,application/pdf,355756,0.34,clean,t,a88277d6-7193-4856-b318-4d7fb0af2f58,Mostafa Adel,2025-02-17 00:00:00+00,2025-02-17
5e8438b3-8b53-4d51-b754-613aedc9cf57,50683c77-6921-4848-8436-c79df5d37707,AST-IT-MONITOR-00201,6f3efb5d-afd8-49c9-8c40-31084252833a,Data Science Department,AI and Data Science Building,invoice,PowerGuard Energy,PO-2021-0028,INV-2021-0127,6270.00,,,,not a warranty,application/pdf,316325,0.30,clean,t,a88277d6-7193-4856-b318-4d7fb0af2f58,Mostafa Adel,2021-05-01 00:00:00+00,2021-05-01
0c5fd433-0b11-455e-acd9-2e4804907e84,522dd78e-ecfe-476b-8f6a-d003524ff49c,AST-IT-MONITOR-00369,6f3efb5d-afd8-49c9-8c40-31084252833a,Data Science Department,AI and Data Science Building,invoice,PowerGuard Energy,PO-2025-0027,INV-2025-0057,6270.00,,,,not a warranty,application/pdf,332841,0.32,clean,t,a88277d6-7193-4856-b318-4d7fb0af2f58,Mostafa Adel,2025-08-13 00:00:00+00,2025-08-13
d346b9f0-82d3-4c24-a6de-64713b7e5e63,0f4c7a75-2d96-4616-b8bc-9f44e09bbaed,AST-IT-PC-00145,6f3efb5d-afd8-49c9-8c40-31084252833a,Data Science Department,AI and Data Science Building,invoice,Nile Tech Systems,PO-2019-0024,INV-2019-0825,23940.00,,,,not a warranty,application/pdf,126878,0.12,clean,t,a88277d6-7193-4856-b318-4d7fb0af2f58,Mostafa Adel,2019-11-09 00:00:00+00,2019-11-09
4845e586-36c3-493d-a3bd-5fdb5b2791f9,71f54917-6557-42c9-9b86-23fbed57dd77,AST-IT-PC-00193,6f3efb5d-afd8-49c9-8c40-31084252833a,Data Science Department,AI and Data Science Building,invoice,Nile Tech Systems,PO-2023-0012,INV-2023-0274,21204.00,,,,not a warranty,application/pdf,287327,0.27,clean,t,a88277d6-7193-4856-b318-4d7fb0af2f58,Mostafa Adel,2023-09-16 00:00:00+00,2023-09-16
df32f276-794e-4dca-8933-7caae576b941,cc411e9a-a16f-42fe-9925-f9d122641356,AST-IT-PROJ-00381,ff591628-5c79-4358-9a5b-d60833359337,Facilities Management,Administration Building,manual,,,,,,,,not a warranty,application/pdf,2405310,2.29,clean,t,60694a33-64df-4703-bb1f-20bc3948e683,Hala Rashad,2026-09-21 12:36:10.142818+00,2026-09-21
3b7d7b3f-2a96-4e3b-9db4-586214eafb29,03193ec4-3de2-4fd6-b4a7-87e5697fb3b4,AST-FURN-DESK-00157,ff591628-5c79-4358-9a5b-d60833359337,Facilities Management,Administration Building,manual,,,,,,,,not a warranty,application/pdf,2064392,1.97,clean,t,60694a33-64df-4703-bb1f-20bc3948e683,Hala Rashad,2026-09-21 12:36:10.142818+00,2026-09-21
7837df61-8c98-4c82-8b86-1cdc76c60d69,b3b640b7-af1f-444d-9c49-2fb6751baa85,AST-FURN-DESK-00325,ff591628-5c79-4358-9a5b-d60833359337,Facilities Management,Administration Building,manual,,,,,,,,not a warranty,application/pdf,2638401,2.52,clean,t,60694a33-64df-4703-bb1f-20bc3948e683,Hala Rashad,2026-09-21 12:36:10.142818+00,2026-09-21
66730af3-44df-4ee4-ab53-46d5380e203a,e4e5787f-00c2-4d1f-abd0-bdc25b66e652,AST-LAB-3DP-00023,ff591628-5c79-4358-9a5b-d60833359337,Facilities Management,Administration Building,warranty,PowerGuard Energy,,,,Manufacturer warranty,2027-09-24,368,covered,application/pdf,239926,0.23,clean,t,a88277d6-7193-4856-b318-4d7fb0af2f58,Mostafa Adel,2025-10-08 00:00:00+00,2025-10-08
868c34a6-4331-412c-a7f4-094db500458f,070d78f4-1bc0-43c0-aaec-fcb4a90ed8a5,AST-IT-PROJ-00045,ff591628-5c79-4358-9a5b-d60833359337,Facilities Management,Administration Building,warranty,CoolAir Engineering,,,,Supplier extended cover,2024-04-27,-877,expired,application/pdf,188604,0.18,clean,t,a88277d6-7193-4856-b318-4d7fb0af2f58,Mostafa Adel,2021-05-12 00:00:00+00,2021-05-12
d2fdfe77-55bc-434a-b2b0-c4a63142ece3,03f5850e-92bd-4a5a-b8a7-dec25e1eab57,AST-IT-PROJ-00213,ff591628-5c79-4358-9a5b-d60833359337,Facilities Management,Administration Building,warranty,Delta Computer Supplies,,,,Manufacturer warranty,2026-11-08,48,expiring in 90 days,application/pdf,187380,0.18,clean,t,a88277d6-7193-4856-b318-4d7fb0af2f58,Mostafa Adel,2024-11-22 00:00:00+00,2024-11-22
59e8f15c-4413-4907-8c71-cacf5da7b0fa,cc411e9a-a16f-42fe-9925-f9d122641356,AST-IT-PROJ-00381,ff591628-5c79-4358-9a5b-d60833359337,Facilities Management,Administration Building,warranty,Nile Tech Systems,,,,Supplier extended cover,2023-12-21,-1005,expired,application/pdf,109596,0.10,clean,t,a88277d6-7193-4856-b318-4d7fb0af2f58,Mostafa Adel,2022-01-04 00:00:00+00,2022-01-04
a2f21505-69e8-49cc-9a65-243b9556cd47,03193ec4-3de2-4fd6-b4a7-87e5697fb3b4,AST-FURN-DESK-00157,ff591628-5c79-4358-9a5b-d60833359337,Facilities Management,Administration Building,warranty,LabLine Scientific,,,,Supplier extended cover,2028-02-12,509,covered,application/pdf,202611,0.19,clean,t,a88277d6-7193-4856-b318-4d7fb0af2f58,Mostafa Adel,2026-02-26 00:00:00+00,2026-02-26
35b3891d-dcf2-493c-b0fd-f8c843765ff5,b3b640b7-af1f-444d-9c49-2fb6751baa85,AST-FURN-DESK-00325,ff591628-5c79-4358-9a5b-d60833359337,Facilities Management,Administration Building,warranty,Nile Tech Systems,,,,Manufacturer warranty,2026-04-17,-157,expired,application/pdf,223043,0.21,clean,t,a88277d6-7193-4856-b318-4d7fb0af2f58,Mostafa Adel,2024-05-01 00:00:00+00,2024-05-01
472921ef-318c-47ba-842b-e98b2f9eb5ef,ffccac1c-4cbe-4bc4-aa1c-2125a8f19c0f,AST-IT-PC-00101,ff591628-5c79-4358-9a5b-d60833359337,Facilities Management,Administration Building,warranty,PowerGuard Energy,,,,Supplier extended cover,2026-11-27,67,expiring in 90 days,application/pdf,220458,0.21,clean,t,a88277d6-7193-4856-b318-4d7fb0af2f58,Mostafa Adel,2023-12-12 00:00:00+00,2023-12-12
5293e896-90e6-4194-bdd6-734816459430,0904bb12-7ee3-42c6-a227-ea8e25578af1,AST-IT-PC-00315,ff591628-5c79-4358-9a5b-d60833359337,Facilities Management,Administration Building,warranty,Upper Egypt Office Works,,,,Supplier extended cover,2026-05-22,-122,expired,application/pdf,179852,0.17,clean,t,a88277d6-7193-4856-b318-4d7fb0af2f58,Mostafa Adel,2024-06-05 00:00:00+00,2024-06-05
a3a5ae42-8771-44ea-9fdd-36de8ea00ce0,e4e5787f-00c2-4d1f-abd0-bdc25b66e652,AST-LAB-3DP-00023,ff591628-5c79-4358-9a5b-d60833359337,Facilities Management,Administration Building,invoice,PowerGuard Energy,PO-2025-0002,INV-2025-0748,40356.00,,,,not a warranty,application/pdf,396451,0.38,clean,t,a88277d6-7193-4856-b318-4d7fb0af2f58,Mostafa Adel,2025-10-08 00:00:00+00,2025-10-08
b3f6bf08-8084-42a1-87c0-139789432114,070d78f4-1bc0-43c0-aaec-fcb4a90ed8a5,AST-IT-PROJ-00045,ff591628-5c79-4358-9a5b-d60833359337,Facilities Management,Administration Building,invoice,CoolAir Engineering,PO-2021-0041,INV-2021-0798,18924.00,,,,not a warranty,application/pdf,448935,0.43,clean,t,a88277d6-7193-4856-b318-4d7fb0af2f58,Mostafa Adel,2021-05-12 00:00:00+00,2021-05-12
a69ad17f-dd5d-4af2-8cc2-88878bb1eaa1,03f5850e-92bd-4a5a-b8a7-dec25e1eab57,AST-IT-PROJ-00213,ff591628-5c79-4358-9a5b-d60833359337,Facilities Management,Administration Building,invoice,Delta Computer Supplies,PO-2024-0058,INV-2024-0311,21318.00,,,,not a warranty,application/pdf,290856,0.28,clean,t,a88277d6-7193-4856-b318-4d7fb0af2f58,Mostafa Adel,2024-11-22 00:00:00+00,2024-11-22
c43510da-5253-4393-8def-ac03d6f50a23,ffccac1c-4cbe-4bc4-aa1c-2125a8f19c0f,AST-IT-PC-00101,ff591628-5c79-4358-9a5b-d60833359337,Facilities Management,Administration Building,invoice,PowerGuard Energy,PO-2023-0021,INV-2023-0176,22116.00,,,,not a warranty,application/pdf,143238,0.14,clean,t,a88277d6-7193-4856-b318-4d7fb0af2f58,Mostafa Adel,2023-12-12 00:00:00+00,2023-12-12
c5f288b6-409e-4793-9133-a3bfa28e1477,dcb7221f-6af8-4e32-b60a-f83b5c6879e5,AST-IT-PC-00219,ff591628-5c79-4358-9a5b-d60833359337,Facilities Management,Administration Building,invoice,Upper Egypt Office Works,PO-2021-0052,INV-2021-0149,19380.00,,,,not a warranty,application/pdf,427637,0.41,clean,t,a88277d6-7193-4856-b318-4d7fb0af2f58,Mostafa Adel,2021-03-07 00:00:00+00,2021-03-07
9ebcb344-609c-4988-b728-f164e39236b6,0904bb12-7ee3-42c6-a227-ea8e25578af1,AST-IT-PC-00315,ff591628-5c79-4358-9a5b-d60833359337,Facilities Management,Administration Building,invoice,Upper Egypt Office Works,PO-2024-0049,INV-2024-0441,19380.00,,,,not a warranty,application/pdf,471219,0.45,clean,t,a88277d6-7193-4856-b318-4d7fb0af2f58,Mostafa Adel,2024-06-05 00:00:00+00,2024-06-05
234ba44f-cf67-45dd-97b0-b5d738c05a0f,2e7ab091-06ac-45f3-a62a-fccf51ef2adf,AST-IT-PC-00027,dc26f153-404e-47f8-8034-eb07783f1c9d,Electrical Engineering Department,Engineering Building,manual,,,,,,,,not a warranty,application/pdf,2171919,2.07,clean,t,60694a33-64df-4703-bb1f-20bc3948e683,Hala Rashad,2026-09-21 12:36:10.142818+00,2026-09-21
0ee952c4-e5ce-4da0-8fbd-99742a387262,550154dc-5d4f-47b3-8703-91791bbf8896,AST-IT-PRINTER-00139,dc26f153-404e-47f8-8034-eb07783f1c9d,Electrical Engineering Department,Engineering Building,warranty,PowerGuard Energy,,,,Service contract,2026-10-12,21,expiring in 30 days,application/pdf,195507,0.19,clean,t,a88277d6-7193-4856-b318-4d7fb0af2f58,Mostafa Adel,2024-10-26 00:00:00+00,2024-10-26
07c2ec65-11a4-4316-8c59-1a26cdc73cf1,28b38db8-79d2-4c6b-9367-59cddcddd78a,AST-IT-PRINTER-00307,dc26f153-404e-47f8-8034-eb07783f1c9d,Electrical Engineering Department,Engineering Building,warranty,PowerGuard Energy,,,,Service contract,2028-03-10,536,covered,application/pdf,93523,0.09,clean,t,a88277d6-7193-4856-b318-4d7fb0af2f58,Mostafa Adel,2025-03-25 00:00:00+00,2025-03-25
a27a076e-18fb-4166-b23d-9af15d5bc5fa,be235f20-06e4-4da9-b9da-d609b91c58ef,AST-IT-LAPTOP-00083,dc26f153-404e-47f8-8034-eb07783f1c9d,Electrical Engineering Department,Engineering Building,warranty,Upper Egypt Office Works,,,,Manufacturer warranty,2022-08-25,-1488,expired,application/pdf,132500,0.13,clean,t,a88277d6-7193-4856-b318-4d7fb0af2f58,Mostafa Adel,2020-09-08 00:00:00+00,2020-09-08
c87a1406-f13e-4d84-b545-9a2d670e82da,0d4c6f27-4d61-4ee8-9e95-199882ab6329,AST-IT-LAPTOP-00251,dc26f153-404e-47f8-8034-eb07783f1c9d,Electrical Engineering Department,Engineering Building,warranty,Upper Egypt Office Works,,,,Manufacturer warranty,2023-05-24,-1216,expired,application/pdf,170218,0.16,clean,t,a88277d6-7193-4856-b318-4d7fb0af2f58,Mostafa Adel,2021-06-07 00:00:00+00,2021-06-07
88b1ff7d-cede-4586-92e2-54b4ed6312de,ced1fc40-c2f8-4143-8f8b-84292cdaace1,AST-IT-LAPTOP-00419,dc26f153-404e-47f8-8034-eb07783f1c9d,Electrical Engineering Department,Engineering Building,warranty,CoolAir Engineering,,,,Supplier extended cover,2026-01-04,-260,expired,application/pdf,203625,0.19,clean,t,a88277d6-7193-4856-b318-4d7fb0af2f58,Mostafa Adel,2023-01-19 00:00:00+00,2023-01-19
62fcdace-7f80-4101-ba8f-895774fb0aa4,2e7ab091-06ac-45f3-a62a-fccf51ef2adf,AST-IT-PC-00027,dc26f153-404e-47f8-8034-eb07783f1c9d,Electrical Engineering Department,Engineering Building,warranty,CoolAir Engineering,,,,Service contract,2026-10-19,28,expiring in 30 days,application/pdf,84953,0.08,clean,t,a88277d6-7193-4856-b318-4d7fb0af2f58,Mostafa Adel,2024-11-02 00:00:00+00,2024-11-02
8839bb62-587d-494b-a2fa-fbb8d50022bc,b37a6175-04d5-462d-8b1b-a4b431b06968,AST-IT-PC-00363,dc26f153-404e-47f8-8034-eb07783f1c9d,Electrical Engineering Department,Engineering Building,warranty,Upper Egypt Office Works,,,,Supplier extended cover,2024-05-30,-844,expired,application/pdf,90442,0.09,clean,t,a88277d6-7193-4856-b318-4d7fb0af2f58,Mostafa Adel,2022-06-14 00:00:00+00,2022-06-14
500ca97f-ab74-4210-ad0f-a417ebd85083,550154dc-5d4f-47b3-8703-91791bbf8896,AST-IT-PRINTER-00139,dc26f153-404e-47f8-8034-eb07783f1c9d,Electrical Engineering Department,Engineering Building,invoice,PowerGuard Energy,PO-2024-0001,INV-2024-0565,12426.00,,,,not a warranty,application/pdf,232601,0.22,clean,t,a88277d6-7193-4856-b318-4d7fb0af2f58,Mostafa Adel,2024-10-26 00:00:00+00,2024-10-26
07909956-348d-453a-a427-1a9a39331272,28b38db8-79d2-4c6b-9367-59cddcddd78a,AST-IT-PRINTER-00307,dc26f153-404e-47f8-8034-eb07783f1c9d,Electrical Engineering Department,Engineering Building,invoice,PowerGuard Energy,PO-2025-0001,INV-2025-0674,10488.00,,,,not a warranty,application/pdf,378442,0.36,clean,t,a88277d6-7193-4856-b318-4d7fb0af2f58,Mostafa Adel,2025-03-25 00:00:00+00,2025-03-25
3d439409-bc93-4496-96cf-dfe049da197b,be235f20-06e4-4da9-b9da-d609b91c58ef,AST-IT-LAPTOP-00083,dc26f153-404e-47f8-8034-eb07783f1c9d,Electrical Engineering Department,Engineering Building,invoice,Upper Egypt Office Works,PO-2020-0032,INV-2020-0400,37392.00,,,,not a warranty,application/pdf,448909,0.43,clean,t,a88277d6-7193-4856-b318-4d7fb0af2f58,Mostafa Adel,2020-09-08 00:00:00+00,2020-09-08
c593fff2-5d9f-4d4f-9a87-c23abf6ba05d,0d4c6f27-4d61-4ee8-9e95-199882ab6329,AST-IT-LAPTOP-00251,dc26f153-404e-47f8-8034-eb07783f1c9d,Electrical Engineering Department,Engineering Building,invoice,Upper Egypt Office Works,PO-2021-0037,INV-2021-0142,35910.00,,,,not a warranty,application/pdf,364975,0.35,clean,t,a88277d6-7193-4856-b318-4d7fb0af2f58,Mostafa Adel,2021-06-07 00:00:00+00,2021-06-07
f53a6ba3-c3ab-4359-8099-9fe6f786be8d,ced1fc40-c2f8-4143-8f8b-84292cdaace1,AST-IT-LAPTOP-00419,dc26f153-404e-47f8-8034-eb07783f1c9d,Electrical Engineering Department,Engineering Building,invoice,CoolAir Engineering,PO-2023-0033,INV-2023-0233,38874.00,,,,not a warranty,application/pdf,170040,0.16,clean,t,a88277d6-7193-4856-b318-4d7fb0af2f58,Mostafa Adel,2023-01-19 00:00:00+00,2023-01-19
5f60a486-9b50-475c-8e9a-4a3f5b22ae8b,e223b2f9-09d2-4edc-bc76-8163122571b6,AST-IT-MONITOR-00009,dc26f153-404e-47f8-8034-eb07783f1c9d,Electrical Engineering Department,Engineering Building,invoice,Delta Computer Supplies,PO-2020-0018,INV-2020-0509,4810.80,,,,not a warranty,application/pdf,398137,0.38,clean,t,a88277d6-7193-4856-b318-4d7fb0af2f58,Mostafa Adel,2020-01-20 00:00:00+00,2020-01-20
b9dfbfae-89a3-4d6a-9ba6-02322687b9cc,2e7ab091-06ac-45f3-a62a-fccf51ef2adf,AST-IT-PC-00027,dc26f153-404e-47f8-8034-eb07783f1c9d,Electrical Engineering Department,Engineering Building,invoice,CoolAir Engineering,PO-2024-0015,INV-2024-0321,23028.00,,,,not a warranty,application/pdf,484263,0.46,clean,t,a88277d6-7193-4856-b318-4d7fb0af2f58,Mostafa Adel,2024-11-02 00:00:00+00,2024-11-02
68e18326-452b-499b-9f16-82d194ca3dec,b37a6175-04d5-462d-8b1b-a4b431b06968,AST-IT-PC-00363,dc26f153-404e-47f8-8034-eb07783f1c9d,Electrical Engineering Department,Engineering Building,invoice,Upper Egypt Office Works,PO-2022-0031,INV-2022-0494,21204.00,,,,not a warranty,application/pdf,487833,0.47,clean,t,a88277d6-7193-4856-b318-4d7fb0af2f58,Mostafa Adel,2022-06-14 00:00:00+00,2022-06-14
42531c5e-9be9-4e5d-92f1-88cf36ecaf8d,6a3bfaf6-aedd-4006-b6c3-d8205e4192b3,AST-LAB-3DP-00095,6f3efb5d-afd8-49c9-8c40-31084252833a,Data Science Department,AI and Data Science Building,manual,,,,,,,,not a warranty,application/pdf,2345663,2.24,clean,t,60694a33-64df-4703-bb1f-20bc3948e683,Hala Rashad,2026-09-21 12:36:10.142818+00,2026-09-21
d62aef2b-e446-4449-a9f5-21f0d515ca78,e51260f5-0015-4e26-88f9-5a64df4c33dc,AST-IT-MONITOR-00319,6f3efb5d-afd8-49c9-8c40-31084252833a,Data Science Department,AI and Data Science Building,manual,,,,,,,,not a warranty,application/pdf,3465128,3.30,clean,t,60694a33-64df-4703-bb1f-20bc3948e683,Hala Rashad,2026-09-21 12:36:10.142818+00,2026-09-21
5ec2c9af-f4ce-43ac-af47-eac2117fbfb1,6a3bfaf6-aedd-4006-b6c3-d8205e4192b3,AST-LAB-3DP-00095,6f3efb5d-afd8-49c9-8c40-31084252833a,Data Science Department,AI and Data Science Building,warranty,LabLine Scientific,,,,Supplier extended cover,2027-09-12,356,covered,application/pdf,198284,0.19,clean,t,a88277d6-7193-4856-b318-4d7fb0af2f58,Mostafa Adel,2025-09-26 00:00:00+00,2025-09-26
b50afdc5-4301-4b86-8a12-9751e6f5fdde,c028f3a2-c1d5-4e21-b025-70408c54dc7f,AST-LAB-3DP-00263,6f3efb5d-afd8-49c9-8c40-31084252833a,Data Science Department,AI and Data Science Building,warranty,Nile Tech Systems,,,,Supplier extended cover,2023-03-24,-1277,expired,application/pdf,116211,0.11,clean,t,a88277d6-7193-4856-b318-4d7fb0af2f58,Mostafa Adel,2020-04-07 00:00:00+00,2020-04-07
f209e02d-09e0-4f01-a285-7fdaa141bf24,8c8afd0c-eb92-4fae-883e-a1e74b5c8fa7,AST-FURN-CHAIR-00039,6f3efb5d-afd8-49c9-8c40-31084252833a,Data Science Department,AI and Data Science Building,warranty,LabLine Scientific,,,,Service contract,2024-12-03,-657,expired,application/pdf,172262,0.16,clean,t,a88277d6-7193-4856-b318-4d7fb0af2f58,Mostafa Adel,2021-12-18 00:00:00+00,2021-12-18
fce534cb-1240-44d0-834d-780b7af44222,49bf0f85-0e34-42e9-9b20-de4087bc25a3,AST-FURN-CHAIR-00207,6f3efb5d-afd8-49c9-8c40-31084252833a,Data Science Department,AI and Data Science Building,warranty,PowerGuard Energy,,,,Manufacturer warranty,2028-07-03,651,covered,application/pdf,125984,0.12,clean,t,a88277d6-7193-4856-b318-4d7fb0af2f58,Mostafa Adel,2025-07-18 00:00:00+00,2025-07-18
9f6991d1-7512-4c59-9e71-3b05fb85c25e,fc761770-1dc0-49bc-b933-0cc49f5bedf6,AST-IT-MONITOR-00151,6f3efb5d-afd8-49c9-8c40-31084252833a,Data Science Department,AI and Data Science Building,warranty,Upper Egypt Office Works,,,,Service contract,2027-05-12,233,covered,application/pdf,200210,0.19,clean,t,a88277d6-7193-4856-b318-4d7fb0af2f58,Mostafa Adel,2025-05-26 00:00:00+00,2025-05-26
3c6d6c20-171d-42c6-b4ee-38b1604435b7,6a3bfaf6-aedd-4006-b6c3-d8205e4192b3,AST-LAB-3DP-00095,6f3efb5d-afd8-49c9-8c40-31084252833a,Data Science Department,AI and Data Science Building,invoice,LabLine Scientific,PO-2025-0034,INV-2025-0485,40356.00,,,,not a warranty,application/pdf,313084,0.30,clean,t,a88277d6-7193-4856-b318-4d7fb0af2f58,Mostafa Adel,2025-09-26 00:00:00+00,2025-09-26
8cbfebab-e51a-425f-85e9-4bb5d638a368,c028f3a2-c1d5-4e21-b025-70408c54dc7f,AST-LAB-3DP-00263,6f3efb5d-afd8-49c9-8c40-31084252833a,Data Science Department,AI and Data Science Building,invoice,Nile Tech Systems,PO-2020-0051,INV-2020-0714,33060.00,,,,not a warranty,application/pdf,375085,0.36,clean,t,a88277d6-7193-4856-b318-4d7fb0af2f58,Mostafa Adel,2020-04-07 00:00:00+00,2020-04-07
5013d3ae-91ab-4904-88fe-3638538f9b90,8c8afd0c-eb92-4fae-883e-a1e74b5c8fa7,AST-FURN-CHAIR-00039,6f3efb5d-afd8-49c9-8c40-31084252833a,Data Science Department,AI and Data Science Building,invoice,LabLine Scientific,PO-2021-0047,INV-2021-0574,2382.60,,,,not a warranty,application/pdf,485556,0.46,clean,t,a88277d6-7193-4856-b318-4d7fb0af2f58,Mostafa Adel,2021-12-18 00:00:00+00,2021-12-18
b5942d4f-1c62-4213-8f67-ce99ddd0ad64,49bf0f85-0e34-42e9-9b20-de4087bc25a3,AST-FURN-CHAIR-00207,6f3efb5d-afd8-49c9-8c40-31084252833a,Data Science Department,AI and Data Science Building,invoice,PowerGuard Energy,PO-2025-0051,INV-2025-0259,2815.80,,,,not a warranty,application/pdf,373555,0.36,clean,t,a88277d6-7193-4856-b318-4d7fb0af2f58,Mostafa Adel,2025-07-18 00:00:00+00,2025-07-18
54bc9982-c6d4-4546-b90e-6eba22c1b939,e51260f5-0015-4e26-88f9-5a64df4c33dc,AST-IT-MONITOR-00319,6f3efb5d-afd8-49c9-8c40-31084252833a,Data Science Department,AI and Data Science Building,invoice,Nile Tech Systems,PO-2025-0009,INV-2025-0438,6270.00,,,,not a warranty,application/pdf,252461,0.24,clean,t,a88277d6-7193-4856-b318-4d7fb0af2f58,Mostafa Adel,2025-07-09 00:00:00+00,2025-07-09
2da18f8d-9bb5-4180-9336-c4d5e83894cf,ef9d9b2a-d0cb-43b6-9c41-f90457b223de,AST-IT-PROJ-00117,ff591628-5c79-4358-9a5b-d60833359337,Facilities Management,Administration Building,manual,,,,,,,,not a warranty,application/pdf,2043101,1.95,clean,t,60694a33-64df-4703-bb1f-20bc3948e683,Hala Rashad,2026-09-21 12:36:10.142818+00,2026-09-21
d67e8132-651e-451d-bb5e-8a1dff821ba6,5bca1677-8958-4130-99fc-234307930124,AST-FURN-DESK-00061,ff591628-5c79-4358-9a5b-d60833359337,Facilities Management,Administration Building,manual,,,,,,,,not a warranty,application/pdf,2302942,2.20,clean,t,60694a33-64df-4703-bb1f-20bc3948e683,Hala Rashad,2026-09-21 12:36:10.142818+00,2026-09-21
735251b9-6c1d-4203-bd41-988ca984e2e3,ac62ddf3-4b43-4054-8d4f-806e398b66be,AST-LAB-3DP-00191,ff591628-5c79-4358-9a5b-d60833359337,Facilities Management,Administration Building,warranty,Nile Tech Systems,,,,Supplier extended cover,2023-07-21,-1158,expired,application/pdf,166483,0.16,clean,t,a88277d6-7193-4856-b318-4d7fb0af2f58,Mostafa Adel,2021-08-04 00:00:00+00,2021-08-04
d5219ebc-d40d-495d-a5cc-e8346490e214,ef9d9b2a-d0cb-43b6-9c41-f90457b223de,AST-IT-PROJ-00117,ff591628-5c79-4358-9a5b-d60833359337,Facilities Management,Administration Building,warranty,Nile Tech Systems,,,,Manufacturer warranty,2026-05-21,-123,expired,application/pdf,144567,0.14,clean,t,a88277d6-7193-4856-b318-4d7fb0af2f58,Mostafa Adel,2024-06-04 00:00:00+00,2024-06-04
ba9885cb-30fe-4b9c-ab7e-bedaca925c80,890675af-b0d5-4ab7-aada-2cc496ebede6,AST-IT-PROJ-00285,ff591628-5c79-4358-9a5b-d60833359337,Facilities Management,Administration Building,warranty,CoolAir Engineering,,,,Manufacturer warranty,2022-01-01,-1724,expired,application/pdf,89875,0.09,clean,t,a88277d6-7193-4856-b318-4d7fb0af2f58,Mostafa Adel,2020-01-16 00:00:00+00,2020-01-16
c2188461-0572-4591-bda3-ca40d07168cd,5bca1677-8958-4130-99fc-234307930124,AST-FURN-DESK-00061,ff591628-5c79-4358-9a5b-d60833359337,Facilities Management,Administration Building,warranty,Delta Computer Supplies,,,,Manufacturer warranty,2027-11-17,422,covered,application/pdf,210896,0.20,clean,t,a88277d6-7193-4856-b318-4d7fb0af2f58,Mostafa Adel,2024-12-01 00:00:00+00,2024-12-01
019e53fa-3a47-4427-b015-0349d673f7b5,77298c56-0546-402f-a366-edf9d1119649,AST-FURN-DESK-00229,ff591628-5c79-4358-9a5b-d60833359337,Facilities Management,Administration Building,warranty,LabLine Scientific,,,,Manufacturer warranty,2026-01-14,-250,expired,application/pdf,113704,0.11,clean,t,a88277d6-7193-4856-b318-4d7fb0af2f58,Mostafa Adel,2024-01-29 00:00:00+00,2024-01-29
e1923e19-d126-4167-9a26-b93540e79ea4,5bf7bd29-a12f-4781-b9d0-bfd54f897868,AST-FURN-DESK-00397,ff591628-5c79-4358-9a5b-d60833359337,Facilities Management,Administration Building,warranty,CoolAir Engineering,,,,Supplier extended cover,2023-11-14,-1042,expired,application/pdf,230607,0.22,clean,t,a88277d6-7193-4856-b318-4d7fb0af2f58,Mostafa Adel,2021-11-28 00:00:00+00,2021-11-28
e03568de-e6e0-4b3a-8e19-668b21c8b9a4,acd3f6f5-1018-4ffe-90ad-61ad1b0b9104,AST-IT-PC-00341,ff591628-5c79-4358-9a5b-d60833359337,Facilities Management,Administration Building,warranty,LabLine Scientific,,,,Manufacturer warranty,2024-09-18,-733,expired,application/pdf,229024,0.22,clean,t,a88277d6-7193-4856-b318-4d7fb0af2f58,Mostafa Adel,2021-10-03 00:00:00+00,2021-10-03
9479b739-5d3a-4059-b0d0-7bc518c1e1f0,c65f7887-6a1a-4831-9988-958b9904ccb5,AST-IT-PC-00313,ff591628-5c79-4358-9a5b-d60833359337,Facilities Management,Administration Building,warranty,PowerGuard Energy,,,,Manufacturer warranty,2023-06-07,-1202,expired,application/pdf,115847,0.11,clean,t,a88277d6-7193-4856-b318-4d7fb0af2f58,Mostafa Adel,2021-06-21 00:00:00+00,2021-06-21
d58b1496-c7b9-47bd-b46f-55f9fc257fa7,ac62ddf3-4b43-4054-8d4f-806e398b66be,AST-LAB-3DP-00191,ff591628-5c79-4358-9a5b-d60833359337,Facilities Management,Administration Building,invoice,Nile Tech Systems,PO-2021-0016,INV-2021-0481,40356.00,,,,not a warranty,application/pdf,473676,0.45,clean,t,a88277d6-7193-4856-b318-4d7fb0af2f58,Mostafa Adel,2021-08-04 00:00:00+00,2021-08-04
917ca0c0-591e-452d-9a9d-f5a2d1b192e9,890675af-b0d5-4ab7-aada-2cc496ebede6,AST-IT-PROJ-00285,ff591628-5c79-4358-9a5b-d60833359337,Facilities Management,Administration Building,invoice,CoolAir Engineering,PO-2020-0050,INV-2020-0038,21318.00,,,,not a warranty,application/pdf,220752,0.21,clean,t,a88277d6-7193-4856-b318-4d7fb0af2f58,Mostafa Adel,2020-01-16 00:00:00+00,2020-01-16
e5dcf19c-e099-4323-86ca-abd510d26383,5bca1677-8958-4130-99fc-234307930124,AST-FURN-DESK-00061,ff591628-5c79-4358-9a5b-d60833359337,Facilities Management,Administration Building,invoice,Delta Computer Supplies,PO-2024-0040,INV-2024-0148,4104.00,,,,not a warranty,application/pdf,482360,0.46,clean,t,a88277d6-7193-4856-b318-4d7fb0af2f58,Mostafa Adel,2024-12-01 00:00:00+00,2024-12-01
8655c738-d281-47c6-94ba-4807c4241ed6,77298c56-0546-402f-a366-edf9d1119649,AST-FURN-DESK-00229,ff591628-5c79-4358-9a5b-d60833359337,Facilities Management,Administration Building,invoice,LabLine Scientific,PO-2024-0025,INV-2024-0525,4400.40,,,,not a warranty,application/pdf,262294,0.25,clean,t,a88277d6-7193-4856-b318-4d7fb0af2f58,Mostafa Adel,2024-01-29 00:00:00+00,2024-01-29
71292b46-f76d-4d5d-b388-c3b51b2ceec0,5bf7bd29-a12f-4781-b9d0-bfd54f897868,AST-FURN-DESK-00397,ff591628-5c79-4358-9a5b-d60833359337,Facilities Management,Administration Building,invoice,CoolAir Engineering,PO-2021-0030,INV-2021-0177,4400.40,,,,not a warranty,application/pdf,500176,0.48,clean,t,a88277d6-7193-4856-b318-4d7fb0af2f58,Mostafa Adel,2021-11-28 00:00:00+00,2021-11-28
7473d584-106f-402b-a6b0-ffc9fe8b270b,d665aa34-1dd4-4ce5-bdc8-35f114226aba,AST-IT-PC-00005,ff591628-5c79-4358-9a5b-d60833359337,Facilities Management,Administration Building,invoice,Delta Computer Supplies,PO-2022-0040,INV-2022-0899,20292.00,,,,not a warranty,application/pdf,231244,0.22,clean,t,a88277d6-7193-4856-b318-4d7fb0af2f58,Mostafa Adel,2022-11-22 00:00:00+00,2022-11-22
f4e23008-4ca4-4e37-a091-4b9e50d5bdb2,acd3f6f5-1018-4ffe-90ad-61ad1b0b9104,AST-IT-PC-00341,ff591628-5c79-4358-9a5b-d60833359337,Facilities Management,Administration Building,invoice,LabLine Scientific,PO-2021-0057,INV-2021-0030,26676.00,,,,not a warranty,application/pdf,512093,0.49,clean,t,a88277d6-7193-4856-b318-4d7fb0af2f58,Mostafa Adel,2021-10-03 00:00:00+00,2021-10-03
9541cd63-e87d-4036-867e-e26442b63fa6,c65f7887-6a1a-4831-9988-958b9904ccb5,AST-IT-PC-00313,ff591628-5c79-4358-9a5b-d60833359337,Facilities Management,Administration Building,invoice,PowerGuard Energy,PO-2021-0049,INV-2021-0190,23940.00,,,,not a warranty,application/pdf,283723,0.27,clean,t,a88277d6-7193-4856-b318-4d7fb0af2f58,Mostafa Adel,2021-06-21 00:00:00+00,2021-06-21
d84b623c-b0fb-4b83-ad32-f80014d52283,0f96dd5e-bc40-479b-a4a8-935f141761fe,AST-IT-PC-00240,053cf8f8-7366-46a9-b0bb-3f4c8b856fa5,Computer Science Department,Engineering Building,retirement_evidence,,,,,,,,not a warranty,application/pdf,340000,0.32,clean,t,63cfd2c4-2600-45b5-8925-b1c9ff6c04ee,Hossam El-Deen,2026-09-21 12:36:10.142818+00,2026-09-21
5562c640-cf26-41d5-970f-3d81137a4c71,7fe1bcfe-74c1-4691-bec0-496189b173ff,AST-FURN-CAB-00184,053cf8f8-7366-46a9-b0bb-3f4c8b856fa5,Computer Science Department,Engineering Building,retirement_evidence,,,,,,,,not a warranty,application/pdf,340000,0.32,clean,t,63cfd2c4-2600-45b5-8925-b1c9ff6c04ee,Hossam El-Deen,2026-09-21 12:36:10.142818+00,2026-09-21
fced7d0b-a572-4aa7-b0c2-6b70d9940480,2d401ac0-5992-479d-9c3a-c636fe03fce3,AST-FURN-CAB-00352,053cf8f8-7366-46a9-b0bb-3f4c8b856fa5,Computer Science Department,Engineering Building,manual,,,,,,,,not a warranty,application/pdf,2317113,2.21,clean,t,60694a33-64df-4703-bb1f-20bc3948e683,Hala Rashad,2026-09-21 12:36:10.142818+00,2026-09-21
9e2d0e98-9ea8-46b2-809c-bf02e7063d86,c959dc42-2d2b-43c5-96a6-dda889bcc167,AST-IT-MONITOR-00128,053cf8f8-7366-46a9-b0bb-3f4c8b856fa5,Computer Science Department,Engineering Building,manual,,,,,,,,not a warranty,application/pdf,2908741,2.77,clean,t,60694a33-64df-4703-bb1f-20bc3948e683,Hala Rashad,2026-09-21 12:36:10.142818+00,2026-09-21
830e802d-1f18-4dde-86b2-9572f0f6dcf8,7373faf9-f1ab-4151-8d65-0131be6b082b,AST-IT-PC-00072,053cf8f8-7366-46a9-b0bb-3f4c8b856fa5,Computer Science Department,Engineering Building,manual,,,,,,,,not a warranty,application/pdf,3349591,3.19,clean,t,60694a33-64df-4703-bb1f-20bc3948e683,Hala Rashad,2026-09-21 12:36:10.142818+00,2026-09-21
50f71521-fa4b-47c9-bb45-51fc59705462,7fe1bcfe-74c1-4691-bec0-496189b173ff,AST-FURN-CAB-00184,053cf8f8-7366-46a9-b0bb-3f4c8b856fa5,Computer Science Department,Engineering Building,warranty,Upper Egypt Office Works,,,,Service contract,2022-11-21,-1400,expired,application/pdf,87316,0.08,clean,t,a88277d6-7193-4856-b318-4d7fb0af2f58,Mostafa Adel,2019-12-06 00:00:00+00,2019-12-06
d505b0d7-2b5c-43d5-8477-e14439953439,87b9834f-3c9b-446d-a2c7-acb1961a7c54,AST-IT-MONITOR-00417,053cf8f8-7366-46a9-b0bb-3f4c8b856fa5,Computer Science Department,Engineering Building,warranty,Upper Egypt Office Works,,,,Supplier extended cover,2023-04-15,-1255,expired,application/pdf,80655,0.08,clean,t,a88277d6-7193-4856-b318-4d7fb0af2f58,Mostafa Adel,2021-04-29 00:00:00+00,2021-04-29
d911f0bd-9887-47c3-a0ff-a1afb2862dc1,f5ee5902-a563-412d-a2d0-cf4c114e2737,AST-IT-MONITOR-00296,053cf8f8-7366-46a9-b0bb-3f4c8b856fa5,Computer Science Department,Engineering Building,warranty,CoolAir Engineering,,,,Manufacturer warranty,2027-04-13,204,covered,application/pdf,81830,0.08,clean,t,a88277d6-7193-4856-b318-4d7fb0af2f58,Mostafa Adel,2024-04-27 00:00:00+00,2024-04-27
212b3f01-4508-4f50-8ae0-ca79f6205c2d,7373faf9-f1ab-4151-8d65-0131be6b082b,AST-IT-PC-00072,053cf8f8-7366-46a9-b0bb-3f4c8b856fa5,Computer Science Department,Engineering Building,warranty,Upper Egypt Office Works,,,,Service contract,2027-11-21,426,covered,application/pdf,101936,0.10,clean,t,a88277d6-7193-4856-b318-4d7fb0af2f58,Mostafa Adel,2025-12-05 00:00:00+00,2025-12-05
2c384c80-fb11-493e-91b3-65960fc145f2,0f96dd5e-bc40-479b-a4a8-935f141761fe,AST-IT-PC-00240,053cf8f8-7366-46a9-b0bb-3f4c8b856fa5,Computer Science Department,Engineering Building,warranty,Upper Egypt Office Works,,,,Supplier extended cover,2023-12-14,-1012,expired,application/pdf,214321,0.20,clean,t,a88277d6-7193-4856-b318-4d7fb0af2f58,Mostafa Adel,2020-12-28 00:00:00+00,2020-12-28
902dbf56-942f-48d0-83aa-63d50e9cdef1,31cb68c4-04b9-459f-a319-f54f64093777,AST-IT-PC-00408,053cf8f8-7366-46a9-b0bb-3f4c8b856fa5,Computer Science Department,Engineering Building,warranty,LabLine Scientific,,,,Supplier extended cover,2026-12-03,73,expiring in 90 days,application/pdf,154984,0.15,clean,t,a88277d6-7193-4856-b318-4d7fb0af2f58,Mostafa Adel,2023-12-18 00:00:00+00,2023-12-18
5131af77-01a1-49d2-8690-a57b681ed2be,7fe1bcfe-74c1-4691-bec0-496189b173ff,AST-FURN-CAB-00184,053cf8f8-7366-46a9-b0bb-3f4c8b856fa5,Computer Science Department,Engineering Building,invoice,Upper Egypt Office Works,PO-2019-0002,INV-2019-0860,3192.00,,,,not a warranty,application/pdf,471597,0.45,clean,t,a88277d6-7193-4856-b318-4d7fb0af2f58,Mostafa Adel,2019-12-06 00:00:00+00,2019-12-06
795d1e14-741f-4db7-a52b-0a2234cdb427,87b9834f-3c9b-446d-a2c7-acb1961a7c54,AST-IT-MONITOR-00417,053cf8f8-7366-46a9-b0bb-3f4c8b856fa5,Computer Science Department,Engineering Building,invoice,Upper Egypt Office Works,PO-2021-0020,INV-2021-0660,5175.60,,,,not a warranty,application/pdf,340472,0.32,clean,t,a88277d6-7193-4856-b318-4d7fb0af2f58,Mostafa Adel,2021-04-29 00:00:00+00,2021-04-29
1d786898-5420-44a5-9182-1d0f4648064f,c959dc42-2d2b-43c5-96a6-dda889bcc167,AST-IT-MONITOR-00128,053cf8f8-7366-46a9-b0bb-3f4c8b856fa5,Computer Science Department,Engineering Building,invoice,Nile Tech Systems,PO-2021-0046,INV-2021-0667,4810.80,,,,not a warranty,application/pdf,245325,0.23,clean,t,a88277d6-7193-4856-b318-4d7fb0af2f58,Mostafa Adel,2021-03-14 00:00:00+00,2021-03-14
8c02ce46-df81-4219-bdaa-6107dfa6338e,f5ee5902-a563-412d-a2d0-cf4c114e2737,AST-IT-MONITOR-00296,053cf8f8-7366-46a9-b0bb-3f4c8b856fa5,Computer Science Department,Engineering Building,invoice,CoolAir Engineering,PO-2024-0020,INV-2024-0264,4810.80,,,,not a warranty,application/pdf,518768,0.49,clean,t,a88277d6-7193-4856-b318-4d7fb0af2f58,Mostafa Adel,2024-04-27 00:00:00+00,2024-04-27
aaf4726d-bfc2-4996-ac0b-f8041d99f301,0f96dd5e-bc40-479b-a4a8-935f141761fe,AST-IT-PC-00240,053cf8f8-7366-46a9-b0bb-3f4c8b856fa5,Computer Science Department,Engineering Building,invoice,Upper Egypt Office Works,PO-2020-0023,INV-2020-0318,19380.00,,,,not a warranty,application/pdf,158134,0.15,clean,t,a88277d6-7193-4856-b318-4d7fb0af2f58,Mostafa Adel,2020-12-28 00:00:00+00,2020-12-28
35f9a750-3c27-45f1-aca7-ea5beaa49056,31cb68c4-04b9-459f-a319-f54f64093777,AST-IT-PC-00408,053cf8f8-7366-46a9-b0bb-3f4c8b856fa5,Computer Science Department,Engineering Building,invoice,LabLine Scientific,PO-2023-0042,INV-2023-0553,26676.00,,,,not a warranty,application/pdf,252351,0.24,clean,t,a88277d6-7193-4856-b318-4d7fb0af2f58,Mostafa Adel,2023-12-18 00:00:00+00,2023-12-18
92e010cb-092d-4e6b-ac57-8ec8c76e769c,425c02ac-fc8e-4acd-82fa-ec04c7d1efe7,AST-FURN-DESK-00252,8ef0ecc9-58c0-4c55-91e0-178f17ee7c58,Artificial Intelligence Department,AI and Data Science Building,retirement_evidence,,,,,,,,not a warranty,application/pdf,340000,0.32,clean,t,63cfd2c4-2600-45b5-8925-b1c9ff6c04ee,Hossam El-Deen,2026-09-21 12:36:10.142818+00,2026-09-21
c500ed45-a9e7-48d7-bef0-5996f8c89af0,efb5ac45-3c44-4ec3-9ee3-52e15db58160,AST-IT-SWITCH-00140,8ef0ecc9-58c0-4c55-91e0-178f17ee7c58,Artificial Intelligence Department,AI and Data Science Building,warranty,PowerGuard Energy,,,,Manufacturer warranty,2027-12-15,450,covered,application/pdf,211071,0.20,clean,t,a88277d6-7193-4856-b318-4d7fb0af2f58,Mostafa Adel,2025-12-29 00:00:00+00,2025-12-29
4b43e407-ae91-47fe-8ba3-547fac5c433f,ac6dd7f1-28c7-406e-9da4-8c7f1feffe78,AST-IT-SWITCH-00308,8ef0ecc9-58c0-4c55-91e0-178f17ee7c58,Artificial Intelligence Department,AI and Data Science Building,warranty,PowerGuard Energy,,,,Supplier extended cover,2025-06-28,-450,expired,application/pdf,207802,0.20,clean,t,a88277d6-7193-4856-b318-4d7fb0af2f58,Mostafa Adel,2023-07-13 00:00:00+00,2023-07-13
8d6a024f-b881-420f-9ab9-db622174e18d,4ac924ac-9b8a-423d-898b-6bdb5b1eecbe,AST-FURN-DESK-00084,8ef0ecc9-58c0-4c55-91e0-178f17ee7c58,Artificial Intelligence Department,AI and Data Science Building,warranty,Delta Computer Supplies,,,,Service contract,2026-07-11,-72,expired,application/pdf,172455,0.16,clean,t,a88277d6-7193-4856-b318-4d7fb0af2f58,Mostafa Adel,2023-07-26 00:00:00+00,2023-07-26
307f9a07-91d9-4b7d-b7cd-6a7b35dcef20,425c02ac-fc8e-4acd-82fa-ec04c7d1efe7,AST-FURN-DESK-00252,8ef0ecc9-58c0-4c55-91e0-178f17ee7c58,Artificial Intelligence Department,AI and Data Science Building,warranty,Delta Computer Supplies,,,,Manufacturer warranty,2025-01-16,-613,expired,application/pdf,127614,0.12,clean,t,a88277d6-7193-4856-b318-4d7fb0af2f58,Mostafa Adel,2022-01-31 00:00:00+00,2022-01-31
876e4a26-8985-4029-96db-581fdc1ef39e,a40d399f-21db-4230-b466-1d994c0db768,AST-FURN-DESK-00420,8ef0ecc9-58c0-4c55-91e0-178f17ee7c58,Artificial Intelligence Department,AI and Data Science Building,warranty,Upper Egypt Office Works,,,,Service contract,2021-09-09,-1838,expired,application/pdf,135472,0.13,clean,t,a88277d6-7193-4856-b318-4d7fb0af2f58,Mostafa Adel,2019-09-24 00:00:00+00,2019-09-24
f0f2eb20-0e0e-4a69-9633-0398e5e8528d,d1e816bd-892d-47e8-950e-be78e217a167,AST-IT-PC-00028,8ef0ecc9-58c0-4c55-91e0-178f17ee7c58,Artificial Intelligence Department,AI and Data Science Building,warranty,LabLine Scientific,,,,Service contract,2027-03-21,181,covered,application/pdf,89779,0.09,clean,t,a88277d6-7193-4856-b318-4d7fb0af2f58,Mostafa Adel,2024-04-04 00:00:00+00,2024-04-04
deb269f2-1a97-4f23-a3f8-51a775dc0827,938cecdf-b574-44e1-a02a-d14cc7a7cca1,AST-IT-PC-00364,8ef0ecc9-58c0-4c55-91e0-178f17ee7c58,Artificial Intelligence Department,AI and Data Science Building,warranty,LabLine Scientific,,,,Manufacturer warranty,2024-06-29,-814,expired,application/pdf,234745,0.22,clean,t,a88277d6-7193-4856-b318-4d7fb0af2f58,Mostafa Adel,2022-07-14 00:00:00+00,2022-07-14
8f37a066-a7a1-4f86-ab12-1b9e53c4cac4,efb5ac45-3c44-4ec3-9ee3-52e15db58160,AST-IT-SWITCH-00140,8ef0ecc9-58c0-4c55-91e0-178f17ee7c58,Artificial Intelligence Department,AI and Data Science Building,invoice,PowerGuard Energy,PO-2025-0060,INV-2025-0710,13794.00,,,,not a warranty,application/pdf,238450,0.23,clean,t,a88277d6-7193-4856-b318-4d7fb0af2f58,Mostafa Adel,2025-12-29 00:00:00+00,2025-12-29
57ad6a89-37b4-4484-a1d0-efa6e531e858,4ac924ac-9b8a-423d-898b-6bdb5b1eecbe,AST-FURN-DESK-00084,8ef0ecc9-58c0-4c55-91e0-178f17ee7c58,Artificial Intelligence Department,AI and Data Science Building,invoice,Delta Computer Supplies,PO-2023-0039,INV-2023-0273,4696.80,,,,not a warranty,application/pdf,206749,0.20,clean,t,a88277d6-7193-4856-b318-4d7fb0af2f58,Mostafa Adel,2023-07-26 00:00:00+00,2023-07-26
303a4479-48a4-48d3-8117-bfafd03ecfb8,425c02ac-fc8e-4acd-82fa-ec04c7d1efe7,AST-FURN-DESK-00252,8ef0ecc9-58c0-4c55-91e0-178f17ee7c58,Artificial Intelligence Department,AI and Data Science Building,invoice,Delta Computer Supplies,PO-2022-0047,INV-2022-0380,4400.40,,,,not a warranty,application/pdf,208856,0.20,clean,t,a88277d6-7193-4856-b318-4d7fb0af2f58,Mostafa Adel,2022-01-31 00:00:00+00,2022-01-31
af47166e-cacb-4851-9687-d1573a17e646,a40d399f-21db-4230-b466-1d994c0db768,AST-FURN-DESK-00420,8ef0ecc9-58c0-4c55-91e0-178f17ee7c58,Artificial Intelligence Department,AI and Data Science Building,invoice,Upper Egypt Office Works,PO-2019-0060,INV-2019-0110,4993.20,,,,not a warranty,application/pdf,378652,0.36,clean,t,a88277d6-7193-4856-b318-4d7fb0af2f58,Mostafa Adel,2019-09-24 00:00:00+00,2019-09-24
8d135a65-8600-4b36-8c35-d168b328a6d5,d1e816bd-892d-47e8-950e-be78e217a167,AST-IT-PC-00028,8ef0ecc9-58c0-4c55-91e0-178f17ee7c58,Artificial Intelligence Department,AI and Data Science Building,invoice,LabLine Scientific,PO-2024-0059,INV-2024-0060,23028.00,,,,not a warranty,application/pdf,428760,0.41,clean,t,a88277d6-7193-4856-b318-4d7fb0af2f58,Mostafa Adel,2024-04-04 00:00:00+00,2024-04-04
a6b7cd9b-7479-4451-8bb4-709ad19a9a9c,9ed52322-f33c-4619-893c-71eda69e8700,AST-IT-PC-00196,8ef0ecc9-58c0-4c55-91e0-178f17ee7c58,Artificial Intelligence Department,AI and Data Science Building,invoice,Nile Tech Systems,PO-2025-0041,INV-2025-0371,21204.00,,,,not a warranty,application/pdf,309987,0.30,clean,t,a88277d6-7193-4856-b318-4d7fb0af2f58,Mostafa Adel,2026-01-06 00:00:00+00,2026-01-06
5f18b083-60a6-4f8b-a186-03583895a32b,938cecdf-b574-44e1-a02a-d14cc7a7cca1,AST-IT-PC-00364,8ef0ecc9-58c0-4c55-91e0-178f17ee7c58,Artificial Intelligence Department,AI and Data Science Building,invoice,LabLine Scientific,PO-2022-0036,INV-2022-0583,22116.00,,,,not a warranty,application/pdf,419581,0.40,clean,t,a88277d6-7193-4856-b318-4d7fb0af2f58,Mostafa Adel,2022-07-14 00:00:00+00,2022-07-14
0cc1b36d-5cab-44e2-94f6-a901f89ea2e0,edbb1f34-97db-4120-88ea-23d452ef52c5,AST-LAB-OSC-00190,053cf8f8-7366-46a9-b0bb-3f4c8b856fa5,Computer Science Department,Engineering Building,retirement_evidence,,,,,,,,not a warranty,application/pdf,340000,0.32,clean,t,63cfd2c4-2600-45b5-8925-b1c9ff6c04ee,Hossam El-Deen,2026-09-21 12:36:10.142818+00,2026-09-21
3a91ef30-52a4-4ea5-9a3e-46cae32e3ad7,a8fec32f-4bde-47d0-aa4e-8c058ce61ec8,AST-LAB-OSC-00358,053cf8f8-7366-46a9-b0bb-3f4c8b856fa5,Computer Science Department,Engineering Building,manual,,,,,,,,not a warranty,application/pdf,2832499,2.70,clean,t,60694a33-64df-4703-bb1f-20bc3948e683,Hala Rashad,2026-09-21 12:36:10.142818+00,2026-09-21
cf066666-bff1-4b17-82f5-ce502d7e3374,d6609890-892c-403a-8f4a-12d47e59305d,AST-FAC-UPS-00234,053cf8f8-7366-46a9-b0bb-3f4c8b856fa5,Computer Science Department,Engineering Building,manual,,,,,,,,not a warranty,application/pdf,2244740,2.14,clean,t,60694a33-64df-4703-bb1f-20bc3948e683,Hala Rashad,2026-09-21 12:36:10.142818+00,2026-09-21
e4094273-4670-4291-9f4e-42066ef50d9e,d6609890-892c-403a-8f4a-12d47e59305d,AST-FAC-UPS-00234,053cf8f8-7366-46a9-b0bb-3f4c8b856fa5,Computer Science Department,Engineering Building,warranty,Nile Tech Systems,,,,Manufacturer warranty,2027-09-28,372,covered,application/pdf,169663,0.16,clean,t,a88277d6-7193-4856-b318-4d7fb0af2f58,Mostafa Adel,2024-10-12 00:00:00+00,2024-10-12
d9dff318-8459-4f59-8df6-e6ea200e4ae9,ade793c8-ae98-4dde-aa2a-c7483decef92,AST-FURN-CHAIR-00134,053cf8f8-7366-46a9-b0bb-3f4c8b856fa5,Computer Science Department,Engineering Building,warranty,CoolAir Engineering,,,,Service contract,2025-11-18,-307,expired,application/pdf,60149,0.06,clean,t,a88277d6-7193-4856-b318-4d7fb0af2f58,Mostafa Adel,2023-12-03 00:00:00+00,2023-12-03
0b049376-7a75-40a0-aac3-9419193af4c1,54a6b2f8-ebff-4c03-b23e-4dde9713c835,AST-FURN-CHAIR-00302,053cf8f8-7366-46a9-b0bb-3f4c8b856fa5,Computer Science Department,Engineering Building,warranty,Nile Tech Systems,,,,Manufacturer warranty,2027-11-09,414,covered,application/pdf,113772,0.11,clean,t,a88277d6-7193-4856-b318-4d7fb0af2f58,Mostafa Adel,2025-11-23 00:00:00+00,2025-11-23
2560f9dd-1d93-43fd-9abf-3e13a740698e,b67ba49d-5a99-43d3-a29d-4bcb36416da3,AST-IT-MONITOR-00078,053cf8f8-7366-46a9-b0bb-3f4c8b856fa5,Computer Science Department,Engineering Building,warranty,PowerGuard Energy,,,,Manufacturer warranty,2023-10-19,-1068,expired,application/pdf,233027,0.22,clean,t,a88277d6-7193-4856-b318-4d7fb0af2f58,Mostafa Adel,2021-11-02 00:00:00+00,2021-11-02
8fa0bdbc-adde-4974-9543-bf49d0be9b8e,acc30ced-aad3-45a5-9adb-8b1b9e5928fd,AST-IT-MONITOR-00246,053cf8f8-7366-46a9-b0bb-3f4c8b856fa5,Computer Science Department,Engineering Building,warranty,CoolAir Engineering,,,,Manufacturer warranty,2023-05-30,-1210,expired,application/pdf,192838,0.18,clean,t,a88277d6-7193-4856-b318-4d7fb0af2f58,Mostafa Adel,2021-06-13 00:00:00+00,2021-06-13
259010f2-7c2f-4227-8db7-e856a2f81395,df24033b-cd63-4f07-b572-956d7e526142,AST-IT-MONITOR-00414,053cf8f8-7366-46a9-b0bb-3f4c8b856fa5,Computer Science Department,Engineering Building,warranty,LabLine Scientific,,,,Supplier extended cover,2028-09-05,715,covered,application/pdf,188260,0.18,clean,t,a88277d6-7193-4856-b318-4d7fb0af2f58,Mostafa Adel,2025-09-20 00:00:00+00,2025-09-20
854086e5-5568-4e52-a19e-931a5be8f291,edbb1f34-97db-4120-88ea-23d452ef52c5,AST-LAB-OSC-00190,053cf8f8-7366-46a9-b0bb-3f4c8b856fa5,Computer Science Department,Engineering Building,invoice,Delta Computer Supplies,PO-2021-0021,INV-2021-0880,92340.00,,,,not a warranty,application/pdf,493869,0.47,clean,t,a88277d6-7193-4856-b318-4d7fb0af2f58,Mostafa Adel,2021-08-02 00:00:00+00,2021-08-02
e53db0f1-7ee6-4995-9e3c-081696a65d36,a8fec32f-4bde-47d0-aa4e-8c058ce61ec8,AST-LAB-OSC-00358,053cf8f8-7366-46a9-b0bb-3f4c8b856fa5,Computer Science Department,Engineering Building,invoice,Nile Tech Systems,PO-2024-0054,INV-2024-0449,92340.00,,,,not a warranty,application/pdf,275416,0.26,clean,t,a88277d6-7193-4856-b318-4d7fb0af2f58,Mostafa Adel,2024-11-16 00:00:00+00,2024-11-16
c9368f67-6e2d-433d-b2e8-10c03e4a4858,ade793c8-ae98-4dde-aa2a-c7483decef92,AST-FURN-CHAIR-00134,053cf8f8-7366-46a9-b0bb-3f4c8b856fa5,Computer Science Department,Engineering Building,invoice,CoolAir Engineering,PO-2023-0046,INV-2023-0896,2382.60,,,,not a warranty,application/pdf,292118,0.28,clean,t,a88277d6-7193-4856-b318-4d7fb0af2f58,Mostafa Adel,2023-12-03 00:00:00+00,2023-12-03
02ddccf0-3b47-4e53-a0bd-40bbb976968c,54a6b2f8-ebff-4c03-b23e-4dde9713c835,AST-FURN-CHAIR-00302,053cf8f8-7366-46a9-b0bb-3f4c8b856fa5,Computer Science Department,Engineering Building,invoice,Nile Tech Systems,PO-2025-0040,INV-2025-0140,2599.20,,,,not a warranty,application/pdf,432271,0.41,clean,t,a88277d6-7193-4856-b318-4d7fb0af2f58,Mostafa Adel,2025-11-23 00:00:00+00,2025-11-23
ded57729-9671-4d1c-a3e9-5b98ea8a5cbd,b67ba49d-5a99-43d3-a29d-4bcb36416da3,AST-IT-MONITOR-00078,053cf8f8-7366-46a9-b0bb-3f4c8b856fa5,Computer Science Department,Engineering Building,invoice,PowerGuard Energy,PO-2021-0039,INV-2021-0286,5540.40,,,,not a warranty,application/pdf,155462,0.15,clean,t,a88277d6-7193-4856-b318-4d7fb0af2f58,Mostafa Adel,2021-11-02 00:00:00+00,2021-11-02
dd4f2c1f-ece0-4450-826b-1af43afef256,acc30ced-aad3-45a5-9adb-8b1b9e5928fd,AST-IT-MONITOR-00246,053cf8f8-7366-46a9-b0bb-3f4c8b856fa5,Computer Science Department,Engineering Building,invoice,CoolAir Engineering,PO-2021-0030,INV-2021-0272,5540.40,,,,not a warranty,application/pdf,308482,0.29,clean,t,a88277d6-7193-4856-b318-4d7fb0af2f58,Mostafa Adel,2021-06-13 00:00:00+00,2021-06-13
092d01af-586e-4ef3-8495-cac71a942b42,4b91b883-e1a1-4b8f-8e28-5d1a77c73478,AST-FAC-UPS-00090,8ef0ecc9-58c0-4c55-91e0-178f17ee7c58,Artificial Intelligence Department,AI and Data Science Building,warranty,CoolAir Engineering,,,,Service contract,2022-08-23,-1490,expired,application/pdf,95325,0.09,clean,t,a88277d6-7193-4856-b318-4d7fb0af2f58,Mostafa Adel,2020-09-06 00:00:00+00,2020-09-06
a642c831-5a8c-4b83-98f8-b9d97b0682ef,39082336-9803-4031-95a8-c5eee23e98b6,AST-FAC-UPS-00258,8ef0ecc9-58c0-4c55-91e0-178f17ee7c58,Artificial Intelligence Department,AI and Data Science Building,warranty,Nile Tech Systems,,,,Service contract,2026-03-01,-204,expired,application/pdf,160798,0.15,clean,t,a88277d6-7193-4856-b318-4d7fb0af2f58,Mostafa Adel,2023-03-16 00:00:00+00,2023-03-16
4186127d-7b81-46b1-ae0a-7a6abf49ab20,371c8f5b-7f2c-4e30-8326-cf20be57901e,AST-IT-LAPTOP-00034,8ef0ecc9-58c0-4c55-91e0-178f17ee7c58,Artificial Intelligence Department,AI and Data Science Building,manual,,,,,,,,not a warranty,application/pdf,2433431,2.32,clean,t,60694a33-64df-4703-bb1f-20bc3948e683,Hala Rashad,2026-09-21 12:36:10.142818+00,2026-09-21
b8dab3e2-d12f-412a-892a-882ea04235b6,06624745-a046-4355-82c3-608dd9eb74f9,AST-IT-MONITOR-00416,8ef0ecc9-58c0-4c55-91e0-178f17ee7c58,Artificial Intelligence Department,AI and Data Science Building,warranty,Upper Egypt Office Works,,,,Service contract,2024-06-20,-823,expired,application/pdf,232954,0.22,clean,t,a88277d6-7193-4856-b318-4d7fb0af2f58,Mostafa Adel,2022-07-05 00:00:00+00,2022-07-05
fb350a8a-73da-49e3-80ad-1ecc3b7417d4,0a7c5b3a-78e2-4724-871a-63afc7e4a8c7,AST-IT-PC-00146,8ef0ecc9-58c0-4c55-91e0-178f17ee7c58,Artificial Intelligence Department,AI and Data Science Building,warranty,Nile Tech Systems,,,,Supplier extended cover,2024-05-07,-867,expired,application/pdf,60345,0.06,clean,t,a88277d6-7193-4856-b318-4d7fb0af2f58,Mostafa Adel,2022-05-22 00:00:00+00,2022-05-22
bacc8953-058a-4ca1-bee6-4bbe0b67bae3,8218ff11-2182-44fe-97fb-972bf96abc6a,AST-IT-PC-00314,8ef0ecc9-58c0-4c55-91e0-178f17ee7c58,Artificial Intelligence Department,AI and Data Science Building,warranty,Delta Computer Supplies,,,,Service contract,2023-05-19,-1221,expired,application/pdf,193651,0.18,clean,t,a88277d6-7193-4856-b318-4d7fb0af2f58,Mostafa Adel,2020-06-02 00:00:00+00,2020-06-02
d274758b-61ff-47a2-97f7-8a5dbcf956bf,4b91b883-e1a1-4b8f-8e28-5d1a77c73478,AST-FAC-UPS-00090,8ef0ecc9-58c0-4c55-91e0-178f17ee7c58,Artificial Intelligence Department,AI and Data Science Building,invoice,CoolAir Engineering,PO-2020-0039,INV-2020-0734,12768.00,,,,not a warranty,application/pdf,300524,0.29,clean,t,a88277d6-7193-4856-b318-4d7fb0af2f58,Mostafa Adel,2020-09-06 00:00:00+00,2020-09-06
9fe9394e-0741-43a4-8b48-11b611de7392,39082336-9803-4031-95a8-c5eee23e98b6,AST-FAC-UPS-00258,8ef0ecc9-58c0-4c55-91e0-178f17ee7c58,Artificial Intelligence Department,AI and Data Science Building,invoice,Nile Tech Systems,PO-2023-0030,INV-2023-0891,11685.00,,,,not a warranty,application/pdf,321517,0.31,clean,t,a88277d6-7193-4856-b318-4d7fb0af2f58,Mostafa Adel,2023-03-16 00:00:00+00,2023-03-16
aa93372d-71f0-438f-b37e-92f9e1a2122c,371c8f5b-7f2c-4e30-8326-cf20be57901e,AST-IT-LAPTOP-00034,8ef0ecc9-58c0-4c55-91e0-178f17ee7c58,Artificial Intelligence Department,AI and Data Science Building,invoice,CoolAir Engineering,PO-2021-0031,INV-2021-0613,32946.00,,,,not a warranty,application/pdf,195655,0.19,clean,t,a88277d6-7193-4856-b318-4d7fb0af2f58,Mostafa Adel,2021-11-01 00:00:00+00,2021-11-01
a747c07a-e964-4377-9530-4b9c50acf026,333c3235-57bd-41f1-933e-95f1ea8b288e,AST-IT-LAPTOP-00202,8ef0ecc9-58c0-4c55-91e0-178f17ee7c58,Artificial Intelligence Department,AI and Data Science Building,invoice,CoolAir Engineering,PO-2019-0051,INV-2019-0182,37392.00,,,,not a warranty,application/pdf,445125,0.42,clean,t,a88277d6-7193-4856-b318-4d7fb0af2f58,Mostafa Adel,2019-12-16 00:00:00+00,2019-12-16
9f2ff115-b74e-4c50-b96f-6e94e2cf2e8f,f9cde054-6c1e-462f-84c1-3cd2a49e251a,AST-IT-LAPTOP-00370,8ef0ecc9-58c0-4c55-91e0-178f17ee7c58,Artificial Intelligence Department,AI and Data Science Building,invoice,Nile Tech Systems,PO-2023-0015,INV-2023-0091,32946.00,,,,not a warranty,application/pdf,399302,0.38,clean,t,a88277d6-7193-4856-b318-4d7fb0af2f58,Mostafa Adel,2023-04-02 00:00:00+00,2023-04-02
e0cab825-22af-4056-ac44-9f0f73531f6d,06624745-a046-4355-82c3-608dd9eb74f9,AST-IT-MONITOR-00416,8ef0ecc9-58c0-4c55-91e0-178f17ee7c58,Artificial Intelligence Department,AI and Data Science Building,invoice,Upper Egypt Office Works,PO-2022-0026,INV-2022-0217,5540.40,,,,not a warranty,application/pdf,179384,0.17,clean,t,a88277d6-7193-4856-b318-4d7fb0af2f58,Mostafa Adel,2022-07-05 00:00:00+00,2022-07-05
f5617232-0c80-44cc-8855-c92245daa7db,0a7c5b3a-78e2-4724-871a-63afc7e4a8c7,AST-IT-PC-00146,8ef0ecc9-58c0-4c55-91e0-178f17ee7c58,Artificial Intelligence Department,AI and Data Science Building,invoice,Nile Tech Systems,PO-2022-0020,INV-2022-0420,23028.00,,,,not a warranty,application/pdf,276879,0.26,clean,t,a88277d6-7193-4856-b318-4d7fb0af2f58,Mostafa Adel,2022-05-22 00:00:00+00,2022-05-22
90c54d25-9b2b-42e3-ac67-04f1d744bac6,8218ff11-2182-44fe-97fb-972bf96abc6a,AST-IT-PC-00314,8ef0ecc9-58c0-4c55-91e0-178f17ee7c58,Artificial Intelligence Department,AI and Data Science Building,invoice,Delta Computer Supplies,PO-2020-0048,INV-2020-0729,26676.00,,,,not a warranty,application/pdf,313255,0.30,clean,t,a88277d6-7193-4856-b318-4d7fb0af2f58,Mostafa Adel,2020-06-02 00:00:00+00,2020-06-02
3c02e571-2ee3-42ef-beb8-87b1a0feece3,a6cea4e8-cdc6-439d-81e3-f91db2425a10,AST-IT-PRINTER-00067,dc26f153-404e-47f8-8034-eb07783f1c9d,Electrical Engineering Department,Engineering Building,warranty,Delta Computer Supplies,,,,Manufacturer warranty,2028-04-04,561,covered,application/pdf,193089,0.18,clean,t,a88277d6-7193-4856-b318-4d7fb0af2f58,Mostafa Adel,2025-04-19 00:00:00+00,2025-04-19
bf479604-bf0f-40bc-9158-8eac79332748,88b32d42-dcd3-42a3-b781-e29c49719c8c,AST-IT-PRINTER-00403,dc26f153-404e-47f8-8034-eb07783f1c9d,Electrical Engineering Department,Engineering Building,warranty,Nile Tech Systems,,,,Supplier extended cover,2025-03-06,-564,expired,application/pdf,70334,0.07,clean,t,a88277d6-7193-4856-b318-4d7fb0af2f58,Mostafa Adel,2023-03-21 00:00:00+00,2023-03-21
ae671753-3e1d-4db1-8ba7-8ce389faee04,3ce9eaa4-4252-40cd-a354-288ba4a4d128,AST-IT-MONITOR-00126,dc26f153-404e-47f8-8034-eb07783f1c9d,Electrical Engineering Department,Engineering Building,warranty,Nile Tech Systems,,,,Supplier extended cover,2025-06-18,-460,expired,application/pdf,73245,0.07,clean,t,a88277d6-7193-4856-b318-4d7fb0af2f58,Mostafa Adel,2022-07-03 00:00:00+00,2022-07-03
ed0a581c-e856-4dd6-9385-ee960870208f,88b32d42-dcd3-42a3-b781-e29c49719c8c,AST-IT-PRINTER-00403,dc26f153-404e-47f8-8034-eb07783f1c9d,Electrical Engineering Department,Engineering Building,invoice,Nile Tech Systems,PO-2023-0022,INV-2023-0451,12426.00,,,,not a warranty,application/pdf,327188,0.31,clean,t,a88277d6-7193-4856-b318-4d7fb0af2f58,Mostafa Adel,2023-03-21 00:00:00+00,2023-03-21
969441f4-72da-4ed4-8c72-76d75460b783,b69fd306-6b06-4c59-961a-d2a3cd1a97e8,AST-IT-LAPTOP-00011,dc26f153-404e-47f8-8034-eb07783f1c9d,Electrical Engineering Department,Engineering Building,invoice,CoolAir Engineering,PO-2022-0036,INV-2022-0560,34428.00,,,,not a warranty,application/pdf,203470,0.19,clean,t,a88277d6-7193-4856-b318-4d7fb0af2f58,Mostafa Adel,2022-09-13 00:00:00+00,2022-09-13
d4db01c8-991a-413c-854b-c9bd0bb5675b,3ce9eaa4-4252-40cd-a354-288ba4a4d128,AST-IT-MONITOR-00126,dc26f153-404e-47f8-8034-eb07783f1c9d,Electrical Engineering Department,Engineering Building,invoice,Nile Tech Systems,PO-2022-0005,INV-2022-0385,5905.20,,,,not a warranty,application/pdf,237671,0.23,clean,t,a88277d6-7193-4856-b318-4d7fb0af2f58,Mostafa Adel,2022-07-03 00:00:00+00,2022-07-03
229b43b3-f711-4d93-9380-b4d4ce06a644,bae09e3e-c23c-42af-acc4-9c817f7ae7b4,AST-IT-PC-00123,dc26f153-404e-47f8-8034-eb07783f1c9d,Electrical Engineering Department,Engineering Building,invoice,Nile Tech Systems,PO-2023-0018,INV-2023-0081,23028.00,,,,not a warranty,application/pdf,306192,0.29,clean,t,a88277d6-7193-4856-b318-4d7fb0af2f58,Mostafa Adel,2023-12-19 00:00:00+00,2023-12-19
df6e2a92-d808-484d-8612-8a81bd653292,b24849d9-bc6f-4bae-868b-f55f389756b7,AST-IT-PC-00291,dc26f153-404e-47f8-8034-eb07783f1c9d,Electrical Engineering Department,Engineering Building,invoice,CoolAir Engineering,PO-2023-0032,INV-2023-0683,21204.00,,,,not a warranty,application/pdf,427931,0.41,clean,t,a88277d6-7193-4856-b318-4d7fb0af2f58,Mostafa Adel,2024-01-04 00:00:00+00,2024-01-04
7bda43cb-8f38-4205-a374-f97c0b094bf5,554d6041-1b26-429f-b36b-9976bf27eaa4,AST-FURN-CHAIR-00303,6f3efb5d-afd8-49c9-8c40-31084252833a,Data Science Department,AI and Data Science Building,retirement_evidence,,,,,,,,not a warranty,application/pdf,340000,0.32,clean,t,63cfd2c4-2600-45b5-8925-b1c9ff6c04ee,Hossam El-Deen,2026-09-21 12:36:10.142818+00,2026-09-21
76ac05f9-0d17-44ba-a208-675c3eafcb9f,13319f71-4077-42ca-9cf9-67304d699aa5,AST-LAB-3DP-00359,6f3efb5d-afd8-49c9-8c40-31084252833a,Data Science Department,AI and Data Science Building,warranty,PowerGuard Energy,,,,Manufacturer warranty,2026-04-09,-165,expired,application/pdf,155770,0.15,clean,t,a88277d6-7193-4856-b318-4d7fb0af2f58,Mostafa Adel,2024-04-23 00:00:00+00,2024-04-23
57285c9d-edd0-40c7-8df7-831616824c77,02063a1f-4ed1-4ba3-9cb9-21d108d2cd27,AST-IT-MONITOR-00079,6f3efb5d-afd8-49c9-8c40-31084252833a,Data Science Department,AI and Data Science Building,warranty,PowerGuard Energy,,,,Manufacturer warranty,2025-07-03,-445,expired,application/pdf,64603,0.06,clean,t,a88277d6-7193-4856-b318-4d7fb0af2f58,Mostafa Adel,2023-07-18 00:00:00+00,2023-07-18
8066ccba-fc37-4c7d-8b60-fa2602677280,a379b836-3bd9-412f-82dd-3bdeef2c9290,AST-IT-MONITOR-00247,6f3efb5d-afd8-49c9-8c40-31084252833a,Data Science Department,AI and Data Science Building,warranty,CoolAir Engineering,,,,Supplier extended cover,2025-10-19,-337,expired,application/pdf,222994,0.21,clean,t,a88277d6-7193-4856-b318-4d7fb0af2f58,Mostafa Adel,2022-11-03 00:00:00+00,2022-11-03
3ebc1625-a2d1-46c1-9085-267d27659744,30a265bf-80e0-4b58-b2bc-109fb2ad3f0c,AST-IT-MONITOR-00415,6f3efb5d-afd8-49c9-8c40-31084252833a,Data Science Department,AI and Data Science Building,warranty,Upper Egypt Office Works,,,,Manufacturer warranty,2027-03-08,168,covered,application/pdf,69712,0.07,clean,t,a88277d6-7193-4856-b318-4d7fb0af2f58,Mostafa Adel,2025-03-22 00:00:00+00,2025-03-22
eb124696-6b77-462f-bd33-288e7c9d6e1d,e3ca20a7-3a04-4b03-b11b-ebd573ac0b16,AST-IT-PC-00269,6f3efb5d-afd8-49c9-8c40-31084252833a,Data Science Department,AI and Data Science Building,warranty,Upper Egypt Office Works,,,,Service contract,2022-10-01,-1451,expired,application/pdf,69836,0.07,clean,t,a88277d6-7193-4856-b318-4d7fb0af2f58,Mostafa Adel,2019-10-16 00:00:00+00,2019-10-16
e36b436d-10ae-424a-9227-8b1e6dce3f5f,13319f71-4077-42ca-9cf9-67304d699aa5,AST-LAB-3DP-00359,6f3efb5d-afd8-49c9-8c40-31084252833a,Data Science Department,AI and Data Science Building,invoice,PowerGuard Energy,PO-2024-0026,INV-2024-0431,36708.00,,,,not a warranty,application/pdf,481088,0.46,clean,t,a88277d6-7193-4856-b318-4d7fb0af2f58,Mostafa Adel,2024-04-23 00:00:00+00,2024-04-23
77ffdbc9-13b0-4e2e-aa45-b8338545b5d4,554d6041-1b26-429f-b36b-9976bf27eaa4,AST-FURN-CHAIR-00303,6f3efb5d-afd8-49c9-8c40-31084252833a,Data Science Department,AI and Data Science Building,invoice,Delta Computer Supplies,PO-2021-0058,INV-2021-0366,2166.00,,,,not a warranty,application/pdf,360739,0.34,clean,t,a88277d6-7193-4856-b318-4d7fb0af2f58,Mostafa Adel,2021-04-17 00:00:00+00,2021-04-17
48af1fdc-0480-46cd-841b-3e9ac8ba9c4c,15b13eef-3186-47a2-8ae9-2a2bc925632b,AST-IT-MONITOR-00031,6f3efb5d-afd8-49c9-8c40-31084252833a,Data Science Department,AI and Data Science Building,invoice,Delta Computer Supplies,PO-2024-0050,INV-2024-0211,5175.60,,,,not a warranty,application/pdf,478735,0.46,clean,t,a88277d6-7193-4856-b318-4d7fb0af2f58,Mostafa Adel,2024-11-24 00:00:00+00,2024-11-24
9180ea95-7c0c-414e-b5f5-8cc74e86cd04,a379b836-3bd9-412f-82dd-3bdeef2c9290,AST-IT-MONITOR-00247,6f3efb5d-afd8-49c9-8c40-31084252833a,Data Science Department,AI and Data Science Building,invoice,CoolAir Engineering,PO-2022-0050,INV-2022-0872,5175.60,,,,not a warranty,application/pdf,331686,0.32,clean,t,a88277d6-7193-4856-b318-4d7fb0af2f58,Mostafa Adel,2022-11-03 00:00:00+00,2022-11-03
65e72d58-701f-47b5-8f8f-740dbada080e,30a265bf-80e0-4b58-b2bc-109fb2ad3f0c,AST-IT-MONITOR-00415,6f3efb5d-afd8-49c9-8c40-31084252833a,Data Science Department,AI and Data Science Building,invoice,Upper Egypt Office Works,PO-2025-0030,INV-2025-0424,5540.40,,,,not a warranty,application/pdf,409396,0.39,clean,t,a88277d6-7193-4856-b318-4d7fb0af2f58,Mostafa Adel,2025-03-22 00:00:00+00,2025-03-22
f171b858-4af4-4a9b-bb51-5ee570883344,e3ca20a7-3a04-4b03-b11b-ebd573ac0b16,AST-IT-PC-00269,6f3efb5d-afd8-49c9-8c40-31084252833a,Data Science Department,AI and Data Science Building,invoice,Upper Egypt Office Works,PO-2019-0029,INV-2019-0242,25764.00,,,,not a warranty,application/pdf,447246,0.43,clean,t,a88277d6-7193-4856-b318-4d7fb0af2f58,Mostafa Adel,2019-10-16 00:00:00+00,2019-10-16
68631966-db01-4908-b318-d149bc3c56d5,148003af-a85e-4d2b-8321-332aa956264e,AST-FAC-AC-00017,dc26f153-404e-47f8-8034-eb07783f1c9d,Electrical Engineering Department,Engineering Building,other,,,,,,,,not a warranty,application/pdf,240000,0.23,pending,f,60694a33-64df-4703-bb1f-20bc3948e683,Hala Rashad,2026-09-21 12:36:10.142818+00,2026-09-21
a36be083-c7ec-4667-a662-6e7dc78a537c,ed91931d-3607-464f-a50c-794c0b6d6e7f,AST-FAC-AC-00185,dc26f153-404e-47f8-8034-eb07783f1c9d,Electrical Engineering Department,Engineering Building,manual,,,,,,,,not a warranty,application/pdf,3363572,3.21,clean,t,60694a33-64df-4703-bb1f-20bc3948e683,Hala Rashad,2026-09-21 12:36:10.142818+00,2026-09-21
e6f3a6cd-8dd4-40e4-bd22-7ae8d8bf5336,2d1c76b0-0687-4ae5-89f0-c1602947204e,AST-IT-PC-00241,dc26f153-404e-47f8-8034-eb07783f1c9d,Electrical Engineering Department,Engineering Building,manual,,,,,,,,not a warranty,application/pdf,2925250,2.79,clean,t,60694a33-64df-4703-bb1f-20bc3948e683,Hala Rashad,2026-09-21 12:36:10.142818+00,2026-09-21
56c09433-1f63-4778-98a2-241ff4cd85ba,59a67054-892a-476c-93d1-41fc04fbb793,AST-LAB-OSC-00022,dc26f153-404e-47f8-8034-eb07783f1c9d,Electrical Engineering Department,Engineering Building,warranty,CoolAir Engineering,,,,Supplier extended cover,2025-08-28,-389,expired,application/pdf,191597,0.18,clean,t,a88277d6-7193-4856-b318-4d7fb0af2f58,Mostafa Adel,2023-09-12 00:00:00+00,2023-09-12
edc89bb0-2b4c-4825-97c1-d613c949b94a,ed91931d-3607-464f-a50c-794c0b6d6e7f,AST-FAC-AC-00185,dc26f153-404e-47f8-8034-eb07783f1c9d,Electrical Engineering Department,Engineering Building,warranty,Upper Egypt Office Works,,,,Manufacturer warranty,2027-06-13,265,covered,application/pdf,116164,0.11,clean,t,a88277d6-7193-4856-b318-4d7fb0af2f58,Mostafa Adel,2024-06-27 00:00:00+00,2024-06-27
f66210be-fe32-457b-b071-75fc3ccbc7d6,cd86ca79-4209-43fa-8dc0-ce6f23a485df,AST-FAC-AC-00353,dc26f153-404e-47f8-8034-eb07783f1c9d,Electrical Engineering Department,Engineering Building,warranty,CoolAir Engineering,,,,Service contract,2027-08-28,341,covered,application/pdf,76625,0.07,clean,t,a88277d6-7193-4856-b318-4d7fb0af2f58,Mostafa Adel,2025-09-11 00:00:00+00,2025-09-11
5038775f-6070-44a5-93b4-be88bb82bbec,6b923bd3-542e-495c-ad1d-ef5555cc61e6,AST-FURN-DESK-00253,dc26f153-404e-47f8-8034-eb07783f1c9d,Electrical Engineering Department,Engineering Building,warranty,Upper Egypt Office Works,,,,Supplier extended cover,2023-01-21,-1339,expired,application/pdf,72584,0.07,clean,t,a88277d6-7193-4856-b318-4d7fb0af2f58,Mostafa Adel,2021-02-04 00:00:00+00,2021-02-04
1cba8c80-5a3c-470a-8867-61165c8efa0d,34773136-a9f4-4c28-b192-10768afd174c,AST-IT-MONITOR-00129,dc26f153-404e-47f8-8034-eb07783f1c9d,Electrical Engineering Department,Engineering Building,warranty,CoolAir Engineering,,,,Supplier extended cover,2024-10-03,-718,expired,application/pdf,97269,0.09,clean,t,a88277d6-7193-4856-b318-4d7fb0af2f58,Mostafa Adel,2021-10-18 00:00:00+00,2021-10-18
a61d91c7-c485-4bfe-9362-3f7372fc13cd,207d9595-f982-4e50-805c-5a1f17cb1a0c,AST-IT-MONITOR-00297,dc26f153-404e-47f8-8034-eb07783f1c9d,Electrical Engineering Department,Engineering Building,warranty,LabLine Scientific,,,,Manufacturer warranty,2026-06-01,-112,expired,application/pdf,205892,0.20,clean,t,a88277d6-7193-4856-b318-4d7fb0af2f58,Mostafa Adel,2023-06-16 00:00:00+00,2023-06-16
c27a3db4-6452-4de4-8c78-985e3508d873,8d80a20f-fff3-4b6e-b62c-e0e4380099f0,AST-IT-PC-00409,dc26f153-404e-47f8-8034-eb07783f1c9d,Electrical Engineering Department,Engineering Building,warranty,LabLine Scientific,,,,Service contract,2025-11-10,-315,expired,application/pdf,186988,0.18,clean,t,a88277d6-7193-4856-b318-4d7fb0af2f58,Mostafa Adel,2023-11-25 00:00:00+00,2023-11-25
e14f0305-5dfd-4489-9227-013074821fe0,59a67054-892a-476c-93d1-41fc04fbb793,AST-LAB-OSC-00022,dc26f153-404e-47f8-8034-eb07783f1c9d,Electrical Engineering Department,Engineering Building,invoice,CoolAir Engineering,PO-2023-0025,INV-2023-0897,92340.00,,,,not a warranty,application/pdf,127716,0.12,clean,t,a88277d6-7193-4856-b318-4d7fb0af2f58,Mostafa Adel,2023-09-12 00:00:00+00,2023-09-12
6e2a5ed5-aac9-489c-9db1-e5c8e9ff3586,148003af-a85e-4d2b-8321-332aa956264e,AST-FAC-AC-00017,dc26f153-404e-47f8-8034-eb07783f1c9d,Electrical Engineering Department,Engineering Building,invoice,CoolAir Engineering,PO-2024-0042,INV-2024-0616,23940.00,,,,not a warranty,application/pdf,153008,0.15,clean,t,a88277d6-7193-4856-b318-4d7fb0af2f58,Mostafa Adel,2024-11-13 00:00:00+00,2024-11-13
dbd6a4bf-34ca-44d3-b1c2-6425d03706fc,cd86ca79-4209-43fa-8dc0-ce6f23a485df,AST-FAC-AC-00353,dc26f153-404e-47f8-8034-eb07783f1c9d,Electrical Engineering Department,Engineering Building,invoice,CoolAir Engineering,PO-2025-0022,INV-2025-0484,28728.00,,,,not a warranty,application/pdf,173417,0.17,clean,t,a88277d6-7193-4856-b318-4d7fb0af2f58,Mostafa Adel,2025-09-11 00:00:00+00,2025-09-11
19d20f98-c3bd-4b46-a505-eb7a62920ce3,34773136-a9f4-4c28-b192-10768afd174c,AST-IT-MONITOR-00129,dc26f153-404e-47f8-8034-eb07783f1c9d,Electrical Engineering Department,Engineering Building,invoice,CoolAir Engineering,PO-2021-0002,INV-2021-0715,4810.80,,,,not a warranty,application/pdf,186065,0.18,clean,t,a88277d6-7193-4856-b318-4d7fb0af2f58,Mostafa Adel,2021-10-18 00:00:00+00,2021-10-18
cc7361d6-f162-4637-b713-a67d6c3a3dd2,207d9595-f982-4e50-805c-5a1f17cb1a0c,AST-IT-MONITOR-00297,dc26f153-404e-47f8-8034-eb07783f1c9d,Electrical Engineering Department,Engineering Building,invoice,LabLine Scientific,PO-2023-0056,INV-2023-0076,6270.00,,,,not a warranty,application/pdf,437615,0.42,clean,t,a88277d6-7193-4856-b318-4d7fb0af2f58,Mostafa Adel,2023-06-16 00:00:00+00,2023-06-16
7fc634fd-64fe-40ad-acc2-82a6f8f3f841,a1a32904-9882-4681-98af-9806952232f2,AST-IT-PC-00073,dc26f153-404e-47f8-8034-eb07783f1c9d,Electrical Engineering Department,Engineering Building,invoice,Upper Egypt Office Works,PO-2021-0033,INV-2021-0235,23940.00,,,,not a warranty,application/pdf,458404,0.44,clean,t,a88277d6-7193-4856-b318-4d7fb0af2f58,Mostafa Adel,2021-04-13 00:00:00+00,2021-04-13
f7b707c9-d977-42de-afd7-42e0d84cba88,2d1c76b0-0687-4ae5-89f0-c1602947204e,AST-IT-PC-00241,dc26f153-404e-47f8-8034-eb07783f1c9d,Electrical Engineering Department,Engineering Building,invoice,CoolAir Engineering,PO-2021-0013,INV-2021-0816,22116.00,,,,not a warranty,application/pdf,314108,0.30,clean,t,a88277d6-7193-4856-b318-4d7fb0af2f58,Mostafa Adel,2021-05-10 00:00:00+00,2021-05-10
62c9ba4f-77fd-4c5a-a622-c0448eb0b9b4,8d80a20f-fff3-4b6e-b62c-e0e4380099f0,AST-IT-PC-00409,dc26f153-404e-47f8-8034-eb07783f1c9d,Electrical Engineering Department,Engineering Building,invoice,LabLine Scientific,PO-2023-0026,INV-2023-0749,20292.00,,,,not a warranty,application/pdf,165981,0.16,clean,t,a88277d6-7193-4856-b318-4d7fb0af2f58,Mostafa Adel,2023-11-25 00:00:00+00,2023-11-25
7d8ac858-c889-4d71-b9de-a266d92c9b11,31631b15-6a13-4bba-9b7c-f6f2c3677ffc,AST-FURN-DESK-00085,6f3efb5d-afd8-49c9-8c40-31084252833a,Data Science Department,AI and Data Science Building,manual,,,,,,,,not a warranty,application/pdf,3346060,3.19,clean,t,60694a33-64df-4703-bb1f-20bc3948e683,Hala Rashad,2026-09-21 12:36:10.142818+00,2026-09-21
885de6ae-1b27-488f-8c77-3c6c90eefcc9,08d95983-0bee-4182-af3d-4fa2d1c35d03,AST-IT-PROJ-00141,6f3efb5d-afd8-49c9-8c40-31084252833a,Data Science Department,AI and Data Science Building,warranty,CoolAir Engineering,,,,Supplier extended cover,2025-12-12,-283,expired,application/pdf,213167,0.20,clean,t,a88277d6-7193-4856-b318-4d7fb0af2f58,Mostafa Adel,2023-12-27 00:00:00+00,2023-12-27
61bd3d34-9f5d-4b7f-bb51-fa5f2e7d577e,88eda7bd-e742-460d-8b55-e98dd5b359e4,AST-IT-PRINTER-00211,6f3efb5d-afd8-49c9-8c40-31084252833a,Data Science Department,AI and Data Science Building,warranty,Delta Computer Supplies,,,,Supplier extended cover,2026-03-25,-180,expired,application/pdf,80168,0.08,clean,t,a88277d6-7193-4856-b318-4d7fb0af2f58,Mostafa Adel,2024-04-08 00:00:00+00,2024-04-08
d6b426c9-7e88-4f6a-a4fb-7616226949fa,cfc72e12-fcbf-40d6-bf14-67922dcc4a04,AST-IT-PC-00029,6f3efb5d-afd8-49c9-8c40-31084252833a,Data Science Department,AI and Data Science Building,warranty,Nile Tech Systems,,,,Manufacturer warranty,2024-08-29,-753,expired,application/pdf,179622,0.17,clean,t,a88277d6-7193-4856-b318-4d7fb0af2f58,Mostafa Adel,2022-09-13 00:00:00+00,2022-09-13
2d1372fa-946e-4d49-ad02-2d726e66897b,e6f4bed8-af08-40f5-bbaf-7020b24c6ec8,AST-IT-PC-00197,6f3efb5d-afd8-49c9-8c40-31084252833a,Data Science Department,AI and Data Science Building,warranty,CoolAir Engineering,,,,Supplier extended cover,2026-11-12,52,expiring in 90 days,application/pdf,115385,0.11,clean,t,a88277d6-7193-4856-b318-4d7fb0af2f58,Mostafa Adel,2023-11-27 00:00:00+00,2023-11-27
154337fa-3a1b-41dc-9b61-890b7d688893,08d95983-0bee-4182-af3d-4fa2d1c35d03,AST-IT-PROJ-00141,6f3efb5d-afd8-49c9-8c40-31084252833a,Data Science Department,AI and Data Science Building,invoice,CoolAir Engineering,PO-2023-0047,INV-2023-0097,21318.00,,,,not a warranty,application/pdf,442014,0.42,clean,t,a88277d6-7193-4856-b318-4d7fb0af2f58,Mostafa Adel,2023-12-27 00:00:00+00,2023-12-27
a7ac28d7-ad53-4a05-9357-bfdee7d24393,31631b15-6a13-4bba-9b7c-f6f2c3677ffc,AST-FURN-DESK-00085,6f3efb5d-afd8-49c9-8c40-31084252833a,Data Science Department,AI and Data Science Building,invoice,CoolAir Engineering,PO-2020-0005,INV-2020-0620,4696.80,,,,not a warranty,application/pdf,344748,0.33,clean,t,a88277d6-7193-4856-b318-4d7fb0af2f58,Mostafa Adel,2020-04-26 00:00:00+00,2020-04-26
95b4ec14-8cbb-424e-ac0c-e28ae22e2967,e6f4bed8-af08-40f5-bbaf-7020b24c6ec8,AST-IT-PC-00197,6f3efb5d-afd8-49c9-8c40-31084252833a,Data Science Department,AI and Data Science Building,invoice,CoolAir Engineering,PO-2023-0014,INV-2023-0417,21204.00,,,,not a warranty,application/pdf,481770,0.46,clean,t,a88277d6-7193-4856-b318-4d7fb0af2f58,Mostafa Adel,2023-11-27 00:00:00+00,2023-11-27
